#
# A fatal error has been detected by the Java Runtime Environment:
#
#  SIGSEGV (0xb) at pc=0x000000022e79b780, pid=93956, tid=259
#
# JRE version: OpenJDK Runtime Environment Microsoft-12574438 (17.0.17+10) (build 17.0.17+10-LTS)
# Java VM: OpenJDK 64-Bit Server VM Microsoft-12574438 (17.0.17+10-LTS, mixed mode, sharing, tiered, compressed oops, compressed class ptrs, g1 gc, bsd-aarch64)
# Problematic frame:
# C  [libGLProgrammability.dylib+0x7f780]  glpLLVMGetFunctionGlobalVariableUse+0x1ec
#
# No core dump will be written. Core dumps have been disabled. To enable core dumping, try "ulimit -c unlimited" before starting Java again
#
# If you would like to submit a bug report, please visit:
#   https://github.com/microsoft/openjdk/issues
# The crash happened outside the Java Virtual Machine in native code.
# See problematic frame for where to report the bug.
#

---------------  S U M M A R Y ------------

Command Line: -Xss1M -Djava.library.path=/Users/Isaiah/Documents/curseforge/minecraft/Install/natives/forge-47.4.16 -Djna.tmpdir=/Users/Isaiah/Documents/curseforge/minecraft/Install/natives/forge-47.4.16 -Dorg.lwjgl.system.SharedLibraryExtractPath=/Users/Isaiah/Documents/curseforge/minecraft/Install/natives/forge-47.4.16 -Dio.netty.native.workdir=/Users/Isaiah/Documents/curseforge/minecraft/Install/natives/forge-47.4.16 -Dminecraft.launcher.brand=CurseForge -Dminecraft.launcher.version=1.297.3.30829 -Djava.net.preferIPv6Addresses=system -DignoreList=bootstraplauncher,securejarhandler,asm-commons,asm-util,asm-analysis,asm-tree,asm,JarJarFileSystems,client-extra,fmlcore,javafmllanguage,lowcodelanguage,mclanguage,forge-,forge-47.4.16.jar,forge-47.4.16 -DmergeModules=jna-5.10.0.jar,jna-platform-5.10.0.jar -DlibraryDirectory=/Users/Isaiah/Documents/curseforge/minecraft/Install/libraries --module-path=/Users/Isaiah/Documents/curseforge/minecraft/Install/libraries/cpw/mods/bootstraplauncher/1.1.2/bootstraplauncher-1.1.2.jar:/Users/Isaiah/Documents/curseforge/minecraft/Install/libraries/cpw/mods/securejarhandler/2.1.10/securejarhandler-2.1.10.jar:/Users/Isaiah/Documents/curseforge/minecraft/Install/libraries/org/ow2/asm/asm-commons/9.8/asm-commons-9.8.jar:/Users/Isaiah/Documents/curseforge/minecraft/Install/libraries/org/ow2/asm/asm-util/9.8/asm-util-9.8.jar:/Users/Isaiah/Documents/curseforge/minecraft/Install/libraries/org/ow2/asm/asm-analysis/9.8/asm-analysis-9.8.jar:/Users/Isaiah/Documents/curseforge/minecraft/Install/libraries/org/ow2/asm/asm-tree/9.8/asm-tree-9.8.jar:/Users/Isaiah/Documents/curseforge/minecraft/Install/libraries/org/ow2/asm/asm/9.8/asm-9.8.jar:/Users/Isaiah/Documents/curseforge/minecraft/Install/libraries/net/minecraftforge/JarJarFileSystems/0.3.19/JarJarFileSystems-0.3.19.jar --add-modules=ALL-MODULE-PATH --add-opens=java.base/java.util.jar=cpw.mods.securejarhandler --add-opens=java.base/java.lang.invoke=cpw.mods.securejarhandler --add-exports=java.base/sun.security.util=cpw.mods.securejarhandler --add-exports=jdk.naming.dns/com.sun.jndi.dns=java.naming -Xmx4096m -Xms256m -Dfml.ignorePatchDiscrepancies=true -Dfml.ignoreInvalidMinecraftCertificates=true -DlibraryDirectory=/Users/Isaiah/Documents/curseforge/minecraft/Install/libraries -DCFInstanceId=4266b565-2bc5-435c-8c4f-cd9773a2125d -Dlog4j.configurationFile=/Users/Isaiah/Documents/curseforge/minecraft/Install/assets/log_configs/client-1.12.xml cpw.mods.bootstraplauncher.BootstrapLauncher --username Z3EKnCleve --version forge-47.4.16 --gameDir /Users/Isaiah/Documents/curseforge/minecraft/Instances/HeroX Supers/ --assetsDir /Users/Isaiah/Documents/curseforge/minecraft/Install/assets --assetIndex 5 --uuid 5f390ef2a4c34ed2a4fde4d7985b137b --accessToken eyJraWQiOiIwNDkxODEiLCJhbGciOiJSUzI1NiJ9.eyJ4dWlkIjoiMjUzNTQwNjIyNjk3NjIyMCIsImFnZyI6IkFkdWx0Iiwic3ViIjoiNDRjNGUyODYtOGQzMS01MTFjLWEyY2MtMDI4NTE1NDVlYjNhIiwiYXV0aCI6IlhCT1giLCJucyI6ImRlZmF1bHQiLCJyb2xlcyI6W10sImlzcyI6ImF1dGhlbnRpY2F0aW9uIiwiZmxhZ3MiOlsibXVsdGlwbGF5ZXIiLCJ0d29mYWN0b3JhdXRoIiwibXNhbWlncmF0aW9uX3N0YWdlNCIsIm9yZGVyc18yMDIyIl0sInByb2ZpbGVzIjp7Im1jIjoiNWYzOTBlZjItYTRjMy00ZWQyLWE0ZmQtZTRkNzk4NWIxMzdiIn0sInBsYXRmb3JtIjoiUENfTEFVTkNIRVIiLCJwZmQiOlt7InR5cGUiOiJtYyIsImlkIjoiNWYzOTBlZjItYTRjMy00ZWQyLWE0ZmQtZTRkNzk4NWIxMzdiIiwibmFtZSI6IlozRUtuQ2xldmUifV0sIm5iZiI6MTc2OTcyNjE5MywiZXhwIjoxNzY5ODEyNTkzLCJpYXQiOjE3Njk3MjYxOTMsImFpZCI6ImQ1YjJlMDc5LTJjMmMtNGFkZS05ZGFiLTFjMWViMjA0MTYyYSJ9.YgZ9gJAnF_ok3wqRbCvLTSuss_EVPiD5-BJG-Ex0YZ8dh86oUCbpgRGo7HBo9C_OiqgJe3U0AyE3kKKzkoUlwyM3sIRKMAjVOi1BzTKnoyBElLPOiPTK1T1HDQ9cEnqqKx2XBjDBiMHTvnyhiusImmGA-LSwBwHgrkJ6CfD-G55qrdYhzKv1BoFPmjPXy8Ek7xSRAcMoIEFMivjPtTGsh1Zwe2Oybl3jR-MsuWRyN6QPBlfzDNpp0O_JxU6j1GbTtukwHFsuMvgv_4OMzrMYOTuI-gCBrEUc53w7O4935WWnqNv0_oDPTgKGczYHsjwcsayWs3nlvueSGHiNXqkIZw --clientId 66601c-10db8f9-88a07b-3c5667-9910b7 --xuid 2535406226976220 --userType msa --versionType release --width 1512 --height 982 --quickPlayPath /Users/Isaiah/Documents/curseforge/minecraft/Quickplay/4266b565-2bc5-435c-8c4f-cd9773a2125d.json    --launchTarget forgeclient --fml.forgeVersion 47.4.16 --fml.mcVersion 1.20.1 --fml.forgeGroup net.minecraftforge --fml.mcpVersion 20230612.114412

Host: "Mac14,9" arm64, 10 cores, 16G, Darwin 25.2.0, macOS 26.2 (25C56)
Time: Thu Jan 29 22:31:35 2026 CST elapsed time: 21.882206 seconds (0d 0h 0m 21s)

---------------  T H R E A D  ---------------

Current thread (0x00000001017b0f10):  JavaThread "Render thread" [_thread_in_native, id=259, stack(0x000000016e60c000,0x000000016ee08000)]

Stack: [0x000000016e60c000,0x000000016ee08000],  sp=0x000000016edfe250,  free space=8136k
Native frames: (J=compiled Java code, j=interpreted, Vv=VM code, C=native code)
C  [libGLProgrammability.dylib+0x7f780]  glpLLVMGetFunctionGlobalVariableUse+0x1ec
C  [libGLProgrammability.dylib+0x7f81c]  glpLLVMGetFunctionGlobalVariableUse+0x288
C  [libGLProgrammability.dylib+0x7f81c]  glpLLVMGetFunctionGlobalVariableUse+0x288
C  [libGLProgrammability.dylib+0x7f81c]  glpLLVMGetFunctionGlobalVariableUse+0x288
C  [libGLProgrammability.dylib+0x7f81c]  glpLLVMGetFunctionGlobalVariableUse+0x288
C  [libGLProgrammability.dylib+0x7e154]  glpLLVMCGFindSamplersAndBuffers+0x484
C  [libGLProgrammability.dylib+0x7d070]  glpLLVMCGTopLevel+0xb24
C  [libGLProgrammability.dylib+0xa60d8]  glpLinkProgram+0x27d4
C  [libGLProgrammability.dylib+0xbede0]  ShLink+0xd0
C  [GLEngine+0xf8220]  gleLinkProgram+0x474
C  [GLEngine+0x74894]  glLinkProgramARB_Exec+0xb4
j  org.lwjgl.opengl.GL20C.glLinkProgram(I)V+0 org.lwjgl.opengl@3.3.1+7
j  org.lwjgl.opengl.GL20.glLinkProgram(I)V+1 org.lwjgl.opengl@3.3.1+7
j  com.mojang.blaze3d.platform.GlStateManager.glLinkProgram(I)V+4 minecraft@1.20.1
j  com.mojang.blaze3d.shaders.ProgramManager.m_166623_(Lcom/mojang/blaze3d/shaders/Shader;)V+15 minecraft@1.20.1
j  net.minecraft.client.renderer.EffectInstance.<init>(Lnet/minecraft/server/packs/resources/ResourceManager;Ljava/lang/String;)V+487 minecraft@1.20.1
j  net.minecraft.client.renderer.PostPass.<init>(Lnet/minecraft/server/packs/resources/ResourceManager;Ljava/lang/String;Lcom/mojang/blaze3d/pipeline/RenderTarget;Lcom/mojang/blaze3d/pipeline/RenderTarget;)V+39 minecraft@1.20.1
j  net.minecraft.client.renderer.PostChain.m_110042_(Ljava/lang/String;Lcom/mojang/blaze3d/pipeline/RenderTarget;Lcom/mojang/blaze3d/pipeline/RenderTarget;)Lnet/minecraft/client/renderer/PostPass;+11 minecraft@1.20.1
j  net.minecraft.client.renderer.PostChain.m_110030_(Lnet/minecraft/client/renderer/texture/TextureManager;Lcom/google/gson/JsonElement;)V+98 minecraft@1.20.1
j  net.minecraft.client.renderer.PostChain.m_110033_(Lnet/minecraft/client/renderer/texture/TextureManager;Lnet/minecraft/resources/ResourceLocation;)V+169 minecraft@1.20.1
j  net.minecraft.client.renderer.PostChain.<init>(Lnet/minecraft/client/renderer/texture/TextureManager;Lnet/minecraft/server/packs/resources/ResourceManager;Lcom/mojang/blaze3d/pipeline/RenderTarget;Lnet/minecraft/resources/ResourceLocation;)V+78 minecraft@1.20.1
j  net.lointain.cosmos.procedures.BlackHoleRenderer.onRegisterShader(Lnet/minecraftforge/client/event/RegisterShadersEvent;)V+61 cosmos@0.0.7.3
j  net.lointain.cosmos.procedures.__BlackHoleRenderer_onRegisterShader_RegisterShadersEvent.invoke(Lnet/minecraftforge/eventbus/api/Event;)V+5 cosmos@0.0.7.3
J 17675 c1 net.minecraftforge.eventbus.ASMEventHandler.invoke(Lnet/minecraftforge/eventbus/api/Event;)V net.minecraftforge.eventbus (53 bytes) @ 0x0000000116456594 [0x0000000116456080+0x0000000000000514]
J 17699 c1 net.minecraftforge.eventbus.EventBus.post(Lnet/minecraftforge/eventbus/api/Event;Lnet/minecraftforge/eventbus/api/IEventBusInvokeDispatcher;)Z net.minecraftforge.eventbus (145 bytes) @ 0x000000011645db74 [0x000000011645d600+0x0000000000000574]
J 17700 c1 net.minecraftforge.fml.javafmlmod.FMLModContainer.acceptEvent(Lnet/minecraftforge/eventbus/api/Event;)V javafmllanguage@1.20.1-47.4.16 (97 bytes) @ 0x000000011645ef08 [0x000000011645eb40+0x00000000000003c8]
J 23474 c1 net.minecraftforge.fml.ModLoader$$Lambda$7348+0x000000e8020915f8.accept(Ljava/lang/Object;)V fmlcore@1.20.1-47.4.16 (12 bytes) @ 0x0000000116906b38 [0x00000001169068c0+0x0000000000000278]
J 14678 c2 java.lang.Iterable.forEach(Ljava/util/function/Consumer;)V java.base@17.0.17 (39 bytes) @ 0x000000011cbbeb54 [0x000000011cbbe880+0x00000000000002d4]
j  net.minecraftforge.fml.ModList.forEachModInOrder(Ljava/util/function/Consumer;)V+5 fmlcore@1.20.1-47.4.16
j  net.minecraftforge.fml.ModLoader.postEvent(Lnet/minecraftforge/eventbus/api/Event;)V+35 fmlcore@1.20.1-47.4.16
j  net.minecraft.client.renderer.GameRenderer.m_172767_(Lnet/minecraft/server/packs/resources/ResourceProvider;)V+1790 minecraft@1.20.1
j  net.minecraft.client.renderer.GameRenderer$1.m_5787_(Lnet/minecraft/client/renderer/GameRenderer$ResourceCache;Lnet/minecraft/server/packs/resources/ResourceManager;Lnet/minecraft/util/profiling/ProfilerFiller;)V+5 minecraft@1.20.1
j  net.minecraft.client.renderer.GameRenderer$1.m_5787_(Ljava/lang/Object;Lnet/minecraft/server/packs/resources/ResourceManager;Lnet/minecraft/util/profiling/ProfilerFiller;)V+7 minecraft@1.20.1
j  net.minecraft.server.packs.resources.SimplePreparableReloadListener.m_10789_(Lnet/minecraft/server/packs/resources/ResourceManager;Lnet/minecraft/util/profiling/ProfilerFiller;Ljava/lang/Object;)V+25 minecraft@1.20.1
j  net.minecraft.server.packs.resources.SimplePreparableReloadListener$$Lambda$7179+0x000000e8021f8698.accept(Ljava/lang/Object;)V+13 minecraft@1.20.1
j  java.util.concurrent.CompletableFuture$UniAccept.tryFire(I)Ljava/util/concurrent/CompletableFuture;+105 java.base@17.0.17
j  java.util.concurrent.CompletableFuture$Completion.run()V+2 java.base@17.0.17
j  net.minecraft.server.packs.resources.SimpleReloadInstance.m_143940_(Ljava/lang/Runnable;)V+1 minecraft@1.20.1
j  net.minecraft.server.packs.resources.SimpleReloadInstance$$Lambda$7206+0x000000e8021ffd20.run()V+8 minecraft@1.20.1
j  net.minecraft.util.thread.BlockableEventLoop.m_6367_(Ljava/lang/Runnable;)V+1 minecraft@1.20.1
j  net.minecraft.util.thread.ReentrantBlockableEventLoop.m_6367_(Ljava/lang/Runnable;)V+12 minecraft@1.20.1
J 21101 c1 net.minecraft.util.thread.BlockableEventLoop.m_7245_()Z minecraft@1.20.1 (54 bytes) @ 0x000000011675d590 [0x000000011675d400+0x0000000000000190]
j  net.minecraft.util.thread.BlockableEventLoop.m_18699_()V+1 minecraft@1.20.1
j  net.minecraft.client.Minecraft.m_91383_(Z)V+128 minecraft@1.20.1
j  net.minecraft.client.Minecraft.m_91374_()V+123 minecraft@1.20.1
j  net.minecraft.client.main.Main.main([Ljava/lang/String;)V+1593 minecraft@1.20.1
v  ~StubRoutines::call_stub
V  [libjvm.dylib+0x4610f4]  JavaCalls::call_helper(JavaValue*, methodHandle const&, JavaCallArguments*, JavaThread*)+0x3d8
V  [libjvm.dylib+0x823620]  invoke(InstanceKlass*, methodHandle const&, Handle, bool, objArrayHandle, BasicType, objArrayHandle, bool, JavaThread*)+0x908
V  [libjvm.dylib+0x822cb8]  Reflection::invoke_method(oopDesc*, Handle, objArrayHandle, JavaThread*)+0x160
V  [libjvm.dylib+0x51c878]  JVM_InvokeMethod+0x314
j  jdk.internal.reflect.NativeMethodAccessorImpl.invoke0(Ljava/lang/reflect/Method;Ljava/lang/Object;[Ljava/lang/Object;)Ljava/lang/Object;+0 java.base@17.0.17
j  jdk.internal.reflect.NativeMethodAccessorImpl.invoke(Ljava/lang/Object;[Ljava/lang/Object;)Ljava/lang/Object;+133 java.base@17.0.17
J 7264 c1 jdk.internal.reflect.DelegatingMethodAccessorImpl.invoke(Ljava/lang/Object;[Ljava/lang/Object;)Ljava/lang/Object; java.base@17.0.17 (10 bytes) @ 0x00000001155099d0 [0x0000000115509940+0x0000000000000090]
J 7263 c1 java.lang.reflect.Method.invoke(Ljava/lang/Object;[Ljava/lang/Object;)Ljava/lang/Object; java.base@17.0.17 (65 bytes) @ 0x0000000115508f20 [0x0000000115508e00+0x0000000000000120]
j  net.minecraftforge.fml.loading.targets.CommonLaunchHandler.runTarget(Ljava/lang/String;[Ljava/lang/String;Ljava/lang/ModuleLayer;)V+39 fmlloader@1.20.1-47.4.16
j  net.minecraftforge.fml.loading.targets.CommonLaunchHandler.clientService([Ljava/lang/String;Ljava/lang/ModuleLayer;)V+5 fmlloader@1.20.1-47.4.16
j  net.minecraftforge.fml.loading.targets.CommonClientLaunchHandler.lambda$makeService$0([Ljava/lang/String;Ljava/lang/ModuleLayer;)V+3 fmlloader@1.20.1-47.4.16
j  net.minecraftforge.fml.loading.targets.CommonClientLaunchHandler$$Lambda$1050+0x000000e80149b028.run()V+12 fmlloader@1.20.1-47.4.16
j  cpw.mods.modlauncher.LaunchServiceHandlerDecorator.launch([Ljava/lang/String;Ljava/lang/ModuleLayer;)V+11 cpw.mods.modlauncher@10.0.9
j  cpw.mods.modlauncher.LaunchServiceHandler.launch(Ljava/lang/String;[Ljava/lang/String;Ljava/lang/ModuleLayer;Lcpw/mods/modlauncher/TransformingClassLoader;Lcpw/mods/modlauncher/LaunchPluginHandler;)V+58 cpw.mods.modlauncher@10.0.9
j  cpw.mods.modlauncher.LaunchServiceHandler.launch(Lcpw/mods/modlauncher/ArgumentHandler;Ljava/lang/ModuleLayer;Lcpw/mods/modlauncher/TransformingClassLoader;Lcpw/mods/modlauncher/LaunchPluginHandler;)V+21 cpw.mods.modlauncher@10.0.9
j  cpw.mods.modlauncher.Launcher.run([Ljava/lang/String;)V+307 cpw.mods.modlauncher@10.0.9
j  cpw.mods.modlauncher.Launcher.main([Ljava/lang/String;)V+78 cpw.mods.modlauncher@10.0.9
j  cpw.mods.modlauncher.BootstrapLaunchConsumer.accept([Ljava/lang/String;)V+1 cpw.mods.modlauncher@10.0.9
j  cpw.mods.modlauncher.BootstrapLaunchConsumer.accept(Ljava/lang/Object;)V+5 cpw.mods.modlauncher@10.0.9
j  cpw.mods.bootstraplauncher.BootstrapLauncher.main([Ljava/lang/String;)V+515 cpw.mods.bootstraplauncher@1.1.2
v  ~StubRoutines::call_stub
V  [libjvm.dylib+0x4610f4]  JavaCalls::call_helper(JavaValue*, methodHandle const&, JavaCallArguments*, JavaThread*)+0x3d8
V  [libjvm.dylib+0x4c8d74]  jni_invoke_static(JNIEnv_*, JavaValue*, _jobject*, JNICallType, _jmethodID*, JNI_ArgumentPusher*, JavaThread*)+0x158
V  [libjvm.dylib+0x4cc4f8]  jni_CallStaticVoidMethod+0x130
C  [libjli.dylib+0xad3c]  JavaMain+0x63c
C  [libjli.dylib+0xdb28]  __JVMInit_block_invoke+0x48
C  [Foundation+0x1d878]  __NSBLOCKOPERATION_IS_CALLING_OUT_TO_A_BLOCK__+0x18
C  [Foundation+0x1d740]  -[NSBlockOperation main]+0x60
C  [Foundation+0x1d6d8]  __NSOPERATION_IS_INVOKING_MAIN__+0x10
C  [Foundation+0x1d308]  -[NSOperation start]+0x280
C  [Foundation+0x38114]  __NSThreadPerformPerform+0x108
C  [CoreFoundation+0x5f9f8]  __CFRUNLOOP_IS_CALLING_OUT_TO_A_SOURCE0_PERFORM_FUNCTION__+0x1c
C  [CoreFoundation+0x5f98c]  __CFRunLoopDoSource0+0xac
C  [CoreFoundation+0x5f6f8]  __CFRunLoopDoSources0+0xe8
C  [CoreFoundation+0x5e388]  __CFRunLoopRun+0x334
C  [CoreFoundation+0x118e34]  _CFRunLoopRunSpecificWithOptions+0x214
C  [libjli.dylib+0xd1d4]  CreateExecutionEnvironment+0x194
C  [libjli.dylib+0x9200]  JLI_Launch+0x4d0
C  [java+0x3b98]  main+0x198
C  [dyld+0x8d54]  start+0x1c10

Java frames: (J=compiled Java code, j=interpreted, Vv=VM code)
j  org.lwjgl.opengl.GL20C.glLinkProgram(I)V+0 org.lwjgl.opengl@3.3.1+7
j  org.lwjgl.opengl.GL20.glLinkProgram(I)V+1 org.lwjgl.opengl@3.3.1+7
j  com.mojang.blaze3d.platform.GlStateManager.glLinkProgram(I)V+4 minecraft@1.20.1
j  com.mojang.blaze3d.shaders.ProgramManager.m_166623_(Lcom/mojang/blaze3d/shaders/Shader;)V+15 minecraft@1.20.1
j  net.minecraft.client.renderer.EffectInstance.<init>(Lnet/minecraft/server/packs/resources/ResourceManager;Ljava/lang/String;)V+487 minecraft@1.20.1
j  net.minecraft.client.renderer.PostPass.<init>(Lnet/minecraft/server/packs/resources/ResourceManager;Ljava/lang/String;Lcom/mojang/blaze3d/pipeline/RenderTarget;Lcom/mojang/blaze3d/pipeline/RenderTarget;)V+39 minecraft@1.20.1
j  net.minecraft.client.renderer.PostChain.m_110042_(Ljava/lang/String;Lcom/mojang/blaze3d/pipeline/RenderTarget;Lcom/mojang/blaze3d/pipeline/RenderTarget;)Lnet/minecraft/client/renderer/PostPass;+11 minecraft@1.20.1
j  net.minecraft.client.renderer.PostChain.m_110030_(Lnet/minecraft/client/renderer/texture/TextureManager;Lcom/google/gson/JsonElement;)V+98 minecraft@1.20.1
j  net.minecraft.client.renderer.PostChain.m_110033_(Lnet/minecraft/client/renderer/texture/TextureManager;Lnet/minecraft/resources/ResourceLocation;)V+169 minecraft@1.20.1
j  net.minecraft.client.renderer.PostChain.<init>(Lnet/minecraft/client/renderer/texture/TextureManager;Lnet/minecraft/server/packs/resources/ResourceManager;Lcom/mojang/blaze3d/pipeline/RenderTarget;Lnet/minecraft/resources/ResourceLocation;)V+78 minecraft@1.20.1
j  net.lointain.cosmos.procedures.BlackHoleRenderer.onRegisterShader(Lnet/minecraftforge/client/event/RegisterShadersEvent;)V+61 cosmos@0.0.7.3
j  net.lointain.cosmos.procedures.__BlackHoleRenderer_onRegisterShader_RegisterShadersEvent.invoke(Lnet/minecraftforge/eventbus/api/Event;)V+5 cosmos@0.0.7.3
J 17675 c1 net.minecraftforge.eventbus.ASMEventHandler.invoke(Lnet/minecraftforge/eventbus/api/Event;)V net.minecraftforge.eventbus (53 bytes) @ 0x0000000116456594 [0x0000000116456080+0x0000000000000514]
J 17699 c1 net.minecraftforge.eventbus.EventBus.post(Lnet/minecraftforge/eventbus/api/Event;Lnet/minecraftforge/eventbus/api/IEventBusInvokeDispatcher;)Z net.minecraftforge.eventbus (145 bytes) @ 0x000000011645db74 [0x000000011645d600+0x0000000000000574]
J 17700 c1 net.minecraftforge.fml.javafmlmod.FMLModContainer.acceptEvent(Lnet/minecraftforge/eventbus/api/Event;)V javafmllanguage@1.20.1-47.4.16 (97 bytes) @ 0x000000011645ef08 [0x000000011645eb40+0x00000000000003c8]
J 23474 c1 net.minecraftforge.fml.ModLoader$$Lambda$7348+0x000000e8020915f8.accept(Ljava/lang/Object;)V fmlcore@1.20.1-47.4.16 (12 bytes) @ 0x0000000116906b38 [0x00000001169068c0+0x0000000000000278]
J 14678 c2 java.lang.Iterable.forEach(Ljava/util/function/Consumer;)V java.base@17.0.17 (39 bytes) @ 0x000000011cbbeb54 [0x000000011cbbe880+0x00000000000002d4]
j  net.minecraftforge.fml.ModList.forEachModInOrder(Ljava/util/function/Consumer;)V+5 fmlcore@1.20.1-47.4.16
j  net.minecraftforge.fml.ModLoader.postEvent(Lnet/minecraftforge/eventbus/api/Event;)V+35 fmlcore@1.20.1-47.4.16
j  net.minecraft.client.renderer.GameRenderer.m_172767_(Lnet/minecraft/server/packs/resources/ResourceProvider;)V+1790 minecraft@1.20.1
j  net.minecraft.client.renderer.GameRenderer$1.m_5787_(Lnet/minecraft/client/renderer/GameRenderer$ResourceCache;Lnet/minecraft/server/packs/resources/ResourceManager;Lnet/minecraft/util/profiling/ProfilerFiller;)V+5 minecraft@1.20.1
j  net.minecraft.client.renderer.GameRenderer$1.m_5787_(Ljava/lang/Object;Lnet/minecraft/server/packs/resources/ResourceManager;Lnet/minecraft/util/profiling/ProfilerFiller;)V+7 minecraft@1.20.1
j  net.minecraft.server.packs.resources.SimplePreparableReloadListener.m_10789_(Lnet/minecraft/server/packs/resources/ResourceManager;Lnet/minecraft/util/profiling/ProfilerFiller;Ljava/lang/Object;)V+25 minecraft@1.20.1
j  net.minecraft.server.packs.resources.SimplePreparableReloadListener$$Lambda$7179+0x000000e8021f8698.accept(Ljava/lang/Object;)V+13 minecraft@1.20.1
j  java.util.concurrent.CompletableFuture$UniAccept.tryFire(I)Ljava/util/concurrent/CompletableFuture;+105 java.base@17.0.17
j  java.util.concurrent.CompletableFuture$Completion.run()V+2 java.base@17.0.17
j  net.minecraft.server.packs.resources.SimpleReloadInstance.m_143940_(Ljava/lang/Runnable;)V+1 minecraft@1.20.1
j  net.minecraft.server.packs.resources.SimpleReloadInstance$$Lambda$7206+0x000000e8021ffd20.run()V+8 minecraft@1.20.1
j  net.minecraft.util.thread.BlockableEventLoop.m_6367_(Ljava/lang/Runnable;)V+1 minecraft@1.20.1
j  net.minecraft.util.thread.ReentrantBlockableEventLoop.m_6367_(Ljava/lang/Runnable;)V+12 minecraft@1.20.1
J 21101 c1 net.minecraft.util.thread.BlockableEventLoop.m_7245_()Z minecraft@1.20.1 (54 bytes) @ 0x000000011675d590 [0x000000011675d400+0x0000000000000190]
j  net.minecraft.util.thread.BlockableEventLoop.m_18699_()V+1 minecraft@1.20.1
j  net.minecraft.client.Minecraft.m_91383_(Z)V+128 minecraft@1.20.1
j  net.minecraft.client.Minecraft.m_91374_()V+123 minecraft@1.20.1
j  net.minecraft.client.main.Main.main([Ljava/lang/String;)V+1593 minecraft@1.20.1
v  ~StubRoutines::call_stub
j  jdk.internal.reflect.NativeMethodAccessorImpl.invoke0(Ljava/lang/reflect/Method;Ljava/lang/Object;[Ljava/lang/Object;)Ljava/lang/Object;+0 java.base@17.0.17
j  jdk.internal.reflect.NativeMethodAccessorImpl.invoke(Ljava/lang/Object;[Ljava/lang/Object;)Ljava/lang/Object;+133 java.base@17.0.17
J 7264 c1 jdk.internal.reflect.DelegatingMethodAccessorImpl.invoke(Ljava/lang/Object;[Ljava/lang/Object;)Ljava/lang/Object; java.base@17.0.17 (10 bytes) @ 0x00000001155099d0 [0x0000000115509940+0x0000000000000090]
J 7263 c1 java.lang.reflect.Method.invoke(Ljava/lang/Object;[Ljava/lang/Object;)Ljava/lang/Object; java.base@17.0.17 (65 bytes) @ 0x0000000115508f20 [0x0000000115508e00+0x0000000000000120]
j  net.minecraftforge.fml.loading.targets.CommonLaunchHandler.runTarget(Ljava/lang/String;[Ljava/lang/String;Ljava/lang/ModuleLayer;)V+39 fmlloader@1.20.1-47.4.16
j  net.minecraftforge.fml.loading.targets.CommonLaunchHandler.clientService([Ljava/lang/String;Ljava/lang/ModuleLayer;)V+5 fmlloader@1.20.1-47.4.16
j  net.minecraftforge.fml.loading.targets.CommonClientLaunchHandler.lambda$makeService$0([Ljava/lang/String;Ljava/lang/ModuleLayer;)V+3 fmlloader@1.20.1-47.4.16
j  net.minecraftforge.fml.loading.targets.CommonClientLaunchHandler$$Lambda$1050+0x000000e80149b028.run()V+12 fmlloader@1.20.1-47.4.16
j  cpw.mods.modlauncher.LaunchServiceHandlerDecorator.launch([Ljava/lang/String;Ljava/lang/ModuleLayer;)V+11 cpw.mods.modlauncher@10.0.9
j  cpw.mods.modlauncher.LaunchServiceHandler.launch(Ljava/lang/String;[Ljava/lang/String;Ljava/lang/ModuleLayer;Lcpw/mods/modlauncher/TransformingClassLoader;Lcpw/mods/modlauncher/LaunchPluginHandler;)V+58 cpw.mods.modlauncher@10.0.9
j  cpw.mods.modlauncher.LaunchServiceHandler.launch(Lcpw/mods/modlauncher/ArgumentHandler;Ljava/lang/ModuleLayer;Lcpw/mods/modlauncher/TransformingClassLoader;Lcpw/mods/modlauncher/LaunchPluginHandler;)V+21 cpw.mods.modlauncher@10.0.9
j  cpw.mods.modlauncher.Launcher.run([Ljava/lang/String;)V+307 cpw.mods.modlauncher@10.0.9
j  cpw.mods.modlauncher.Launcher.main([Ljava/lang/String;)V+78 cpw.mods.modlauncher@10.0.9
j  cpw.mods.modlauncher.BootstrapLaunchConsumer.accept([Ljava/lang/String;)V+1 cpw.mods.modlauncher@10.0.9
j  cpw.mods.modlauncher.BootstrapLaunchConsumer.accept(Ljava/lang/Object;)V+5 cpw.mods.modlauncher@10.0.9
j  cpw.mods.bootstraplauncher.BootstrapLauncher.main([Ljava/lang/String;)V+515 cpw.mods.bootstraplauncher@1.1.2
v  ~StubRoutines::call_stub

siginfo: si_signo: 11 (SIGSEGV), si_code: 2 (SEGV_ACCERR), si_addr: 0x0000000000000000

Registers:
 x0=0x000000016ac917f0  x1=0x000000016ac95cb0  x2=0x000000016acfbbd0  x3=0x000000016acfbbc8
 x4=0x000000016acfbc80  x5=0x0000000000000000  x6=0xffffffffbfc007ff  x7=0xfffff0003ffff800
 x8=0x0000000163a337a8  x9=0x0000000086000000 x10=0x000000016acfbd60 x11=0x0000000000000018
x12=0x0000000000000000 x13=0x0000000000000000 x14=0x0000000160b5a308 x15=0x000000075563c000
x16=0x00000006728ad990 x17=0x00000002a477be88 x18=0x0000000000000000 x19=0x000000016acfbbc8
x20=0x000000016acfbbd0 x21=0x000000016ac95cb0 x22=0x000000016acfaad0 x23=0x0000000000000000
x24=0x0000000000000000 x25=0x000000075549f87c x26=0x0000000000000001 x27=0x0000000000000000
x28=0x000000074b804600  fp=0x000000016edfe2a0  lr=0x000000022e79b77c  sp=0x000000016edfe250
pc=0x000000022e79b780 cpsr=0x0000000060001000

Register to memory mapping:

 x0=0x000000016ac917f0 points into unknown readable memory: 0x000000016ac91710 | 10 17 c9 6a 01 00 00 00
 x1=0x000000016ac95cb0 points into unknown readable memory: 0x0000000000000000 | 00 00 00 00 00 00 00 00
 x2=0x000000016acfbbd0 points into unknown readable memory: 0x000000074d082140 | 40 21 08 4d 07 00 00 00
 x3=0x000000016acfbbc8 points into unknown readable memory: 0x0000000000000009 | 09 00 00 00 00 00 00 00
 x4=0x000000016acfbc80 points into unknown readable memory: 0x0000000000000000 | 00 00 00 00 00 00 00 00
 x5=0x0 is NULL
 x6=0xffffffffbfc007ff is an unknown value
 x7=0xfffff0003ffff800 is an unknown value
 x8=0x0000000163a337a8 points into unknown readable memory: 0x000000016ac95cb0 | b0 5c c9 6a 01 00 00 00
 x9=0x0000000086000000 is an unknown value
x10=0x000000016acfbd60 points into unknown readable memory: 0x0000000000000005 | 05 00 00 00 00 00 00 00
x11=0x0000000000000018 is an unknown value
x12=0x0 is NULL
x13=0x0 is NULL
x14=0x0000000160b5a308 points into unknown readable memory: 0x0006c01080c89c00 | 00 9c c8 80 10 c0 06 00
x15=0x000000075563c000 points into unknown readable memory: 0x0000000000000000 | 00 00 00 00 00 00 00 00
x16=0x00000006728ad990 is an unknown value
x17=0x00000002a477be88 points into unknown readable memory: 0x000000018a573030 | 30 30 57 8a 01 00 00 00
x18=0x0 is NULL
x19=0x000000016acfbbc8 points into unknown readable memory: 0x0000000000000009 | 09 00 00 00 00 00 00 00
x20=0x000000016acfbbd0 points into unknown readable memory: 0x000000074d082140 | 40 21 08 4d 07 00 00 00
x21=0x000000016ac95cb0 points into unknown readable memory: 0x0000000000000000 | 00 00 00 00 00 00 00 00
x22=0x000000016acfaad0 points into unknown readable memory: 0x0000000000000000 | 00 00 00 00 00 00 00 00
x23=0x0 is NULL
x24=0x0 is NULL
x25=0x000000075549f87c points into unknown readable memory: 06 00 00 00
x26=0x0000000000000001 is an unknown value
x27=0x0 is NULL
x28=0x000000074b804600 points into unknown readable memory: 0x000000074d082140 | 40 21 08 4d 07 00 00 00


Top of Stack: (sp=0x000000016edfe250)
0x000000016edfe250:   000000074b804600 0000000000000000
0x000000016edfe260:   0000000000000001 000000075549f87c
0x000000016edfe270:   0000000000000000 0000000000000001
0x000000016edfe280:   000000016acfaad0 0000000163a33760
0x000000016edfe290:   000000016acfbbd0 000000016acfbbc8
0x000000016edfe2a0:   000000016edfe300 000000022e79b81c
0x000000016edfe2b0:   000000074b804600 0000000000000000
0x000000016edfe2c0:   0000000000000001 000000075549f87c
0x000000016edfe2d0:   0000000000000002 0000000000000005
0x000000016edfe2e0:   000000016acfaad0 000000016ac94fe0
0x000000016edfe2f0:   000000016acfbbd0 000000016acfbbc8
0x000000016edfe300:   000000016edfe360 000000022e79b81c
0x000000016edfe310:   000000074b804600 0000000000000000
0x000000016edfe320:   0000000000000001 000000075549f87c
0x000000016edfe330:   0000000000000001 0000000000000002
0x000000016edfe340:   000000016acfaad0 000000016ac94f10
0x000000016edfe350:   000000016acfbbd0 000000016acfbbc8
0x000000016edfe360:   000000016edfe3c0 000000022e79b81c
0x000000016edfe370:   000000074b804600 0000000000000000
0x000000016edfe380:   0000000000000001 000000075549f87c
0x000000016edfe390:   0000000000000003 0000000000000008
0x000000016edfe3a0:   000000016acfaad0 0000000163a2be80
0x000000016edfe3b0:   000000016acfbbd0 000000016acfbbc8
0x000000016edfe3c0:   000000016edfe420 000000022e79b81c
0x000000016edfe3d0:   000000074b804600 0000000000000000
0x000000016edfe3e0:   0000000000000001 000000075549f87c
0x000000016edfe3f0:   000000075549f780 0000000000000009
0x000000016edfe400:   000000016acfbbc0 0000000163a2bd50
0x000000016edfe410:   0000000163a2be80 000000016acfaad0
0x000000016edfe420:   000000016edfe4c0 000000022e79a154
0x000000016edfe430:   0000000000004000 0000000000000000
0x000000016edfe440:   0000000163a3f310 000000075563cc30 

Instructions: (pc=0x000000022e79b780)
0x000000022e79b680:   e1 03 17 aa 86 3e 01 94 a0 01 00 b4 f8 03 00 aa
0x000000022e79b690:   8a 3e 01 94 1f cc 00 71 21 01 00 54 e0 03 18 aa
0x000000022e79b6a0:   d9 47 01 94 d4 45 01 94 08 28 40 39 88 00 20 36
0x000000022e79b6b0:   08 a0 40 b9 1f 01 1b 6b 1c 00 9c 9a f7 06 00 11
0x000000022e79b6c0:   c8 42 40 f9 c9 42 41 b9 08 0d 09 8b 00 5d 40 f9
0x000000022e79b6d0:   71 3e 01 94 ff 02 00 6b c3 fc ff 54 97 4f 40 f9
0x000000022e79b6e0:   e1 02 40 f9 e0 03 14 aa d8 02 00 94 e8 0a 40 b9
0x000000022e79b6f0:   69 02 40 b9 28 01 08 2a 68 02 00 b9 5a 07 00 91
0x000000022e79b700:   28 07 40 b9 5f 03 08 eb 23 fa ff 54 37 00 00 14
0x000000022e79b710:   1f 50 01 71 40 04 00 54 1f 44 01 71 61 06 00 54
0x000000022e79b720:   e0 03 15 aa 79 4e 01 94 08 18 40 f9 28 05 00 b7
0x000000022e79b730:   09 c0 b0 52 1f 01 09 ea 80 05 00 54 f7 03 00 aa
0x000000022e79b740:   00 04 40 f9 80 00 00 b4 81 03 80 52 0a 87 00 94
0x000000022e79b750:   c0 04 00 b5 e8 4a 40 f9 68 00 00 b4 08 09 40 f9
0x000000022e79b760:   48 04 00 b5 e0 03 17 aa e1 03 14 aa 9f 02 00 94
0x000000022e79b770:   1e 00 00 14 e0 03 15 aa a4 4d 01 94 17 4c 40 f9
0x000000022e79b780:   e1 02 40 f9 e0 03 14 aa b0 02 00 94 e8 0a 40 b9
0x000000022e79b790:   69 02 40 b9 28 01 08 2a 13 00 00 14 e0 03 15 aa
0x000000022e79b7a0:   e8 4e 01 94 80 00 00 34 68 02 40 b9 08 01 1d 32
0x000000022e79b7b0:   68 02 00 b9 e0 03 15 aa de 4e 01 94 1f 64 02 71
0x000000022e79b7c0:   41 01 00 54 68 02 40 b9 08 01 1e 32 06 00 00 14
0x000000022e79b7d0:   69 02 40 b9 68 00 18 b7 28 01 00 32 02 00 00 14
0x000000022e79b7e0:   28 01 1f 32 68 02 00 b9 e0 03 15 aa 0b 3e 01 94
0x000000022e79b7f0:   c0 01 00 34 f7 03 00 aa 18 00 80 52 e0 03 15 aa
0x000000022e79b800:   e1 03 18 aa 0a 3e 01 94 e1 03 00 aa e0 03 16 aa
0x000000022e79b810:   e2 03 14 aa e3 03 13 aa 5f ff ff 97 18 07 00 11
0x000000022e79b820:   ff 02 18 6b c1 fe ff 54 fd 7b 45 a9 f4 4f 44 a9
0x000000022e79b830:   f6 57 43 a9 f8 5f 42 a9 fa 67 41 a9 fc 6f c6 a8
0x000000022e79b840:   ff 23 03 d5 c0 03 5f d6 7f 23 03 d5 f6 57 bd a9
0x000000022e79b850:   f4 4f 01 a9 fd 7b 02 a9 fd 83 00 91 f4 03 01 aa
0x000000022e79b860:   f3 03 00 aa e0 03 02 aa dc ce 00 94 1f 48 00 71
0x000000022e79b870:   62 03 00 54 08 97 35 b0 08 81 18 91 15 59 60 f8 


Stack slot to memory mapping:
stack at sp + 0 slots: 0x000000074b804600 points into unknown readable memory: 0x000000074d082140 | 40 21 08 4d 07 00 00 00
stack at sp + 1 slots: 0x0 is NULL
stack at sp + 2 slots: 0x0000000000000001 is an unknown value
stack at sp + 3 slots: 0x000000075549f87c points into unknown readable memory: 06 00 00 00
stack at sp + 4 slots: 0x0 is NULL
stack at sp + 5 slots: 0x0000000000000001 is an unknown value
stack at sp + 6 slots: 0x000000016acfaad0 points into unknown readable memory: 0x0000000000000000 | 00 00 00 00 00 00 00 00
stack at sp + 7 slots: 0x0000000163a33760 points into unknown readable memory: 0x0000000100000001 | 01 00 00 00 01 00 00 00


Compiled method (c1) 21917 17675       3       net.minecraftforge.eventbus.ASMEventHandler::invoke (53 bytes)
 total in heap  [0x0000000116455e90,0x0000000116456870] = 2528
 relocation     [0x0000000116455fe8,0x0000000116456078] = 144
 main code      [0x0000000116456080,0x0000000116456640] = 1472
 stub code      [0x0000000116456640,0x00000001164566b8] = 120
 oops           [0x00000001164566b8,0x00000001164566c0] = 8
 metadata       [0x00000001164566c0,0x0000000116456730] = 112
 scopes data    [0x0000000116456730,0x0000000116456770] = 64
 scopes pcs     [0x0000000116456770,0x0000000116456830] = 192
 dependencies   [0x0000000116456830,0x0000000116456848] = 24
 nul chk table  [0x0000000116456848,0x0000000116456870] = 40

[Constant Pool (empty)]

[MachCode]
[Entry Point]
  # {method} {0x000000014a867cc0} 'invoke' '(Lnet/minecraftforge/eventbus/api/Event;)V' in 'net/minecraftforge/eventbus/ASMEventHandler'
  # this:     c_rarg1:c_rarg1 
                        = 'net/minecraftforge/eventbus/ASMEventHandler'
  # parm0:    c_rarg2:c_rarg2 
                        = 'net/minecraftforge/eventbus/api/Event'
  #           [sp+0x50]  (sp of caller)
  0x0000000116456080: 2808 40b9 | 3f01 086b | c001 0054 

  0x000000011645608c: ;   {runtime_call ic_miss_stub}
  0x000000011645608c: dd2a 7215 | 1f20 03d5 | 1f20 03d5 | 1f20 03d5 | 1f20 03d5 | 1f20 03d5 | 1f20 03d5 | 1f20 03d5 
  0x00000001164560ac: 1f20 03d5 | 1f20 03d5 | 1f20 03d5 | 1f20 03d5 | 1f20 03d5 
[Verified Entry Point]
  0x00000001164560c0: 1f20 03d5 | e953 40d1 | 3f01 00f9 | ff43 01d1 | fd7b 04a9 

  0x00000001164560d4: ;   {metadata(method data for {method} {0x000000014a867cc0} 'invoke' '(Lnet/minecraftforge/eventbus/api/Event;)V' in 'net/minecraftforge/eventbus/ASMEventHandler')}
  0x00000001164560d4: 00eb 8ed2 | 007f a9f2 | 2000 c0f2 | 03ac 40b9 | 6308 0011 | 03ac 00b9 | 6324 1f12 | 7f00 0071 
  0x00000001164560f4: c025 0054 

  0x00000001164560f8: ; implicit exception: dispatches to 0x00000001164565cc
  0x00000001164560f8: 5f00 40f9 | e003 02aa 

  0x0000000116456100: ;   {metadata(method data for {method} {0x000000014a867cc0} 'invoke' '(Lnet/minecraftforge/eventbus/api/Event;)V' in 'net/minecraftforge/eventbus/ASMEventHandler')}
  0x0000000116456100: 03eb 8ed2 | 037f a9f2 | 2300 c0f2 | 0008 40b9 | 001d c0f2 | 6900 0491 | 2801 40f9 | 1f00 08eb 
  0x0000000116456120: a100 0054 | 6884 40f9 | 0805 0091 | 6884 00f9 | 1c00 0014 | 6940 0491 | 2801 40f9 | 1f00 08eb 
  0x0000000116456140: a100 0054 | 688c 40f9 | 0805 0091 | 688c 00f9 | 1400 0014 | 6900 0491 | 2801 40f9 | c800 00b5 
  0x0000000116456160: 2001 00f9 | e803 40b2 | 6920 0491 | 2801 00f9 | 0c00 0014 | 6940 0491 | 2801 40f9 | c800 00b5 
  0x0000000116456180: 2001 00f9 | e803 40b2 | 6960 0491 | 2801 00f9 | 0400 0014 | 6878 40f9 | 0805 0091 | 6878 00f9 
  0x00000001164561a0: 4030 4039 | 0000 0012 | 1f00 0071 

  0x00000001164561ac: ;   {metadata(method data for {method} {0x000000014a867cc0} 'invoke' '(Lnet/minecraftforge/eventbus/api/Event;)V' in 'net/minecraftforge/eventbus/ASMEventHandler')}
  0x00000001164561ac: 00eb 8ed2 | 007f a9f2 | 2000 c0f2 | 0825 80d2 | 0927 80d2 | 0301 899a | 0468 63f8 | 8404 0091 
  0x00000001164561cc: 0468 23f8 | e21b 00f9 | 2005 0054 | 2010 40b9 | 00f0 7dd3 | 2001 00b4 

  0x00000001164561e4: ;   {metadata('jdk/proxy2/$Proxy36')}
  0x00000001164561e4: 0524 89d2 | 8539 a0f2 | 051d c0f2 | 0808 40b9 | 081d c0f2 | 1f01 05eb | a11e 0054 | 0100 0014 
  0x0000000116456204: e303 00aa 

  0x0000000116456208: ; implicit exception: dispatches to 0x00000001164565d4
  0x0000000116456208: 1f00 40f9 | e303 00aa 

  0x0000000116456210: ;   {metadata(method data for {method} {0x000000014a867cc0} 'invoke' '(Lnet/minecraftforge/eventbus/api/Event;)V' in 'net/minecraftforge/eventbus/ASMEventHandler')}
  0x0000000116456210: 04eb 8ed2 | 047f a9f2 | 2400 c0f2 

  0x000000011645621c: ;   {metadata('jdk/proxy2/$Proxy36')}
  0x000000011645621c: 0824 89d2 | 8839 a0f2 | 081d c0f2 | 8960 0591 | 2801 00f9 | 88b0 40f9 | 0805 0091 | 88b0 00f9 
  0x000000011645623c: e117 00f9 | e103 00aa 

  0x0000000116456244: ; ImmutableOopMap {[40]=Oop [48]=Oop }
                      ;*invokeinterface receiveCanceled {reexecute=0 rethrow=0 return_oop=0}
                      ; - net.minecraftforge.eventbus.ASMEventHandler::invoke@11 (line 53)
                      ;   {optimized virtual_call}
  0x0000000116456244: 2f2b 7295 | 1f00 0071 

  0x000000011645624c: ;   {metadata(method data for {method} {0x000000014a867cc0} 'invoke' '(Lnet/minecraftforge/eventbus/api/Event;)V' in 'net/minecraftforge/eventbus/ASMEventHandler')}
  0x000000011645624c: 02eb 8ed2 | 027f a9f2 | 2200 c0f2 | e807 79b2 | 0932 80d2 | 0101 899a | 4068 61f8 | 0004 0091 
  0x000000011645626c: 4068 21f8 | 2019 0054 | e117 40f9 | 2218 40b9 | 42f0 7dd3 | e003 1faa | 5f00 00eb 

  0x0000000116456288: ;   {metadata(method data for {method} {0x000000014a867cc0} 'invoke' '(Lnet/minecraftforge/eventbus/api/Event;)V' in 'net/minecraftforge/eventbus/ASMEventHandler')}
  0x0000000116456288: 00eb 8ed2 | 007f a9f2 | 2000 c0f2 | 0834 80d2 | 0936 80d2 | 0301 899a | 0468 63f8 | 8404 0091 
  0x00000001164562a8: 0468 23f8 | e01b 40f9 | 0011 0054 | 0001 00b5 

  0x00000001164562b8: ;   {metadata(method data for {method} {0x000000014a867cc0} 'invoke' '(Lnet/minecraftforge/eventbus/api/Event;)V' in 'net/minecraftforge/eventbus/ASMEventHandler')}
  0x00000001164562b8: 06eb 8ed2 | 067f a9f2 | 2600 c0f2 | c8e4 4639 | 0801 40b2 | c8e4 0639 | 3d00 0014 

  0x00000001164562d4: ;   {metadata('net/minecraftforge/eventbus/api/IGenericEvent')}
  0x00000001164562d4: 0562 9cd2 | 8537 a0f2 | 051d c0f2 | 0608 40b9 | 061d c0f2 | c810 40f9 | bf00 08eb | e000 0054 
  0x00000001164562f4: df00 05eb | a000 0054 | e617 bfa9 

  0x0000000116456300: ;   {runtime_call slow_subtype_check Runtime1 stub}
  0x0000000116456300: 80f2 7495 | e607 41f8 | e604 0034 

  0x000000011645630c: ;   {metadata(method data for {method} {0x000000014a867cc0} 'invoke' '(Lnet/minecraftforge/eventbus/api/Event;)V' in 'net/minecraftforge/eventbus/ASMEventHandler')}
  0x000000011645630c: 06eb 8ed2 | 067f a9f2 | 2600 c0f2 | 0508 40b9 | 051d c0f2 | c940 0791 | 2801 40f9 | bf00 08eb 
  0x000000011645632c: a100 0054 | c8ec 40f9 | 0805 0091 | c8ec 00f9 | 2200 0014 | c980 0791 | 2801 40f9 | bf00 08eb 
  0x000000011645634c: a100 0054 | c8f4 40f9 | 0805 0091 | c8f4 00f9 | 1a00 0014 | c940 0791 | 2801 40f9 | c800 00b5 
  0x000000011645636c: 2501 00f9 | e803 40b2 | c960 0791 | 2801 00f9 | 1200 0014 | c980 0791 | 2801 40f9 | c800 00b5 
  0x000000011645638c: 2501 00f9 | e803 40b2 | c9a0 0791 | 2801 00f9 | 0a00 0014 | 0900 0014 

  0x00000001164563a4: ;   {metadata(method data for {method} {0x000000014a867cc0} 'invoke' '(Lnet/minecraftforge/eventbus/api/Event;)V' in 'net/minecraftforge/eventbus/ASMEventHandler')}
  0x00000001164563a4: 06eb 8ed2 | 067f a9f2 | 2600 c0f2 | c8e0 40f9 | 0805 00d1 | c8e0 00f9 | 8700 0014 | 0100 0014 
  0x00000001164563c4: e303 00aa | 4301 00b4 

  0x00000001164563cc: ;   {metadata('net/minecraftforge/eventbus/api/GenericEvent')}
  0x00000001164563cc: 06a2 9cd2 | 8637 a0f2 | 061d c0f2 | 6708 40b9 | 071d c0f2 | e820 40f9 | df00 08eb | c10f 0054 
  0x00000001164563ec: 0100 0014 | e403 03aa 

  0x00000001164563f4: ; implicit exception: dispatches to 0x00000001164565e4
  0x00000001164563f4: 7f00 40f9 | e403 03aa 

  0x00000001164563fc: ;   {metadata(method data for {method} {0x000000014a867cc0} 'invoke' '(Lnet/minecraftforge/eventbus/api/Event;)V' in 'net/minecraftforge/eventbus/ASMEventHandler')}
  0x00000001164563fc: 05eb 8ed2 | 057f a9f2 | 2500 c0f2 | 8408 40b9 | 041d c0f2 | a920 0891 | 2801 40f9 | 9f00 08eb 
  0x000000011645641c: a100 0054 | a808 41f9 | 0805 0091 | a808 01f9 | 1c00 0014 | a960 0891 | 2801 40f9 | 9f00 08eb 
  0x000000011645643c: a100 0054 | a810 41f9 | 0805 0091 | a810 01f9 | 1400 0014 | a920 0891 | 2801 40f9 | c800 00b5 
  0x000000011645645c: 2401 00f9 | e803 40b2 | a940 0891 | 2801 00f9 | 0c00 0014 | a960 0891 | 2801 40f9 | c800 00b5 
  0x000000011645647c: 2401 00f9 | e803 40b2 | a980 0891 | 2801 00f9 | 0400 0014 | a8fc 40f9 | 0805 0091 | a8fc 00f9 
  0x000000011645649c: 6318 40b9 | 63f0 7dd3 | 5f00 03eb 

  0x00000001164564a8: ;   {metadata(method data for {method} {0x000000014a867cc0} 'invoke' '(Lnet/minecraftforge/eventbus/api/Event;)V' in 'net/minecraftforge/eventbus/ASMEventHandler')}
  0x00000001164564a8: 02eb 8ed2 | 027f a9f2 | 2200 c0f2 | 0846 80d2 | 0948 80d2 | 0311 899a | 4468 63f8 | 8404 0091 
  0x00000001164564c8: 4468 23f8 | 4106 0054 | 210c 40b9 | 21f0 7dd3 

  0x00000001164564d8: ; implicit exception: dispatches to 0x00000001164565e8
  0x00000001164564d8: 3f00 40f9 | e203 01aa 

  0x00000001164564e0: ;   {metadata(method data for {method} {0x000000014a867cc0} 'invoke' '(Lnet/minecraftforge/eventbus/api/Event;)V' in 'net/minecraftforge/eventbus/ASMEventHandler')}
  0x00000001164564e0: 03eb 8ed2 | 037f a9f2 | 2300 c0f2 | 4208 40b9 | 021d c0f2 | 6980 0991 | 2801 40f9 | 5f00 08eb 
  0x0000000116456500: a100 0054 | 6834 41f9 | 0805 0091 | 6834 01f9 | 1c00 0014 | 69c0 0991 | 2801 40f9 | 5f00 08eb 
  0x0000000116456520: a100 0054 | 683c 41f9 | 0805 0091 | 683c 01f9 | 1400 0014 | 6980 0991 | 2801 40f9 | c800 00b5 
  0x0000000116456540: 2201 00f9 | e803 40b2 | 69a0 0991 | 2801 00f9 | 0c00 0014 | 69c0 0991 | 2801 40f9 | c800 00b5 
  0x0000000116456560: 2201 00f9 | e803 40b2 | 69e0 0991 | 2801 00f9 | 0400 0014 | 6828 41f9 | 0805 0091 | 6828 01f9 
  0x0000000116456580: e203 00aa | 09bc 9bd2 | 2998 aaf2 | e900 c0f2 

  0x0000000116456590: ; ImmutableOopMap {}
                      ;*invokeinterface invoke {reexecute=0 rethrow=0 return_oop=0}
                      ; - net.minecraftforge.eventbus.ASMEventHandler::invoke@47 (line 55)
                      ;   {virtual_call}
  0x0000000116456590: 4e33 7595 | fd7b 44a9 | ff43 0191 

  0x000000011645659c: ;   {poll_return}
  0x000000011645659c: 88a7 41f9 | ff63 28eb | 4802 0054 | c003 5fd6 

  0x00000001164565ac: ;   {metadata({method} {0x000000014a867cc0} 'invoke' '(Lnet/minecraftforge/eventbus/api/Event;)V' in 'net/minecraftforge/eventbus/ASMEventHandler')}
  0x00000001164565ac: 0898 8fd2 | c850 a9f2 | 2800 c0f2 | e807 00f9 | 0800 8092 | e803 00f9 

  0x00000001164565c4: ; ImmutableOopMap {c_rarg1=Oop c_rarg2=Oop }
                      ;*synchronization entry
                      ; - net.minecraftforge.eventbus.ASMEventHandler::invoke@-1 (line 53)
                      ;   {runtime_call counter_overflow Runtime1 stub}
  0x00000001164565c4: 0ffa 7495 | ccfe ff17 

  0x00000001164565cc: ; ImmutableOopMap {c_rarg1=Oop c_rarg2=Oop }
                      ;*invokevirtual isCanceled {reexecute=0 rethrow=0 return_oop=0}
                      ; - net.minecraftforge.eventbus.ASMEventHandler::invoke@1 (line 53)
                      ;   {runtime_call throw_null_pointer_exception Runtime1 stub}
  0x00000001164565cc: 4de7 7495 

  0x00000001164565d0: ; ImmutableOopMap {c_rarg1=Oop [48]=Oop c_rarg0=Oop }
                      ;*invokeinterface receiveCanceled {reexecute=0 rethrow=0 return_oop=0}
                      ; - net.minecraftforge.eventbus.ASMEventHandler::invoke@11 (line 53)
                      ;   {runtime_call throw_incompatible_class_change_error Runtime1 stub}
  0x00000001164565d0: 0cf1 7495 

  0x00000001164565d4: ; ImmutableOopMap {c_rarg1=Oop [48]=Oop c_rarg0=Oop }
                      ;*invokeinterface receiveCanceled {reexecute=0 rethrow=0 return_oop=0}
                      ; - net.minecraftforge.eventbus.ASMEventHandler::invoke@11 (line 53)
                      ;   {runtime_call throw_null_pointer_exception Runtime1 stub}
  0x00000001164565d4: 4be7 7495 | e803 00aa 

  0x00000001164565dc: ; ImmutableOopMap {c_rarg1=Oop c_rarg0=Oop c_rarg2=Oop }
                      ;*checkcast {reexecute=0 rethrow=0 return_oop=0}
                      ; - net.minecraftforge.eventbus.ASMEventHandler::invoke@31 (line 54)
                      ;   {runtime_call throw_class_cast_exception Runtime1 stub}
  0x00000001164565dc: 49f0 7495 

  0x00000001164565e0: ; ImmutableOopMap {c_rarg1=Oop c_rarg0=Oop c_rarg2=Oop c_rarg3=Oop }
                      ;*invokeinterface getGenericType {reexecute=0 rethrow=0 return_oop=0}
                      ; - net.minecraftforge.eventbus.ASMEventHandler::invoke@34 (line 54)
                      ;   {runtime_call throw_incompatible_class_change_error Runtime1 stub}
  0x00000001164565e0: 08f1 7495 

  0x00000001164565e4: ; ImmutableOopMap {c_rarg1=Oop c_rarg0=Oop c_rarg2=Oop c_rarg3=Oop }
                      ;*invokeinterface getGenericType {reexecute=0 rethrow=0 return_oop=0}
                      ; - net.minecraftforge.eventbus.ASMEventHandler::invoke@34 (line 54)
                      ;   {runtime_call throw_null_pointer_exception Runtime1 stub}
  0x00000001164565e4: 47e7 7495 

  0x00000001164565e8: ; ImmutableOopMap {c_rarg0=Oop c_rarg1=Oop }
                      ;*invokeinterface invoke {reexecute=0 rethrow=0 return_oop=0}
                      ; - net.minecraftforge.eventbus.ASMEventHandler::invoke@47 (line 55)
                      ;   {runtime_call throw_null_pointer_exception Runtime1 stub}
  0x00000001164565e8: 46e7 7495 

  0x00000001164565ec: ;   {internal_word}
  0x00000001164565ec: 88fd ff10 | 88b3 01f9 

  0x00000001164565f4: ;   {runtime_call SafepointBlob}
  0x00000001164565f4: 0343 7215 | 1f20 03d5 | 1f20 03d5 | 80ef 41f9 | 9fef 01f9 | 9ff3 01f9 | fd7b 44a9 | ff43 0191 
  0x0000000116456614: ;   {runtime_call unwind_exception Runtime1 stub}
  0x0000000116456614: 5baf 7215 | 0000 0000 | 0000 0000 | 0000 0000 | 0000 0000 | 0000 0000 | 0000 0000 | 0000 0000 
  0x0000000116456634: 0000 0000 | 0000 0000 | 0000 0000 
[Stub Code]
  0x0000000116456640: ;   {no_reloc}
  0x0000000116456640: df3f 03d5 

  0x0000000116456644: ;   {metadata(NULL)}
  0x0000000116456644: 0c00 80d2 | 0c00 a0f2 | 0c00 c0f2 | 0800 80d2 | 0800 a0f2 | 0800 c0f2 | 0001 1fd6 

  0x0000000116456660: ;   {trampoline_stub}
  0x0000000116456660: 4800 0058 | 0001 1fd6 | 000f 0e1c | 0100 0000 

  0x0000000116456670: ;   {static_stub}
  0x0000000116456670: df3f 03d5 

  0x0000000116456674: ;   {metadata(NULL)}
  0x0000000116456674: 0c00 80d2 | 0c00 a0f2 | 0c00 c0f2 | 0800 80d2 | 0800 a0f2 | 0800 c0f2 | 0001 1fd6 

  0x0000000116456690: ;   {trampoline_stub}
  0x0000000116456690: 4800 0058 | 0001 1fd6 | c832 1a1c | 0100 0000 
[Exception Handler]
  0x00000001164566a0: ;   {runtime_call handle_exception_from_callee Runtime1 stub}
  0x00000001164566a0: 98ee 7495 | c1d5 bbd4 | 649f ad0c | 0100 0000 
[Deopt Handler Code]
  0x00000001164566b0: 1e00 0010 

  0x00000001164566b4: ;   {runtime_call DeoptimizationBlob}
  0x00000001164566b4: a343 7215 
[/MachCode]


Compiled method (c1) 21932 17699   !   3       net.minecraftforge.eventbus.EventBus::post (145 bytes)
 total in heap  [0x000000011645d310,0x000000011645e818] = 5384
 relocation     [0x000000011645d468,0x000000011645d5e8] = 384
 main code      [0x000000011645d600,0x000000011645e0c0] = 2752
 stub code      [0x000000011645e0c0,0x000000011645e258] = 408
 oops           [0x000000011645e258,0x000000011645e268] = 16
 metadata       [0x000000011645e268,0x000000011645e320] = 184
 scopes data    [0x000000011645e320,0x000000011645e4e0] = 448
 scopes pcs     [0x000000011645e4e0,0x000000011645e700] = 544
 dependencies   [0x000000011645e700,0x000000011645e718] = 24
 handler table  [0x000000011645e718,0x000000011645e7a8] = 144
 nul chk table  [0x000000011645e7a8,0x000000011645e818] = 112

[Constant Pool (empty)]

[MachCode]
[Entry Point]
  # {method} {0x000000014a230400} 'post' '(Lnet/minecraftforge/eventbus/api/Event;Lnet/minecraftforge/eventbus/api/IEventBusInvokeDispatcher;)Z' in 'net/minecraftforge/eventbus/EventBus'
  # this:     c_rarg1:c_rarg1 
                        = 'net/minecraftforge/eventbus/EventBus'
  # parm0:    c_rarg2:c_rarg2 
                        = 'net/minecraftforge/eventbus/api/Event'
  # parm1:    c_rarg3:c_rarg3 
                        = 'net/minecraftforge/eventbus/api/IEventBusInvokeDispatcher'
  #           [sp+0xc0]  (sp of caller)
  0x000000011645d600: 2808 40b9 | 3f01 086b | c001 0054 

  0x000000011645d60c: ;   {runtime_call ic_miss_stub}
  0x000000011645d60c: 7d0d 7215 | 1f20 03d5 | 1f20 03d5 | 1f20 03d5 | 1f20 03d5 | 1f20 03d5 | 1f20 03d5 | 1f20 03d5 
  0x000000011645d62c: 1f20 03d5 | 1f20 03d5 | 1f20 03d5 | 1f20 03d5 | 1f20 03d5 
[Verified Entry Point]
  0x000000011645d640: 1f20 03d5 | e953 40d1 | 3f01 00f9 | ff03 03d1 | fd7b 0ba9 | e207 06a9 | e33b 00f9 

  0x000000011645d65c: ;   {metadata(method data for {method} {0x000000014a230400} 'post' '(Lnet/minecraftforge/eventbus/api/Event;Lnet/minecraftforge/eventbus/api/IEventBusInvokeDispatcher;)Z' in 'net/minecraftforge/eventbus/EventBus')}
  0x000000011645d65c: 0000 80d2 | c07f a9f2 | 2000 c0f2 | 04ac 40b9 | 8408 0011 | 04ac 00b9 | 8424 1f12 | 9f00 0071 
  0x000000011645d67c: c044 0054 | bf3b 03d5 | 2044 4039 | bf39 03d5 | 1f00 0071 

  0x000000011645d690: ;   {metadata(method data for {method} {0x000000014a230400} 'post' '(Lnet/minecraftforge/eventbus/api/Event;Lnet/minecraftforge/eventbus/api/IEventBusInvokeDispatcher;)Z' in 'net/minecraftforge/eventbus/EventBus')}
  0x000000011645d690: 0000 80d2 | c07f a9f2 | 2000 c0f2 | e803 78b2 | e90f 7cb2 | 0411 899a | 0568 64f8 | a504 0091 
  0x000000011645d6b0: 0568 24f8 | 2131 0054 | 2048 4039 | 1f00 0071 

  0x000000011645d6c0: ;   {metadata(method data for {method} {0x000000014a230400} 'post' '(Lnet/minecraftforge/eventbus/api/Event;Lnet/minecraftforge/eventbus/api/IEventBusInvokeDispatcher;)Z' in 'net/minecraftforge/eventbus/EventBus')}
  0x000000011645d6c0: 0000 80d2 | c07f a9f2 | 2000 c0f2 | 0822 80d2 | 0924 80d2 | 0401 899a | 0568 64f8 | a504 0091 
  0x000000011645d6e0: 0568 24f8 | 8003 0054 | 2020 40b9 | 00f0 7dd3 

  0x000000011645d6f0: ; implicit exception: dispatches to 0x000000011645df34
  0x000000011645d6f0: 1f00 40f9 | e403 00aa 

  0x000000011645d6f8: ;   {metadata(method data for {method} {0x000000014a230400} 'post' '(Lnet/minecraftforge/eventbus/api/Event;Lnet/minecraftforge/eventbus/api/IEventBusInvokeDispatcher;)Z' in 'net/minecraftforge/eventbus/EventBus')}
  0x000000011645d6f8: 0500 80d2 | c57f a9f2 | 2500 c0f2 | a898 40f9 | 0805 0091 | a898 00f9 | e103 02aa 

  0x000000011645d714: ;   {runtime_call Runtime1::is_instance_of(oopDesc*, oopDesc*)}
  0x000000011645d714: 084f 8ed2 | c883 a1f2 | 2800 c0f2 | 0001 3fd6 | 1f00 0071 

  0x000000011645d728: ;   {metadata(method data for {method} {0x000000014a230400} 'post' '(Lnet/minecraftforge/eventbus/api/Event;Lnet/minecraftforge/eventbus/api/IEventBusInvokeDispatcher;)Z' in 'net/minecraftforge/eventbus/EventBus')}
  0x000000011645d728: 0100 80d2 | c17f a9f2 | 2100 c0f2 | 082f 80d2 | 092d 80d2 | 0001 899a | 2268 60f8 | 4204 0091 
  0x000000011645d748: 2268 20f8 | 402d 0054 | e233 40f9 

  0x000000011645d754: ; implicit exception: dispatches to 0x000000011645df38
  0x000000011645d754: 5f00 40f9 | e003 02aa 

  0x000000011645d75c: ;   {metadata(method data for {method} {0x000000014a230400} 'post' '(Lnet/minecraftforge/eventbus/api/Event;Lnet/minecraftforge/eventbus/api/IEventBusInvokeDispatcher;)Z' in 'net/minecraftforge/eventbus/EventBus')}
  0x000000011645d75c: 0300 80d2 | c37f a9f2 | 2300 c0f2 | 0008 40b9 | 001d c0f2 | 6940 0a91 | 2801 40f9 | 1f00 08eb 
  0x000000011645d77c: a100 0054 | 684c 41f9 | 0805 0091 | 684c 01f9 | 1c00 0014 | 6980 0a91 | 2801 40f9 | 1f00 08eb 
  0x000000011645d79c: a100 0054 | 6854 41f9 | 0805 0091 | 6854 01f9 | 1400 0014 | 6940 0a91 | 2801 40f9 | c800 00b5 
  0x000000011645d7bc: 2001 00f9 | e803 40b2 | 6960 0a91 | 2801 00f9 | 0c00 0014 | 6980 0a91 | 2801 40f9 | c800 00b5 
  0x000000011645d7dc: 2001 00f9 | e803 40b2 | 69a0 0a91 | 2801 00f9 | 0400 0014 | 6840 41f9 | 0805 0091 | 6840 01f9 
  0x000000011645d7fc: e103 02aa | e9ff 9fd2 | e9ff bff2 | e9ff dff2 

  0x000000011645d80c: ; ImmutableOopMap {[112]=Oop [104]=Oop [96]=Oop }
                      ;*invokevirtual getListenerList {reexecute=0 rethrow=0 return_oop=0}
                      ; - net.minecraftforge.eventbus.EventBus::post@55 (line 307)
                      ;   {virtual_call}
  0x000000011645d80c: c317 7595 | e137 40f9 | 220c 40b9 

  0x000000011645d818: ; implicit exception: dispatches to 0x000000011645df3c
  0x000000011645d818: 1f00 40f9 | e303 00aa 

  0x000000011645d820: ;   {metadata(method data for {method} {0x000000014a230400} 'post' '(Lnet/minecraftforge/eventbus/api/Event;Lnet/minecraftforge/eventbus/api/IEventBusInvokeDispatcher;)Z' in 'net/minecraftforge/eventbus/EventBus')}
  0x000000011645d820: 0400 80d2 | c47f a9f2 | 2400 c0f2 | 8868 41f9 | 0805 0091 | 8868 01f9 

  0x000000011645d838: ;   {metadata(method data for {method} {0x000000014a2336e8} 'getListeners' '(I)[Lnet/minecraftforge/eventbus/api/IEventListener;' in 'net/minecraftforge/eventbus/ListenerList')}
  0x000000011645d838: 0382 8fd2 | 037f a9f2 | 2300 c0f2 | 64ac 40b9 | 8408 0011 | 64ac 00b9 | 844c 1f12 | 9f00 0071 
  0x000000011645d858: 4037 0054 | 0010 40b9 | 00f0 7dd3 

  0x000000011645d864: ; implicit exception: dispatches to 0x000000011645df60
  0x000000011645d864: 030c 40b9 | 5f00 036b | c237 0054 | 427c 4093 | 42f4 7ed3 | 4240 0091 | 0068 62b8 | 00f0 7dd3 
  0x000000011645d884: ; implicit exception: dispatches to 0x000000011645df7c
  0x000000011645d884: 1f00 40f9 | e203 00aa 

  0x000000011645d88c: ;   {metadata(method data for {method} {0x000000014a2336e8} 'getListeners' '(I)[Lnet/minecraftforge/eventbus/api/IEventListener;' in 'net/minecraftforge/eventbus/ListenerList')}
  0x000000011645d88c: 0382 8fd2 | 037f a9f2 | 2300 c0f2 

  0x000000011645d898: ;   {metadata('net/minecraftforge/eventbus/ListenerList$ListenerListInst')}
  0x000000011645d898: 0874 9dd2 | 8837 a0f2 | 081d c0f2 | 6900 0491 | 2801 00f9 | 6884 40f9 | 0805 0091 | 6884 00f9 
  0x000000011645d8b8: ;   {metadata(method data for {method} {0x000000014a262c10} 'getListeners' '()[Lnet/minecraftforge/eventbus/api/IEventListener;' in 'net/minecraftforge/eventbus/ListenerList$ListenerListInst')}
  0x000000011645d8b8: 02b0 8fd2 | 027f a9f2 | 2200 c0f2 | 43ac 40b9 | 6308 0011 | 43ac 00b9 | 634c 1f12 | 7f00 0071 
  0x000000011645d8d8: 4035 0054 | bf3b 03d5 | 020c 40b9 | 42f0 7dd3 | bf39 03d5 | e303 1faa | 5f00 03eb 

  0x000000011645d8f4: ;   {metadata(method data for {method} {0x000000014a262c10} 'getListeners' '()[Lnet/minecraftforge/eventbus/api/IEventListener;' in 'net/minecraftforge/eventbus/ListenerList$ListenerListInst')}
  0x000000011645d8f4: 03b0 8fd2 | 037f a9f2 | 2300 c0f2 | e803 78b2 | e90f 7cb2 | 0411 899a | 6568 64f8 | a504 0091 
  0x000000011645d914: 6568 24f8 | 6101 0054 | e203 00aa 

  0x000000011645d920: ;   {metadata(method data for {method} {0x000000014a262c10} 'getListeners' '()[Lnet/minecraftforge/eventbus/api/IEventListener;' in 'net/minecraftforge/eventbus/ListenerList$ListenerListInst')}
  0x000000011645d920: 03b0 8fd2 | 037f a9f2 | 2300 c0f2 | 6888 40f9 | 0805 0091 | 6888 00f9 | e103 00aa 

  0x000000011645d93c: ; ImmutableOopMap {[112]=Oop [96]=Oop [104]=Oop }
                      ;*invokevirtual buildCache {reexecute=0 rethrow=0 return_oop=0}
                      ; - net.minecraftforge.eventbus.ListenerList$ListenerListInst::getListeners@12 (line 187)
                      ; - net.minecraftforge.eventbus.ListenerList::getListeners@6 (line 82)
                      ; - net.minecraftforge.eventbus.EventBus::post@62 (line 307)
                      ;   {optimized virtual_call}
  0x000000011645d93c: ed01 0094 | e203 00aa | 0000 a052 | e33b 40f9 | e407 46a9 

  0x000000011645d950: ; implicit exception: dispatches to 0x000000011645dfa0
  0x000000011645d950: 450c 40b9 | 1f00 056b 

  0x000000011645d958: ;   {metadata(method data for {method} {0x000000014a230400} 'post' '(Lnet/minecraftforge/eventbus/api/Event;Lnet/minecraftforge/eventbus/api/IEventBusInvokeDispatcher;)Z' in 'net/minecraftforge/eventbus/EventBus')}
  0x000000011645d958: 0500 80d2 | c57f a9f2 | 2500 c0f2 | 085e 80d2 | e907 78b2 | 06a1 899a | a768 66f8 | e704 0091 
  0x000000011645d978: a768 26f8 | ca13 0054 | 2540 4039 | bf00 0071 

  0x000000011645d988: ;   {metadata(method data for {method} {0x000000014a230400} 'post' '(Lnet/minecraftforge/eventbus/api/Event;Lnet/minecraftforge/eventbus/api/IEventBusInvokeDispatcher;)Z' in 'net/minecraftforge/eventbus/EventBus')}
  0x000000011645d988: 0500 80d2 | c57f a9f2 | 2500 c0f2 | 0862 80d2 | 0964 80d2 | 0611 899a | a768 66f8 | e704 0091 
  0x000000011645d9a8: a768 26f8 | 0104 0054 | 057c 4093 | a5f4 7ed3 | a540 0091 | 4568 65b8 | a5f0 7dd3 

  0x000000011645d9c4: ; implicit exception: dispatches to 0x000000011645dfa4
  0x000000011645d9c4: bf00 40f9 | e603 05aa 

  0x000000011645d9cc: ;   {metadata(method data for {method} {0x000000014a230400} 'post' '(Lnet/minecraftforge/eventbus/api/Event;Lnet/minecraftforge/eventbus/api/IEventBusInvokeDispatcher;)Z' in 'net/minecraftforge/eventbus/EventBus')}
  0x000000011645d9cc: 0700 80d2 | c77f a9f2 | 2700 c0f2 | e898 41f9 | 0805 0091 | e898 01f9 | a508 40b9 | 051d c0f2 
  0x000000011645d9ec: a538 40f9 | a500 40f9 

  0x000000011645d9f4: ;   {oop(a 'java/lang/Class'{0x00000003128e6258} = 'net/minecraftforge/eventbus/api/EventPriority')}
  0x000000011645d9f4: 064b 8cd2 | c651 a2f2 | 6600 c0f2 | bf00 06eb 

  0x000000011645da04: ;   {metadata(method data for {method} {0x000000014a230400} 'post' '(Lnet/minecraftforge/eventbus/api/Event;Lnet/minecraftforge/eventbus/api/IEventBusInvokeDispatcher;)Z' in 'net/minecraftforge/eventbus/EventBus')}
  0x000000011645da04: 0500 80d2 | c57f a9f2 | 2500 c0f2 | 086f 80d2 | 096d 80d2 | 0601 899a | a768 66f8 | e704 0091 
  0x000000011645da24: a768 26f8 | 800a 0054 | 057c 4093 | a5f4 7ed3 | a540 0091 | 4568 65b8 | a5f0 7dd3 | 2301 00b4 
  0x000000011645da44: ;   {metadata('net/minecraftforge/eventbus/EventBus$$Lambda$4853+0x000000e801cc6e40')}
  0x000000011645da44: 0ac8 8dd2 | 8a39 a0f2 | 0a1d c0f2 | 6808 40b9 | 081d c0f2 | 1f01 0aeb | 612a 0054 | 0100 0014 
  0x000000011645da64: e603 03aa 

  0x000000011645da68: ; implicit exception: dispatches to 0x000000011645dfac
  0x000000011645da68: 7f00 40f9 | e603 03aa 

  0x000000011645da70: ;   {metadata(method data for {method} {0x000000014a230400} 'post' '(Lnet/minecraftforge/eventbus/api/Event;Lnet/minecraftforge/eventbus/api/IEventBusInvokeDispatcher;)Z' in 'net/minecraftforge/eventbus/EventBus')}
  0x000000011645da70: 0700 80d2 | c77f a9f2 | 2700 c0f2 | e8dc 41f9 | 0805 0091 | e8dc 01f9 

  0x000000011645da88: ;   {metadata(method data for {method} {0x000000014a87fc00} 'invoke' '(Lnet/minecraftforge/eventbus/api/IEventListener;Lnet/minecraftforge/eventbus/api/Event;)V' in 'net/minecraftforge/eventbus/EventBus$$Lambda$4853+0x000000e801cc6e40')}
  0x000000011645da88: 06bc 8ed2 | 067f a9f2 | 2600 c0f2 | c7ac 40b9 | e708 0011 | c7ac 00b9 | e74c 1f12 | ff00 0071 
  0x000000011645daa8: 4028 0054 

  0x000000011645daac: ; implicit exception: dispatches to 0x000000011645dfd0
  0x000000011645daac: bf00 40f9 | e603 05aa 

  0x000000011645dab4: ;   {metadata(method data for {method} {0x000000014a87fc00} 'invoke' '(Lnet/minecraftforge/eventbus/api/IEventListener;Lnet/minecraftforge/eventbus/api/Event;)V' in 'net/minecraftforge/eventbus/EventBus$$Lambda$4853+0x000000e801cc6e40')}
  0x000000011645dab4: 07bc 8ed2 | 077f a9f2 | 2700 c0f2 | c608 40b9 | 061d c0f2 | e900 0491 | 2801 40f9 | df00 08eb 
  0x000000011645dad4: a100 0054 | e884 40f9 | 0805 0091 | e884 00f9 | 1c00 0014 | e940 0491 | 2801 40f9 | df00 08eb 
  0x000000011645daf4: a100 0054 | e88c 40f9 | 0805 0091 | e88c 00f9 | 1400 0014 | e900 0491 | 2801 40f9 | c800 00b5 
  0x000000011645db14: 2601 00f9 | e803 40b2 | e920 0491 | 2801 00f9 | 0c00 0014 | e940 0491 | 2801 40f9 | c800 00b5 
  0x000000011645db34: 2601 00f9 | e803 40b2 | e960 0491 | 2801 00f9 | 0400 0014 | e878 40f9 | 0805 0091 | e878 00f9 
  0x000000011645db54: e243 00f9 | e203 04aa | e103 05aa | e07b 00b9 | 09d4 9bd2 | 2998 aaf2 | e900 c0f2 

  0x000000011645db70: ; ImmutableOopMap {[112]=Oop [104]=Oop [128]=Oop [96]=Oop }
                      ;*invokeinterface invoke {reexecute=0 rethrow=0 return_oop=0}
                      ; - net.minecraftforge.eventbus.EventBus$$Lambda$4853/0x000000e801cc6e40::invoke@2
                      ; - net.minecraftforge.eventbus.EventBus::post@105 (line 312)
                      ;   {virtual_call}
  0x000000011645db70: d615 7595 | 0900 0014 | e07b 00b9 | e243 00f9 

  0x000000011645db80: ;   {metadata(method data for {method} {0x000000014a230400} 'post' '(Lnet/minecraftforge/eventbus/api/Event;Lnet/minecraftforge/eventbus/api/IEventBusInvokeDispatcher;)Z' in 'net/minecraftforge/eventbus/EventBus')}
  0x000000011645db80: 0000 80d2 | c07f a9f2 | 2000 c0f2 | 03c4 41f9 | 6304 0091 | 03c4 01f9 | e17b 40b9 | 2004 0011 
  0x000000011645dba0: ;   {metadata(method data for {method} {0x000000014a230400} 'post' '(Lnet/minecraftforge/eventbus/api/Event;Lnet/minecraftforge/eventbus/api/IEventBusInvokeDispatcher;)Z' in 'net/minecraftforge/eventbus/EventBus')}
  0x000000011645dba0: 0300 80d2 | c37f a9f2 | 2300 c0f2 | 64b0 40b9 | 8408 0011 | 64b0 00b9 | 8430 1f12 | 9f00 0071 
  0x000000011645dbc0: a020 0054 

  0x000000011645dbc4: ; ImmutableOopMap {[112]=Oop [104]=Oop [128]=Oop [96]=Oop }
                      ;*goto {reexecute=1 rethrow=0 return_oop=0}
                      ; - (reexecute) net.minecraftforge.eventbus.EventBus::post@113 (line 310)
  0x000000011645dbc4: 88ab 41f9 

  0x000000011645dbc8: ;   {poll}
  0x000000011645dbc8: 1f01 40b9 

  0x000000011645dbcc: ;   {metadata(method data for {method} {0x000000014a230400} 'post' '(Lnet/minecraftforge/eventbus/api/Event;Lnet/minecraftforge/eventbus/api/IEventBusInvokeDispatcher;)Z' in 'net/minecraftforge/eventbus/EventBus')}
  0x000000011645dbcc: 0300 80d2 | c37f a9f2 | 2300 c0f2 | 64ec 41f9 | 8404 0091 | 64ec 01f9 | e103 00aa | e003 01aa 
  0x000000011645dbec: e243 40f9 | 56ff ff17 

  0x000000011645dbf4: ;   {metadata(method data for {method} {0x000000014a230400} 'post' '(Lnet/minecraftforge/eventbus/api/Event;Lnet/minecraftforge/eventbus/api/IEventBusInvokeDispatcher;)Z' in 'net/minecraftforge/eventbus/EventBus')}
  0x000000011645dbf4: 0000 80d2 | c07f a9f2 | 2000 c0f2 | 03f8 41f9 | 6304 0091 | 03f8 01f9 | e533 40f9 | e203 05aa 
  0x000000011645dc14: ;   {metadata(method data for {method} {0x000000014a230400} 'post' '(Lnet/minecraftforge/eventbus/api/Event;Lnet/minecraftforge/eventbus/api/IEventBusInvokeDispatcher;)Z' in 'net/minecraftforge/eventbus/EventBus')}
  0x000000011645dc14: 0000 80d2 | c07f a9f2 | 2000 c0f2 | 4208 40b9 | 021d c0f2 | 0940 1191 | 2801 40f9 | 5f00 08eb 
  0x000000011645dc34: a100 0054 | 082c 42f9 | 0805 0091 | 082c 02f9 | 1c00 0014 | 0980 1191 | 2801 40f9 | 5f00 08eb 
  0x000000011645dc54: a100 0054 | 0834 42f9 | 0805 0091 | 0834 02f9 | 1400 0014 | 0940 1191 | 2801 40f9 | c800 00b5 
  0x000000011645dc74: 2201 00f9 | e803 40b2 | 0960 1191 | 2801 00f9 | 0c00 0014 | 0980 1191 | 2801 40f9 | c800 00b5 
  0x000000011645dc94: 2201 00f9 | e803 40b2 | 09a0 1191 | 2801 00f9 | 0400 0014 | 0820 42f9 | 0805 0091 | 0820 02f9 
  0x000000011645dcb4: a030 4039 | 0000 0012 | 0000 0012 | fd7b 4ba9 | ff03 0391 

  0x000000011645dcc8: ;   {poll_return}
  0x000000011645dcc8: 88a7 41f9 | ff63 28eb | 2819 0054 | c003 5fd6 | 0000 a052 | fd7b 4ba9 | ff03 0391 

  0x000000011645dce4: ;   {poll_return}
  0x000000011645dce4: 88a7 41f9 | ff63 28eb | a818 0054 | c003 5fd6 | e533 40f9 

  0x000000011645dcf8: ; ImmutableOopMap {[104]=Oop c_rarg5=Oop [96]=Oop }
                      ;*new {reexecute=0 rethrow=0 return_oop=0}
                      ; - net.minecraftforge.eventbus.EventBus::post@27 (line 305)
                      ;   {runtime_call load_mirror_patching Runtime1 stub}
  0x000000011645dcf8: 02da 7495 | 8087 40f9 | 0ba0 0091 | 888f 40f9 | 7f01 08eb | 0818 0054 | 8b87 00f9 | ea03 40b2 
  0x000000011645dd18: 0a00 00f9 | ea03 032a | 0a7c 0129 | 0a40 0091 | 5f01 00f9 | 5ffd 00a9 | bf3a 03d5 

  0x000000011645dd34: ; implicit exception: dispatches to 0x000000011645e014
  0x000000011645dd34: bf00 40f9 | e203 05aa 

  0x000000011645dd3c: ;   {metadata(method data for {method} {0x000000014a230400} 'post' '(Lnet/minecraftforge/eventbus/api/Event;Lnet/minecraftforge/eventbus/api/IEventBusInvokeDispatcher;)Z' in 'net/minecraftforge/eventbus/EventBus')}
  0x000000011645dd3c: 0300 80d2 | c37f a9f2 | 2300 c0f2 | 68c4 40f9 | 0805 0091 | 68c4 00f9 | a208 40b9 | 021d c0f2 
  0x000000011645dd5c: 4238 40f9 | 4200 40f9 

  0x000000011645dd64: ; implicit exception: dispatches to 0x000000011645e018
  0x000000011645dd64: 5f00 40f9 | e303 02aa 

  0x000000011645dd6c: ;   {metadata(method data for {method} {0x000000014a230400} 'post' '(Lnet/minecraftforge/eventbus/api/Event;Lnet/minecraftforge/eventbus/api/IEventBusInvokeDispatcher;)Z' in 'net/minecraftforge/eventbus/EventBus')}
  0x000000011645dd6c: 0400 80d2 | c47f a9f2 | 2400 c0f2 | 88e0 40f9 | 0805 0091 | 88e0 00f9 | e103 02aa | e047 00f9 
  0x000000011645dd8c: ; ImmutableOopMap {[104]=Oop [136]=Oop }
                      ;*invokevirtual getSimpleName {reexecute=0 rethrow=0 return_oop=0}
                      ; - net.minecraftforge.eventbus.EventBus::post@35 (line 305)
                      ;   {optimized virtual_call}
  0x000000011645dd8c: 5d0c 7295 | e237 40f9 | 4120 40b9 | 21f0 7dd3 

  0x000000011645dd9c: ; implicit exception: dispatches to 0x000000011645e01c
  0x000000011645dd9c: 3f00 40f9 | e203 01aa 

  0x000000011645dda4: ;   {metadata(method data for {method} {0x000000014a230400} 'post' '(Lnet/minecraftforge/eventbus/api/Event;Lnet/minecraftforge/eventbus/api/IEventBusInvokeDispatcher;)Z' in 'net/minecraftforge/eventbus/EventBus')}
  0x000000011645dda4: 0300 80d2 | c37f a9f2 | 2300 c0f2 | 68fc 40f9 | 0805 0091 | 68fc 00f9 | e04b 00f9 

  0x000000011645ddc0: ; ImmutableOopMap {[136]=Oop [144]=Oop }
                      ;*invokevirtual getSimpleName {reexecute=0 rethrow=0 return_oop=0}
                      ; - net.minecraftforge.eventbus.EventBus::post@42 (line 305)
                      ;   {optimized virtual_call}
  0x000000011645ddc0: 500c 7295 

  0x000000011645ddc4: ; ImmutableOopMap {[136]=Oop [144]=Oop c_rarg0=Oop }
                      ;*invokedynamic {reexecute=0 rethrow=0 return_oop=0}
                      ; - net.minecraftforge.eventbus.EventBus::post@45 (line 305)
                      ;   {runtime_call load_appendix_patching Runtime1 stub}
  0x000000011645ddc4: 8fda 7495 | e14b 40f9 | e203 00aa 

  0x000000011645ddd0: ; ImmutableOopMap {[136]=Oop }
                      ;*invokedynamic {reexecute=0 rethrow=0 return_oop=0}
                      ; - net.minecraftforge.eventbus.EventBus::post@45 (line 305)
                      ;   {static_call}
  0x000000011645ddd0: cc0d 7295 

  0x000000011645ddd4: ;   {metadata(method data for {method} {0x000000014a230400} 'post' '(Lnet/minecraftforge/eventbus/api/Event;Lnet/minecraftforge/eventbus/api/IEventBusInvokeDispatcher;)Z' in 'net/minecraftforge/eventbus/EventBus')}
  0x000000011645ddd4: 0200 80d2 | c27f a9f2 | 2200 c0f2 | 4280 0991 | e103 00aa | 8100 00b5 | 4900 40f9 | 2901 40b2 
  0x000000011645ddf4: 4900 00f9 | e247 40f9 

  0x000000011645ddfc: ;   {metadata(method data for {method} {0x000000014a230400} 'post' '(Lnet/minecraftforge/eventbus/api/Event;Lnet/minecraftforge/eventbus/api/IEventBusInvokeDispatcher;)Z' in 'net/minecraftforge/eventbus/EventBus')}
  0x000000011645ddfc: 0100 80d2 | c17f a9f2 | 2100 c0f2 | 2838 41f9 | 0805 0091 | 2838 01f9 | e203 00aa | e147 40f9 
  0x000000011645de1c: ; ImmutableOopMap {[136]=Oop }
                      ;*invokespecial <init> {reexecute=0 rethrow=0 return_oop=0}
                      ; - net.minecraftforge.eventbus.EventBus::post@50 (line 305)
                      ;   {optimized virtual_call}
  0x000000011645de1c: 390c 7295 | e047 40f9 | 9700 0014 | e50b 46a9 | 80ef 41f9 | 9fef 01f9 | 9ff3 01f9 | 471c 40b9 
  0x000000011645de3c: e7f0 7dd3 

  0x000000011645de40: ; implicit exception: dispatches to 0x000000011645e020
  0x000000011645de40: ff00 40f9 | e303 07aa 

  0x000000011645de48: ;   {metadata(method data for {method} {0x000000014a230400} 'post' '(Lnet/minecraftforge/eventbus/api/Event;Lnet/minecraftforge/eventbus/api/IEventBusInvokeDispatcher;)Z' in 'net/minecraftforge/eventbus/EventBus')}
  0x000000011645de48: 0600 80d2 | c67f a9f2 | 2600 c0f2 | 6308 40b9 | 031d c0f2 | c960 1091 | 2801 40f9 | 7f00 08eb 
  0x000000011645de68: a100 0054 | c810 42f9 | 0805 0091 | c810 02f9 | 1c00 0014 | c9a0 1091 | 2801 40f9 | 7f00 08eb 
  0x000000011645de88: a100 0054 | c818 42f9 | 0805 0091 | c818 02f9 | 1400 0014 | c960 1091 | 2801 40f9 | c800 00b5 
  0x000000011645dea8: 2301 00f9 | e803 40b2 | c980 1091 | 2801 00f9 | 0c00 0014 | c9a0 1091 | 2801 40f9 | c800 00b5 
  0x000000011645dec8: 2301 00f9 | e803 40b2 | c9c0 1091 | 2801 00f9 | 0400 0014 | c804 42f9 | 0805 0091 | c804 02f9 
  0x000000011645dee8: e303 05aa | e503 01aa | e603 00aa | e103 07aa | e04f 00f9 | e9ff 9fd2 | e9ff bff2 | e9ff dff2 
  0x000000011645df08: ; ImmutableOopMap {[152]=Oop }
                      ;*invokeinterface handleException {reexecute=0 rethrow=0 return_oop=0}
                      ; - net.minecraftforge.eventbus.EventBus::post@132 (line 315)
                      ;   {virtual_call}
  0x000000011645df08: be0c 7295 | e04f 40f9 | 5c00 0014 

  0x000000011645df14: ;   {metadata({method} {0x000000014a230400} 'post' '(Lnet/minecraftforge/eventbus/api/Event;Lnet/minecraftforge/eventbus/api/IEventBusInvokeDispatcher;)Z' in 'net/minecraftforge/eventbus/EventBus')}
  0x000000011645df14: 0880 80d2 | 6844 a9f2 | 2800 c0f2 | e807 00f9 | 0800 8092 | e803 00f9 

  0x000000011645df2c: ; ImmutableOopMap {c_rarg1=Oop [104]=Oop c_rarg2=Oop [96]=Oop c_rarg3=Oop [112]=Oop }
                      ;*synchronization entry
                      ; - net.minecraftforge.eventbus.EventBus::post@-1 (line 303)
                      ;   {runtime_call counter_overflow Runtime1 stub}
  0x000000011645df2c: b5db 7495 | d4fd ff17 

  0x000000011645df34: ; ImmutableOopMap {c_rarg1=Oop [104]=Oop c_rarg2=Oop [96]=Oop [112]=Oop c_rarg0=Oop }
                      ;*invokevirtual isInstance {reexecute=0 rethrow=0 return_oop=0}
                      ; - net.minecraftforge.eventbus.EventBus::post@21 (line 304)
                      ;   {runtime_call throw_null_pointer_exception Runtime1 stub}
  0x000000011645df34: f3c8 7495 

  0x000000011645df38: ; ImmutableOopMap {[112]=Oop c_rarg2=Oop [96]=Oop [104]=Oop }
                      ;*invokevirtual getListenerList {reexecute=0 rethrow=0 return_oop=0}
                      ; - net.minecraftforge.eventbus.EventBus::post@55 (line 307)
                      ;   {runtime_call throw_null_pointer_exception Runtime1 stub}
  0x000000011645df38: f2c8 7495 

  0x000000011645df3c: ; ImmutableOopMap {[112]=Oop [96]=Oop c_rarg0=Oop c_rarg1=Oop [104]=Oop }
                      ;*invokevirtual getListeners {reexecute=0 rethrow=0 return_oop=0}
                      ; - net.minecraftforge.eventbus.EventBus::post@62 (line 307)
                      ;   {runtime_call throw_null_pointer_exception Runtime1 stub}
  0x000000011645df3c: f1c8 7495 

  0x000000011645df40: ;   {metadata({method} {0x000000014a2336e8} 'getListeners' '(I)[Lnet/minecraftforge/eventbus/api/IEventListener;' in 'net/minecraftforge/eventbus/ListenerList')}
  0x000000011645df40: 08dd 86d2 | 6844 a9f2 | 2800 c0f2 | e807 00f9 | 0800 8092 | e803 00f9 

  0x000000011645df58: ; ImmutableOopMap {[112]=Oop [96]=Oop c_rarg0=Oop c_rarg1=Oop [104]=Oop }
                      ;*synchronization entry
                      ; - net.minecraftforge.eventbus.ListenerList::getListeners@-1 (line 82)
                      ; - net.minecraftforge.eventbus.EventBus::post@62 (line 307)
                      ;   {runtime_call counter_overflow Runtime1 stub}
  0x000000011645df58: aadb 7495 | 40fe ff17 

  0x000000011645df60: ; ImmutableOopMap {[112]=Oop [96]=Oop c_rarg1=Oop [104]=Oop c_rarg0=Oop }
                      ;*aaload {reexecute=0 rethrow=0 return_oop=0}
                      ; - net.minecraftforge.eventbus.ListenerList::getListeners@5 (line 82)
                      ; - net.minecraftforge.eventbus.EventBus::post@62 (line 307)
                      ;   {runtime_call throw_null_pointer_exception Runtime1 stub}
  0x000000011645df60: e8c8 7495 | e803 02aa | e903 00aa 

  0x000000011645df6c: ;   {runtime_call throw_range_check_failed Runtime1 stub}
  0x000000011645df6c: 1e40 9fd2 | 1e83 a3f2 | 3e00 c0f2 

  0x000000011645df78: ; ImmutableOopMap {[112]=Oop [96]=Oop c_rarg1=Oop [104]=Oop c_rarg0=Oop }
                      ;*aaload {reexecute=0 rethrow=0 return_oop=0}
                      ; - net.minecraftforge.eventbus.ListenerList::getListeners@5 (line 82)
                      ; - net.minecraftforge.eventbus.EventBus::post@62 (line 307)
  0x000000011645df78: c003 3fd6 

  0x000000011645df7c: ; ImmutableOopMap {[112]=Oop [96]=Oop c_rarg1=Oop [104]=Oop c_rarg0=Oop }
                      ;*invokevirtual getListeners {reexecute=0 rethrow=0 return_oop=0}
                      ; - net.minecraftforge.eventbus.ListenerList::getListeners@6 (line 82)
                      ; - net.minecraftforge.eventbus.EventBus::post@62 (line 307)
                      ;   {runtime_call throw_null_pointer_exception Runtime1 stub}
  0x000000011645df7c: e1c8 7495 

  0x000000011645df80: ;   {metadata({method} {0x000000014a262c10} 'getListeners' '()[Lnet/minecraftforge/eventbus/api/IEventListener;' in 'net/minecraftforge/eventbus/ListenerList$ListenerListInst')}
  0x000000011645df80: 0882 85d2 | c844 a9f2 | 2800 c0f2 | e807 00f9 | 0800 8092 | e803 00f9 

  0x000000011645df98: ; ImmutableOopMap {[112]=Oop [96]=Oop c_rarg1=Oop [104]=Oop c_rarg0=Oop }
                      ;*synchronization entry
                      ; - net.minecraftforge.eventbus.ListenerList$ListenerListInst::getListeners@-1 (line 183)
                      ; - net.minecraftforge.eventbus.ListenerList::getListeners@6 (line 82)
                      ; - net.minecraftforge.eventbus.EventBus::post@62 (line 307)
                      ;   {runtime_call counter_overflow Runtime1 stub}
  0x000000011645df98: 9adb 7495 | 50fe ff17 

  0x000000011645dfa0: ; ImmutableOopMap {c_rarg2=Oop c_rarg1=Oop [104]=Oop c_rarg3=Oop [112]=Oop c_rarg4=Oop [96]=Oop }
                      ;*arraylength {reexecute=0 rethrow=0 return_oop=0}
                      ; - net.minecraftforge.eventbus.EventBus::post@72 (line 310)
                      ;   {runtime_call throw_null_pointer_exception Runtime1 stub}
  0x000000011645dfa0: d8c8 7495 

  0x000000011645dfa4: ; ImmutableOopMap {c_rarg2=Oop c_rarg1=Oop [104]=Oop c_rarg3=Oop [112]=Oop c_rarg4=Oop [96]=Oop c_rarg5=Oop }
                      ;*invokevirtual getClass {reexecute=0 rethrow=0 return_oop=0}
                      ; - net.minecraftforge.eventbus.EventBus::post@87 (line 311)
                      ;   {runtime_call throw_null_pointer_exception Runtime1 stub}
  0x000000011645dfa4: d7c8 7495 

  0x000000011645dfa8: ; ImmutableOopMap {c_rarg2=Oop c_rarg3=Oop [112]=Oop c_rarg4=Oop [96]=Oop [104]=Oop c_rarg5=Oop }
                      ;*invokeinterface invoke {reexecute=0 rethrow=0 return_oop=0}
                      ; - net.minecraftforge.eventbus.EventBus::post@105 (line 312)
                      ;   {runtime_call throw_incompatible_class_change_error Runtime1 stub}
  0x000000011645dfa8: 96d2 7495 

  0x000000011645dfac: ; ImmutableOopMap {c_rarg2=Oop c_rarg3=Oop [112]=Oop c_rarg4=Oop [96]=Oop [104]=Oop c_rarg5=Oop }
                      ;*invokeinterface invoke {reexecute=0 rethrow=0 return_oop=0}
                      ; - net.minecraftforge.eventbus.EventBus::post@105 (line 312)
                      ;   {runtime_call throw_null_pointer_exception Runtime1 stub}
  0x000000011645dfac: d5c8 7495 

  0x000000011645dfb0: ;   {metadata({method} {0x000000014a87fc00} 'invoke' '(Lnet/minecraftforge/eventbus/api/IEventListener;Lnet/minecraftforge/eventbus/api/Event;)V' in 'net/minecraftforge/eventbus/EventBus$$Lambda$4853+0x000000e801cc6e40')}
  0x000000011645dfb0: 0880 9fd2 | e850 a9f2 | 2800 c0f2 | e807 00f9 | 0800 8092 | e803 00f9 

  0x000000011645dfc8: ; ImmutableOopMap {c_rarg2=Oop c_rarg3=Oop [112]=Oop c_rarg4=Oop [96]=Oop [104]=Oop c_rarg5=Oop }
                      ;*synchronization entry
                      ; - net.minecraftforge.eventbus.EventBus$$Lambda$4853/0x000000e801cc6e40::invoke@-1
                      ; - net.minecraftforge.eventbus.EventBus::post@105 (line 312)
                      ;   {runtime_call counter_overflow Runtime1 stub}
  0x000000011645dfc8: 8edb 7495 | b8fe ff17 

  0x000000011645dfd0: ; ImmutableOopMap {c_rarg2=Oop c_rarg3=Oop [112]=Oop c_rarg4=Oop [96]=Oop [104]=Oop c_rarg5=Oop }
                      ;*invokeinterface invoke {reexecute=0 rethrow=0 return_oop=0}
                      ; - net.minecraftforge.eventbus.EventBus$$Lambda$4853/0x000000e801cc6e40::invoke@2
                      ; - net.minecraftforge.eventbus.EventBus::post@105 (line 312)
                      ;   {runtime_call throw_null_pointer_exception Runtime1 stub}
  0x000000011645dfd0: ccc8 7495 

  0x000000011645dfd4: ;   {metadata({method} {0x000000014a230400} 'post' '(Lnet/minecraftforge/eventbus/api/Event;Lnet/minecraftforge/eventbus/api/IEventBusInvokeDispatcher;)Z' in 'net/minecraftforge/eventbus/EventBus')}
  0x000000011645dfd4: 0880 80d2 | 6844 a9f2 | 2800 c0f2 | e807 00f9 | 280e 80d2 | e803 00f9 

  0x000000011645dfec: ; ImmutableOopMap {[112]=Oop [104]=Oop [128]=Oop [96]=Oop }
                      ;*goto {reexecute=1 rethrow=0 return_oop=0}
                      ; - (reexecute) net.minecraftforge.eventbus.EventBus::post@113 (line 310)
                      ;   {runtime_call counter_overflow Runtime1 stub}
  0x000000011645dfec: 85db 7495 | f5fe ff17 

  0x000000011645dff4: ;   {internal_word}
  0x000000011645dff4: a8e6 ff10 | 88b3 01f9 

  0x000000011645dffc: ;   {runtime_call SafepointBlob}
  0x000000011645dffc: 8124 7215 

  0x000000011645e000: ;   {internal_word}
  0x000000011645e000: 28e7 ff10 | 88b3 01f9 

  0x000000011645e008: ;   {runtime_call SafepointBlob}
  0x000000011645e008: 7e24 7215 

  0x000000011645e00c: ; ImmutableOopMap {[104]=Oop c_rarg5=Oop [96]=Oop }
                      ;*new {reexecute=0 rethrow=0 return_oop=0}
                      ; - net.minecraftforge.eventbus.EventBus::post@27 (line 305)
                      ;   {runtime_call fast_new_instance Runtime1 stub}
  0x000000011645e00c: fdca 7495 | 49ff ff17 

  0x000000011645e014: ; ImmutableOopMap {[104]=Oop c_rarg5=Oop [96]=Oop c_rarg0=Oop }
                      ;*invokevirtual getClass {reexecute=0 rethrow=0 return_oop=0}
                      ; - net.minecraftforge.eventbus.EventBus::post@32 (line 305)
                      ;   {runtime_call throw_null_pointer_exception Runtime1 stub}
  0x000000011645e014: bbc8 7495 

  0x000000011645e018: ; ImmutableOopMap {[104]=Oop c_rarg0=Oop c_rarg2=Oop }
                      ;*invokevirtual getSimpleName {reexecute=0 rethrow=0 return_oop=0}
                      ; - net.minecraftforge.eventbus.EventBus::post@35 (line 305)
                      ;   {runtime_call throw_null_pointer_exception Runtime1 stub}
  0x000000011645e018: bac8 7495 

  0x000000011645e01c: ; ImmutableOopMap {[136]=Oop c_rarg0=Oop c_rarg1=Oop }
                      ;*invokevirtual getSimpleName {reexecute=0 rethrow=0 return_oop=0}
                      ; - net.minecraftforge.eventbus.EventBus::post@42 (line 305)
                      ;   {runtime_call throw_null_pointer_exception Runtime1 stub}
  0x000000011645e01c: b9c8 7495 

  0x000000011645e020: ; ImmutableOopMap {c_rarg4=Oop c_rarg2=Oop [104]=Oop c_rarg5=Oop [96]=Oop c_rarg0=Oop c_rarg7=Oop }
                      ;*invokeinterface handleException {reexecute=0 rethrow=0 return_oop=0}
                      ; - net.minecraftforge.eventbus.EventBus::post@132 (line 315)
                      ;   {runtime_call throw_null_pointer_exception Runtime1 stub}
  0x000000011645e020: b8c8 7495 | e17b 40b9 | e443 40f9 | 7fff ff17 | e103 00aa | e403 02aa | 7cff ff17 | e103 00aa 
  0x000000011645e040: e403 02aa | 79ff ff17 | e103 00aa | e403 02aa | 76ff ff17 | e103 00aa | e403 02aa | 73ff ff17 
  0x000000011645e060: e103 00aa | e403 02aa | 70ff ff17 | 1f20 03d5 | 1f20 03d5 | 80ef 41f9 | 9fef 01f9 | 9ff3 01f9 
  0x000000011645e080: fd7b 4ba9 | ff03 0391 

  0x000000011645e088: ;   {runtime_call unwind_exception Runtime1 stub}
  0x000000011645e088: be90 7215 | 0000 0000 | 0000 0000 | 0000 0000 | 0000 0000 | 0000 0000 | 0000 0000 | 0000 0000 
  0x000000011645e0a8: 0000 0000 | 0000 0000 | 0000 0000 | 0000 0000 | 0000 0000 | 0000 0000 
[Stub Code]
  0x000000011645e0c0: ;   {no_reloc}
  0x000000011645e0c0: df3f 03d5 

  0x000000011645e0c4: ;   {metadata(NULL)}
  0x000000011645e0c4: 0c00 80d2 | 0c00 a0f2 | 0c00 c0f2 | 0800 80d2 | 0800 a0f2 | 0800 c0f2 | 0001 1fd6 

  0x000000011645e0e0: ;   {trampoline_stub}
  0x000000011645e0e0: 4800 0058 | 0001 1fd6 | 1837 1a1c | 0100 0000 

  0x000000011645e0f0: ;   {static_stub}
  0x000000011645e0f0: df3f 03d5 

  0x000000011645e0f4: ;   {metadata({method} {0x000000014a263048} 'buildCache' '()[Lnet/minecraftforge/eventbus/api/IEventListener;' in 'net/minecraftforge/eventbus/ListenerList$ListenerListInst')}
  0x000000011645e0f4: 0c09 86d2 | cc44 a9f2 | 2c00 c0f2 | 0857 80d2 | c881 a3f2 | 2800 c0f2 | 0001 1fd6 

  0x000000011645e110: ;   {trampoline_stub}
  0x000000011645e110: 4800 0058 | 0001 1fd6 | f0e0 4516 | 0100 0000 

  0x000000011645e120: ;   {static_stub}
  0x000000011645e120: df3f 03d5 

  0x000000011645e124: ;   {metadata(NULL)}
  0x000000011645e124: 0c00 80d2 | 0c00 a0f2 | 0c00 c0f2 | 0800 80d2 | 0800 a0f2 | 0800 c0f2 | 0001 1fd6 

  0x000000011645e140: ;   {trampoline_stub}
  0x000000011645e140: 4800 0058 | 0001 1fd6 | c832 1a1c | 0100 0000 

  0x000000011645e150: ;   {static_stub}
  0x000000011645e150: df3f 03d5 

  0x000000011645e154: ;   {metadata(NULL)}
  0x000000011645e154: 0c00 80d2 | 0c00 a0f2 | 0c00 c0f2 | 0800 80d2 | 0800 a0f2 | 0800 c0f2 | 0001 1fd6 

  0x000000011645e170: ;   {trampoline_stub}
  0x000000011645e170: 4800 0058 | 0001 1fd6 | 000f 0e1c | 0100 0000 

  0x000000011645e180: ;   {static_stub}
  0x000000011645e180: df3f 03d5 

  0x000000011645e184: ;   {metadata(NULL)}
  0x000000011645e184: 0c00 80d2 | 0c00 a0f2 | 0c00 c0f2 | 0800 80d2 | 0800 a0f2 | 0800 c0f2 | 0001 1fd6 

  0x000000011645e1a0: ;   {trampoline_stub}
  0x000000011645e1a0: 4800 0058 | 0001 1fd6 | 000f 0e1c | 0100 0000 

  0x000000011645e1b0: ;   {static_stub}
  0x000000011645e1b0: df3f 03d5 

  0x000000011645e1b4: ;   {metadata(NULL)}
  0x000000011645e1b4: 0c00 80d2 | 0c00 a0f2 | 0c00 c0f2 | 0800 80d2 | 0800 a0f2 | 0800 c0f2 | 0001 1fd6 

  0x000000011645e1d0: ;   {trampoline_stub}
  0x000000011645e1d0: 4800 0058 | 0001 1fd6 | 0015 0e1c | 0100 0000 

  0x000000011645e1e0: ;   {static_stub}
  0x000000011645e1e0: df3f 03d5 

  0x000000011645e1e4: ;   {metadata(NULL)}
  0x000000011645e1e4: 0c00 80d2 | 0c00 a0f2 | 0c00 c0f2 | 0800 80d2 | 0800 a0f2 | 0800 c0f2 | 0001 1fd6 

  0x000000011645e200: ;   {trampoline_stub}
  0x000000011645e200: 4800 0058 | 0001 1fd6 | 000f 0e1c | 0100 0000 

  0x000000011645e210: ;   {static_stub}
  0x000000011645e210: df3f 03d5 

  0x000000011645e214: ;   {metadata(NULL)}
  0x000000011645e214: 0c00 80d2 | 0c00 a0f2 | 0c00 c0f2 | 0800 80d2 | 0800 a0f2 | 0800 c0f2 | 0001 1fd6 

  0x000000011645e230: ;   {trampoline_stub}
  0x000000011645e230: 4800 0058 | 0001 1fd6 | 0012 0e1c | 0100 0000 
[Exception Handler]
  0x000000011645e240: ;   {runtime_call handle_exception_from_callee Runtime1 stub}
  0x000000011645e240: b0cf 7495 | c1d5 bbd4 | 649f ad0c | 0100 0000 
[Deopt Handler Code]
  0x000000011645e250: 1e00 0010 

  0x000000011645e254: ;   {runtime_call DeoptimizationBlob}
  0x000000011645e254: bb24 7215 
[/MachCode]


Compiled method (c1) 21964 17700   !   3       net.minecraftforge.fml.javafmlmod.FMLModContainer::acceptEvent (97 bytes)
 total in heap  [0x000000011645e890,0x000000011645f7e8] = 3928
 relocation     [0x000000011645e9e8,0x000000011645eb08] = 288
 main code      [0x000000011645eb40,0x000000011645f380] = 2112
 stub code      [0x000000011645f380,0x000000011645f488] = 264
 oops           [0x000000011645f488,0x000000011645f4e0] = 88
 metadata       [0x000000011645f4e0,0x000000011645f580] = 160
 scopes data    [0x000000011645f580,0x000000011645f630] = 176
 scopes pcs     [0x000000011645f630,0x000000011645f740] = 272
 dependencies   [0x000000011645f740,0x000000011645f758] = 24
 handler table  [0x000000011645f758,0x000000011645f7d0] = 120
 nul chk table  [0x000000011645f7d0,0x000000011645f7e8] = 24

[Constant Pool (empty)]

[MachCode]
[Entry Point]
  # {method} {0x000000014a81f568} 'acceptEvent' '(Lnet/minecraftforge/eventbus/api/Event;)V' in 'net/minecraftforge/fml/javafmlmod/FMLModContainer'
  # this:     c_rarg1:c_rarg1 
                        = 'net/minecraftforge/fml/javafmlmod/FMLModContainer'
  # parm0:    c_rarg2:c_rarg2 
                        = 'net/minecraftforge/eventbus/api/Event'
  #           [sp+0xd0]  (sp of caller)
  0x000000011645eb40: 2808 40b9 | 3f01 086b | c001 0054 

  0x000000011645eb4c: ;   {runtime_call ic_miss_stub}
  0x000000011645eb4c: 2d08 7215 | 1f20 03d5 | 1f20 03d5 | 1f20 03d5 | 1f20 03d5 | 1f20 03d5 | 1f20 03d5 | 1f20 03d5 
  0x000000011645eb6c: 1f20 03d5 | 1f20 03d5 | 1f20 03d5 | 1f20 03d5 | 1f20 03d5 
[Verified Entry Point]
  0x000000011645eb80: 1f20 03d5 | e953 40d1 | 3f01 00f9 | ff43 03d1 | fd7b 0ca9 | e143 00f9 

  0x000000011645eb98: ;   {metadata(method data for {method} {0x000000014a81f568} 'acceptEvent' '(Lnet/minecraftforge/eventbus/api/Event;)V' in 'net/minecraftforge/fml/javafmlmod/FMLModContainer')}
  0x000000011645eb98: 037c 86d2 | e37d a9f2 | 2300 c0f2 | 64ac 40b9 | 8408 0011 | 64ac 00b9 | 8424 1f12 | 9f00 0071 
  0x000000011645ebb8: c035 0054 | e303 01aa 

  0x000000011645ebc0: ;   {metadata(method data for {method} {0x000000014a81f568} 'acceptEvent' '(Lnet/minecraftforge/eventbus/api/Event;)V' in 'net/minecraftforge/fml/javafmlmod/FMLModContainer')}
  0x000000011645ebc0: 047c 86d2 | e47d a9f2 | 2400 c0f2 | 8878 40f9 | 0805 0091 | 8878 00f9 | 240c 40b9 | 84f0 7dd3 
  0x000000011645ebe0: ;   {oop(a 'org/apache/logging/log4j/core/Logger'{0x00000003134b5a88})}
  0x000000011645ebe0: 0051 8bd2 | 6069 a2f2 | 6000 c0f2 | e303 00aa 

  0x000000011645ebf0: ;   {metadata(method data for {method} {0x000000014a81f568} 'acceptEvent' '(Lnet/minecraftforge/eventbus/api/Event;)V' in 'net/minecraftforge/fml/javafmlmod/FMLModContainer')}
  0x000000011645ebf0: 057c 86d2 | e57d a9f2 | 2500 c0f2 | 6308 40b9 | 031d c0f2 | a9e0 0491 | 2801 40f9 | 7f00 08eb 
  0x000000011645ec10: a100 0054 | a8a0 40f9 | 0805 0091 | a8a0 00f9 | 1c00 0014 | a920 0591 | 2801 40f9 | 7f00 08eb 
  0x000000011645ec30: a100 0054 | a8a8 40f9 | 0805 0091 | a8a8 00f9 | 1400 0014 | a9e0 0491 | 2801 40f9 | c800 00b5 
  0x000000011645ec50: 2301 00f9 | e803 40b2 | a900 0591 | 2801 00f9 | 0c00 0014 | a920 0591 | 2801 40f9 | c800 00b5 
  0x000000011645ec70: 2301 00f9 | e803 40b2 | a940 0591 | 2801 00f9 | 0400 0014 | a894 40f9 | 0805 0091 | a894 00f9 
  0x000000011645ec90: ;   {oop(a 'org/apache/logging/log4j/MarkerManager$Log4jMarker'{0x00000003044c7a50})}
  0x000000011645ec90: 064a 8fd2 | 8689 a0f2 | 6600 c0f2 | e703 02aa | e203 06aa 

  0x000000011645eca4: ;   {oop("Firing event for modid {} : {}"{0x00000003150b0c90})}
  0x000000011645eca4: 0392 81d2 | 63a1 a2f2 | 6300 c0f2 | e503 07aa | e103 00aa | e01b 09a9 | e747 00f9 

  0x000000011645ecc0: ; ImmutableOopMap {[128]=Oop [136]=Oop [152]=Oop [144]=Oop }
                      ;*invokeinterface trace {reexecute=0 rethrow=0 return_oop=0}
                      ; - net.minecraftforge.fml.javafmlmod.FMLModContainer::acceptEvent@13 (line 120)
                      ;   {optimized virtual_call}
  0x000000011645ecc0: 10d9 ff97 | e143 40f9 | 2034 40b9 | 00f0 7dd3 | 4001 00b4 

  0x000000011645ecd4: ;   {metadata('net/minecraftforge/eventbus/EventBus')}
  0x000000011645ecd4: 0400 8cd2 | 8437 a0f2 | 041d c0f2 | 0508 40b9 | 051d c0f2 | a81c 40f9 | 9f00 08eb | 012d 0054 
  0x000000011645ecf4: 0100 0014 | e203 00aa 

  0x000000011645ecfc: ; implicit exception: dispatches to 0x000000011645f294
  0x000000011645ecfc: 1f00 40f9 | e203 00aa 

  0x000000011645ed04: ;   {metadata(method data for {method} {0x000000014a81f568} 'acceptEvent' '(Lnet/minecraftforge/eventbus/api/Event;)V' in 'net/minecraftforge/fml/javafmlmod/FMLModContainer')}
  0x000000011645ed04: 037c 86d2 | e37d a9f2 | 2300 c0f2 

  0x000000011645ed10: ;   {metadata('net/minecraftforge/eventbus/EventBus')}
  0x000000011645ed10: 0800 8cd2 | 8837 a0f2 | 081d c0f2 | 69c0 0591 | 2801 00f9 | 68bc 40f9 | 0805 0091 | 68bc 00f9 
  0x000000011645ed30: ;   {metadata(method data for {method} {0x000000014a230278} 'post' '(Lnet/minecraftforge/eventbus/api/Event;)Z' in 'net/minecraftforge/eventbus/EventBus')}
  0x000000011645ed30: 0229 81d2 | c27f a9f2 | 2200 c0f2 | 43ac 40b9 | 6308 0011 | 43ac 00b9 | 634c 1f12 | 7f00 0071 
  0x000000011645ed50: 402a 0054 

  0x000000011645ed54: ;   {metadata(method data for {method} {0x000000e8000d6e08} 'linkToTargetMethod' '(Ljava/lang/Object;)Ljava/lang/Object;' in 'java/lang/invoke/Invokers$Holder')}
  0x000000011645ed54: 0231 86d2 | e2e2 a5f2 | 2200 c0f2 | 4220 0791 

  0x000000011645ed64: ;   {oop(a 'java/lang/invoke/BoundMethodHandle$Species_L'{0x000000031517c330})}
  0x000000011645ed64: 0366 98d2 | e3a2 a2f2 | 6300 c0f2 | e403 03aa | 8400 00b5 | 4900 40f9 | 2901 40b2 | 4900 00f9 
  0x000000011645ed84: ;   {metadata(method data for {method} {0x000000014a230278} 'post' '(Lnet/minecraftforge/eventbus/api/Event;)Z' in 'net/minecraftforge/eventbus/EventBus')}
  0x000000011645ed84: 0229 81d2 | c27f a9f2 | 2200 c0f2 | 4878 40f9 | 0805 0091 | 4878 00f9 

  0x000000011645ed9c: ;   {metadata(method data for {method} {0x000000e8000d6e08} 'linkToTargetMethod' '(Ljava/lang/Object;)Ljava/lang/Object;' in 'java/lang/invoke/Invokers$Holder')}
  0x000000011645ed9c: 0231 86d2 | e2e2 a5f2 | 2200 c0f2 | 44ac 40b9 | 8408 0011 | 44ac 00b9 | 844c 1f12 | 9f00 0071 
  0x000000011645edbc: e027 0054 

  0x000000011645edc0: ;   {metadata(method data for {method} {0x000000012f400268} 'invoke' '(Ljava/lang/Object;)Ljava/lang/Object;' in 'java/lang/invoke/LambdaForm$MH+0x000000e801000400')}
  0x000000011645edc0: 0292 80d2 | 02e8 a5f2 | 2200 c0f2 | 4200 0691 | 8300 00b5 | 4900 40f9 | 2901 40b2 | 4900 00f9 
  0x000000011645ede0: ;   {metadata(method data for {method} {0x000000e8000d6e08} 'linkToTargetMethod' '(Ljava/lang/Object;)Ljava/lang/Object;' in 'java/lang/invoke/Invokers$Holder')}
  0x000000011645ede0: 0231 86d2 | e2e2 a5f2 | 2200 c0f2 | 4894 40f9 | 0805 0091 | 4894 00f9 

  0x000000011645edf8: ;   {metadata(method data for {method} {0x000000012f400268} 'invoke' '(Ljava/lang/Object;)Ljava/lang/Object;' in 'java/lang/invoke/LambdaForm$MH+0x000000e801000400')}
  0x000000011645edf8: 0292 80d2 | 02e8 a5f2 | 2200 c0f2 | 43ac 40b9 | 6308 0011 | 43ac 00b9 | 634c 1f12 | 7f00 0071 
  0x000000011645ee18: 0026 0054 

  0x000000011645ee1c: ;   {metadata(method data for {method} {0x000000e8000d6e08} 'linkToTargetMethod' '(Ljava/lang/Object;)Ljava/lang/Object;' in 'java/lang/invoke/Invokers$Holder')}
  0x000000011645ee1c: 0231 86d2 | e2e2 a5f2 | 2200 c0f2 | 4280 0591 

  0x000000011645ee2c: ;   {oop(a 'net/minecraftforge/eventbus/EventBus$$Lambda$4853+0x000000e801cc6e40'{0x000000031517c350})}
  0x000000011645ee2c: 036a 98d2 | e3a2 a2f2 | 6300 c0f2 | e403 03aa | 8400 00b5 | 4900 40f9 | 2901 40b2 | 4900 00f9 
  0x000000011645ee4c: ;   {metadata(method data for {method} {0x000000014a230278} 'post' '(Lnet/minecraftforge/eventbus/api/Event;)Z' in 'net/minecraftforge/eventbus/EventBus')}
  0x000000011645ee4c: 0229 81d2 | c27f a9f2 | 2200 c0f2 | 4200 0491 | e403 03aa | a400 00b5 | 4900 40f9 | 2901 40b2 
  0x000000011645ee6c: 4900 00f9 | 1700 0014 

  0x000000011645ee74: ;   {metadata('net/minecraftforge/eventbus/EventBus$$Lambda$4853+0x000000e801cc6e40')}
  0x000000011645ee74: 04c8 8dd2 | 8439 a0f2 | 041d c0f2 | 4900 40f9 | 8400 09ca | 88f4 7e92 | 0802 00b4 | e401 0837 
  0x000000011645ee94: a901 00b4 | 3f05 00f1 | 6001 0054 | bf39 03d5 | 8400 09ca | 4900 40f9 | 8400 09ca | 88f4 7e92 
  0x000000011645eeb4: c800 00b4 | 4900 40f9 | 2901 7fb2 | 4900 00f9 | 0200 0014 | 4400 00f9 | e203 00aa 

  0x000000011645eed0: ;   {metadata(method data for {method} {0x000000014a230278} 'post' '(Lnet/minecraftforge/eventbus/api/Event;)Z' in 'net/minecraftforge/eventbus/EventBus')}
  0x000000011645eed0: 0429 81d2 | c47f a9f2 | 2400 c0f2 

  0x000000011645eedc: ;   {metadata('net/minecraftforge/eventbus/EventBus')}
  0x000000011645eedc: 0800 8cd2 | 8837 a0f2 | 081d c0f2 | 8980 0491 | 2801 00f9 | 8894 40f9 | 0805 0091 | 8894 00f9 
  0x000000011645eefc: e247 40f9 | e103 00aa 

  0x000000011645ef04: ; ImmutableOopMap {[136]=Oop [152]=Oop [144]=Oop [128]=Oop }
                      ;*invokevirtual post {reexecute=0 rethrow=0 return_oop=0}
                      ; - net.minecraftforge.eventbus.EventBus::post@7 (line 298)
                      ; - net.minecraftforge.fml.javafmlmod.FMLModContainer::acceptEvent@23 (line 121)
                      ;   {optimized virtual_call}
  0x000000011645ef04: cff9 ff97 | e143 40f9 

  0x000000011645ef0c: ;   {metadata(method data for {method} {0x000000014a81f568} 'acceptEvent' '(Lnet/minecraftforge/eventbus/api/Event;)V' in 'net/minecraftforge/fml/javafmlmod/FMLModContainer')}
  0x000000011645ef0c: 027c 86d2 | e27d a9f2 | 2200 c0f2 | 48cc 40f9 | 0805 0091 | 48cc 00f9 | e143 40f9 | 240c 40b9 
  0x000000011645ef2c: 84f0 7dd3 | e04b 40f9 

  0x000000011645ef34: ;   {metadata(method data for {method} {0x000000014a81f568} 'acceptEvent' '(Lnet/minecraftforge/eventbus/api/Event;)V' in 'net/minecraftforge/fml/javafmlmod/FMLModContainer')}
  0x000000011645ef34: 027c 86d2 | e27d a9f2 | 2200 c0f2 | 0008 40b9 | 001d c0f2 | 4980 0791 | 2801 40f9 | 1f00 08eb 
  0x000000011645ef54: a100 0054 | 48f4 40f9 | 0805 0091 | 48f4 00f9 | 1c00 0014 | 49c0 0791 | 2801 40f9 | 1f00 08eb 
  0x000000011645ef74: a100 0054 | 48fc 40f9 | 0805 0091 | 48fc 00f9 | 1400 0014 | 4980 0791 | 2801 40f9 | c800 00b5 
  0x000000011645ef94: 2001 00f9 | e803 40b2 | 49a0 0791 | 2801 00f9 | 0c00 0014 | 49c0 0791 | 2801 40f9 | c800 00b5 
  0x000000011645efb4: 2001 00f9 | e803 40b2 | 49e0 0791 | 2801 00f9 | 0400 0014 | 48e8 40f9 | 0805 0091 | 48e8 00f9 
  0x000000011645efd4: e24f 40f9 

  0x000000011645efd8: ;   {oop("Fired event for modid {} : {}"{0x00000003150b0c48})}
  0x000000011645efd8: 0389 81d2 | 63a1 a2f2 | 6300 c0f2 | e587 48a9 

  0x000000011645efe8: ; ImmutableOopMap {[136]=Oop [128]=Oop }
                      ;*invokeinterface trace {reexecute=0 rethrow=0 return_oop=0}
                      ; - net.minecraftforge.fml.javafmlmod.FMLModContainer::acceptEvent@43 (line 122)
                      ;   {optimized virtual_call}
  0x000000011645efe8: 46d8 ff97 

  0x000000011645efec: ;   {metadata(method data for {method} {0x000000014a81f568} 'acceptEvent' '(Lnet/minecraftforge/eventbus/api/Event;)V' in 'net/minecraftforge/fml/javafmlmod/FMLModContainer')}
  0x000000011645efec: 007c 86d2 | e07d a9f2 | 2000 c0f2 | 0204 41f9 | 4204 0091 | 0204 01f9 | fd7b 4ca9 | ff43 0391 
  0x000000011645f00c: ;   {poll_return}
  0x000000011645f00c: 88a7 41f9 | ff63 28eb | 2817 0054 | c003 5fd6 | e143 40f9 | 80ef 41f9 | 9fef 01f9 | 9ff3 01f9 
  0x000000011645f02c: e203 01aa 

  0x000000011645f030: ;   {metadata(method data for {method} {0x000000014a81f568} 'acceptEvent' '(Lnet/minecraftforge/eventbus/api/Event;)V' in 'net/minecraftforge/fml/javafmlmod/FMLModContainer')}
  0x000000011645f030: 037c 86d2 | e37d a9f2 | 2300 c0f2 | 6810 41f9 | 0805 0091 | 6810 01f9 | 250c 40b9 | a5f0 7dd3 
  0x000000011645f050: ;   {oop(a 'org/apache/logging/log4j/core/Logger'{0x00000003134b5a88})}
  0x000000011645f050: 0751 8bd2 | 6769 a2f2 | 6700 c0f2 | e203 07aa 

  0x000000011645f060: ;   {metadata(method data for {method} {0x000000014a81f568} 'acceptEvent' '(Lnet/minecraftforge/eventbus/api/Event;)V' in 'net/minecraftforge/fml/javafmlmod/FMLModContainer')}
  0x000000011645f060: 037c 86d2 | e37d a9f2 | 2300 c0f2 | 4208 40b9 | 021d c0f2 | 69a0 0991 | 2801 40f9 | 5f00 08eb 
  0x000000011645f080: a100 0054 | 6838 41f9 | 0805 0091 | 6838 01f9 | 1c00 0014 | 69e0 0991 | 2801 40f9 | 5f00 08eb 
  0x000000011645f0a0: a100 0054 | 6840 41f9 | 0805 0091 | 6840 01f9 | 1400 0014 | 69a0 0991 | 2801 40f9 | c800 00b5 
  0x000000011645f0c0: 2201 00f9 | e803 40b2 | 69c0 0991 | 2801 00f9 | 0c00 0014 | 69e0 0991 | 2801 40f9 | c800 00b5 
  0x000000011645f0e0: 2201 00f9 | e803 40b2 | 6900 0a91 | 2801 00f9 | 0400 0014 | 682c 41f9 | 0805 0091 | 682c 01f9 
  0x000000011645f100: ;   {oop(a 'org/apache/logging/log4j/MarkerManager$Log4jMarker'{0x00000003044c7a50})}
  0x000000011645f100: 024a 8fd2 | 8289 a0f2 | 6200 c0f2 

  0x000000011645f10c: ;   {oop("Caught exception during event {} dispatch for modid {}"{0x000000031729f2f0})}
  0x000000011645f10c: 035e 9ed2 | 23e5 a2f2 | 6300 c0f2 | e603 00aa | e103 07aa | e053 00f9 

  0x000000011645f124: ; ImmutableOopMap {[128]=Oop [160]=Oop }
                      ;*invokeinterface error {reexecute=0 rethrow=0 return_oop=0}
                      ; - net.minecraftforge.fml.javafmlmod.FMLModContainer::acceptEvent@67 (line 124)
                      ;   {optimized virtual_call}
  0x000000011645f124: 7707 7295 

  0x000000011645f128: ; ImmutableOopMap {[128]=Oop [160]=Oop }
                      ;*new {reexecute=0 rethrow=0 return_oop=0}
                      ; - net.minecraftforge.fml.javafmlmod.FMLModContainer::acceptEvent@72 (line 125)
                      ;   {runtime_call load_mirror_patching Runtime1 stub}
  0x000000011645f128: f6d4 7495 | 68ec 4439 | 1f11 0071 

  0x000000011645f134: ; implicit exception: dispatches to 0x000000011645f304
  0x000000011645f134: a10e 0054 | 8087 40f9 | 0be0 0091 | 888f 40f9 | 7f01 08eb | 080e 0054 | 8b87 00f9 | ea03 40b2 
  0x000000011645f154: 0a00 00f9 | ea03 032a | 0a7c 0129 | 0a40 0091 | 5f01 00f9 | 5ffd 00a9 | 5ffd 01a9 | bf3a 03d5 
  0x000000011645f174: e143 40f9 | 2214 40b9 | 42f0 7dd3 | 2418 40b9 | 84f0 7dd3 | 1300 a052 

  0x000000011645f18c: ;   {metadata('java/lang/Object'[])}
  0x000000011645f18c: 03aa 82d2 | 0300 a0f2 | 031d c0f2 | e703 00aa | 737e 40d3 | e503 13aa | e85f 40b2 | 7f02 08eb 
  0x000000011645f1ac: 220b 0054 | eb02 80d2 | 6b49 338b | 6bf1 7d92 | 8087 40f9 | 0b60 2b8b | 888f 40f9 | 7f01 08eb 
  0x000000011645f1cc: 280a 0054 | 8b87 00f9 | 6b01 00cb | ea03 40b2 | 0a00 00f9 | ea03 032a | 0a4c 0129 | 6b41 00f1 
  0x000000011645f1ec: c001 0054 | e803 0baa | 0a40 0091 | 0bfd 43d3 | 6821 00f1 | 4300 0054 

  0x000000011645f204: ;   {runtime_call StubRoutines (2)}
  0x000000011645f204: 2fb1 7195 | 6b00 1036 | 5f7d 81a8 | 5f7d 81a8 | 4b00 0836 | 5f7d 81a8 | 4b00 0036 | 5f01 00f9 
  0x000000011645f224: bf3a 03d5 | e303 07aa 

  0x000000011645f22c: ;   {metadata(method data for {method} {0x000000014a81f568} 'acceptEvent' '(Lnet/minecraftforge/eventbus/api/Event;)V' in 'net/minecraftforge/fml/javafmlmod/FMLModContainer')}
  0x000000011645f22c: 057c 86d2 | e57d a9f2 | 2500 c0f2 | a848 41f9 | 0805 0091 | a848 01f9 | e303 04aa 

  0x000000011645f248: ;   {oop("fml.modloading.errorduringevent"{0x000000031729f2a8})}
  0x000000011645f248: 0455 9ed2 | 24e5 a2f2 | 6400 c0f2 | e553 40f9 | e603 00aa | e103 07aa | e757 00f9 

  0x000000011645f264: ; ImmutableOopMap {[168]=Oop }
                      ;*invokespecial <init> {reexecute=0 rethrow=0 return_oop=0}
                      ; - net.minecraftforge.fml.javafmlmod.FMLModContainer::acceptEvent@92 (line 125)
                      ;   {optimized virtual_call}
  0x000000011645f264: 2707 7295 | e057 40f9 | 3a00 0014 

  0x000000011645f270: ;   {metadata({method} {0x000000014a81f568} 'acceptEvent' '(Lnet/minecraftforge/eventbus/api/Event;)V' in 'net/minecraftforge/fml/javafmlmod/FMLModContainer')}
  0x000000011645f270: 08ad 9ed2 | 2850 a9f2 | 2800 c0f2 | e807 00f9 | 0800 8092 | e803 00f9 

  0x000000011645f288: ; ImmutableOopMap {c_rarg1=Oop [128]=Oop c_rarg2=Oop }
                      ;*synchronization entry
                      ; - net.minecraftforge.fml.javafmlmod.FMLModContainer::acceptEvent@-1 (line 120)
                      ;   {runtime_call counter_overflow Runtime1 stub}
  0x000000011645f288: ded6 7495 | 4cfe ff17 

  0x000000011645f290: ; ImmutableOopMap {[136]=Oop [152]=Oop [144]=Oop c_rarg1=Oop [128]=Oop c_rarg0=Oop }
                      ;*invokeinterface post {reexecute=0 rethrow=0 return_oop=0}
                      ; - net.minecraftforge.fml.javafmlmod.FMLModContainer::acceptEvent@23 (line 121)
                      ;   {runtime_call throw_incompatible_class_change_error Runtime1 stub}
  0x000000011645f290: dccd 7495 

  0x000000011645f294: ; ImmutableOopMap {[136]=Oop [152]=Oop [144]=Oop c_rarg1=Oop [128]=Oop c_rarg0=Oop }
                      ;*invokeinterface post {reexecute=0 rethrow=0 return_oop=0}
                      ; - net.minecraftforge.fml.javafmlmod.FMLModContainer::acceptEvent@23 (line 121)
                      ;   {runtime_call throw_null_pointer_exception Runtime1 stub}
  0x000000011645f294: 1bc4 7495 

  0x000000011645f298: ;   {metadata({method} {0x000000014a230278} 'post' '(Lnet/minecraftforge/eventbus/api/Event;)Z' in 'net/minecraftforge/eventbus/EventBus')}
  0x000000011645f298: 084f 80d2 | 6844 a9f2 | 2800 c0f2 | e807 00f9 | 0800 8092 | e803 00f9 

  0x000000011645f2b0: ; ImmutableOopMap {[136]=Oop [152]=Oop [144]=Oop c_rarg1=Oop [128]=Oop c_rarg0=Oop }
                      ;*synchronization entry
                      ; - net.minecraftforge.eventbus.EventBus::post@-1 (line 298)
                      ; - net.minecraftforge.fml.javafmlmod.FMLModContainer::acceptEvent@23 (line 121)
                      ;   {runtime_call counter_overflow Runtime1 stub}
  0x000000011645f2b0: d4d6 7495 | a8fe ff17 

  0x000000011645f2b8: ;   {metadata({method} {0x000000e8000d6e08} 'linkToTargetMethod' '(Ljava/lang/Object;)Ljava/lang/Object;' in 'java/lang/invoke/Invokers$Holder')}
  0x000000011645f2b8: 08c1 8dd2 | a801 a0f2 | 081d c0f2 | e807 00f9 | 0800 8092 | e803 00f9 

  0x000000011645f2d0: ; ImmutableOopMap {[136]=Oop [152]=Oop [144]=Oop c_rarg1=Oop [128]=Oop c_rarg0=Oop c_rarg3=Oop }
                      ;*synchronization entry
                      ; - java.lang.invoke.Invokers$Holder::linkToTargetMethod@-1
                      ; - net.minecraftforge.eventbus.EventBus::post@2 (line 298)
                      ; - net.minecraftforge.fml.javafmlmod.FMLModContainer::acceptEvent@23 (line 121)
                      ;   {runtime_call counter_overflow Runtime1 stub}
  0x000000011645f2d0: ccd6 7495 | bbfe ff17 

  0x000000011645f2d8: ;   {metadata({method} {0x000000012f400268} 'invoke' '(Ljava/lang/Object;)Ljava/lang/Object;' in 'java/lang/invoke/LambdaForm$MH+0x000000e801000400')}
  0x000000011645f2d8: 084d 80d2 | 08e8 a5f2 | 2800 c0f2 | e807 00f9 | 0800 8092 | e803 00f9 

  0x000000011645f2f0: ; ImmutableOopMap {[136]=Oop [152]=Oop [144]=Oop c_rarg1=Oop [128]=Oop c_rarg0=Oop }
                      ;*synchronization entry
                      ; - java.lang.invoke.LambdaForm$MH/0x000000e801000400::invoke@-1
                      ; - java.lang.invoke.Invokers$Holder::linkToTargetMethod@4
                      ; - net.minecraftforge.eventbus.EventBus::post@2 (line 298)
                      ; - net.minecraftforge.fml.javafmlmod.FMLModContainer::acceptEvent@23 (line 121)
                      ;   {runtime_call counter_overflow Runtime1 stub}
  0x000000011645f2f0: c4d6 7495 | cafe ff17 

  0x000000011645f2f8: ;   {internal_word}
  0x000000011645f2f8: a8e8 ff10 | 88b3 01f9 

  0x000000011645f300: ;   {runtime_call SafepointBlob}
  0x000000011645f300: c01f 7215 

  0x000000011645f304: ; ImmutableOopMap {[128]=Oop [160]=Oop }
                      ;*new {reexecute=0 rethrow=0 return_oop=0}
                      ; - net.minecraftforge.fml.javafmlmod.FMLModContainer::acceptEvent@72 (line 125)
                      ;   {runtime_call throw_null_pointer_exception Runtime1 stub}
  0x000000011645f304: ffc3 7495 

  0x000000011645f308: ; ImmutableOopMap {[128]=Oop [160]=Oop }
                      ;*new {reexecute=0 rethrow=0 return_oop=0}
                      ; - net.minecraftforge.fml.javafmlmod.FMLModContainer::acceptEvent@72 (line 125)
                      ;   {runtime_call fast_new_instance_init_check Runtime1 stub}
  0x000000011645f308: fec6 7495 | 9aff ff17 

  0x000000011645f310: ; ImmutableOopMap {[160]=Oop c_rarg2=Oop c_rarg4=Oop c_rarg7=Oop }
                      ;*anewarray {reexecute=0 rethrow=0 return_oop=0}
                      ; - net.minecraftforge.fml.javafmlmod.FMLModContainer::acceptEvent@89 (line 125)
                      ;   {runtime_call new_object_array Runtime1 stub}
  0x000000011645f310: 7cc8 7495 | c5ff ff17 | e447 40f9 | 40ff ff17 | e447 40f9 | 3eff ff17 | e447 40f9 | 3cff ff17 
  0x000000011645f330: e447 40f9 | 3aff ff17 | e447 40f9 | 38ff ff17 | 1f20 03d5 | 1f20 03d5 | 80ef 41f9 | 9fef 01f9 
  0x000000011645f350: 9ff3 01f9 | fd7b 4ca9 | ff43 0391 

  0x000000011645f35c: ;   {runtime_call unwind_exception Runtime1 stub}
  0x000000011645f35c: 098c 7215 | 0000 0000 | 0000 0000 | 0000 0000 | 0000 0000 | 0000 0000 | 0000 0000 | 0000 0000 
  0x000000011645f37c: 0000 0000 
[Stub Code]
  0x000000011645f380: ;   {no_reloc}
  0x000000011645f380: df3f 03d5 

  0x000000011645f384: ;   {metadata(NULL)}
  0x000000011645f384: 0c00 80d2 | 0c00 a0f2 | 0c00 c0f2 | 0800 80d2 | 0800 a0f2 | 0800 c0f2 | 0001 1fd6 

  0x000000011645f3a0: ;   {trampoline_stub}
  0x000000011645f3a0: 4800 0058 | 0001 1fd6 | 0051 4516 | 0100 0000 

  0x000000011645f3b0: ;   {static_stub}
  0x000000011645f3b0: df3f 03d5 

  0x000000011645f3b4: ;   {metadata(NULL)}
  0x000000011645f3b4: 0c00 80d2 | 0c00 a0f2 | 0c00 c0f2 | 0800 80d2 | 0800 a0f2 | 0800 c0f2 | 0001 1fd6 

  0x000000011645f3d0: ;   {trampoline_stub}
  0x000000011645f3d0: 4800 0058 | 0001 1fd6 | 40d6 4516 | 0100 0000 

  0x000000011645f3e0: ;   {static_stub}
  0x000000011645f3e0: df3f 03d5 

  0x000000011645f3e4: ;   {metadata(NULL)}
  0x000000011645f3e4: 0c00 80d2 | 0c00 a0f2 | 0c00 c0f2 | 0800 80d2 | 0800 a0f2 | 0800 c0f2 | 0001 1fd6 

  0x000000011645f400: ;   {trampoline_stub}
  0x000000011645f400: 4800 0058 | 0001 1fd6 | 0051 4516 | 0100 0000 

  0x000000011645f410: ;   {static_stub}
  0x000000011645f410: df3f 03d5 

  0x000000011645f414: ;   {metadata(NULL)}
  0x000000011645f414: 0c00 80d2 | 0c00 a0f2 | 0c00 c0f2 | 0800 80d2 | 0800 a0f2 | 0800 c0f2 | 0001 1fd6 

  0x000000011645f430: ;   {trampoline_stub}
  0x000000011645f430: 4800 0058 | 0001 1fd6 | 000f 0e1c | 0100 0000 

  0x000000011645f440: ;   {static_stub}
  0x000000011645f440: df3f 03d5 

  0x000000011645f444: ;   {metadata(NULL)}
  0x000000011645f444: 0c00 80d2 | 0c00 a0f2 | 0c00 c0f2 | 0800 80d2 | 0800 a0f2 | 0800 c0f2 | 0001 1fd6 

  0x000000011645f460: ;   {trampoline_stub}
  0x000000011645f460: 4800 0058 | 0001 1fd6 | 000f 0e1c | 0100 0000 
[Exception Handler]
  0x000000011645f470: ;   {runtime_call handle_exception_from_callee Runtime1 stub}
  0x000000011645f470: 24cb 7495 | c1d5 bbd4 | 649f ad0c | 0100 0000 
[Deopt Handler Code]
  0x000000011645f480: 1e00 0010 

  0x000000011645f484: ;   {runtime_call DeoptimizationBlob}
  0x000000011645f484: 2f20 7215 
[/MachCode]


---------------  P R O C E S S  ---------------

Threads class SMR info:
_java_thread_list=0x0000000754ff3e20, length=52, elements={
0x00000001017b0f10, 0x00000001017c1d00, 0x0000000750940000, 0x0000000750940c00,
0x0000000750941200, 0x0000000750941800, 0x0000000750941e00, 0x0000000750942400,
0x0000000750942a00, 0x0000000750943000, 0x0000000750943600, 0x0000000750f40000,
0x000000074d344c00, 0x000000074d345800, 0x0000000750f66400, 0x000000074caf5800,
0x000000074caf4000, 0x000000074c54b000, 0x000000074c54aa00, 0x0000000750f43000,
0x00000007509ac600, 0x0000000750f65e00, 0x0000000750f65200, 0x0000000750b1aa00,
0x0000000750f66a00, 0x000000074c0dc000, 0x000000074c0dc600, 0x000000074c0dd800,
0x000000074c0dea00, 0x000000074c0df000, 0x000000074c1ac600, 0x000000074c225200,
0x000000074c225e00, 0x000000074c226a00, 0x000000074c227000, 0x000000074c227600,
0x000000074c1ad200, 0x000000074c1af000, 0x000000074c1ae400, 0x000000074c1ad800,
0x000000074bee4000, 0x000000074bee5200, 0x000000074c1af600, 0x000000074c549800,
0x000000074c3b9e00, 0x000000074c3bb000, 0x000000074ba15800, 0x000000074ba14600,
0x000000074ba17600, 0x000000074b5ff000, 0x000000074b5ff600, 0x000000074ba15e00
}

Java Threads: ( => current thread )
=>0x00000001017b0f10 JavaThread "Render thread" [_thread_in_native, id=259, stack(0x000000016e60c000,0x000000016ee08000)]
  0x00000001017c1d00 JavaThread "Reference Handler" daemon [_thread_blocked, id=31235, stack(0x000000016fae0000,0x000000016fbe3000)]
  0x0000000750940000 JavaThread "Finalizer" daemon [_thread_blocked, id=30979, stack(0x000000016fbec000,0x000000016fcef000)]
  0x0000000750940c00 JavaThread "Signal Dispatcher" daemon [_thread_blocked, id=29443, stack(0x000000016fe10000,0x000000016ff13000)]
  0x0000000750941200 JavaThread "Service Thread" daemon [_thread_blocked, id=24579, stack(0x000000016ff1c000,0x000000017001f000)]
  0x0000000750941800 JavaThread "Monitor Deflation Thread" daemon [_thread_blocked, id=24835, stack(0x0000000170028000,0x000000017012b000)]
  0x0000000750941e00 JavaThread "C2 CompilerThread0" daemon [_thread_in_native, id=28419, stack(0x0000000170134000,0x0000000170337000)]
  0x0000000750942400 JavaThread "C1 CompilerThread0" daemon [_thread_blocked, id=27907, stack(0x0000000170340000,0x0000000170543000)]
  0x0000000750942a00 JavaThread "Sweeper thread" daemon [_thread_blocked, id=25091, stack(0x000000017054c000,0x000000017064f000)]
  0x0000000750943000 JavaThread "Common-Cleaner" daemon [_thread_blocked, id=27395, stack(0x0000000170658000,0x000000017075b000)]
  0x0000000750943600 JavaThread "Notification Thread" daemon [_thread_blocked, id=27139, stack(0x0000000170764000,0x0000000170867000)]
  0x0000000750f40000 JavaThread "pool-2-thread-1" daemon [_thread_blocked, id=54307, stack(0x0000000171b00000,0x0000000171c03000)]
  0x000000074d344c00 JavaThread "HttpClient-1-SelectorManager" daemon [_thread_in_native, id=79523, stack(0x0000000172754000,0x0000000172857000)]
  0x000000074d345800 JavaThread "JNA Cleaner" daemon [_thread_blocked, id=96011, stack(0x0000000172860000,0x0000000172963000)]
  0x0000000750f66400 JavaThread "process reaper" daemon [_thread_blocked, id=96527, stack(0x000000017296c000,0x00000001729a3000)]
  0x000000074caf5800 JavaThread "Timer hack thread" daemon [_thread_blocked, id=97035, stack(0x00000001729ac000,0x0000000172aaf000)]
  0x000000074caf4000 JavaThread "Yggdrasil Key Fetcher" daemon [_thread_blocked, id=86395, stack(0x0000000172ab8000,0x0000000172bbb000)]
  0x000000074c54b000 JavaThread "modloading-worker-0" daemon [_thread_blocked, id=83751, stack(0x0000000172648000,0x000000017274b000)]
  0x000000074c54aa00 JavaThread "modloading-worker-0" daemon [_thread_blocked, id=120431, stack(0x0000000172cd0000,0x0000000172dd3000)]
  0x0000000750f43000 JavaThread "modloading-worker-0" daemon [_thread_blocked, id=98935, stack(0x0000000172ddc000,0x0000000172edf000)]
  0x00000007509ac600 JavaThread "modloading-worker-0" daemon [_thread_blocked, id=99331, stack(0x0000000172ee8000,0x0000000172feb000)]
  0x0000000750f65e00 JavaThread "modloading-worker-0" daemon [_thread_blocked, id=99587, stack(0x0000000172ff4000,0x00000001730f7000)]
  0x0000000750f65200 JavaThread "modloading-worker-0" daemon [_thread_blocked, id=119555, stack(0x0000000173100000,0x0000000173203000)]
  0x0000000750b1aa00 JavaThread "modloading-worker-0" daemon [_thread_blocked, id=119299, stack(0x000000017320c000,0x000000017330f000)]
  0x0000000750f66a00 JavaThread "modloading-worker-0" daemon [_thread_blocked, id=119043, stack(0x0000000173318000,0x000000017341b000)]
  0x000000074c0dc000 JavaThread "modloading-worker-0" daemon [_thread_blocked, id=100867, stack(0x0000000173424000,0x0000000173527000)]
  0x000000074c0dc600 JavaThread "modloading-worker-0" daemon [_thread_blocked, id=118531, stack(0x0000000173530000,0x0000000173633000)]
  0x000000074c0dd800 JavaThread "KubeJS Background Thread" daemon [_thread_blocked, id=118291, stack(0x000000017363c000,0x000000017373f000)]
  0x000000074c0dea00 JavaThread "JEI Config File Watcher" daemon [_thread_blocked, id=101379, stack(0x0000000173748000,0x000000017384b000)]
  0x000000074c0df000 JavaThread "FileSystemWatcher" daemon [_thread_blocked, id=101635, stack(0x0000000173854000,0x0000000173957000)]
  0x000000074c1ac600 JavaThread "pool-7-thread-1" [_thread_blocked, id=102163, stack(0x0000000173960000,0x0000000173a63000)]
  0x000000074c225200 JavaThread "pool-9-thread-1" [_thread_blocked, id=102403, stack(0x0000000173a6c000,0x0000000173b6f000)]
  0x000000074c225e00 JavaThread "Worker-Main-1" daemon [_thread_blocked, id=102915, stack(0x0000000173b78000,0x0000000173c7b000)]
  0x000000074c226a00 JavaThread "Worker-Main-2" daemon [_thread_blocked, id=117251, stack(0x0000000173c84000,0x0000000173d87000)]
  0x000000074c227000 JavaThread "Worker-Main-3" daemon [_thread_blocked, id=116995, stack(0x0000000173d90000,0x0000000173e93000)]
  0x000000074c227600 JavaThread "Worker-Main-4" daemon [_thread_blocked, id=103683, stack(0x0000000173e9c000,0x0000000173f9f000)]
  0x000000074c1ad200 JavaThread "Worker-Main-5" daemon [_thread_blocked, id=116483, stack(0x0000000173fa8000,0x00000001740ab000)]
  0x000000074c1af000 JavaThread "Worker-Main-6" daemon [_thread_blocked, id=115971, stack(0x00000001740b4000,0x00000001741b7000)]
  0x000000074c1ae400 JavaThread "Worker-Main-7" daemon [_thread_blocked, id=104195, stack(0x00000001741c0000,0x00000001742c3000)]
  0x000000074c1ad800 JavaThread "Worker-Main-8" daemon [_thread_blocked, id=115459, stack(0x00000001742cc000,0x00000001743cf000)]
  0x000000074bee4000 JavaThread "Worker-Main-9" daemon [_thread_blocked, id=104963, stack(0x00000001743d8000,0x00000001744db000)]
  0x000000074bee5200 JavaThread "Sound engine" daemon [_thread_blocked, id=105475, stack(0x00000001744e4000,0x00000001745e7000)]
  0x000000074c1af600 JavaThread "pool-12-thread-1" [_thread_blocked, id=160019, stack(0x0000000174820000,0x0000000174923000)]
  0x000000074c549800 JavaThread "IO-Worker-10" [_thread_blocked, id=144387, stack(0x000000017492c000,0x0000000174a2f000)]
  0x000000074c3b9e00 JavaThread "Thread-4" daemon [_thread_blocked, id=159747, stack(0x0000000174a38000,0x0000000174b3b000)]
  0x000000074c3bb000 JavaThread "FileSystemWatcher" daemon [_thread_blocked, id=159491, stack(0x0000000174b44000,0x0000000174c47000)]
  0x000000074ba15800 JavaThread "HttpClient-2-SelectorManager" daemon [_thread_in_native, id=158979, stack(0x0000000174d5c000,0x0000000174e5f000)]
  0x000000074ba14600 JavaThread "HttpClient-2-Worker-0" daemon [_thread_blocked, id=158467, stack(0x0000000174e68000,0x0000000174f6b000)]
  0x000000074ba17600 JavaThread "HttpClient-2-Worker-1" daemon [_thread_blocked, id=145667, stack(0x0000000174f74000,0x0000000175077000)]
  0x000000074b5ff000 JavaThread "HttpClient-3-SelectorManager" daemon [_thread_in_native, id=146239, stack(0x0000000175080000,0x0000000175183000)]
  0x000000074b5ff600 JavaThread "HttpClient-3-Worker-0" daemon [_thread_blocked, id=157955, stack(0x000000017518c000,0x000000017528f000)]
  0x000000074ba15e00 JavaThread "HttpClient-3-Worker-1" daemon [_thread_blocked, id=157699, stack(0x0000000175298000,0x000000017539b000)]

Other Threads:
  0x00000001017c12a0 VMThread "VM Thread" [stack: 0x000000016f8d4000,0x000000016fad7000] [id=19715]
  0x00000001017b1f10 WatcherThread [stack: 0x0000000170870000,0x0000000170a73000] [id=26883]
  0x00000001017ba9e0 GCTaskThread "GC Thread#0" [stack: 0x000000016ee98000,0x000000016f09b000] [id=14083]
  0x00000007517e9200 GCTaskThread "GC Thread#1" [stack: 0x0000000170a7c000,0x0000000170c7f000] [id=26371]
  0x00000007517e9500 GCTaskThread "GC Thread#2" [stack: 0x0000000170c88000,0x0000000170e8b000] [id=32771]
  0x00000007517e9800 GCTaskThread "GC Thread#3" [stack: 0x0000000170e94000,0x0000000171097000] [id=43267]
  0x00000007517e9b00 GCTaskThread "GC Thread#4" [stack: 0x00000001710a0000,0x00000001712a3000] [id=43011]
  0x00000007517e9e00 GCTaskThread "GC Thread#5" [stack: 0x00000001712ac000,0x00000001714af000] [id=42755]
  0x0000000751946a00 GCTaskThread "GC Thread#6" [stack: 0x00000001714b8000,0x00000001716bb000] [id=42259]
  0x0000000751948300 GCTaskThread "GC Thread#7" [stack: 0x00000001716c4000,0x00000001718c7000] [id=41731]
  0x000000075194b000 GCTaskThread "GC Thread#8" [stack: 0x0000000171c0c000,0x0000000171e0f000] [id=70043]
  0x00000001017bafc0 ConcurrentGCThread "G1 Main Marker" [stack: 0x000000016f0a4000,0x000000016f2a7000] [id=12035]
  0x00000001017bb720 ConcurrentGCThread "G1 Conc#0" [stack: 0x000000016f2b0000,0x000000016f4b3000] [id=13315]
  0x000000075194a400 ConcurrentGCThread "G1 Conc#1" [stack: 0x000000017243c000,0x000000017263f000] [id=74803]
  0x00000001017bd280 ConcurrentGCThread "G1 Refine#0" [stack: 0x000000016f4bc000,0x000000016f6bf000] [id=12803]
  0x000000075194ad00 ConcurrentGCThread "G1 Refine#1" [stack: 0x0000000171e18000,0x000000017201b000] [id=125731]
  0x000000075194aa00 ConcurrentGCThread "G1 Refine#2" [stack: 0x0000000172024000,0x0000000172227000] [id=94467]
  0x000000075194a700 ConcurrentGCThread "G1 Refine#3" [stack: 0x0000000172230000,0x0000000172433000] [id=94979]
  0x00000001017bd9e0 ConcurrentGCThread "G1 Service" [stack: 0x000000016f6c8000,0x000000016f8cb000] [id=16643]

Threads with active compile tasks:
C2 CompilerThread0  21998 23549   !   4       java.util.regex.Pattern::closure (276 bytes)

VM state: not at safepoint (normal execution)

VM Mutex/Monitor currently owned by a thread: None

Heap address: 0x0000000300800000, size: 4096 MB, Compressed Oops mode: Zero based, Oop shift amount: 3

CDS archive(s) mapped at: [0x000000e800000000-0x000000e800bc0000-0x000000e800bc0000), size 12320768, SharedBaseAddress: 0x000000e800000000, ArchiveRelocationMode: 1.
Compressed class space mapped at: 0x000000e801000000-0x000000e841000000, reserved size: 1073741824
Narrow klass base: 0x000000e800000000, Narrow klass shift: 0, Narrow klass range: 0x100000000

GC Precious Log:
 CPUs: 10 total, 10 available
 Memory: 16384M
 Large Page Support: Disabled
 NUMA Support: Disabled
 Compressed Oops: Enabled (Zero based)
 Heap Region Size: 2M
 Heap Min Capacity: 256M
 Heap Initial Capacity: 256M
 Heap Max Capacity: 4G
 Pre-touch: Disabled
 Parallel Workers: 9
 Concurrent Workers: 2
 Concurrent Refinement Workers: 9
 Periodic GC: Disabled

Heap:
 garbage-first heap   total 2129920K, used 1387793K [0x0000000300800000, 0x0000000400800000)
  region size 2048K, 419 young (858112K), 30 survivors (61440K)
 Metaspace       used 133503K, committed 135296K, reserved 1179648K
  class space    used 20879K, committed 21696K, reserved 1048576K

Heap Regions: E=young(eden), S=young(survivor), O=old, HS=humongous(starts), HC=humongous(continues), CS=collection set, F=free, OA=open archive, CA=closed archive, TAMS=top-at-mark-start (previous, next)
|   0|0x0000000300800000, 0x0000000300a00000, 0x0000000300a00000|100%|HS|  |TAMS 0x0000000300a00000, 0x0000000300800000| Complete 
|   1|0x0000000300a00000, 0x0000000300c00000, 0x0000000300c00000|100%|HS|  |TAMS 0x0000000300c00000, 0x0000000300a00000| Complete 
|   2|0x0000000300c00000, 0x0000000300e00000, 0x0000000300e00000|100%| O|  |TAMS 0x0000000300e00000, 0x0000000300c00000| Untracked 
|   3|0x0000000300e00000, 0x0000000301000000, 0x0000000301000000|100%| O|  |TAMS 0x0000000301000000, 0x0000000300e00000| Untracked 
|   4|0x0000000301000000, 0x0000000301200000, 0x0000000301200000|100%| O|  |TAMS 0x0000000301200000, 0x0000000301000000| Untracked 
|   5|0x0000000301200000, 0x0000000301400000, 0x0000000301400000|100%|HS|  |TAMS 0x0000000301400000, 0x0000000301200000| Complete 
|   6|0x0000000301400000, 0x0000000301600000, 0x0000000301600000|100%|HS|  |TAMS 0x0000000301600000, 0x0000000301400000| Complete 
|   7|0x0000000301600000, 0x0000000301800000, 0x0000000301800000|100%| O|  |TAMS 0x0000000301800000, 0x0000000301600000| Untracked 
|   8|0x0000000301800000, 0x0000000301a00000, 0x0000000301a00000|100%| O|  |TAMS 0x0000000301a00000, 0x0000000301800000| Untracked 
|   9|0x0000000301a00000, 0x0000000301c00000, 0x0000000301c00000|100%| O|  |TAMS 0x0000000301c00000, 0x0000000301a00000| Untracked 
|  10|0x0000000301c00000, 0x0000000301e00000, 0x0000000301e00000|100%|HS|  |TAMS 0x0000000301e00000, 0x0000000301c00000| Complete 
|  11|0x0000000301e00000, 0x0000000302000000, 0x0000000302000000|100%|HS|  |TAMS 0x0000000302000000, 0x0000000301e00000| Complete 
|  12|0x0000000302000000, 0x0000000302200000, 0x0000000302200000|100%| O|  |TAMS 0x0000000302200000, 0x0000000302000000| Untracked 
|  13|0x0000000302200000, 0x0000000302400000, 0x0000000302400000|100%| O|  |TAMS 0x0000000302400000, 0x0000000302200000| Untracked 
|  14|0x0000000302400000, 0x0000000302600000, 0x0000000302600000|100%| O|  |TAMS 0x0000000302600000, 0x0000000302400000| Untracked 
|  15|0x0000000302600000, 0x0000000302800000, 0x0000000302800000|100%| O|  |TAMS 0x0000000302800000, 0x0000000302600000| Untracked 
|  16|0x0000000302800000, 0x0000000302a00000, 0x0000000302a00000|100%|HS|  |TAMS 0x0000000302a00000, 0x0000000302800000| Complete 
|  17|0x0000000302a00000, 0x0000000302c00000, 0x0000000302c00000|100%|HS|  |TAMS 0x0000000302c00000, 0x0000000302a00000| Complete 
|  18|0x0000000302c00000, 0x0000000302e00000, 0x0000000302e00000|100%|HS|  |TAMS 0x0000000302e00000, 0x0000000302c00000| Complete 
|  19|0x0000000302e00000, 0x0000000303000000, 0x0000000303000000|100%| O|  |TAMS 0x0000000303000000, 0x0000000302e00000| Untracked 
|  20|0x0000000303000000, 0x0000000303200000, 0x0000000303200000|100%| O|  |TAMS 0x0000000303200000, 0x0000000303000000| Untracked 
|  21|0x0000000303200000, 0x0000000303400000, 0x0000000303400000|100%| O|  |TAMS 0x0000000303400000, 0x0000000303200000| Untracked 
|  22|0x0000000303400000, 0x0000000303600000, 0x0000000303600000|100%| O|  |TAMS 0x0000000303600000, 0x0000000303400000| Untracked 
|  23|0x0000000303600000, 0x0000000303800000, 0x0000000303800000|100%| O|  |TAMS 0x0000000303800000, 0x0000000303600000| Untracked 
|  24|0x0000000303800000, 0x0000000303a00000, 0x0000000303a00000|100%| O|  |TAMS 0x0000000303a00000, 0x0000000303800000| Untracked 
|  25|0x0000000303a00000, 0x0000000303c00000, 0x0000000303c00000|100%| O|  |TAMS 0x0000000303c00000, 0x0000000303a00000| Untracked 
|  26|0x0000000303c00000, 0x0000000303e00000, 0x0000000303e00000|100%| O|  |TAMS 0x0000000303e00000, 0x0000000303c00000| Untracked 
|  27|0x0000000303e00000, 0x0000000304000000, 0x0000000304000000|100%| O|  |TAMS 0x0000000304000000, 0x0000000303e00000| Untracked 
|  28|0x0000000304000000, 0x0000000304200000, 0x0000000304200000|100%| O|  |TAMS 0x0000000304200000, 0x0000000304000000| Untracked 
|  29|0x0000000304200000, 0x0000000304400000, 0x0000000304400000|100%| O|  |TAMS 0x0000000304400000, 0x0000000304200000| Untracked 
|  30|0x0000000304400000, 0x0000000304600000, 0x0000000304600000|100%| O|  |TAMS 0x0000000304600000, 0x0000000304400000| Untracked 
|  31|0x0000000304600000, 0x0000000304800000, 0x0000000304800000|100%| O|  |TAMS 0x0000000304800000, 0x0000000304600000| Untracked 
|  32|0x0000000304800000, 0x0000000304a00000, 0x0000000304a00000|100%| O|  |TAMS 0x0000000304a00000, 0x0000000304800000| Untracked 
|  33|0x0000000304a00000, 0x0000000304c00000, 0x0000000304c00000|100%| O|  |TAMS 0x0000000304c00000, 0x0000000304a00000| Untracked 
|  34|0x0000000304c00000, 0x0000000304e00000, 0x0000000304e00000|100%| O|  |TAMS 0x0000000304e00000, 0x0000000304c00000| Untracked 
|  35|0x0000000304e00000, 0x0000000305000000, 0x0000000305000000|100%| O|  |TAMS 0x0000000305000000, 0x0000000304e00000| Untracked 
|  36|0x0000000305000000, 0x0000000305200000, 0x0000000305200000|100%| O|  |TAMS 0x0000000305200000, 0x0000000305000000| Untracked 
|  37|0x0000000305200000, 0x0000000305400000, 0x0000000305400000|100%| O|  |TAMS 0x0000000305400000, 0x0000000305200000| Untracked 
|  38|0x0000000305400000, 0x0000000305600000, 0x0000000305600000|100%| O|  |TAMS 0x0000000305600000, 0x0000000305400000| Untracked 
|  39|0x0000000305600000, 0x0000000305800000, 0x0000000305800000|100%| O|  |TAMS 0x0000000305800000, 0x0000000305600000| Untracked 
|  40|0x0000000305800000, 0x0000000305a00000, 0x0000000305a00000|100%| O|  |TAMS 0x0000000305a00000, 0x0000000305800000| Untracked 
|  41|0x0000000305a00000, 0x0000000305c00000, 0x0000000305c00000|100%| O|  |TAMS 0x0000000305a00000, 0x0000000305a00000| Untracked 
|  42|0x0000000305c00000, 0x0000000305e00000, 0x0000000305e00000|100%| O|  |TAMS 0x0000000305e00000, 0x0000000305c00000| Untracked 
|  43|0x0000000305e00000, 0x0000000306000000, 0x0000000306000000|100%| O|  |TAMS 0x0000000306000000, 0x0000000305e00000| Untracked 
|  44|0x0000000306000000, 0x0000000306200000, 0x0000000306200000|100%| O|  |TAMS 0x0000000306200000, 0x0000000306000000| Untracked 
|  45|0x0000000306200000, 0x0000000306400000, 0x0000000306400000|100%| O|  |TAMS 0x0000000306400000, 0x0000000306200000| Untracked 
|  46|0x0000000306400000, 0x0000000306600000, 0x0000000306600000|100%| O|  |TAMS 0x0000000306600000, 0x0000000306400000| Untracked 
|  47|0x0000000306600000, 0x0000000306800000, 0x0000000306800000|100%| O|  |TAMS 0x0000000306800000, 0x0000000306600000| Untracked 
|  48|0x0000000306800000, 0x0000000306a00000, 0x0000000306a00000|100%| O|  |TAMS 0x0000000306a00000, 0x0000000306800000| Untracked 
|  49|0x0000000306a00000, 0x0000000306c00000, 0x0000000306c00000|100%| O|  |TAMS 0x0000000306c00000, 0x0000000306a00000| Untracked 
|  50|0x0000000306c00000, 0x0000000306e00000, 0x0000000306e00000|100%|HS|  |TAMS 0x0000000306c00000, 0x0000000306c00000| Complete 
|  51|0x0000000306e00000, 0x0000000307000000, 0x0000000307000000|100%| O|  |TAMS 0x0000000307000000, 0x0000000306e00000| Untracked 
|  52|0x0000000307000000, 0x0000000307200000, 0x0000000307200000|100%| O|  |TAMS 0x0000000307200000, 0x0000000307000000| Untracked 
|  53|0x0000000307200000, 0x0000000307400000, 0x0000000307400000|100%| O|  |TAMS 0x0000000307400000, 0x0000000307200000| Untracked 
|  54|0x0000000307400000, 0x0000000307600000, 0x0000000307600000|100%| O|  |TAMS 0x0000000307600000, 0x0000000307400000| Untracked 
|  55|0x0000000307600000, 0x0000000307800000, 0x0000000307800000|100%| O|  |TAMS 0x0000000307800000, 0x0000000307600000| Untracked 
|  56|0x0000000307800000, 0x0000000307a00000, 0x0000000307a00000|100%| O|  |TAMS 0x0000000307a00000, 0x0000000307800000| Untracked 
|  57|0x0000000307a00000, 0x0000000307c00000, 0x0000000307c00000|100%| O|  |TAMS 0x0000000307c00000, 0x0000000307a00000| Untracked 
|  58|0x0000000307c00000, 0x0000000307e00000, 0x0000000307e00000|100%| O|  |TAMS 0x0000000307e00000, 0x0000000307c00000| Untracked 
|  59|0x0000000307e00000, 0x0000000308000000, 0x0000000308000000|100%| O|  |TAMS 0x0000000308000000, 0x0000000307e00000| Untracked 
|  60|0x0000000308000000, 0x0000000308200000, 0x0000000308200000|100%| O|  |TAMS 0x0000000308200000, 0x0000000308000000| Untracked 
|  61|0x0000000308200000, 0x0000000308400000, 0x0000000308400000|100%| O|  |TAMS 0x0000000308400000, 0x0000000308200000| Untracked 
|  62|0x0000000308400000, 0x0000000308600000, 0x0000000308600000|100%| O|  |TAMS 0x0000000308600000, 0x0000000308400000| Untracked 
|  63|0x0000000308600000, 0x0000000308800000, 0x0000000308800000|100%| O|  |TAMS 0x0000000308800000, 0x0000000308600000| Untracked 
|  64|0x0000000308800000, 0x0000000308a00000, 0x0000000308a00000|100%| O|  |TAMS 0x0000000308a00000, 0x0000000308800000| Untracked 
|  65|0x0000000308a00000, 0x0000000308c00000, 0x0000000308c00000|100%| O|  |TAMS 0x0000000308c00000, 0x0000000308a00000| Untracked 
|  66|0x0000000308c00000, 0x0000000308e00000, 0x0000000308e00000|100%| O|  |TAMS 0x0000000308e00000, 0x0000000308c00000| Untracked 
|  67|0x0000000308e00000, 0x0000000309000000, 0x0000000309000000|100%| O|  |TAMS 0x0000000309000000, 0x0000000308e00000| Untracked 
|  68|0x0000000309000000, 0x0000000309200000, 0x0000000309200000|100%| O|  |TAMS 0x0000000309200000, 0x0000000309000000| Untracked 
|  69|0x0000000309200000, 0x0000000309400000, 0x0000000309400000|100%| O|  |TAMS 0x0000000309400000, 0x0000000309200000| Untracked 
|  70|0x0000000309400000, 0x0000000309600000, 0x0000000309600000|100%| O|  |TAMS 0x0000000309600000, 0x0000000309400000| Untracked 
|  71|0x0000000309600000, 0x0000000309800000, 0x0000000309800000|100%| O|  |TAMS 0x0000000309800000, 0x0000000309600000| Untracked 
|  72|0x0000000309800000, 0x0000000309a00000, 0x0000000309a00000|100%| O|  |TAMS 0x0000000309a00000, 0x0000000309800000| Untracked 
|  73|0x0000000309a00000, 0x0000000309c00000, 0x0000000309c00000|100%| O|  |TAMS 0x0000000309c00000, 0x0000000309a00000| Untracked 
|  74|0x0000000309c00000, 0x0000000309e00000, 0x0000000309e00000|100%|HS|  |TAMS 0x0000000309e00000, 0x0000000309c00000| Complete 
|  75|0x0000000309e00000, 0x000000030a000000, 0x000000030a000000|100%|HC|  |TAMS 0x000000030a000000, 0x0000000309e00000| Complete 
|  76|0x000000030a000000, 0x000000030a200000, 0x000000030a200000|100%|HC|  |TAMS 0x000000030a200000, 0x000000030a000000| Complete 
|  77|0x000000030a200000, 0x000000030a400000, 0x000000030a400000|100%|HC|  |TAMS 0x000000030a400000, 0x000000030a200000| Complete 
|  78|0x000000030a400000, 0x000000030a600000, 0x000000030a600000|100%|HC|  |TAMS 0x000000030a600000, 0x000000030a400000| Complete 
|  79|0x000000030a600000, 0x000000030a800000, 0x000000030a800000|100%|HC|  |TAMS 0x000000030a800000, 0x000000030a600000| Complete 
|  80|0x000000030a800000, 0x000000030aa00000, 0x000000030aa00000|100%| O|  |TAMS 0x000000030aa00000, 0x000000030a800000| Untracked 
|  81|0x000000030aa00000, 0x000000030ac00000, 0x000000030ac00000|100%| O|  |TAMS 0x000000030ac00000, 0x000000030aa00000| Untracked 
|  82|0x000000030ac00000, 0x000000030ae00000, 0x000000030ae00000|100%| O|  |TAMS 0x000000030ae00000, 0x000000030ac00000| Untracked 
|  83|0x000000030ae00000, 0x000000030b000000, 0x000000030b000000|100%| O|  |TAMS 0x000000030b000000, 0x000000030ae00000| Untracked 
|  84|0x000000030b000000, 0x000000030b200000, 0x000000030b200000|100%| O|  |TAMS 0x000000030b200000, 0x000000030b000000| Untracked 
|  85|0x000000030b200000, 0x000000030b400000, 0x000000030b400000|100%| O|  |TAMS 0x000000030b400000, 0x000000030b200000| Untracked 
|  86|0x000000030b400000, 0x000000030b600000, 0x000000030b600000|100%| O|  |TAMS 0x000000030b600000, 0x000000030b400000| Untracked 
|  87|0x000000030b600000, 0x000000030b800000, 0x000000030b800000|100%| O|  |TAMS 0x000000030b800000, 0x000000030b600000| Untracked 
|  88|0x000000030b800000, 0x000000030ba00000, 0x000000030ba00000|100%| O|  |TAMS 0x000000030ba00000, 0x000000030b800000| Untracked 
|  89|0x000000030ba00000, 0x000000030bc00000, 0x000000030bc00000|100%| O|  |TAMS 0x000000030bc00000, 0x000000030ba00000| Untracked 
|  90|0x000000030bc00000, 0x000000030be00000, 0x000000030be00000|100%| O|  |TAMS 0x000000030be00000, 0x000000030bc00000| Untracked 
|  91|0x000000030be00000, 0x000000030c000000, 0x000000030c000000|100%| O|  |TAMS 0x000000030c000000, 0x000000030be00000| Untracked 
|  92|0x000000030c000000, 0x000000030c200000, 0x000000030c200000|100%| O|  |TAMS 0x000000030c200000, 0x000000030c000000| Untracked 
|  93|0x000000030c200000, 0x000000030c400000, 0x000000030c400000|100%| O|  |TAMS 0x000000030c400000, 0x000000030c200000| Untracked 
|  94|0x000000030c400000, 0x000000030c600000, 0x000000030c600000|100%| O|  |TAMS 0x000000030c600000, 0x000000030c400000| Untracked 
|  95|0x000000030c600000, 0x000000030c800000, 0x000000030c800000|100%| O|  |TAMS 0x000000030c800000, 0x000000030c600000| Untracked 
|  96|0x000000030c800000, 0x000000030ca00000, 0x000000030ca00000|100%| O|  |TAMS 0x000000030ca00000, 0x000000030c800000| Untracked 
|  97|0x000000030ca00000, 0x000000030cc00000, 0x000000030cc00000|100%| O|  |TAMS 0x000000030cc00000, 0x000000030ca00000| Untracked 
|  98|0x000000030cc00000, 0x000000030ce00000, 0x000000030ce00000|100%| O|  |TAMS 0x000000030ce00000, 0x000000030cc00000| Untracked 
|  99|0x000000030ce00000, 0x000000030d000000, 0x000000030d000000|100%| O|  |TAMS 0x000000030d000000, 0x000000030ce00000| Untracked 
| 100|0x000000030d000000, 0x000000030d200000, 0x000000030d200000|100%| O|  |TAMS 0x000000030d200000, 0x000000030d000000| Untracked 
| 101|0x000000030d200000, 0x000000030d400000, 0x000000030d400000|100%| O|  |TAMS 0x000000030d400000, 0x000000030d200000| Untracked 
| 102|0x000000030d400000, 0x000000030d600000, 0x000000030d600000|100%| O|  |TAMS 0x000000030d600000, 0x000000030d400000| Untracked 
| 103|0x000000030d600000, 0x000000030d800000, 0x000000030d800000|100%| O|  |TAMS 0x000000030d800000, 0x000000030d600000| Untracked 
| 104|0x000000030d800000, 0x000000030da00000, 0x000000030da00000|100%| O|  |TAMS 0x000000030da00000, 0x000000030d800000| Untracked 
| 105|0x000000030da00000, 0x000000030dc00000, 0x000000030dc00000|100%| O|  |TAMS 0x000000030dc00000, 0x000000030da00000| Untracked 
| 106|0x000000030dc00000, 0x000000030de00000, 0x000000030de00000|100%| O|  |TAMS 0x000000030de00000, 0x000000030dc00000| Untracked 
| 107|0x000000030de00000, 0x000000030e000000, 0x000000030e000000|100%| O|  |TAMS 0x000000030e000000, 0x000000030de00000| Untracked 
| 108|0x000000030e000000, 0x000000030e200000, 0x000000030e200000|100%| O|  |TAMS 0x000000030e200000, 0x000000030e000000| Untracked 
| 109|0x000000030e200000, 0x000000030e400000, 0x000000030e400000|100%| O|  |TAMS 0x000000030e400000, 0x000000030e200000| Untracked 
| 110|0x000000030e400000, 0x000000030e600000, 0x000000030e600000|100%| O|  |TAMS 0x000000030e600000, 0x000000030e400000| Untracked 
| 111|0x000000030e600000, 0x000000030e800000, 0x000000030e800000|100%| O|  |TAMS 0x000000030e800000, 0x000000030e600000| Untracked 
| 112|0x000000030e800000, 0x000000030ea00000, 0x000000030ea00000|100%| O|  |TAMS 0x000000030ea00000, 0x000000030e800000| Untracked 
| 113|0x000000030ea00000, 0x000000030ec00000, 0x000000030ec00000|100%| O|  |TAMS 0x000000030ec00000, 0x000000030ea00000| Untracked 
| 114|0x000000030ec00000, 0x000000030ee00000, 0x000000030ee00000|100%| O|  |TAMS 0x000000030ee00000, 0x000000030ec00000| Untracked 
| 115|0x000000030ee00000, 0x000000030f000000, 0x000000030f000000|100%| O|  |TAMS 0x000000030f000000, 0x000000030ee00000| Untracked 
| 116|0x000000030f000000, 0x000000030f200000, 0x000000030f200000|100%| O|  |TAMS 0x000000030f200000, 0x000000030f000000| Untracked 
| 117|0x000000030f200000, 0x000000030f400000, 0x000000030f400000|100%| O|  |TAMS 0x000000030f400000, 0x000000030f200000| Untracked 
| 118|0x000000030f400000, 0x000000030f600000, 0x000000030f600000|100%| O|  |TAMS 0x000000030f600000, 0x000000030f400000| Untracked 
| 119|0x000000030f600000, 0x000000030f800000, 0x000000030f800000|100%| O|  |TAMS 0x000000030f800000, 0x000000030f600000| Untracked 
| 120|0x000000030f800000, 0x000000030fa00000, 0x000000030fa00000|100%| O|  |TAMS 0x000000030fa00000, 0x000000030f800000| Untracked 
| 121|0x000000030fa00000, 0x000000030fc00000, 0x000000030fc00000|100%| O|  |TAMS 0x000000030fc00000, 0x000000030fa00000| Untracked 
| 122|0x000000030fc00000, 0x000000030fe00000, 0x000000030fe00000|100%| O|  |TAMS 0x000000030fe00000, 0x000000030fc00000| Untracked 
| 123|0x000000030fe00000, 0x0000000310000000, 0x0000000310000000|100%| O|  |TAMS 0x0000000310000000, 0x000000030fe00000| Untracked 
| 124|0x0000000310000000, 0x0000000310200000, 0x0000000310200000|100%| O|  |TAMS 0x0000000310200000, 0x0000000310000000| Untracked 
| 125|0x0000000310200000, 0x0000000310400000, 0x0000000310400000|100%| O|  |TAMS 0x0000000310400000, 0x0000000310200000| Untracked 
| 126|0x0000000310400000, 0x0000000310600000, 0x0000000310600000|100%| O|  |TAMS 0x0000000310600000, 0x0000000310400000| Untracked 
| 127|0x0000000310600000, 0x0000000310800000, 0x0000000310800000|100%| O|  |TAMS 0x0000000310800000, 0x0000000310600000| Untracked 
| 128|0x0000000310800000, 0x0000000310a00000, 0x0000000310a00000|100%| O|  |TAMS 0x0000000310a00000, 0x0000000310800000| Untracked 
| 129|0x0000000310a00000, 0x0000000310c00000, 0x0000000310c00000|100%| O|  |TAMS 0x0000000310c00000, 0x0000000310a00000| Untracked 
| 130|0x0000000310c00000, 0x0000000310e00000, 0x0000000310e00000|100%| O|  |TAMS 0x0000000310e00000, 0x0000000310c00000| Untracked 
| 131|0x0000000310e00000, 0x0000000311000000, 0x0000000311000000|100%| O|  |TAMS 0x0000000311000000, 0x0000000310e00000| Untracked 
| 132|0x0000000311000000, 0x0000000311200000, 0x0000000311200000|100%| O|  |TAMS 0x0000000311200000, 0x0000000311000000| Untracked 
| 133|0x0000000311200000, 0x0000000311400000, 0x0000000311400000|100%| O|  |TAMS 0x0000000311400000, 0x0000000311200000| Untracked 
| 134|0x0000000311400000, 0x0000000311600000, 0x0000000311600000|100%| O|  |TAMS 0x0000000311600000, 0x0000000311400000| Untracked 
| 135|0x0000000311600000, 0x0000000311800000, 0x0000000311800000|100%| O|  |TAMS 0x0000000311800000, 0x0000000311600000| Untracked 
| 136|0x0000000311800000, 0x0000000311a00000, 0x0000000311a00000|100%| O|  |TAMS 0x0000000311a00000, 0x0000000311800000| Untracked 
| 137|0x0000000311a00000, 0x0000000311c00000, 0x0000000311c00000|100%| O|  |TAMS 0x0000000311c00000, 0x0000000311a00000| Untracked 
| 138|0x0000000311c00000, 0x0000000311e00000, 0x0000000311e00000|100%| O|  |TAMS 0x0000000311e00000, 0x0000000311c00000| Untracked 
| 139|0x0000000311e00000, 0x0000000312000000, 0x0000000312000000|100%| O|  |TAMS 0x0000000312000000, 0x0000000311e00000| Untracked 
| 140|0x0000000312000000, 0x0000000312200000, 0x0000000312200000|100%| O|  |TAMS 0x0000000312200000, 0x0000000312000000| Untracked 
| 141|0x0000000312200000, 0x0000000312400000, 0x0000000312400000|100%| O|  |TAMS 0x0000000312400000, 0x0000000312200000| Untracked 
| 142|0x0000000312400000, 0x0000000312600000, 0x0000000312600000|100%| O|  |TAMS 0x0000000312600000, 0x0000000312400000| Untracked 
| 143|0x0000000312600000, 0x0000000312800000, 0x0000000312800000|100%| O|  |TAMS 0x0000000312600000, 0x0000000312600000| Untracked 
| 144|0x0000000312800000, 0x0000000312a00000, 0x0000000312a00000|100%| O|  |TAMS 0x0000000312a00000, 0x0000000312800000| Untracked 
| 145|0x0000000312a00000, 0x0000000312c00000, 0x0000000312c00000|100%| O|  |TAMS 0x0000000312c00000, 0x0000000312a00000| Untracked 
| 146|0x0000000312c00000, 0x0000000312e00000, 0x0000000312e00000|100%| O|  |TAMS 0x0000000312e00000, 0x0000000312c00000| Untracked 
| 147|0x0000000312e00000, 0x0000000313000000, 0x0000000313000000|100%| O|  |TAMS 0x0000000313000000, 0x0000000312e00000| Untracked 
| 148|0x0000000313000000, 0x0000000313200000, 0x0000000313200000|100%| O|  |TAMS 0x0000000313200000, 0x0000000313000000| Untracked 
| 149|0x0000000313200000, 0x0000000313400000, 0x0000000313400000|100%| O|  |TAMS 0x0000000313400000, 0x0000000313200000| Untracked 
| 150|0x0000000313400000, 0x0000000313600000, 0x0000000313600000|100%| O|  |TAMS 0x0000000313600000, 0x0000000313400000| Untracked 
| 151|0x0000000313600000, 0x0000000313800000, 0x0000000313800000|100%| O|  |TAMS 0x0000000313800000, 0x0000000313600000| Untracked 
| 152|0x0000000313800000, 0x0000000313a00000, 0x0000000313a00000|100%| O|  |TAMS 0x0000000313a00000, 0x0000000313800000| Untracked 
| 153|0x0000000313a00000, 0x0000000313c00000, 0x0000000313c00000|100%| O|  |TAMS 0x0000000313c00000, 0x0000000313a00000| Untracked 
| 154|0x0000000313c00000, 0x0000000313e00000, 0x0000000313e00000|100%| O|  |TAMS 0x0000000313e00000, 0x0000000313c00000| Untracked 
| 155|0x0000000313e00000, 0x0000000314000000, 0x0000000314000000|100%| O|  |TAMS 0x0000000314000000, 0x0000000313e00000| Untracked 
| 156|0x0000000314000000, 0x0000000314200000, 0x0000000314200000|100%| O|  |TAMS 0x0000000314200000, 0x0000000314000000| Untracked 
| 157|0x0000000314200000, 0x0000000314400000, 0x0000000314400000|100%| O|  |TAMS 0x0000000314400000, 0x0000000314200000| Untracked 
| 158|0x0000000314400000, 0x0000000314600000, 0x0000000314600000|100%| O|  |TAMS 0x0000000314600000, 0x0000000314400000| Untracked 
| 159|0x0000000314600000, 0x0000000314800000, 0x0000000314800000|100%| O|  |TAMS 0x0000000314800000, 0x0000000314600000| Untracked 
| 160|0x0000000314800000, 0x0000000314a00000, 0x0000000314a00000|100%| O|  |TAMS 0x0000000314a00000, 0x0000000314800000| Untracked 
| 161|0x0000000314a00000, 0x0000000314c00000, 0x0000000314c00000|100%| O|  |TAMS 0x0000000314c00000, 0x0000000314a00000| Untracked 
| 162|0x0000000314c00000, 0x0000000314e00000, 0x0000000314e00000|100%| O|  |TAMS 0x0000000314e00000, 0x0000000314c00000| Untracked 
| 163|0x0000000314e00000, 0x0000000315000000, 0x0000000315000000|100%| O|  |TAMS 0x0000000315000000, 0x0000000314e00000| Untracked 
| 164|0x0000000315000000, 0x0000000315200000, 0x0000000315200000|100%| O|  |TAMS 0x0000000315200000, 0x0000000315000000| Untracked 
| 165|0x0000000315200000, 0x0000000315400000, 0x0000000315400000|100%| O|  |TAMS 0x0000000315400000, 0x0000000315200000| Untracked 
| 166|0x0000000315400000, 0x0000000315600000, 0x0000000315600000|100%| O|  |TAMS 0x0000000315600000, 0x0000000315400000| Untracked 
| 167|0x0000000315600000, 0x0000000315800000, 0x0000000315800000|100%| O|  |TAMS 0x0000000315800000, 0x0000000315600000| Untracked 
| 168|0x0000000315800000, 0x0000000315a00000, 0x0000000315a00000|100%| O|  |TAMS 0x0000000315a00000, 0x0000000315800000| Untracked 
| 169|0x0000000315a00000, 0x0000000315c00000, 0x0000000315c00000|100%| O|  |TAMS 0x0000000315c00000, 0x0000000315a00000| Untracked 
| 170|0x0000000315c00000, 0x0000000315e00000, 0x0000000315e00000|100%| O|  |TAMS 0x0000000315e00000, 0x0000000315c00000| Untracked 
| 171|0x0000000315e00000, 0x0000000316000000, 0x0000000316000000|100%| O|  |TAMS 0x0000000316000000, 0x0000000315e00000| Untracked 
| 172|0x0000000316000000, 0x0000000316200000, 0x0000000316200000|100%| O|  |TAMS 0x0000000316200000, 0x0000000316000000| Untracked 
| 173|0x0000000316200000, 0x0000000316400000, 0x0000000316400000|100%| O|  |TAMS 0x0000000316400000, 0x0000000316200000| Untracked 
| 174|0x0000000316400000, 0x0000000316600000, 0x0000000316600000|100%| O|  |TAMS 0x0000000316600000, 0x0000000316400000| Untracked 
| 175|0x0000000316600000, 0x0000000316800000, 0x0000000316800000|100%| O|  |TAMS 0x0000000316800000, 0x0000000316600000| Untracked 
| 176|0x0000000316800000, 0x0000000316a00000, 0x0000000316a00000|100%| O|  |TAMS 0x0000000316a00000, 0x0000000316800000| Untracked 
| 177|0x0000000316a00000, 0x0000000316c00000, 0x0000000316c00000|100%| O|  |TAMS 0x0000000316c00000, 0x0000000316a00000| Untracked 
| 178|0x0000000316c00000, 0x0000000316e00000, 0x0000000316e00000|100%| O|  |TAMS 0x0000000316e00000, 0x0000000316c00000| Untracked 
| 179|0x0000000316e00000, 0x0000000317000000, 0x0000000317000000|100%| O|  |TAMS 0x0000000317000000, 0x0000000316e00000| Untracked 
| 180|0x0000000317000000, 0x0000000317200000, 0x0000000317200000|100%| O|  |TAMS 0x0000000317200000, 0x0000000317000000| Untracked 
| 181|0x0000000317200000, 0x0000000317400000, 0x0000000317400000|100%| O|  |TAMS 0x0000000317400000, 0x0000000317200000| Untracked 
| 182|0x0000000317400000, 0x0000000317600000, 0x0000000317600000|100%| O|  |TAMS 0x0000000317600000, 0x0000000317400000| Untracked 
| 183|0x0000000317600000, 0x0000000317800000, 0x0000000317800000|100%| O|  |TAMS 0x0000000317800000, 0x0000000317600000| Untracked 
| 184|0x0000000317800000, 0x0000000317a00000, 0x0000000317a00000|100%| O|  |TAMS 0x0000000317a00000, 0x0000000317800000| Untracked 
| 185|0x0000000317a00000, 0x0000000317c00000, 0x0000000317c00000|100%| O|  |TAMS 0x0000000317c00000, 0x0000000317a00000| Untracked 
| 186|0x0000000317c00000, 0x0000000317e00000, 0x0000000317e00000|100%| O|  |TAMS 0x0000000317e00000, 0x0000000317c00000| Untracked 
| 187|0x0000000317e00000, 0x0000000318000000, 0x0000000318000000|100%| O|  |TAMS 0x0000000318000000, 0x0000000317e00000| Untracked 
| 188|0x0000000318000000, 0x0000000318200000, 0x0000000318200000|100%| O|  |TAMS 0x0000000318200000, 0x0000000318000000| Untracked 
| 189|0x0000000318200000, 0x0000000318400000, 0x0000000318400000|100%| O|  |TAMS 0x0000000318400000, 0x0000000318200000| Untracked 
| 190|0x0000000318400000, 0x0000000318600000, 0x0000000318600000|100%| O|  |TAMS 0x0000000318600000, 0x0000000318400000| Untracked 
| 191|0x0000000318600000, 0x0000000318800000, 0x0000000318800000|100%| O|  |TAMS 0x0000000318800000, 0x0000000318600000| Untracked 
| 192|0x0000000318800000, 0x0000000318a00000, 0x0000000318a00000|100%| O|  |TAMS 0x0000000318a00000, 0x0000000318800000| Untracked 
| 193|0x0000000318a00000, 0x0000000318c00000, 0x0000000318c00000|100%| O|  |TAMS 0x0000000318b23000, 0x0000000318a00000| Untracked 
| 194|0x0000000318c00000, 0x0000000318e00000, 0x0000000318e00000|100%| O|  |TAMS 0x0000000318c00000, 0x0000000318c00000| Untracked 
| 195|0x0000000318e00000, 0x0000000319000000, 0x0000000319000000|100%| O|  |TAMS 0x0000000318e00000, 0x0000000318e00000| Untracked 
| 196|0x0000000319000000, 0x0000000319200000, 0x0000000319200000|100%| O|  |TAMS 0x0000000319000000, 0x0000000319000000| Untracked 
| 197|0x0000000319200000, 0x0000000319400000, 0x0000000319400000|100%| O|  |TAMS 0x0000000319200000, 0x0000000319200000| Untracked 
| 198|0x0000000319400000, 0x0000000319600000, 0x0000000319600000|100%| O|  |TAMS 0x0000000319400000, 0x0000000319400000| Untracked 
| 199|0x0000000319600000, 0x0000000319800000, 0x0000000319800000|100%| O|  |TAMS 0x0000000319600000, 0x0000000319600000| Untracked 
| 200|0x0000000319800000, 0x0000000319a00000, 0x0000000319a00000|100%| O|  |TAMS 0x0000000319800000, 0x0000000319800000| Untracked 
| 201|0x0000000319a00000, 0x0000000319c00000, 0x0000000319c00000|100%| O|  |TAMS 0x0000000319a00000, 0x0000000319a00000| Untracked 
| 202|0x0000000319c00000, 0x0000000319e00000, 0x0000000319e00000|100%| O|  |TAMS 0x0000000319c00000, 0x0000000319c00000| Untracked 
| 203|0x0000000319e00000, 0x000000031a000000, 0x000000031a000000|100%| O|  |TAMS 0x0000000319e00000, 0x0000000319e00000| Untracked 
| 204|0x000000031a000000, 0x000000031a200000, 0x000000031a200000|100%| O|  |TAMS 0x000000031a000000, 0x000000031a000000| Untracked 
| 205|0x000000031a200000, 0x000000031a400000, 0x000000031a400000|100%| O|  |TAMS 0x000000031a200000, 0x000000031a200000| Untracked 
| 206|0x000000031a400000, 0x000000031a600000, 0x000000031a600000|100%| O|  |TAMS 0x000000031a400000, 0x000000031a400000| Untracked 
| 207|0x000000031a600000, 0x000000031a800000, 0x000000031a800000|100%| O|  |TAMS 0x000000031a600000, 0x000000031a600000| Untracked 
| 208|0x000000031a800000, 0x000000031aa00000, 0x000000031aa00000|100%| O|  |TAMS 0x000000031a800000, 0x000000031a800000| Untracked 
| 209|0x000000031aa00000, 0x000000031ac00000, 0x000000031ac00000|100%| O|  |TAMS 0x000000031aa00000, 0x000000031aa00000| Untracked 
| 210|0x000000031ac00000, 0x000000031ae00000, 0x000000031ae00000|100%| O|  |TAMS 0x000000031ac00000, 0x000000031ac00000| Untracked 
| 211|0x000000031ae00000, 0x000000031b000000, 0x000000031b000000|100%| O|  |TAMS 0x000000031ae00000, 0x000000031ae00000| Untracked 
| 212|0x000000031b000000, 0x000000031b200000, 0x000000031b200000|100%| O|  |TAMS 0x000000031b000000, 0x000000031b000000| Untracked 
| 213|0x000000031b200000, 0x000000031b400000, 0x000000031b400000|100%| O|  |TAMS 0x000000031b200000, 0x000000031b200000| Untracked 
| 214|0x000000031b400000, 0x000000031b600000, 0x000000031b600000|100%| O|  |TAMS 0x000000031b400000, 0x000000031b400000| Untracked 
| 215|0x000000031b600000, 0x000000031b800000, 0x000000031b800000|100%| O|  |TAMS 0x000000031b600000, 0x000000031b600000| Untracked 
| 216|0x000000031b800000, 0x000000031ba00000, 0x000000031ba00000|100%| O|  |TAMS 0x000000031b800000, 0x000000031b800000| Untracked 
| 217|0x000000031ba00000, 0x000000031bc00000, 0x000000031bc00000|100%| O|  |TAMS 0x000000031ba00000, 0x000000031ba00000| Untracked 
| 218|0x000000031bc00000, 0x000000031be00000, 0x000000031be00000|100%| O|  |TAMS 0x000000031bc00000, 0x000000031bc00000| Untracked 
| 219|0x000000031be00000, 0x000000031c000000, 0x000000031c000000|100%| O|  |TAMS 0x000000031be00000, 0x000000031be00000| Untracked 
| 220|0x000000031c000000, 0x000000031c200000, 0x000000031c200000|100%| O|  |TAMS 0x000000031c000000, 0x000000031c000000| Untracked 
| 221|0x000000031c200000, 0x000000031c400000, 0x000000031c400000|100%| O|  |TAMS 0x000000031c200000, 0x000000031c200000| Untracked 
| 222|0x000000031c400000, 0x000000031c600000, 0x000000031c600000|100%| O|  |TAMS 0x000000031c400000, 0x000000031c400000| Untracked 
| 223|0x000000031c600000, 0x000000031c800000, 0x000000031c800000|100%| O|  |TAMS 0x000000031c600000, 0x000000031c600000| Untracked 
| 224|0x000000031c800000, 0x000000031ca00000, 0x000000031ca00000|100%| O|  |TAMS 0x000000031c800000, 0x000000031c800000| Untracked 
| 225|0x000000031ca00000, 0x000000031cc00000, 0x000000031cc00000|100%| O|  |TAMS 0x000000031ca00000, 0x000000031ca00000| Untracked 
| 226|0x000000031cc00000, 0x000000031ce00000, 0x000000031ce00000|100%| O|  |TAMS 0x000000031cc00000, 0x000000031cc00000| Untracked 
| 227|0x000000031ce00000, 0x000000031d000000, 0x000000031d000000|100%| O|  |TAMS 0x000000031ce00000, 0x000000031ce00000| Untracked 
| 228|0x000000031d000000, 0x000000031d200000, 0x000000031d200000|100%| O|  |TAMS 0x000000031d000000, 0x000000031d000000| Untracked 
| 229|0x000000031d200000, 0x000000031d400000, 0x000000031d400000|100%| O|  |TAMS 0x000000031d200000, 0x000000031d200000| Untracked 
| 230|0x000000031d400000, 0x000000031d600000, 0x000000031d600000|100%| O|  |TAMS 0x000000031d400000, 0x000000031d400000| Untracked 
| 231|0x000000031d600000, 0x000000031d800000, 0x000000031d800000|100%| O|  |TAMS 0x000000031d600000, 0x000000031d600000| Untracked 
| 232|0x000000031d800000, 0x000000031da00000, 0x000000031da00000|100%| O|  |TAMS 0x000000031d800000, 0x000000031d800000| Untracked 
| 233|0x000000031da00000, 0x000000031dc00000, 0x000000031dc00000|100%| O|  |TAMS 0x000000031da00000, 0x000000031da00000| Untracked 
| 234|0x000000031dc00000, 0x000000031de00000, 0x000000031de00000|100%| O|  |TAMS 0x000000031dc00000, 0x000000031dc00000| Untracked 
| 235|0x000000031de00000, 0x000000031e000000, 0x000000031e000000|100%| O|  |TAMS 0x000000031de00000, 0x000000031de00000| Untracked 
| 236|0x000000031e000000, 0x000000031e200000, 0x000000031e200000|100%| O|  |TAMS 0x000000031e000000, 0x000000031e000000| Untracked 
| 237|0x000000031e200000, 0x000000031e400000, 0x000000031e400000|100%| O|  |TAMS 0x000000031e200000, 0x000000031e200000| Untracked 
| 238|0x000000031e400000, 0x000000031e600000, 0x000000031e600000|100%| O|  |TAMS 0x000000031e400000, 0x000000031e400000| Untracked 
| 239|0x000000031e600000, 0x000000031e800000, 0x000000031e800000|100%| O|  |TAMS 0x000000031e600000, 0x000000031e600000| Untracked 
| 240|0x000000031e800000, 0x000000031ea00000, 0x000000031ea00000|100%| O|  |TAMS 0x000000031e800000, 0x000000031e800000| Untracked 
| 241|0x000000031ea00000, 0x000000031ec00000, 0x000000031ec00000|100%| O|  |TAMS 0x000000031ea00000, 0x000000031ea00000| Untracked 
| 242|0x000000031ec00000, 0x000000031ee00000, 0x000000031ee00000|100%| O|  |TAMS 0x000000031ec00000, 0x000000031ec00000| Untracked 
| 243|0x000000031ee00000, 0x000000031f000000, 0x000000031f000000|100%| O|  |TAMS 0x000000031ee00000, 0x000000031ee00000| Untracked 
| 244|0x000000031f000000, 0x000000031f200000, 0x000000031f200000|100%| O|  |TAMS 0x000000031f000000, 0x000000031f000000| Untracked 
| 245|0x000000031f200000, 0x000000031f400000, 0x000000031f400000|100%| O|  |TAMS 0x000000031f200000, 0x000000031f200000| Untracked 
| 246|0x000000031f400000, 0x000000031f600000, 0x000000031f600000|100%| O|  |TAMS 0x000000031f400000, 0x000000031f400000| Untracked 
| 247|0x000000031f600000, 0x000000031f800000, 0x000000031f800000|100%| O|  |TAMS 0x000000031f600000, 0x000000031f600000| Untracked 
| 248|0x000000031f800000, 0x000000031fa00000, 0x000000031fa00000|100%| O|  |TAMS 0x000000031f800000, 0x000000031f800000| Untracked 
| 249|0x000000031fa00000, 0x000000031fc00000, 0x000000031fc00000|100%| O|  |TAMS 0x000000031fa00000, 0x000000031fa00000| Untracked 
| 250|0x000000031fc00000, 0x000000031fe00000, 0x000000031fe00000|100%| O|  |TAMS 0x000000031fc00000, 0x000000031fc00000| Untracked 
| 251|0x000000031fe00000, 0x0000000320000000, 0x0000000320000000|100%| O|  |TAMS 0x000000031fe00000, 0x000000031fe00000| Untracked 
| 252|0x0000000320000000, 0x0000000320200000, 0x0000000320200000|100%| O|  |TAMS 0x0000000320000000, 0x0000000320000000| Untracked 
| 253|0x0000000320200000, 0x0000000320400000, 0x0000000320400000|100%| O|  |TAMS 0x0000000320200000, 0x0000000320200000| Untracked 
| 254|0x0000000320400000, 0x0000000320600000, 0x0000000320600000|100%| O|  |TAMS 0x0000000320400000, 0x0000000320400000| Untracked 
| 255|0x0000000320600000, 0x0000000320632c00, 0x0000000320800000|  9%| O|  |TAMS 0x0000000320600000, 0x0000000320600000| Untracked 
| 256|0x0000000320800000, 0x0000000320a00000, 0x0000000320a00000|100%|HS|  |TAMS 0x0000000320800000, 0x0000000320800000| Complete 
| 257|0x0000000320a00000, 0x0000000320c00000, 0x0000000320c00000|100%|HS|  |TAMS 0x0000000320a00000, 0x0000000320a00000| Complete 
| 258|0x0000000320c00000, 0x0000000320e00000, 0x0000000320e00000|100%|HS|  |TAMS 0x0000000320c00000, 0x0000000320c00000| Complete 
| 259|0x0000000320e00000, 0x0000000321000000, 0x0000000321000000|100%|HS|  |TAMS 0x0000000320e00000, 0x0000000320e00000| Complete 
| 260|0x0000000321000000, 0x0000000321200000, 0x0000000321200000|100%|HS|  |TAMS 0x0000000321000000, 0x0000000321000000| Complete 
| 261|0x0000000321200000, 0x0000000321200000, 0x0000000321400000|  0%| F|  |TAMS 0x0000000321200000, 0x0000000321200000| Untracked 
| 262|0x0000000321400000, 0x0000000321400000, 0x0000000321600000|  0%| F|  |TAMS 0x0000000321400000, 0x0000000321400000| Untracked 
| 263|0x0000000321600000, 0x0000000321600000, 0x0000000321800000|  0%| F|  |TAMS 0x0000000321600000, 0x0000000321600000| Untracked 
| 264|0x0000000321800000, 0x0000000321800000, 0x0000000321a00000|  0%| F|  |TAMS 0x0000000321800000, 0x0000000321800000| Untracked 
| 265|0x0000000321a00000, 0x0000000321a00000, 0x0000000321c00000|  0%| F|  |TAMS 0x0000000321a00000, 0x0000000321a00000| Untracked 
| 266|0x0000000321c00000, 0x0000000321c00000, 0x0000000321e00000|  0%| F|  |TAMS 0x0000000321c00000, 0x0000000321c00000| Untracked 
| 267|0x0000000321e00000, 0x0000000321e00000, 0x0000000322000000|  0%| F|  |TAMS 0x0000000321e00000, 0x0000000321e00000| Untracked 
| 268|0x0000000322000000, 0x0000000322000000, 0x0000000322200000|  0%| F|  |TAMS 0x0000000322000000, 0x0000000322000000| Untracked 
| 269|0x0000000322200000, 0x0000000322200000, 0x0000000322400000|  0%| F|  |TAMS 0x0000000322200000, 0x0000000322200000| Untracked 
| 270|0x0000000322400000, 0x0000000322400000, 0x0000000322600000|  0%| F|  |TAMS 0x0000000322400000, 0x0000000322400000| Untracked 
| 271|0x0000000322600000, 0x0000000322600000, 0x0000000322800000|  0%| F|  |TAMS 0x0000000322600000, 0x0000000322600000| Untracked 
| 272|0x0000000322800000, 0x0000000322800000, 0x0000000322a00000|  0%| F|  |TAMS 0x0000000322800000, 0x0000000322800000| Untracked 
| 273|0x0000000322a00000, 0x0000000322a00000, 0x0000000322c00000|  0%| F|  |TAMS 0x0000000322a00000, 0x0000000322a00000| Untracked 
| 274|0x0000000322c00000, 0x0000000322c00000, 0x0000000322e00000|  0%| F|  |TAMS 0x0000000322c00000, 0x0000000322c00000| Untracked 
| 275|0x0000000322e00000, 0x0000000322e00000, 0x0000000323000000|  0%| F|  |TAMS 0x0000000322e00000, 0x0000000322e00000| Untracked 
| 276|0x0000000323000000, 0x0000000323000000, 0x0000000323200000|  0%| F|  |TAMS 0x0000000323000000, 0x0000000323000000| Untracked 
| 277|0x0000000323200000, 0x0000000323200000, 0x0000000323400000|  0%| F|  |TAMS 0x0000000323200000, 0x0000000323200000| Untracked 
| 278|0x0000000323400000, 0x0000000323400000, 0x0000000323600000|  0%| F|  |TAMS 0x0000000323400000, 0x0000000323400000| Untracked 
| 279|0x0000000323600000, 0x0000000323600000, 0x0000000323800000|  0%| F|  |TAMS 0x0000000323600000, 0x0000000323600000| Untracked 
| 280|0x0000000323800000, 0x0000000323800000, 0x0000000323a00000|  0%| F|  |TAMS 0x0000000323800000, 0x0000000323800000| Untracked 
| 281|0x0000000323a00000, 0x0000000323a00000, 0x0000000323c00000|  0%| F|  |TAMS 0x0000000323a00000, 0x0000000323a00000| Untracked 
| 282|0x0000000323c00000, 0x0000000323c00000, 0x0000000323e00000|  0%| F|  |TAMS 0x0000000323c00000, 0x0000000323c00000| Untracked 
| 283|0x0000000323e00000, 0x0000000323e00000, 0x0000000324000000|  0%| F|  |TAMS 0x0000000323e00000, 0x0000000323e00000| Untracked 
| 284|0x0000000324000000, 0x0000000324000000, 0x0000000324200000|  0%| F|  |TAMS 0x0000000324000000, 0x0000000324000000| Untracked 
| 285|0x0000000324200000, 0x0000000324200000, 0x0000000324400000|  0%| F|  |TAMS 0x0000000324200000, 0x0000000324200000| Untracked 
| 286|0x0000000324400000, 0x0000000324400000, 0x0000000324600000|  0%| F|  |TAMS 0x0000000324400000, 0x0000000324400000| Untracked 
| 287|0x0000000324600000, 0x0000000324600000, 0x0000000324800000|  0%| F|  |TAMS 0x0000000324600000, 0x0000000324600000| Untracked 
| 288|0x0000000324800000, 0x0000000324800000, 0x0000000324a00000|  0%| F|  |TAMS 0x0000000324800000, 0x0000000324800000| Untracked 
| 289|0x0000000324a00000, 0x0000000324a00000, 0x0000000324c00000|  0%| F|  |TAMS 0x0000000324a00000, 0x0000000324a00000| Untracked 
| 290|0x0000000324c00000, 0x0000000324c00000, 0x0000000324e00000|  0%| F|  |TAMS 0x0000000324c00000, 0x0000000324c00000| Untracked 
| 291|0x0000000324e00000, 0x0000000324e00000, 0x0000000325000000|  0%| F|  |TAMS 0x0000000324e00000, 0x0000000324e00000| Untracked 
| 292|0x0000000325000000, 0x0000000325000000, 0x0000000325200000|  0%| F|  |TAMS 0x0000000325000000, 0x0000000325000000| Untracked 
| 293|0x0000000325200000, 0x0000000325200000, 0x0000000325400000|  0%| F|  |TAMS 0x0000000325200000, 0x0000000325200000| Untracked 
| 294|0x0000000325400000, 0x0000000325400000, 0x0000000325600000|  0%| F|  |TAMS 0x0000000325400000, 0x0000000325400000| Untracked 
| 295|0x0000000325600000, 0x0000000325600000, 0x0000000325800000|  0%| F|  |TAMS 0x0000000325600000, 0x0000000325600000| Untracked 
| 296|0x0000000325800000, 0x0000000325800000, 0x0000000325a00000|  0%| F|  |TAMS 0x0000000325800000, 0x0000000325800000| Untracked 
| 297|0x0000000325a00000, 0x0000000325a00000, 0x0000000325c00000|  0%| F|  |TAMS 0x0000000325a00000, 0x0000000325a00000| Untracked 
| 298|0x0000000325c00000, 0x0000000325c00000, 0x0000000325e00000|  0%| F|  |TAMS 0x0000000325c00000, 0x0000000325c00000| Untracked 
| 299|0x0000000325e00000, 0x0000000325e00000, 0x0000000326000000|  0%| F|  |TAMS 0x0000000325e00000, 0x0000000325e00000| Untracked 
| 300|0x0000000326000000, 0x0000000326000000, 0x0000000326200000|  0%| F|  |TAMS 0x0000000326000000, 0x0000000326000000| Untracked 
| 301|0x0000000326200000, 0x0000000326200000, 0x0000000326400000|  0%| F|  |TAMS 0x0000000326200000, 0x0000000326200000| Untracked 
| 302|0x0000000326400000, 0x0000000326400000, 0x0000000326600000|  0%| F|  |TAMS 0x0000000326400000, 0x0000000326400000| Untracked 
| 303|0x0000000326600000, 0x0000000326600000, 0x0000000326800000|  0%| F|  |TAMS 0x0000000326600000, 0x0000000326600000| Untracked 
| 304|0x0000000326800000, 0x0000000326800000, 0x0000000326a00000|  0%| F|  |TAMS 0x0000000326800000, 0x0000000326800000| Untracked 
| 305|0x0000000326a00000, 0x0000000326a00000, 0x0000000326c00000|  0%| F|  |TAMS 0x0000000326a00000, 0x0000000326a00000| Untracked 
| 306|0x0000000326c00000, 0x0000000326c00000, 0x0000000326e00000|  0%| F|  |TAMS 0x0000000326c00000, 0x0000000326c00000| Untracked 
| 307|0x0000000326e00000, 0x0000000326e00000, 0x0000000327000000|  0%| F|  |TAMS 0x0000000326e00000, 0x0000000326e00000| Untracked 
| 308|0x0000000327000000, 0x0000000327000000, 0x0000000327200000|  0%| F|  |TAMS 0x0000000327000000, 0x0000000327000000| Untracked 
| 309|0x0000000327200000, 0x0000000327200000, 0x0000000327400000|  0%| F|  |TAMS 0x0000000327200000, 0x0000000327200000| Untracked 
| 310|0x0000000327400000, 0x0000000327400000, 0x0000000327600000|  0%| F|  |TAMS 0x0000000327400000, 0x0000000327400000| Untracked 
| 311|0x0000000327600000, 0x0000000327600000, 0x0000000327800000|  0%| F|  |TAMS 0x0000000327600000, 0x0000000327600000| Untracked 
| 312|0x0000000327800000, 0x0000000327800000, 0x0000000327a00000|  0%| F|  |TAMS 0x0000000327800000, 0x0000000327800000| Untracked 
| 313|0x0000000327a00000, 0x0000000327a00000, 0x0000000327c00000|  0%| F|  |TAMS 0x0000000327a00000, 0x0000000327a00000| Untracked 
| 314|0x0000000327c00000, 0x0000000327c00000, 0x0000000327e00000|  0%| F|  |TAMS 0x0000000327c00000, 0x0000000327c00000| Untracked 
| 315|0x0000000327e00000, 0x0000000327e00000, 0x0000000328000000|  0%| F|  |TAMS 0x0000000327e00000, 0x0000000327e00000| Untracked 
| 316|0x0000000328000000, 0x0000000328000000, 0x0000000328200000|  0%| F|  |TAMS 0x0000000328000000, 0x0000000328000000| Untracked 
| 317|0x0000000328200000, 0x0000000328200000, 0x0000000328400000|  0%| F|  |TAMS 0x0000000328200000, 0x0000000328200000| Untracked 
| 318|0x0000000328400000, 0x0000000328400000, 0x0000000328600000|  0%| F|  |TAMS 0x0000000328400000, 0x0000000328400000| Untracked 
| 319|0x0000000328600000, 0x0000000328600000, 0x0000000328800000|  0%| F|  |TAMS 0x0000000328600000, 0x0000000328600000| Untracked 
| 320|0x0000000328800000, 0x0000000328800000, 0x0000000328a00000|  0%| F|  |TAMS 0x0000000328800000, 0x0000000328800000| Untracked 
| 321|0x0000000328a00000, 0x0000000328a00000, 0x0000000328c00000|  0%| F|  |TAMS 0x0000000328a00000, 0x0000000328a00000| Untracked 
| 322|0x0000000328c00000, 0x0000000328c00000, 0x0000000328e00000|  0%| F|  |TAMS 0x0000000328c00000, 0x0000000328c00000| Untracked 
| 323|0x0000000328e00000, 0x0000000328e00000, 0x0000000329000000|  0%| F|  |TAMS 0x0000000328e00000, 0x0000000328e00000| Untracked 
| 324|0x0000000329000000, 0x0000000329000000, 0x0000000329200000|  0%| F|  |TAMS 0x0000000329000000, 0x0000000329000000| Untracked 
| 325|0x0000000329200000, 0x0000000329200000, 0x0000000329400000|  0%| F|  |TAMS 0x0000000329200000, 0x0000000329200000| Untracked 
| 326|0x0000000329400000, 0x0000000329400000, 0x0000000329600000|  0%| F|  |TAMS 0x0000000329400000, 0x0000000329400000| Untracked 
| 327|0x0000000329600000, 0x0000000329600000, 0x0000000329800000|  0%| F|  |TAMS 0x0000000329600000, 0x0000000329600000| Untracked 
| 328|0x0000000329800000, 0x0000000329800000, 0x0000000329a00000|  0%| F|  |TAMS 0x0000000329800000, 0x0000000329800000| Untracked 
| 329|0x0000000329a00000, 0x0000000329a00000, 0x0000000329c00000|  0%| F|  |TAMS 0x0000000329a00000, 0x0000000329a00000| Untracked 
| 330|0x0000000329c00000, 0x0000000329c00000, 0x0000000329e00000|  0%| F|  |TAMS 0x0000000329c00000, 0x0000000329c00000| Untracked 
| 331|0x0000000329e00000, 0x0000000329e00000, 0x000000032a000000|  0%| F|  |TAMS 0x0000000329e00000, 0x0000000329e00000| Untracked 
| 332|0x000000032a000000, 0x000000032a000000, 0x000000032a200000|  0%| F|  |TAMS 0x000000032a000000, 0x000000032a000000| Untracked 
| 333|0x000000032a200000, 0x000000032a200000, 0x000000032a400000|  0%| F|  |TAMS 0x000000032a200000, 0x000000032a200000| Untracked 
| 334|0x000000032a400000, 0x000000032a400000, 0x000000032a600000|  0%| F|  |TAMS 0x000000032a400000, 0x000000032a400000| Untracked 
| 335|0x000000032a600000, 0x000000032a600000, 0x000000032a800000|  0%| F|  |TAMS 0x000000032a600000, 0x000000032a600000| Untracked 
| 336|0x000000032a800000, 0x000000032a800000, 0x000000032aa00000|  0%| F|  |TAMS 0x000000032a800000, 0x000000032a800000| Untracked 
| 337|0x000000032aa00000, 0x000000032aa00000, 0x000000032ac00000|  0%| F|  |TAMS 0x000000032aa00000, 0x000000032aa00000| Untracked 
| 338|0x000000032ac00000, 0x000000032ac00000, 0x000000032ae00000|  0%| F|  |TAMS 0x000000032ac00000, 0x000000032ac00000| Untracked 
| 339|0x000000032ae00000, 0x000000032ae00000, 0x000000032b000000|  0%| F|  |TAMS 0x000000032ae00000, 0x000000032ae00000| Untracked 
| 340|0x000000032b000000, 0x000000032b000000, 0x000000032b200000|  0%| F|  |TAMS 0x000000032b000000, 0x000000032b000000| Untracked 
| 341|0x000000032b200000, 0x000000032b200000, 0x000000032b400000|  0%| F|  |TAMS 0x000000032b200000, 0x000000032b200000| Untracked 
| 342|0x000000032b400000, 0x000000032b400000, 0x000000032b600000|  0%| F|  |TAMS 0x000000032b400000, 0x000000032b400000| Untracked 
| 343|0x000000032b600000, 0x000000032b600000, 0x000000032b800000|  0%| F|  |TAMS 0x000000032b600000, 0x000000032b600000| Untracked 
| 344|0x000000032b800000, 0x000000032b800000, 0x000000032ba00000|  0%| F|  |TAMS 0x000000032b800000, 0x000000032b800000| Untracked 
| 345|0x000000032ba00000, 0x000000032ba00000, 0x000000032bc00000|  0%| F|  |TAMS 0x000000032ba00000, 0x000000032ba00000| Untracked 
| 346|0x000000032bc00000, 0x000000032bc00000, 0x000000032be00000|  0%| F|  |TAMS 0x000000032bc00000, 0x000000032bc00000| Untracked 
| 347|0x000000032be00000, 0x000000032be00000, 0x000000032c000000|  0%| F|  |TAMS 0x000000032be00000, 0x000000032be00000| Untracked 
| 348|0x000000032c000000, 0x000000032c000000, 0x000000032c200000|  0%| F|  |TAMS 0x000000032c000000, 0x000000032c000000| Untracked 
| 349|0x000000032c200000, 0x000000032c200000, 0x000000032c400000|  0%| F|  |TAMS 0x000000032c200000, 0x000000032c200000| Untracked 
| 350|0x000000032c400000, 0x000000032c400000, 0x000000032c600000|  0%| F|  |TAMS 0x000000032c400000, 0x000000032c400000| Untracked 
| 351|0x000000032c600000, 0x000000032c600000, 0x000000032c800000|  0%| F|  |TAMS 0x000000032c600000, 0x000000032c600000| Untracked 
| 352|0x000000032c800000, 0x000000032c800000, 0x000000032ca00000|  0%| F|  |TAMS 0x000000032c800000, 0x000000032c800000| Untracked 
| 353|0x000000032ca00000, 0x000000032ca00000, 0x000000032cc00000|  0%| F|  |TAMS 0x000000032ca00000, 0x000000032ca00000| Untracked 
| 354|0x000000032cc00000, 0x000000032cc00000, 0x000000032ce00000|  0%| F|  |TAMS 0x000000032cc00000, 0x000000032cc00000| Untracked 
| 355|0x000000032ce00000, 0x000000032ce00000, 0x000000032d000000|  0%| F|  |TAMS 0x000000032ce00000, 0x000000032ce00000| Untracked 
| 356|0x000000032d000000, 0x000000032d000000, 0x000000032d200000|  0%| F|  |TAMS 0x000000032d000000, 0x000000032d000000| Untracked 
| 357|0x000000032d200000, 0x000000032d200000, 0x000000032d400000|  0%| F|  |TAMS 0x000000032d200000, 0x000000032d200000| Untracked 
| 358|0x000000032d400000, 0x000000032d400000, 0x000000032d600000|  0%| F|  |TAMS 0x000000032d400000, 0x000000032d400000| Untracked 
| 359|0x000000032d600000, 0x000000032d600000, 0x000000032d800000|  0%| F|  |TAMS 0x000000032d600000, 0x000000032d600000| Untracked 
| 360|0x000000032d800000, 0x000000032d800000, 0x000000032da00000|  0%| F|  |TAMS 0x000000032d800000, 0x000000032d800000| Untracked 
| 361|0x000000032da00000, 0x000000032da00000, 0x000000032dc00000|  0%| F|  |TAMS 0x000000032da00000, 0x000000032da00000| Untracked 
| 362|0x000000032dc00000, 0x000000032dc00000, 0x000000032de00000|  0%| F|  |TAMS 0x000000032dc00000, 0x000000032dc00000| Untracked 
| 363|0x000000032de00000, 0x000000032de00000, 0x000000032e000000|  0%| F|  |TAMS 0x000000032de00000, 0x000000032de00000| Untracked 
| 364|0x000000032e000000, 0x000000032e000000, 0x000000032e200000|  0%| F|  |TAMS 0x000000032e000000, 0x000000032e000000| Untracked 
| 365|0x000000032e200000, 0x000000032e200000, 0x000000032e400000|  0%| F|  |TAMS 0x000000032e200000, 0x000000032e200000| Untracked 
| 366|0x000000032e400000, 0x000000032e400000, 0x000000032e600000|  0%| F|  |TAMS 0x000000032e400000, 0x000000032e400000| Untracked 
| 367|0x000000032e600000, 0x000000032e600000, 0x000000032e800000|  0%| F|  |TAMS 0x000000032e600000, 0x000000032e600000| Untracked 
| 368|0x000000032e800000, 0x000000032e800000, 0x000000032ea00000|  0%| F|  |TAMS 0x000000032e800000, 0x000000032e800000| Untracked 
| 369|0x000000032ea00000, 0x000000032ea00000, 0x000000032ec00000|  0%| F|  |TAMS 0x000000032ea00000, 0x000000032ea00000| Untracked 
| 370|0x000000032ec00000, 0x000000032ec00000, 0x000000032ee00000|  0%| F|  |TAMS 0x000000032ec00000, 0x000000032ec00000| Untracked 
| 371|0x000000032ee00000, 0x000000032ee00000, 0x000000032f000000|  0%| F|  |TAMS 0x000000032ee00000, 0x000000032ee00000| Untracked 
| 372|0x000000032f000000, 0x000000032f000000, 0x000000032f200000|  0%| F|  |TAMS 0x000000032f000000, 0x000000032f000000| Untracked 
| 373|0x000000032f200000, 0x000000032f200000, 0x000000032f400000|  0%| F|  |TAMS 0x000000032f200000, 0x000000032f200000| Untracked 
| 374|0x000000032f400000, 0x000000032f400000, 0x000000032f600000|  0%| F|  |TAMS 0x000000032f400000, 0x000000032f400000| Untracked 
| 375|0x000000032f600000, 0x000000032f600000, 0x000000032f800000|  0%| F|  |TAMS 0x000000032f600000, 0x000000032f600000| Untracked 
| 376|0x000000032f800000, 0x000000032f800000, 0x000000032fa00000|  0%| F|  |TAMS 0x000000032f800000, 0x000000032f800000| Untracked 
| 377|0x000000032fa00000, 0x000000032fa00000, 0x000000032fc00000|  0%| F|  |TAMS 0x000000032fa00000, 0x000000032fa00000| Untracked 
| 378|0x000000032fc00000, 0x000000032fc00000, 0x000000032fe00000|  0%| F|  |TAMS 0x000000032fc00000, 0x000000032fc00000| Untracked 
| 379|0x000000032fe00000, 0x000000032fe00000, 0x0000000330000000|  0%| F|  |TAMS 0x000000032fe00000, 0x000000032fe00000| Untracked 
| 380|0x0000000330000000, 0x0000000330000000, 0x0000000330200000|  0%| F|  |TAMS 0x0000000330000000, 0x0000000330000000| Untracked 
| 381|0x0000000330200000, 0x0000000330200000, 0x0000000330400000|  0%| F|  |TAMS 0x0000000330200000, 0x0000000330200000| Untracked 
| 382|0x0000000330400000, 0x0000000330400000, 0x0000000330600000|  0%| F|  |TAMS 0x0000000330400000, 0x0000000330400000| Untracked 
| 383|0x0000000330600000, 0x0000000330600000, 0x0000000330800000|  0%| F|  |TAMS 0x0000000330600000, 0x0000000330600000| Untracked 
| 384|0x0000000330800000, 0x0000000330800000, 0x0000000330a00000|  0%| F|  |TAMS 0x0000000330800000, 0x0000000330800000| Untracked 
| 385|0x0000000330a00000, 0x0000000330a00000, 0x0000000330c00000|  0%| F|  |TAMS 0x0000000330a00000, 0x0000000330a00000| Untracked 
| 386|0x0000000330c00000, 0x0000000330c00000, 0x0000000330e00000|  0%| F|  |TAMS 0x0000000330c00000, 0x0000000330c00000| Untracked 
| 387|0x0000000330e00000, 0x0000000330e00000, 0x0000000331000000|  0%| F|  |TAMS 0x0000000330e00000, 0x0000000330e00000| Untracked 
| 388|0x0000000331000000, 0x0000000331000000, 0x0000000331200000|  0%| F|  |TAMS 0x0000000331000000, 0x0000000331000000| Untracked 
| 389|0x0000000331200000, 0x0000000331200000, 0x0000000331400000|  0%| F|  |TAMS 0x0000000331200000, 0x0000000331200000| Untracked 
| 390|0x0000000331400000, 0x0000000331400000, 0x0000000331600000|  0%| F|  |TAMS 0x0000000331400000, 0x0000000331400000| Untracked 
| 391|0x0000000331600000, 0x0000000331600000, 0x0000000331800000|  0%| F|  |TAMS 0x0000000331600000, 0x0000000331600000| Untracked 
| 392|0x0000000331800000, 0x0000000331800000, 0x0000000331a00000|  0%| F|  |TAMS 0x0000000331800000, 0x0000000331800000| Untracked 
| 393|0x0000000331a00000, 0x0000000331a00000, 0x0000000331c00000|  0%| F|  |TAMS 0x0000000331a00000, 0x0000000331a00000| Untracked 
| 394|0x0000000331c00000, 0x0000000331c00000, 0x0000000331e00000|  0%| F|  |TAMS 0x0000000331c00000, 0x0000000331c00000| Untracked 
| 395|0x0000000331e00000, 0x0000000331e00000, 0x0000000332000000|  0%| F|  |TAMS 0x0000000331e00000, 0x0000000331e00000| Untracked 
| 396|0x0000000332000000, 0x0000000332000000, 0x0000000332200000|  0%| F|  |TAMS 0x0000000332000000, 0x0000000332000000| Untracked 
| 397|0x0000000332200000, 0x0000000332200000, 0x0000000332400000|  0%| F|  |TAMS 0x0000000332200000, 0x0000000332200000| Untracked 
| 398|0x0000000332400000, 0x0000000332400000, 0x0000000332600000|  0%| F|  |TAMS 0x0000000332400000, 0x0000000332400000| Untracked 
| 399|0x0000000332600000, 0x0000000332600000, 0x0000000332800000|  0%| F|  |TAMS 0x0000000332600000, 0x0000000332600000| Untracked 
| 400|0x0000000332800000, 0x0000000332800000, 0x0000000332a00000|  0%| F|  |TAMS 0x0000000332800000, 0x0000000332800000| Untracked 
| 401|0x0000000332a00000, 0x0000000332a00000, 0x0000000332c00000|  0%| F|  |TAMS 0x0000000332a00000, 0x0000000332a00000| Untracked 
| 402|0x0000000332c00000, 0x0000000332c00000, 0x0000000332e00000|  0%| F|  |TAMS 0x0000000332c00000, 0x0000000332c00000| Untracked 
| 403|0x0000000332e00000, 0x0000000332e00000, 0x0000000333000000|  0%| F|  |TAMS 0x0000000332e00000, 0x0000000332e00000| Untracked 
| 404|0x0000000333000000, 0x0000000333000000, 0x0000000333200000|  0%| F|  |TAMS 0x0000000333000000, 0x0000000333000000| Untracked 
| 405|0x0000000333200000, 0x0000000333200000, 0x0000000333400000|  0%| F|  |TAMS 0x0000000333200000, 0x0000000333200000| Untracked 
| 406|0x0000000333400000, 0x0000000333400000, 0x0000000333600000|  0%| F|  |TAMS 0x0000000333400000, 0x0000000333400000| Untracked 
| 407|0x0000000333600000, 0x0000000333600000, 0x0000000333800000|  0%| F|  |TAMS 0x0000000333600000, 0x0000000333600000| Untracked 
| 408|0x0000000333800000, 0x0000000333800000, 0x0000000333a00000|  0%| F|  |TAMS 0x0000000333800000, 0x0000000333800000| Untracked 
| 409|0x0000000333a00000, 0x0000000333a00000, 0x0000000333c00000|  0%| F|  |TAMS 0x0000000333a00000, 0x0000000333a00000| Untracked 
| 410|0x0000000333c00000, 0x0000000333c00000, 0x0000000333e00000|  0%| F|  |TAMS 0x0000000333c00000, 0x0000000333c00000| Untracked 
| 411|0x0000000333e00000, 0x0000000333e00000, 0x0000000334000000|  0%| F|  |TAMS 0x0000000333e00000, 0x0000000333e00000| Untracked 
| 412|0x0000000334000000, 0x0000000334000000, 0x0000000334200000|  0%| F|  |TAMS 0x0000000334000000, 0x0000000334000000| Untracked 
| 413|0x0000000334200000, 0x0000000334200000, 0x0000000334400000|  0%| F|  |TAMS 0x0000000334200000, 0x0000000334200000| Untracked 
| 414|0x0000000334400000, 0x0000000334400000, 0x0000000334600000|  0%| F|  |TAMS 0x0000000334400000, 0x0000000334400000| Untracked 
| 415|0x0000000334600000, 0x0000000334600000, 0x0000000334800000|  0%| F|  |TAMS 0x0000000334600000, 0x0000000334600000| Untracked 
| 416|0x0000000334800000, 0x0000000334800000, 0x0000000334a00000|  0%| F|  |TAMS 0x0000000334800000, 0x0000000334800000| Untracked 
| 417|0x0000000334a00000, 0x0000000334a00000, 0x0000000334c00000|  0%| F|  |TAMS 0x0000000334a00000, 0x0000000334a00000| Untracked 
| 418|0x0000000334c00000, 0x0000000334c00000, 0x0000000334e00000|  0%| F|  |TAMS 0x0000000334c00000, 0x0000000334c00000| Untracked 
| 419|0x0000000334e00000, 0x0000000334e00000, 0x0000000335000000|  0%| F|  |TAMS 0x0000000334e00000, 0x0000000334e00000| Untracked 
| 420|0x0000000335000000, 0x0000000335000000, 0x0000000335200000|  0%| F|  |TAMS 0x0000000335000000, 0x0000000335000000| Untracked 
| 421|0x0000000335200000, 0x0000000335200000, 0x0000000335400000|  0%| F|  |TAMS 0x0000000335200000, 0x0000000335200000| Untracked 
| 422|0x0000000335400000, 0x0000000335400000, 0x0000000335600000|  0%| F|  |TAMS 0x0000000335400000, 0x0000000335400000| Untracked 
| 423|0x0000000335600000, 0x0000000335600000, 0x0000000335800000|  0%| F|  |TAMS 0x0000000335600000, 0x0000000335600000| Untracked 
| 424|0x0000000335800000, 0x0000000335800000, 0x0000000335a00000|  0%| F|  |TAMS 0x0000000335800000, 0x0000000335800000| Untracked 
| 425|0x0000000335a00000, 0x0000000335a00000, 0x0000000335c00000|  0%| F|  |TAMS 0x0000000335a00000, 0x0000000335a00000| Untracked 
| 426|0x0000000335c00000, 0x0000000335c00000, 0x0000000335e00000|  0%| F|  |TAMS 0x0000000335c00000, 0x0000000335c00000| Untracked 
| 427|0x0000000335e00000, 0x0000000335e00000, 0x0000000336000000|  0%| F|  |TAMS 0x0000000335e00000, 0x0000000335e00000| Untracked 
| 428|0x0000000336000000, 0x0000000336000000, 0x0000000336200000|  0%| F|  |TAMS 0x0000000336000000, 0x0000000336000000| Untracked 
| 429|0x0000000336200000, 0x0000000336200000, 0x0000000336400000|  0%| F|  |TAMS 0x0000000336200000, 0x0000000336200000| Untracked 
| 430|0x0000000336400000, 0x0000000336400000, 0x0000000336600000|  0%| F|  |TAMS 0x0000000336400000, 0x0000000336400000| Untracked 
| 431|0x0000000336600000, 0x0000000336600000, 0x0000000336800000|  0%| F|  |TAMS 0x0000000336600000, 0x0000000336600000| Untracked 
| 432|0x0000000336800000, 0x0000000336800000, 0x0000000336a00000|  0%| F|  |TAMS 0x0000000336800000, 0x0000000336800000| Untracked 
| 433|0x0000000336a00000, 0x0000000336a00000, 0x0000000336c00000|  0%| F|  |TAMS 0x0000000336a00000, 0x0000000336a00000| Untracked 
| 434|0x0000000336c00000, 0x0000000336c00000, 0x0000000336e00000|  0%| F|  |TAMS 0x0000000336c00000, 0x0000000336c00000| Untracked 
| 435|0x0000000336e00000, 0x0000000336e00000, 0x0000000337000000|  0%| F|  |TAMS 0x0000000336e00000, 0x0000000336e00000| Untracked 
| 436|0x0000000337000000, 0x0000000337000000, 0x0000000337200000|  0%| F|  |TAMS 0x0000000337000000, 0x0000000337000000| Untracked 
| 437|0x0000000337200000, 0x0000000337200000, 0x0000000337400000|  0%| F|  |TAMS 0x0000000337200000, 0x0000000337200000| Untracked 
| 438|0x0000000337400000, 0x0000000337400000, 0x0000000337600000|  0%| F|  |TAMS 0x0000000337400000, 0x0000000337400000| Untracked 
| 439|0x0000000337600000, 0x0000000337600000, 0x0000000337800000|  0%| F|  |TAMS 0x0000000337600000, 0x0000000337600000| Untracked 
| 440|0x0000000337800000, 0x0000000337800000, 0x0000000337a00000|  0%| F|  |TAMS 0x0000000337800000, 0x0000000337800000| Untracked 
| 441|0x0000000337a00000, 0x0000000337a00000, 0x0000000337c00000|  0%| F|  |TAMS 0x0000000337a00000, 0x0000000337a00000| Untracked 
| 442|0x0000000337c00000, 0x0000000337c00000, 0x0000000337e00000|  0%| F|  |TAMS 0x0000000337c00000, 0x0000000337c00000| Untracked 
| 443|0x0000000337e00000, 0x0000000337e00000, 0x0000000338000000|  0%| F|  |TAMS 0x0000000337e00000, 0x0000000337e00000| Untracked 
| 444|0x0000000338000000, 0x0000000338000000, 0x0000000338200000|  0%| F|  |TAMS 0x0000000338000000, 0x0000000338000000| Untracked 
| 445|0x0000000338200000, 0x0000000338200000, 0x0000000338400000|  0%| F|  |TAMS 0x0000000338200000, 0x0000000338200000| Untracked 
| 446|0x0000000338400000, 0x0000000338400000, 0x0000000338600000|  0%| F|  |TAMS 0x0000000338400000, 0x0000000338400000| Untracked 
| 447|0x0000000338600000, 0x0000000338600000, 0x0000000338800000|  0%| F|  |TAMS 0x0000000338600000, 0x0000000338600000| Untracked 
| 448|0x0000000338800000, 0x0000000338800000, 0x0000000338a00000|  0%| F|  |TAMS 0x0000000338800000, 0x0000000338800000| Untracked 
| 449|0x0000000338a00000, 0x0000000338a00000, 0x0000000338c00000|  0%| F|  |TAMS 0x0000000338a00000, 0x0000000338a00000| Untracked 
| 450|0x0000000338c00000, 0x0000000338c00000, 0x0000000338e00000|  0%| F|  |TAMS 0x0000000338c00000, 0x0000000338c00000| Untracked 
| 451|0x0000000338e00000, 0x0000000338e00000, 0x0000000339000000|  0%| F|  |TAMS 0x0000000338e00000, 0x0000000338e00000| Untracked 
| 452|0x0000000339000000, 0x0000000339000000, 0x0000000339200000|  0%| F|  |TAMS 0x0000000339000000, 0x0000000339000000| Untracked 
| 453|0x0000000339200000, 0x0000000339200000, 0x0000000339400000|  0%| F|  |TAMS 0x0000000339200000, 0x0000000339200000| Untracked 
| 454|0x0000000339400000, 0x0000000339400000, 0x0000000339600000|  0%| F|  |TAMS 0x0000000339400000, 0x0000000339400000| Untracked 
| 455|0x0000000339600000, 0x0000000339600000, 0x0000000339800000|  0%| F|  |TAMS 0x0000000339600000, 0x0000000339600000| Untracked 
| 456|0x0000000339800000, 0x0000000339800000, 0x0000000339a00000|  0%| F|  |TAMS 0x0000000339800000, 0x0000000339800000| Untracked 
| 457|0x0000000339a00000, 0x0000000339a00000, 0x0000000339c00000|  0%| F|  |TAMS 0x0000000339a00000, 0x0000000339a00000| Untracked 
| 458|0x0000000339c00000, 0x0000000339c00000, 0x0000000339e00000|  0%| F|  |TAMS 0x0000000339c00000, 0x0000000339c00000| Untracked 
| 459|0x0000000339e00000, 0x0000000339e00000, 0x000000033a000000|  0%| F|  |TAMS 0x0000000339e00000, 0x0000000339e00000| Untracked 
| 460|0x000000033a000000, 0x000000033a000000, 0x000000033a200000|  0%| F|  |TAMS 0x000000033a000000, 0x000000033a000000| Untracked 
| 461|0x000000033a200000, 0x000000033a200000, 0x000000033a400000|  0%| F|  |TAMS 0x000000033a200000, 0x000000033a200000| Untracked 
| 462|0x000000033a400000, 0x000000033a529be0, 0x000000033a600000| 58%| S|CS|TAMS 0x000000033a400000, 0x000000033a400000| Complete 
| 463|0x000000033a600000, 0x000000033a800000, 0x000000033a800000|100%| S|CS|TAMS 0x000000033a600000, 0x000000033a600000| Complete 
| 464|0x000000033a800000, 0x000000033aa00000, 0x000000033aa00000|100%| S|CS|TAMS 0x000000033a800000, 0x000000033a800000| Complete 
| 465|0x000000033aa00000, 0x000000033ac00000, 0x000000033ac00000|100%| S|CS|TAMS 0x000000033aa00000, 0x000000033aa00000| Complete 
| 466|0x000000033ac00000, 0x000000033ae00000, 0x000000033ae00000|100%| S|CS|TAMS 0x000000033ac00000, 0x000000033ac00000| Complete 
| 467|0x000000033ae00000, 0x000000033b000000, 0x000000033b000000|100%| S|CS|TAMS 0x000000033ae00000, 0x000000033ae00000| Complete 
| 468|0x000000033b000000, 0x000000033b200000, 0x000000033b200000|100%| S|CS|TAMS 0x000000033b000000, 0x000000033b000000| Complete 
| 469|0x000000033b200000, 0x000000033b400000, 0x000000033b400000|100%| S|CS|TAMS 0x000000033b200000, 0x000000033b200000| Complete 
| 470|0x000000033b400000, 0x000000033b600000, 0x000000033b600000|100%| S|CS|TAMS 0x000000033b400000, 0x000000033b400000| Complete 
| 471|0x000000033b600000, 0x000000033b800000, 0x000000033b800000|100%| S|CS|TAMS 0x000000033b600000, 0x000000033b600000| Complete 
| 472|0x000000033b800000, 0x000000033ba00000, 0x000000033ba00000|100%| S|CS|TAMS 0x000000033b800000, 0x000000033b800000| Complete 
| 473|0x000000033ba00000, 0x000000033bc00000, 0x000000033bc00000|100%| S|CS|TAMS 0x000000033ba00000, 0x000000033ba00000| Complete 
| 474|0x000000033bc00000, 0x000000033be00000, 0x000000033be00000|100%| S|CS|TAMS 0x000000033bc00000, 0x000000033bc00000| Complete 
| 475|0x000000033be00000, 0x000000033c000000, 0x000000033c000000|100%| S|CS|TAMS 0x000000033be00000, 0x000000033be00000| Complete 
| 476|0x000000033c000000, 0x000000033c200000, 0x000000033c200000|100%| S|CS|TAMS 0x000000033c000000, 0x000000033c000000| Complete 
| 477|0x000000033c200000, 0x000000033c400000, 0x000000033c400000|100%| S|CS|TAMS 0x000000033c200000, 0x000000033c200000| Complete 
| 478|0x000000033c400000, 0x000000033c600000, 0x000000033c600000|100%| S|CS|TAMS 0x000000033c400000, 0x000000033c400000| Complete 
| 479|0x000000033c600000, 0x000000033c800000, 0x000000033c800000|100%| S|CS|TAMS 0x000000033c600000, 0x000000033c600000| Complete 
| 480|0x000000033c800000, 0x000000033ca00000, 0x000000033ca00000|100%| S|CS|TAMS 0x000000033c800000, 0x000000033c800000| Complete 
| 481|0x000000033ca00000, 0x000000033cc00000, 0x000000033cc00000|100%| S|CS|TAMS 0x000000033ca00000, 0x000000033ca00000| Complete 
| 482|0x000000033cc00000, 0x000000033ce00000, 0x000000033ce00000|100%| S|CS|TAMS 0x000000033cc00000, 0x000000033cc00000| Complete 
| 483|0x000000033ce00000, 0x000000033d000000, 0x000000033d000000|100%| S|CS|TAMS 0x000000033ce00000, 0x000000033ce00000| Complete 
| 484|0x000000033d000000, 0x000000033d200000, 0x000000033d200000|100%| S|CS|TAMS 0x000000033d000000, 0x000000033d000000| Complete 
| 485|0x000000033d200000, 0x000000033d400000, 0x000000033d400000|100%| S|CS|TAMS 0x000000033d200000, 0x000000033d200000| Complete 
| 486|0x000000033d400000, 0x000000033d600000, 0x000000033d600000|100%| S|CS|TAMS 0x000000033d400000, 0x000000033d400000| Complete 
| 487|0x000000033d600000, 0x000000033d800000, 0x000000033d800000|100%| S|CS|TAMS 0x000000033d600000, 0x000000033d600000| Complete 
| 488|0x000000033d800000, 0x000000033da00000, 0x000000033da00000|100%| S|CS|TAMS 0x000000033d800000, 0x000000033d800000| Complete 
| 489|0x000000033da00000, 0x000000033dc00000, 0x000000033dc00000|100%| S|CS|TAMS 0x000000033da00000, 0x000000033da00000| Complete 
| 490|0x000000033dc00000, 0x000000033de00000, 0x000000033de00000|100%| S|CS|TAMS 0x000000033dc00000, 0x000000033dc00000| Complete 
| 491|0x000000033de00000, 0x000000033e000000, 0x000000033e000000|100%| S|CS|TAMS 0x000000033de00000, 0x000000033de00000| Complete 
| 492|0x000000033e000000, 0x000000033e000000, 0x000000033e200000|  0%| F|  |TAMS 0x000000033e000000, 0x000000033e000000| Untracked 
| 493|0x000000033e200000, 0x000000033e200000, 0x000000033e400000|  0%| F|  |TAMS 0x000000033e200000, 0x000000033e200000| Untracked 
| 494|0x000000033e400000, 0x000000033e400000, 0x000000033e600000|  0%| F|  |TAMS 0x000000033e400000, 0x000000033e400000| Untracked 
| 495|0x000000033e600000, 0x000000033e600000, 0x000000033e800000|  0%| F|  |TAMS 0x000000033e600000, 0x000000033e600000| Untracked 
| 496|0x000000033e800000, 0x000000033e800000, 0x000000033ea00000|  0%| F|  |TAMS 0x000000033e800000, 0x000000033e800000| Untracked 
| 497|0x000000033ea00000, 0x000000033ea00000, 0x000000033ec00000|  0%| F|  |TAMS 0x000000033ea00000, 0x000000033ea00000| Untracked 
| 498|0x000000033ec00000, 0x000000033ec00000, 0x000000033ee00000|  0%| F|  |TAMS 0x000000033ec00000, 0x000000033ec00000| Untracked 
| 499|0x000000033ee00000, 0x000000033ee00000, 0x000000033f000000|  0%| F|  |TAMS 0x000000033ee00000, 0x000000033ee00000| Untracked 
| 500|0x000000033f000000, 0x000000033f000000, 0x000000033f200000|  0%| F|  |TAMS 0x000000033f000000, 0x000000033f000000| Untracked 
| 501|0x000000033f200000, 0x000000033f200000, 0x000000033f400000|  0%| F|  |TAMS 0x000000033f200000, 0x000000033f200000| Untracked 
| 502|0x000000033f400000, 0x000000033f400000, 0x000000033f600000|  0%| F|  |TAMS 0x000000033f400000, 0x000000033f400000| Untracked 
| 503|0x000000033f600000, 0x000000033f600000, 0x000000033f800000|  0%| F|  |TAMS 0x000000033f600000, 0x000000033f600000| Untracked 
| 504|0x000000033f800000, 0x000000033f800000, 0x000000033fa00000|  0%| F|  |TAMS 0x000000033f800000, 0x000000033f800000| Untracked 
| 505|0x000000033fa00000, 0x000000033fa00000, 0x000000033fc00000|  0%| F|  |TAMS 0x000000033fa00000, 0x000000033fa00000| Untracked 
| 506|0x000000033fc00000, 0x000000033fc00000, 0x000000033fe00000|  0%| F|  |TAMS 0x000000033fc00000, 0x000000033fc00000| Untracked 
| 507|0x000000033fe00000, 0x000000033fe00000, 0x0000000340000000|  0%| F|  |TAMS 0x000000033fe00000, 0x000000033fe00000| Untracked 
| 508|0x0000000340000000, 0x0000000340000000, 0x0000000340200000|  0%| F|  |TAMS 0x0000000340000000, 0x0000000340000000| Untracked 
| 509|0x0000000340200000, 0x0000000340200000, 0x0000000340400000|  0%| F|  |TAMS 0x0000000340200000, 0x0000000340200000| Untracked 
| 510|0x0000000340400000, 0x0000000340400000, 0x0000000340600000|  0%| F|  |TAMS 0x0000000340400000, 0x0000000340400000| Untracked 
| 511|0x0000000340600000, 0x0000000340600000, 0x0000000340800000|  0%| F|  |TAMS 0x0000000340600000, 0x0000000340600000| Untracked 
| 512|0x0000000340800000, 0x0000000340800000, 0x0000000340a00000|  0%| F|  |TAMS 0x0000000340800000, 0x0000000340800000| Untracked 
| 513|0x0000000340a00000, 0x0000000340a00000, 0x0000000340c00000|  0%| F|  |TAMS 0x0000000340a00000, 0x0000000340a00000| Untracked 
| 514|0x0000000340c00000, 0x0000000340c00000, 0x0000000340e00000|  0%| F|  |TAMS 0x0000000340c00000, 0x0000000340c00000| Untracked 
| 515|0x0000000340e00000, 0x0000000340e00000, 0x0000000341000000|  0%| F|  |TAMS 0x0000000340e00000, 0x0000000340e00000| Untracked 
| 516|0x0000000341000000, 0x0000000341000000, 0x0000000341200000|  0%| F|  |TAMS 0x0000000341000000, 0x0000000341000000| Untracked 
| 517|0x0000000341200000, 0x0000000341200000, 0x0000000341400000|  0%| F|  |TAMS 0x0000000341200000, 0x0000000341200000| Untracked 
| 518|0x0000000341400000, 0x0000000341400000, 0x0000000341600000|  0%| F|  |TAMS 0x0000000341400000, 0x0000000341400000| Untracked 
| 519|0x0000000341600000, 0x0000000341600000, 0x0000000341800000|  0%| F|  |TAMS 0x0000000341600000, 0x0000000341600000| Untracked 
| 520|0x0000000341800000, 0x0000000341800000, 0x0000000341a00000|  0%| F|  |TAMS 0x0000000341800000, 0x0000000341800000| Untracked 
| 521|0x0000000341a00000, 0x0000000341a00000, 0x0000000341c00000|  0%| F|  |TAMS 0x0000000341a00000, 0x0000000341a00000| Untracked 
| 522|0x0000000341c00000, 0x0000000341c00000, 0x0000000341e00000|  0%| F|  |TAMS 0x0000000341c00000, 0x0000000341c00000| Untracked 
| 523|0x0000000341e00000, 0x0000000341e00000, 0x0000000342000000|  0%| F|  |TAMS 0x0000000341e00000, 0x0000000341e00000| Untracked 
| 524|0x0000000342000000, 0x0000000342000000, 0x0000000342200000|  0%| F|  |TAMS 0x0000000342000000, 0x0000000342000000| Untracked 
| 525|0x0000000342200000, 0x0000000342200000, 0x0000000342400000|  0%| F|  |TAMS 0x0000000342200000, 0x0000000342200000| Untracked 
| 526|0x0000000342400000, 0x0000000342400000, 0x0000000342600000|  0%| F|  |TAMS 0x0000000342400000, 0x0000000342400000| Untracked 
| 527|0x0000000342600000, 0x0000000342600000, 0x0000000342800000|  0%| F|  |TAMS 0x0000000342600000, 0x0000000342600000| Untracked 
| 528|0x0000000342800000, 0x0000000342800000, 0x0000000342a00000|  0%| F|  |TAMS 0x0000000342800000, 0x0000000342800000| Untracked 
| 529|0x0000000342a00000, 0x0000000342a00000, 0x0000000342c00000|  0%| F|  |TAMS 0x0000000342a00000, 0x0000000342a00000| Untracked 
| 530|0x0000000342c00000, 0x0000000342c00000, 0x0000000342e00000|  0%| F|  |TAMS 0x0000000342c00000, 0x0000000342c00000| Untracked 
| 531|0x0000000342e00000, 0x0000000342e00000, 0x0000000343000000|  0%| F|  |TAMS 0x0000000342e00000, 0x0000000342e00000| Untracked 
| 532|0x0000000343000000, 0x0000000343000000, 0x0000000343200000|  0%| F|  |TAMS 0x0000000343000000, 0x0000000343000000| Untracked 
| 533|0x0000000343200000, 0x0000000343200000, 0x0000000343400000|  0%| F|  |TAMS 0x0000000343200000, 0x0000000343200000| Untracked 
| 534|0x0000000343400000, 0x0000000343400000, 0x0000000343600000|  0%| F|  |TAMS 0x0000000343400000, 0x0000000343400000| Untracked 
| 535|0x0000000343600000, 0x0000000343600000, 0x0000000343800000|  0%| F|  |TAMS 0x0000000343600000, 0x0000000343600000| Untracked 
| 536|0x0000000343800000, 0x0000000343800000, 0x0000000343a00000|  0%| F|  |TAMS 0x0000000343800000, 0x0000000343800000| Untracked 
| 537|0x0000000343a00000, 0x0000000343a00000, 0x0000000343c00000|  0%| F|  |TAMS 0x0000000343a00000, 0x0000000343a00000| Untracked 
| 538|0x0000000343c00000, 0x0000000343c00000, 0x0000000343e00000|  0%| F|  |TAMS 0x0000000343c00000, 0x0000000343c00000| Untracked 
| 539|0x0000000343e00000, 0x0000000343e00000, 0x0000000344000000|  0%| F|  |TAMS 0x0000000343e00000, 0x0000000343e00000| Untracked 
| 540|0x0000000344000000, 0x0000000344000000, 0x0000000344200000|  0%| F|  |TAMS 0x0000000344000000, 0x0000000344000000| Untracked 
| 541|0x0000000344200000, 0x0000000344200000, 0x0000000344400000|  0%| F|  |TAMS 0x0000000344200000, 0x0000000344200000| Untracked 
| 542|0x0000000344400000, 0x0000000344400000, 0x0000000344600000|  0%| F|  |TAMS 0x0000000344400000, 0x0000000344400000| Untracked 
| 543|0x0000000344600000, 0x0000000344600000, 0x0000000344800000|  0%| F|  |TAMS 0x0000000344600000, 0x0000000344600000| Untracked 
| 544|0x0000000344800000, 0x0000000344800000, 0x0000000344a00000|  0%| F|  |TAMS 0x0000000344800000, 0x0000000344800000| Untracked 
| 545|0x0000000344a00000, 0x0000000344a00000, 0x0000000344c00000|  0%| F|  |TAMS 0x0000000344a00000, 0x0000000344a00000| Untracked 
| 546|0x0000000344c00000, 0x0000000344c00000, 0x0000000344e00000|  0%| F|  |TAMS 0x0000000344c00000, 0x0000000344c00000| Untracked 
| 547|0x0000000344e00000, 0x0000000344e00000, 0x0000000345000000|  0%| F|  |TAMS 0x0000000344e00000, 0x0000000344e00000| Untracked 
| 548|0x0000000345000000, 0x0000000345000000, 0x0000000345200000|  0%| F|  |TAMS 0x0000000345000000, 0x0000000345000000| Untracked 
| 549|0x0000000345200000, 0x0000000345200000, 0x0000000345400000|  0%| F|  |TAMS 0x0000000345200000, 0x0000000345200000| Untracked 
| 550|0x0000000345400000, 0x0000000345400000, 0x0000000345600000|  0%| F|  |TAMS 0x0000000345400000, 0x0000000345400000| Untracked 
| 551|0x0000000345600000, 0x0000000345600000, 0x0000000345800000|  0%| F|  |TAMS 0x0000000345600000, 0x0000000345600000| Untracked 
| 552|0x0000000345800000, 0x0000000345800000, 0x0000000345a00000|  0%| F|  |TAMS 0x0000000345800000, 0x0000000345800000| Untracked 
| 553|0x0000000345a00000, 0x0000000345a00000, 0x0000000345c00000|  0%| F|  |TAMS 0x0000000345a00000, 0x0000000345a00000| Untracked 
| 554|0x0000000345c00000, 0x0000000345c00000, 0x0000000345e00000|  0%| F|  |TAMS 0x0000000345c00000, 0x0000000345c00000| Untracked 
| 555|0x0000000345e00000, 0x0000000345e00000, 0x0000000346000000|  0%| F|  |TAMS 0x0000000345e00000, 0x0000000345e00000| Untracked 
| 556|0x0000000346000000, 0x0000000346000000, 0x0000000346200000|  0%| F|  |TAMS 0x0000000346000000, 0x0000000346000000| Untracked 
| 557|0x0000000346200000, 0x0000000346200000, 0x0000000346400000|  0%| F|  |TAMS 0x0000000346200000, 0x0000000346200000| Untracked 
| 558|0x0000000346400000, 0x0000000346400000, 0x0000000346600000|  0%| F|  |TAMS 0x0000000346400000, 0x0000000346400000| Untracked 
| 559|0x0000000346600000, 0x0000000346600000, 0x0000000346800000|  0%| F|  |TAMS 0x0000000346600000, 0x0000000346600000| Untracked 
| 560|0x0000000346800000, 0x0000000346800000, 0x0000000346a00000|  0%| F|  |TAMS 0x0000000346800000, 0x0000000346800000| Untracked 
| 561|0x0000000346a00000, 0x0000000346a00000, 0x0000000346c00000|  0%| F|  |TAMS 0x0000000346a00000, 0x0000000346a00000| Untracked 
| 562|0x0000000346c00000, 0x0000000346c00000, 0x0000000346e00000|  0%| F|  |TAMS 0x0000000346c00000, 0x0000000346c00000| Untracked 
| 563|0x0000000346e00000, 0x0000000346e00000, 0x0000000347000000|  0%| F|  |TAMS 0x0000000346e00000, 0x0000000346e00000| Untracked 
| 564|0x0000000347000000, 0x0000000347000000, 0x0000000347200000|  0%| F|  |TAMS 0x0000000347000000, 0x0000000347000000| Untracked 
| 565|0x0000000347200000, 0x0000000347200000, 0x0000000347400000|  0%| F|  |TAMS 0x0000000347200000, 0x0000000347200000| Untracked 
| 566|0x0000000347400000, 0x0000000347400000, 0x0000000347600000|  0%| F|  |TAMS 0x0000000347400000, 0x0000000347400000| Untracked 
| 567|0x0000000347600000, 0x0000000347600000, 0x0000000347800000|  0%| F|  |TAMS 0x0000000347600000, 0x0000000347600000| Untracked 
| 568|0x0000000347800000, 0x0000000347800000, 0x0000000347a00000|  0%| F|  |TAMS 0x0000000347800000, 0x0000000347800000| Untracked 
| 569|0x0000000347a00000, 0x0000000347a00000, 0x0000000347c00000|  0%| F|  |TAMS 0x0000000347a00000, 0x0000000347a00000| Untracked 
| 570|0x0000000347c00000, 0x0000000347c00000, 0x0000000347e00000|  0%| F|  |TAMS 0x0000000347c00000, 0x0000000347c00000| Untracked 
| 571|0x0000000347e00000, 0x0000000347e00000, 0x0000000348000000|  0%| F|  |TAMS 0x0000000347e00000, 0x0000000347e00000| Untracked 
| 572|0x0000000348000000, 0x0000000348000000, 0x0000000348200000|  0%| F|  |TAMS 0x0000000348000000, 0x0000000348000000| Untracked 
| 573|0x0000000348200000, 0x0000000348200000, 0x0000000348400000|  0%| F|  |TAMS 0x0000000348200000, 0x0000000348200000| Untracked 
| 574|0x0000000348400000, 0x0000000348400000, 0x0000000348600000|  0%| F|  |TAMS 0x0000000348400000, 0x0000000348400000| Untracked 
| 575|0x0000000348600000, 0x0000000348600000, 0x0000000348800000|  0%| F|  |TAMS 0x0000000348600000, 0x0000000348600000| Untracked 
| 576|0x0000000348800000, 0x0000000348800000, 0x0000000348a00000|  0%| F|  |TAMS 0x0000000348800000, 0x0000000348800000| Untracked 
| 577|0x0000000348a00000, 0x0000000348a00000, 0x0000000348c00000|  0%| F|  |TAMS 0x0000000348a00000, 0x0000000348a00000| Untracked 
| 578|0x0000000348c00000, 0x0000000348c00000, 0x0000000348e00000|  0%| F|  |TAMS 0x0000000348c00000, 0x0000000348c00000| Untracked 
| 579|0x0000000348e00000, 0x0000000348e00000, 0x0000000349000000|  0%| F|  |TAMS 0x0000000348e00000, 0x0000000348e00000| Untracked 
| 580|0x0000000349000000, 0x0000000349000000, 0x0000000349200000|  0%| F|  |TAMS 0x0000000349000000, 0x0000000349000000| Untracked 
| 581|0x0000000349200000, 0x0000000349200000, 0x0000000349400000|  0%| F|  |TAMS 0x0000000349200000, 0x0000000349200000| Untracked 
| 582|0x0000000349400000, 0x0000000349400000, 0x0000000349600000|  0%| F|  |TAMS 0x0000000349400000, 0x0000000349400000| Untracked 
| 583|0x0000000349600000, 0x0000000349600000, 0x0000000349800000|  0%| F|  |TAMS 0x0000000349600000, 0x0000000349600000| Untracked 
| 584|0x0000000349800000, 0x0000000349800000, 0x0000000349a00000|  0%| F|  |TAMS 0x0000000349800000, 0x0000000349800000| Untracked 
| 585|0x0000000349a00000, 0x0000000349a00000, 0x0000000349c00000|  0%| F|  |TAMS 0x0000000349a00000, 0x0000000349a00000| Untracked 
| 586|0x0000000349c00000, 0x0000000349c00000, 0x0000000349e00000|  0%| F|  |TAMS 0x0000000349c00000, 0x0000000349c00000| Untracked 
| 587|0x0000000349e00000, 0x0000000349e00000, 0x000000034a000000|  0%| F|  |TAMS 0x0000000349e00000, 0x0000000349e00000| Untracked 
| 588|0x000000034a000000, 0x000000034a000000, 0x000000034a200000|  0%| F|  |TAMS 0x000000034a000000, 0x000000034a000000| Untracked 
| 589|0x000000034a200000, 0x000000034a200000, 0x000000034a400000|  0%| F|  |TAMS 0x000000034a200000, 0x000000034a200000| Untracked 
| 590|0x000000034a400000, 0x000000034a400000, 0x000000034a600000|  0%| F|  |TAMS 0x000000034a400000, 0x000000034a400000| Untracked 
| 591|0x000000034a600000, 0x000000034a600000, 0x000000034a800000|  0%| F|  |TAMS 0x000000034a600000, 0x000000034a600000| Untracked 
| 592|0x000000034a800000, 0x000000034a800000, 0x000000034aa00000|  0%| F|  |TAMS 0x000000034a800000, 0x000000034a800000| Untracked 
| 593|0x000000034aa00000, 0x000000034aa00000, 0x000000034ac00000|  0%| F|  |TAMS 0x000000034aa00000, 0x000000034aa00000| Untracked 
| 594|0x000000034ac00000, 0x000000034ac00000, 0x000000034ae00000|  0%| F|  |TAMS 0x000000034ac00000, 0x000000034ac00000| Untracked 
| 595|0x000000034ae00000, 0x000000034ae00000, 0x000000034b000000|  0%| F|  |TAMS 0x000000034ae00000, 0x000000034ae00000| Untracked 
| 596|0x000000034b000000, 0x000000034b000000, 0x000000034b200000|  0%| F|  |TAMS 0x000000034b000000, 0x000000034b000000| Untracked 
| 597|0x000000034b200000, 0x000000034b200000, 0x000000034b400000|  0%| F|  |TAMS 0x000000034b200000, 0x000000034b200000| Untracked 
| 598|0x000000034b400000, 0x000000034b400000, 0x000000034b600000|  0%| F|  |TAMS 0x000000034b400000, 0x000000034b400000| Untracked 
| 599|0x000000034b600000, 0x000000034b600000, 0x000000034b800000|  0%| F|  |TAMS 0x000000034b600000, 0x000000034b600000| Untracked 
| 600|0x000000034b800000, 0x000000034b800000, 0x000000034ba00000|  0%| F|  |TAMS 0x000000034b800000, 0x000000034b800000| Untracked 
| 601|0x000000034ba00000, 0x000000034ba00000, 0x000000034bc00000|  0%| F|  |TAMS 0x000000034ba00000, 0x000000034ba00000| Untracked 
| 602|0x000000034bc00000, 0x000000034bc00000, 0x000000034be00000|  0%| F|  |TAMS 0x000000034bc00000, 0x000000034bc00000| Untracked 
| 603|0x000000034be00000, 0x000000034be00000, 0x000000034c000000|  0%| F|  |TAMS 0x000000034be00000, 0x000000034be00000| Untracked 
| 604|0x000000034c000000, 0x000000034c000000, 0x000000034c200000|  0%| F|  |TAMS 0x000000034c000000, 0x000000034c000000| Untracked 
| 605|0x000000034c200000, 0x000000034c200000, 0x000000034c400000|  0%| F|  |TAMS 0x000000034c200000, 0x000000034c200000| Untracked 
| 606|0x000000034c400000, 0x000000034c400000, 0x000000034c600000|  0%| F|  |TAMS 0x000000034c400000, 0x000000034c400000| Untracked 
| 607|0x000000034c600000, 0x000000034c600000, 0x000000034c800000|  0%| F|  |TAMS 0x000000034c600000, 0x000000034c600000| Untracked 
| 608|0x000000034c800000, 0x000000034c800000, 0x000000034ca00000|  0%| F|  |TAMS 0x000000034c800000, 0x000000034c800000| Untracked 
| 609|0x000000034ca00000, 0x000000034ca00000, 0x000000034cc00000|  0%| F|  |TAMS 0x000000034ca00000, 0x000000034ca00000| Untracked 
| 610|0x000000034cc00000, 0x000000034cc00000, 0x000000034ce00000|  0%| F|  |TAMS 0x000000034cc00000, 0x000000034cc00000| Untracked 
| 611|0x000000034ce00000, 0x000000034ce00000, 0x000000034d000000|  0%| F|  |TAMS 0x000000034ce00000, 0x000000034ce00000| Untracked 
| 612|0x000000034d000000, 0x000000034d000000, 0x000000034d200000|  0%| F|  |TAMS 0x000000034d000000, 0x000000034d000000| Untracked 
| 613|0x000000034d200000, 0x000000034d200000, 0x000000034d400000|  0%| F|  |TAMS 0x000000034d200000, 0x000000034d200000| Untracked 
| 614|0x000000034d400000, 0x000000034d400000, 0x000000034d600000|  0%| F|  |TAMS 0x000000034d400000, 0x000000034d400000| Untracked 
| 615|0x000000034d600000, 0x000000034d600000, 0x000000034d800000|  0%| F|  |TAMS 0x000000034d600000, 0x000000034d600000| Untracked 
| 616|0x000000034d800000, 0x000000034d800000, 0x000000034da00000|  0%| F|  |TAMS 0x000000034d800000, 0x000000034d800000| Untracked 
| 617|0x000000034da00000, 0x000000034da00000, 0x000000034dc00000|  0%| F|  |TAMS 0x000000034da00000, 0x000000034da00000| Untracked 
| 618|0x000000034dc00000, 0x000000034dc00000, 0x000000034de00000|  0%| F|  |TAMS 0x000000034dc00000, 0x000000034dc00000| Untracked 
| 619|0x000000034de00000, 0x000000034de00000, 0x000000034e000000|  0%| F|  |TAMS 0x000000034de00000, 0x000000034de00000| Untracked 
| 620|0x000000034e000000, 0x000000034e000000, 0x000000034e200000|  0%| F|  |TAMS 0x000000034e000000, 0x000000034e000000| Untracked 
| 621|0x000000034e200000, 0x000000034e200000, 0x000000034e400000|  0%| F|  |TAMS 0x000000034e200000, 0x000000034e200000| Untracked 
| 622|0x000000034e400000, 0x000000034e400000, 0x000000034e600000|  0%| F|  |TAMS 0x000000034e400000, 0x000000034e400000| Untracked 
| 623|0x000000034e600000, 0x000000034e600000, 0x000000034e800000|  0%| F|  |TAMS 0x000000034e600000, 0x000000034e600000| Untracked 
| 624|0x000000034e800000, 0x000000034e800000, 0x000000034ea00000|  0%| F|  |TAMS 0x000000034e800000, 0x000000034e800000| Untracked 
| 625|0x000000034ea00000, 0x000000034ea00000, 0x000000034ec00000|  0%| F|  |TAMS 0x000000034ea00000, 0x000000034ea00000| Untracked 
| 626|0x000000034ec00000, 0x000000034ec00000, 0x000000034ee00000|  0%| F|  |TAMS 0x000000034ec00000, 0x000000034ec00000| Untracked 
| 627|0x000000034ee00000, 0x000000034ee00000, 0x000000034f000000|  0%| F|  |TAMS 0x000000034ee00000, 0x000000034ee00000| Untracked 
| 628|0x000000034f000000, 0x000000034f000000, 0x000000034f200000|  0%| F|  |TAMS 0x000000034f000000, 0x000000034f000000| Untracked 
| 629|0x000000034f200000, 0x000000034f200000, 0x000000034f400000|  0%| F|  |TAMS 0x000000034f200000, 0x000000034f200000| Untracked 
| 630|0x000000034f400000, 0x000000034f400000, 0x000000034f600000|  0%| F|  |TAMS 0x000000034f400000, 0x000000034f400000| Untracked 
| 631|0x000000034f600000, 0x000000034f600000, 0x000000034f800000|  0%| F|  |TAMS 0x000000034f600000, 0x000000034f600000| Untracked 
| 632|0x000000034f800000, 0x000000034f800000, 0x000000034fa00000|  0%| F|  |TAMS 0x000000034f800000, 0x000000034f800000| Untracked 
| 633|0x000000034fa00000, 0x000000034fa00000, 0x000000034fc00000|  0%| F|  |TAMS 0x000000034fa00000, 0x000000034fa00000| Untracked 
| 634|0x000000034fc00000, 0x000000034fc00000, 0x000000034fe00000|  0%| F|  |TAMS 0x000000034fc00000, 0x000000034fc00000| Untracked 
| 635|0x000000034fe00000, 0x000000034fe00000, 0x0000000350000000|  0%| F|  |TAMS 0x000000034fe00000, 0x000000034fe00000| Untracked 
| 636|0x0000000350000000, 0x0000000350000000, 0x0000000350200000|  0%| F|  |TAMS 0x0000000350000000, 0x0000000350000000| Untracked 
| 637|0x0000000350200000, 0x0000000350200000, 0x0000000350400000|  0%| F|  |TAMS 0x0000000350200000, 0x0000000350200000| Untracked 
| 638|0x0000000350400000, 0x0000000350400000, 0x0000000350600000|  0%| F|  |TAMS 0x0000000350400000, 0x0000000350400000| Untracked 
| 639|0x0000000350600000, 0x0000000350600000, 0x0000000350800000|  0%| F|  |TAMS 0x0000000350600000, 0x0000000350600000| Untracked 
| 640|0x0000000350800000, 0x0000000350800000, 0x0000000350a00000|  0%| F|  |TAMS 0x0000000350800000, 0x0000000350800000| Untracked 
| 641|0x0000000350a00000, 0x0000000350a00000, 0x0000000350c00000|  0%| F|  |TAMS 0x0000000350a00000, 0x0000000350a00000| Untracked 
| 642|0x0000000350c00000, 0x0000000350c00000, 0x0000000350e00000|  0%| F|  |TAMS 0x0000000350c00000, 0x0000000350c00000| Untracked 
| 643|0x0000000350e00000, 0x0000000350e00000, 0x0000000351000000|  0%| F|  |TAMS 0x0000000350e00000, 0x0000000350e00000| Untracked 
| 644|0x0000000351000000, 0x0000000351000000, 0x0000000351200000|  0%| F|  |TAMS 0x0000000351000000, 0x0000000351000000| Untracked 
| 645|0x0000000351200000, 0x0000000351200000, 0x0000000351400000|  0%| F|  |TAMS 0x0000000351200000, 0x0000000351200000| Untracked 
| 646|0x0000000351400000, 0x0000000351400000, 0x0000000351600000|  0%| F|  |TAMS 0x0000000351400000, 0x0000000351400000| Untracked 
| 647|0x0000000351600000, 0x0000000351600000, 0x0000000351800000|  0%| F|  |TAMS 0x0000000351600000, 0x0000000351600000| Untracked 
| 648|0x0000000351800000, 0x0000000351800000, 0x0000000351a00000|  0%| F|  |TAMS 0x0000000351800000, 0x0000000351800000| Untracked 
| 649|0x0000000351a00000, 0x0000000351a7ce70, 0x0000000351c00000| 24%| E|  |TAMS 0x0000000351a00000, 0x0000000351a00000| Complete 
| 650|0x0000000351c00000, 0x0000000351e00000, 0x0000000351e00000|100%| E|CS|TAMS 0x0000000351c00000, 0x0000000351c00000| Complete 
| 651|0x0000000351e00000, 0x0000000352000000, 0x0000000352000000|100%| E|CS|TAMS 0x0000000351e00000, 0x0000000351e00000| Complete 
| 652|0x0000000352000000, 0x0000000352200000, 0x0000000352200000|100%| E|CS|TAMS 0x0000000352000000, 0x0000000352000000| Complete 
| 653|0x0000000352200000, 0x0000000352400000, 0x0000000352400000|100%| E|CS|TAMS 0x0000000352200000, 0x0000000352200000| Complete 
| 654|0x0000000352400000, 0x0000000352600000, 0x0000000352600000|100%| E|CS|TAMS 0x0000000352400000, 0x0000000352400000| Complete 
| 655|0x0000000352600000, 0x0000000352800000, 0x0000000352800000|100%| E|CS|TAMS 0x0000000352600000, 0x0000000352600000| Complete 
| 656|0x0000000352800000, 0x0000000352a00000, 0x0000000352a00000|100%| E|CS|TAMS 0x0000000352800000, 0x0000000352800000| Complete 
| 657|0x0000000352a00000, 0x0000000352c00000, 0x0000000352c00000|100%| E|CS|TAMS 0x0000000352a00000, 0x0000000352a00000| Complete 
| 658|0x0000000352c00000, 0x0000000352e00000, 0x0000000352e00000|100%| E|CS|TAMS 0x0000000352c00000, 0x0000000352c00000| Complete 
| 659|0x0000000352e00000, 0x0000000353000000, 0x0000000353000000|100%| E|CS|TAMS 0x0000000352e00000, 0x0000000352e00000| Complete 
| 660|0x0000000353000000, 0x0000000353200000, 0x0000000353200000|100%| E|CS|TAMS 0x0000000353000000, 0x0000000353000000| Complete 
| 661|0x0000000353200000, 0x0000000353400000, 0x0000000353400000|100%| E|CS|TAMS 0x0000000353200000, 0x0000000353200000| Complete 
| 662|0x0000000353400000, 0x0000000353600000, 0x0000000353600000|100%| E|CS|TAMS 0x0000000353400000, 0x0000000353400000| Complete 
| 663|0x0000000353600000, 0x0000000353800000, 0x0000000353800000|100%| E|CS|TAMS 0x0000000353600000, 0x0000000353600000| Complete 
| 664|0x0000000353800000, 0x0000000353a00000, 0x0000000353a00000|100%| E|CS|TAMS 0x0000000353800000, 0x0000000353800000| Complete 
| 665|0x0000000353a00000, 0x0000000353c00000, 0x0000000353c00000|100%| E|CS|TAMS 0x0000000353a00000, 0x0000000353a00000| Complete 
| 666|0x0000000353c00000, 0x0000000353e00000, 0x0000000353e00000|100%| E|CS|TAMS 0x0000000353c00000, 0x0000000353c00000| Complete 
| 667|0x0000000353e00000, 0x0000000354000000, 0x0000000354000000|100%| E|CS|TAMS 0x0000000353e00000, 0x0000000353e00000| Complete 
| 668|0x0000000354000000, 0x0000000354200000, 0x0000000354200000|100%| E|CS|TAMS 0x0000000354000000, 0x0000000354000000| Complete 
| 669|0x0000000354200000, 0x0000000354400000, 0x0000000354400000|100%| E|CS|TAMS 0x0000000354200000, 0x0000000354200000| Complete 
| 670|0x0000000354400000, 0x0000000354600000, 0x0000000354600000|100%| E|CS|TAMS 0x0000000354400000, 0x0000000354400000| Complete 
| 671|0x0000000354600000, 0x0000000354800000, 0x0000000354800000|100%| E|CS|TAMS 0x0000000354600000, 0x0000000354600000| Complete 
| 672|0x0000000354800000, 0x0000000354a00000, 0x0000000354a00000|100%| E|CS|TAMS 0x0000000354800000, 0x0000000354800000| Complete 
| 673|0x0000000354a00000, 0x0000000354c00000, 0x0000000354c00000|100%| E|CS|TAMS 0x0000000354a00000, 0x0000000354a00000| Complete 
| 674|0x0000000354c00000, 0x0000000354e00000, 0x0000000354e00000|100%| E|CS|TAMS 0x0000000354c00000, 0x0000000354c00000| Complete 
| 675|0x0000000354e00000, 0x0000000355000000, 0x0000000355000000|100%| E|CS|TAMS 0x0000000354e00000, 0x0000000354e00000| Complete 
| 676|0x0000000355000000, 0x0000000355200000, 0x0000000355200000|100%| E|CS|TAMS 0x0000000355000000, 0x0000000355000000| Complete 
| 677|0x0000000355200000, 0x0000000355400000, 0x0000000355400000|100%| E|CS|TAMS 0x0000000355200000, 0x0000000355200000| Complete 
| 678|0x0000000355400000, 0x0000000355600000, 0x0000000355600000|100%| E|CS|TAMS 0x0000000355400000, 0x0000000355400000| Complete 
| 679|0x0000000355600000, 0x0000000355800000, 0x0000000355800000|100%| E|CS|TAMS 0x0000000355600000, 0x0000000355600000| Complete 
| 680|0x0000000355800000, 0x0000000355a00000, 0x0000000355a00000|100%| E|CS|TAMS 0x0000000355800000, 0x0000000355800000| Complete 
| 681|0x0000000355a00000, 0x0000000355c00000, 0x0000000355c00000|100%| E|CS|TAMS 0x0000000355a00000, 0x0000000355a00000| Complete 
| 682|0x0000000355c00000, 0x0000000355e00000, 0x0000000355e00000|100%| E|CS|TAMS 0x0000000355c00000, 0x0000000355c00000| Complete 
| 683|0x0000000355e00000, 0x0000000356000000, 0x0000000356000000|100%| E|  |TAMS 0x0000000355e00000, 0x0000000355e00000| Complete 
| 684|0x0000000356000000, 0x0000000356200000, 0x0000000356200000|100%| E|CS|TAMS 0x0000000356000000, 0x0000000356000000| Complete 
| 685|0x0000000356200000, 0x0000000356400000, 0x0000000356400000|100%| E|CS|TAMS 0x0000000356200000, 0x0000000356200000| Complete 
| 686|0x0000000356400000, 0x0000000356600000, 0x0000000356600000|100%| E|CS|TAMS 0x0000000356400000, 0x0000000356400000| Complete 
| 687|0x0000000356600000, 0x0000000356800000, 0x0000000356800000|100%| E|CS|TAMS 0x0000000356600000, 0x0000000356600000| Complete 
| 688|0x0000000356800000, 0x0000000356a00000, 0x0000000356a00000|100%| E|CS|TAMS 0x0000000356800000, 0x0000000356800000| Complete 
| 689|0x0000000356a00000, 0x0000000356c00000, 0x0000000356c00000|100%| E|CS|TAMS 0x0000000356a00000, 0x0000000356a00000| Complete 
| 690|0x0000000356c00000, 0x0000000356e00000, 0x0000000356e00000|100%| E|CS|TAMS 0x0000000356c00000, 0x0000000356c00000| Complete 
| 691|0x0000000356e00000, 0x0000000357000000, 0x0000000357000000|100%| E|CS|TAMS 0x0000000356e00000, 0x0000000356e00000| Complete 
| 692|0x0000000357000000, 0x0000000357200000, 0x0000000357200000|100%| E|CS|TAMS 0x0000000357000000, 0x0000000357000000| Complete 
| 693|0x0000000357200000, 0x0000000357400000, 0x0000000357400000|100%| E|CS|TAMS 0x0000000357200000, 0x0000000357200000| Complete 
| 694|0x0000000357400000, 0x0000000357600000, 0x0000000357600000|100%| E|CS|TAMS 0x0000000357400000, 0x0000000357400000| Complete 
| 695|0x0000000357600000, 0x0000000357800000, 0x0000000357800000|100%| E|CS|TAMS 0x0000000357600000, 0x0000000357600000| Complete 
| 696|0x0000000357800000, 0x0000000357a00000, 0x0000000357a00000|100%| E|CS|TAMS 0x0000000357800000, 0x0000000357800000| Complete 
| 697|0x0000000357a00000, 0x0000000357c00000, 0x0000000357c00000|100%| E|CS|TAMS 0x0000000357a00000, 0x0000000357a00000| Complete 
| 698|0x0000000357c00000, 0x0000000357e00000, 0x0000000357e00000|100%| E|CS|TAMS 0x0000000357c00000, 0x0000000357c00000| Complete 
| 699|0x0000000357e00000, 0x0000000358000000, 0x0000000358000000|100%| E|CS|TAMS 0x0000000357e00000, 0x0000000357e00000| Complete 
| 700|0x0000000358000000, 0x0000000358200000, 0x0000000358200000|100%| E|CS|TAMS 0x0000000358000000, 0x0000000358000000| Complete 
| 701|0x0000000358200000, 0x0000000358400000, 0x0000000358400000|100%| E|CS|TAMS 0x0000000358200000, 0x0000000358200000| Complete 
| 702|0x0000000358400000, 0x0000000358600000, 0x0000000358600000|100%| E|CS|TAMS 0x0000000358400000, 0x0000000358400000| Complete 
| 703|0x0000000358600000, 0x0000000358800000, 0x0000000358800000|100%| E|CS|TAMS 0x0000000358600000, 0x0000000358600000| Complete 
| 704|0x0000000358800000, 0x0000000358a00000, 0x0000000358a00000|100%| E|CS|TAMS 0x0000000358800000, 0x0000000358800000| Complete 
| 705|0x0000000358a00000, 0x0000000358c00000, 0x0000000358c00000|100%| E|CS|TAMS 0x0000000358a00000, 0x0000000358a00000| Complete 
| 706|0x0000000358c00000, 0x0000000358e00000, 0x0000000358e00000|100%| E|CS|TAMS 0x0000000358c00000, 0x0000000358c00000| Complete 
| 707|0x0000000358e00000, 0x0000000359000000, 0x0000000359000000|100%| E|CS|TAMS 0x0000000358e00000, 0x0000000358e00000| Complete 
| 708|0x0000000359000000, 0x0000000359200000, 0x0000000359200000|100%| E|CS|TAMS 0x0000000359000000, 0x0000000359000000| Complete 
| 709|0x0000000359200000, 0x0000000359400000, 0x0000000359400000|100%| E|CS|TAMS 0x0000000359200000, 0x0000000359200000| Complete 
| 710|0x0000000359400000, 0x0000000359600000, 0x0000000359600000|100%| E|CS|TAMS 0x0000000359400000, 0x0000000359400000| Complete 
| 711|0x0000000359600000, 0x0000000359800000, 0x0000000359800000|100%| E|CS|TAMS 0x0000000359600000, 0x0000000359600000| Complete 
| 712|0x0000000359800000, 0x0000000359a00000, 0x0000000359a00000|100%| E|CS|TAMS 0x0000000359800000, 0x0000000359800000| Complete 
| 713|0x0000000359a00000, 0x0000000359c00000, 0x0000000359c00000|100%| E|CS|TAMS 0x0000000359a00000, 0x0000000359a00000| Complete 
| 714|0x0000000359c00000, 0x0000000359e00000, 0x0000000359e00000|100%| E|CS|TAMS 0x0000000359c00000, 0x0000000359c00000| Complete 
| 715|0x0000000359e00000, 0x000000035a000000, 0x000000035a000000|100%| E|CS|TAMS 0x0000000359e00000, 0x0000000359e00000| Complete 
| 716|0x000000035a000000, 0x000000035a200000, 0x000000035a200000|100%| E|CS|TAMS 0x000000035a000000, 0x000000035a000000| Complete 
| 717|0x000000035a200000, 0x000000035a400000, 0x000000035a400000|100%| E|CS|TAMS 0x000000035a200000, 0x000000035a200000| Complete 
| 718|0x000000035a400000, 0x000000035a600000, 0x000000035a600000|100%| E|CS|TAMS 0x000000035a400000, 0x000000035a400000| Complete 
| 719|0x000000035a600000, 0x000000035a800000, 0x000000035a800000|100%| E|CS|TAMS 0x000000035a600000, 0x000000035a600000| Complete 
| 720|0x000000035a800000, 0x000000035aa00000, 0x000000035aa00000|100%| E|CS|TAMS 0x000000035a800000, 0x000000035a800000| Complete 
| 721|0x000000035aa00000, 0x000000035ac00000, 0x000000035ac00000|100%| E|CS|TAMS 0x000000035aa00000, 0x000000035aa00000| Complete 
| 722|0x000000035ac00000, 0x000000035ae00000, 0x000000035ae00000|100%| E|CS|TAMS 0x000000035ac00000, 0x000000035ac00000| Complete 
| 723|0x000000035ae00000, 0x000000035b000000, 0x000000035b000000|100%| E|CS|TAMS 0x000000035ae00000, 0x000000035ae00000| Complete 
| 724|0x000000035b000000, 0x000000035b200000, 0x000000035b200000|100%| E|CS|TAMS 0x000000035b000000, 0x000000035b000000| Complete 
| 725|0x000000035b200000, 0x000000035b400000, 0x000000035b400000|100%| E|CS|TAMS 0x000000035b200000, 0x000000035b200000| Complete 
| 726|0x000000035b400000, 0x000000035b600000, 0x000000035b600000|100%| E|CS|TAMS 0x000000035b400000, 0x000000035b400000| Complete 
| 727|0x000000035b600000, 0x000000035b800000, 0x000000035b800000|100%| E|CS|TAMS 0x000000035b600000, 0x000000035b600000| Complete 
| 728|0x000000035b800000, 0x000000035ba00000, 0x000000035ba00000|100%| E|CS|TAMS 0x000000035b800000, 0x000000035b800000| Complete 
| 729|0x000000035ba00000, 0x000000035bc00000, 0x000000035bc00000|100%| E|CS|TAMS 0x000000035ba00000, 0x000000035ba00000| Complete 
| 730|0x000000035bc00000, 0x000000035be00000, 0x000000035be00000|100%| E|CS|TAMS 0x000000035bc00000, 0x000000035bc00000| Complete 
| 731|0x000000035be00000, 0x000000035c000000, 0x000000035c000000|100%| E|CS|TAMS 0x000000035be00000, 0x000000035be00000| Complete 
| 732|0x000000035c000000, 0x000000035c200000, 0x000000035c200000|100%| E|CS|TAMS 0x000000035c000000, 0x000000035c000000| Complete 
| 733|0x000000035c200000, 0x000000035c400000, 0x000000035c400000|100%| E|CS|TAMS 0x000000035c200000, 0x000000035c200000| Complete 
| 734|0x000000035c400000, 0x000000035c600000, 0x000000035c600000|100%| E|CS|TAMS 0x000000035c400000, 0x000000035c400000| Complete 
| 735|0x000000035c600000, 0x000000035c800000, 0x000000035c800000|100%| E|CS|TAMS 0x000000035c600000, 0x000000035c600000| Complete 
| 736|0x000000035c800000, 0x000000035ca00000, 0x000000035ca00000|100%| E|CS|TAMS 0x000000035c800000, 0x000000035c800000| Complete 
| 737|0x000000035ca00000, 0x000000035cc00000, 0x000000035cc00000|100%| E|CS|TAMS 0x000000035ca00000, 0x000000035ca00000| Complete 
| 738|0x000000035cc00000, 0x000000035ce00000, 0x000000035ce00000|100%| E|CS|TAMS 0x000000035cc00000, 0x000000035cc00000| Complete 
| 739|0x000000035ce00000, 0x000000035d000000, 0x000000035d000000|100%| E|CS|TAMS 0x000000035ce00000, 0x000000035ce00000| Complete 
| 740|0x000000035d000000, 0x000000035d200000, 0x000000035d200000|100%| E|CS|TAMS 0x000000035d000000, 0x000000035d000000| Complete 
| 741|0x000000035d200000, 0x000000035d400000, 0x000000035d400000|100%| E|CS|TAMS 0x000000035d200000, 0x000000035d200000| Complete 
| 742|0x000000035d400000, 0x000000035d600000, 0x000000035d600000|100%| E|CS|TAMS 0x000000035d400000, 0x000000035d400000| Complete 
| 743|0x000000035d600000, 0x000000035d800000, 0x000000035d800000|100%| E|CS|TAMS 0x000000035d600000, 0x000000035d600000| Complete 
| 744|0x000000035d800000, 0x000000035da00000, 0x000000035da00000|100%| E|CS|TAMS 0x000000035d800000, 0x000000035d800000| Complete 
| 745|0x000000035da00000, 0x000000035dc00000, 0x000000035dc00000|100%| E|CS|TAMS 0x000000035da00000, 0x000000035da00000| Complete 
| 746|0x000000035dc00000, 0x000000035de00000, 0x000000035de00000|100%| E|CS|TAMS 0x000000035dc00000, 0x000000035dc00000| Complete 
| 747|0x000000035de00000, 0x000000035e000000, 0x000000035e000000|100%| E|CS|TAMS 0x000000035de00000, 0x000000035de00000| Complete 
| 748|0x000000035e000000, 0x000000035e200000, 0x000000035e200000|100%| E|CS|TAMS 0x000000035e000000, 0x000000035e000000| Complete 
| 749|0x000000035e200000, 0x000000035e400000, 0x000000035e400000|100%| E|CS|TAMS 0x000000035e200000, 0x000000035e200000| Complete 
| 750|0x000000035e400000, 0x000000035e600000, 0x000000035e600000|100%| E|CS|TAMS 0x000000035e400000, 0x000000035e400000| Complete 
| 751|0x000000035e600000, 0x000000035e800000, 0x000000035e800000|100%| E|CS|TAMS 0x000000035e600000, 0x000000035e600000| Complete 
| 752|0x000000035e800000, 0x000000035ea00000, 0x000000035ea00000|100%| E|CS|TAMS 0x000000035e800000, 0x000000035e800000| Complete 
| 753|0x000000035ea00000, 0x000000035ec00000, 0x000000035ec00000|100%| E|CS|TAMS 0x000000035ea00000, 0x000000035ea00000| Complete 
| 754|0x000000035ec00000, 0x000000035ee00000, 0x000000035ee00000|100%| E|CS|TAMS 0x000000035ec00000, 0x000000035ec00000| Complete 
| 755|0x000000035ee00000, 0x000000035f000000, 0x000000035f000000|100%| E|CS|TAMS 0x000000035ee00000, 0x000000035ee00000| Complete 
| 756|0x000000035f000000, 0x000000035f200000, 0x000000035f200000|100%| E|CS|TAMS 0x000000035f000000, 0x000000035f000000| Complete 
| 757|0x000000035f200000, 0x000000035f400000, 0x000000035f400000|100%| E|CS|TAMS 0x000000035f200000, 0x000000035f200000| Complete 
| 758|0x000000035f400000, 0x000000035f600000, 0x000000035f600000|100%| E|CS|TAMS 0x000000035f400000, 0x000000035f400000| Complete 
| 759|0x000000035f600000, 0x000000035f800000, 0x000000035f800000|100%| E|CS|TAMS 0x000000035f600000, 0x000000035f600000| Complete 
| 760|0x000000035f800000, 0x000000035fa00000, 0x000000035fa00000|100%| E|CS|TAMS 0x000000035f800000, 0x000000035f800000| Complete 
| 761|0x000000035fa00000, 0x000000035fc00000, 0x000000035fc00000|100%| E|CS|TAMS 0x000000035fa00000, 0x000000035fa00000| Complete 
| 762|0x000000035fc00000, 0x000000035fe00000, 0x000000035fe00000|100%| E|CS|TAMS 0x000000035fc00000, 0x000000035fc00000| Complete 
| 763|0x000000035fe00000, 0x0000000360000000, 0x0000000360000000|100%| E|CS|TAMS 0x000000035fe00000, 0x000000035fe00000| Complete 
| 764|0x0000000360000000, 0x0000000360200000, 0x0000000360200000|100%| E|CS|TAMS 0x0000000360000000, 0x0000000360000000| Complete 
| 765|0x0000000360200000, 0x0000000360400000, 0x0000000360400000|100%| E|CS|TAMS 0x0000000360200000, 0x0000000360200000| Complete 
| 766|0x0000000360400000, 0x0000000360600000, 0x0000000360600000|100%| E|CS|TAMS 0x0000000360400000, 0x0000000360400000| Complete 
| 767|0x0000000360600000, 0x0000000360800000, 0x0000000360800000|100%| E|CS|TAMS 0x0000000360600000, 0x0000000360600000| Complete 
| 768|0x0000000360800000, 0x0000000360a00000, 0x0000000360a00000|100%| E|CS|TAMS 0x0000000360800000, 0x0000000360800000| Complete 
| 769|0x0000000360a00000, 0x0000000360c00000, 0x0000000360c00000|100%| E|CS|TAMS 0x0000000360a00000, 0x0000000360a00000| Complete 
| 770|0x0000000360c00000, 0x0000000360e00000, 0x0000000360e00000|100%| E|CS|TAMS 0x0000000360c00000, 0x0000000360c00000| Complete 
| 771|0x0000000360e00000, 0x0000000361000000, 0x0000000361000000|100%| E|CS|TAMS 0x0000000360e00000, 0x0000000360e00000| Complete 
| 772|0x0000000361000000, 0x0000000361200000, 0x0000000361200000|100%| E|CS|TAMS 0x0000000361000000, 0x0000000361000000| Complete 
| 773|0x0000000361200000, 0x0000000361400000, 0x0000000361400000|100%| E|CS|TAMS 0x0000000361200000, 0x0000000361200000| Complete 
| 774|0x0000000361400000, 0x0000000361600000, 0x0000000361600000|100%| E|CS|TAMS 0x0000000361400000, 0x0000000361400000| Complete 
| 775|0x0000000361600000, 0x0000000361800000, 0x0000000361800000|100%| E|CS|TAMS 0x0000000361600000, 0x0000000361600000| Complete 
| 776|0x0000000361800000, 0x0000000361a00000, 0x0000000361a00000|100%| E|CS|TAMS 0x0000000361800000, 0x0000000361800000| Complete 
| 777|0x0000000361a00000, 0x0000000361c00000, 0x0000000361c00000|100%| E|CS|TAMS 0x0000000361a00000, 0x0000000361a00000| Complete 
| 778|0x0000000361c00000, 0x0000000361e00000, 0x0000000361e00000|100%| E|CS|TAMS 0x0000000361c00000, 0x0000000361c00000| Complete 
| 779|0x0000000361e00000, 0x0000000362000000, 0x0000000362000000|100%| E|CS|TAMS 0x0000000361e00000, 0x0000000361e00000| Complete 
| 780|0x0000000362000000, 0x0000000362200000, 0x0000000362200000|100%| E|CS|TAMS 0x0000000362000000, 0x0000000362000000| Complete 
| 781|0x0000000362200000, 0x0000000362400000, 0x0000000362400000|100%| E|CS|TAMS 0x0000000362200000, 0x0000000362200000| Complete 
| 782|0x0000000362400000, 0x0000000362600000, 0x0000000362600000|100%| E|CS|TAMS 0x0000000362400000, 0x0000000362400000| Complete 
| 783|0x0000000362600000, 0x0000000362800000, 0x0000000362800000|100%| E|CS|TAMS 0x0000000362600000, 0x0000000362600000| Complete 
| 784|0x0000000362800000, 0x0000000362a00000, 0x0000000362a00000|100%| E|CS|TAMS 0x0000000362800000, 0x0000000362800000| Complete 
| 785|0x0000000362a00000, 0x0000000362c00000, 0x0000000362c00000|100%| E|CS|TAMS 0x0000000362a00000, 0x0000000362a00000| Complete 
| 786|0x0000000362c00000, 0x0000000362e00000, 0x0000000362e00000|100%| E|CS|TAMS 0x0000000362c00000, 0x0000000362c00000| Complete 
| 787|0x0000000362e00000, 0x0000000363000000, 0x0000000363000000|100%| E|CS|TAMS 0x0000000362e00000, 0x0000000362e00000| Complete 
| 788|0x0000000363000000, 0x0000000363200000, 0x0000000363200000|100%| E|CS|TAMS 0x0000000363000000, 0x0000000363000000| Complete 
| 789|0x0000000363200000, 0x0000000363400000, 0x0000000363400000|100%| E|CS|TAMS 0x0000000363200000, 0x0000000363200000| Complete 
| 790|0x0000000363400000, 0x0000000363600000, 0x0000000363600000|100%| E|CS|TAMS 0x0000000363400000, 0x0000000363400000| Complete 
| 791|0x0000000363600000, 0x0000000363800000, 0x0000000363800000|100%| E|CS|TAMS 0x0000000363600000, 0x0000000363600000| Complete 
| 792|0x0000000363800000, 0x0000000363a00000, 0x0000000363a00000|100%| E|CS|TAMS 0x0000000363800000, 0x0000000363800000| Complete 
| 793|0x0000000363a00000, 0x0000000363c00000, 0x0000000363c00000|100%| E|CS|TAMS 0x0000000363a00000, 0x0000000363a00000| Complete 
| 794|0x0000000363c00000, 0x0000000363e00000, 0x0000000363e00000|100%| E|CS|TAMS 0x0000000363c00000, 0x0000000363c00000| Complete 
| 795|0x0000000363e00000, 0x0000000364000000, 0x0000000364000000|100%| E|CS|TAMS 0x0000000363e00000, 0x0000000363e00000| Complete 
| 796|0x0000000364000000, 0x0000000364200000, 0x0000000364200000|100%| E|CS|TAMS 0x0000000364000000, 0x0000000364000000| Complete 
| 797|0x0000000364200000, 0x0000000364400000, 0x0000000364400000|100%| E|CS|TAMS 0x0000000364200000, 0x0000000364200000| Complete 
| 798|0x0000000364400000, 0x0000000364600000, 0x0000000364600000|100%| E|CS|TAMS 0x0000000364400000, 0x0000000364400000| Complete 
| 799|0x0000000364600000, 0x0000000364800000, 0x0000000364800000|100%| E|CS|TAMS 0x0000000364600000, 0x0000000364600000| Complete 
| 800|0x0000000364800000, 0x0000000364a00000, 0x0000000364a00000|100%| E|CS|TAMS 0x0000000364800000, 0x0000000364800000| Complete 
| 801|0x0000000364a00000, 0x0000000364c00000, 0x0000000364c00000|100%| E|CS|TAMS 0x0000000364a00000, 0x0000000364a00000| Complete 
| 802|0x0000000364c00000, 0x0000000364e00000, 0x0000000364e00000|100%| E|CS|TAMS 0x0000000364c00000, 0x0000000364c00000| Complete 
| 803|0x0000000364e00000, 0x0000000365000000, 0x0000000365000000|100%| E|CS|TAMS 0x0000000364e00000, 0x0000000364e00000| Complete 
| 804|0x0000000365000000, 0x0000000365200000, 0x0000000365200000|100%| E|CS|TAMS 0x0000000365000000, 0x0000000365000000| Complete 
| 805|0x0000000365200000, 0x0000000365400000, 0x0000000365400000|100%| E|CS|TAMS 0x0000000365200000, 0x0000000365200000| Complete 
| 806|0x0000000365400000, 0x0000000365600000, 0x0000000365600000|100%| E|CS|TAMS 0x0000000365400000, 0x0000000365400000| Complete 
| 807|0x0000000365600000, 0x0000000365800000, 0x0000000365800000|100%| E|CS|TAMS 0x0000000365600000, 0x0000000365600000| Complete 
| 808|0x0000000365800000, 0x0000000365a00000, 0x0000000365a00000|100%| E|CS|TAMS 0x0000000365800000, 0x0000000365800000| Complete 
| 809|0x0000000365a00000, 0x0000000365c00000, 0x0000000365c00000|100%| E|CS|TAMS 0x0000000365a00000, 0x0000000365a00000| Complete 
| 810|0x0000000365c00000, 0x0000000365e00000, 0x0000000365e00000|100%| E|CS|TAMS 0x0000000365c00000, 0x0000000365c00000| Complete 
| 811|0x0000000365e00000, 0x0000000366000000, 0x0000000366000000|100%| E|CS|TAMS 0x0000000365e00000, 0x0000000365e00000| Complete 
| 812|0x0000000366000000, 0x0000000366200000, 0x0000000366200000|100%| E|CS|TAMS 0x0000000366000000, 0x0000000366000000| Complete 
| 813|0x0000000366200000, 0x0000000366400000, 0x0000000366400000|100%| E|CS|TAMS 0x0000000366200000, 0x0000000366200000| Complete 
| 814|0x0000000366400000, 0x0000000366600000, 0x0000000366600000|100%| E|CS|TAMS 0x0000000366400000, 0x0000000366400000| Complete 
| 815|0x0000000366600000, 0x0000000366800000, 0x0000000366800000|100%| E|CS|TAMS 0x0000000366600000, 0x0000000366600000| Complete 
| 816|0x0000000366800000, 0x0000000366a00000, 0x0000000366a00000|100%| E|CS|TAMS 0x0000000366800000, 0x0000000366800000| Complete 
| 817|0x0000000366a00000, 0x0000000366c00000, 0x0000000366c00000|100%| E|CS|TAMS 0x0000000366a00000, 0x0000000366a00000| Complete 
| 818|0x0000000366c00000, 0x0000000366e00000, 0x0000000366e00000|100%| E|CS|TAMS 0x0000000366c00000, 0x0000000366c00000| Complete 
| 819|0x0000000366e00000, 0x0000000367000000, 0x0000000367000000|100%| E|CS|TAMS 0x0000000366e00000, 0x0000000366e00000| Complete 
| 820|0x0000000367000000, 0x0000000367200000, 0x0000000367200000|100%| E|CS|TAMS 0x0000000367000000, 0x0000000367000000| Complete 
| 821|0x0000000367200000, 0x0000000367400000, 0x0000000367400000|100%| E|CS|TAMS 0x0000000367200000, 0x0000000367200000| Complete 
| 822|0x0000000367400000, 0x0000000367600000, 0x0000000367600000|100%| E|CS|TAMS 0x0000000367400000, 0x0000000367400000| Complete 
| 823|0x0000000367600000, 0x0000000367800000, 0x0000000367800000|100%| E|CS|TAMS 0x0000000367600000, 0x0000000367600000| Complete 
| 824|0x0000000367800000, 0x0000000367a00000, 0x0000000367a00000|100%| E|CS|TAMS 0x0000000367800000, 0x0000000367800000| Complete 
| 825|0x0000000367a00000, 0x0000000367c00000, 0x0000000367c00000|100%| E|CS|TAMS 0x0000000367a00000, 0x0000000367a00000| Complete 
| 826|0x0000000367c00000, 0x0000000367e00000, 0x0000000367e00000|100%| E|CS|TAMS 0x0000000367c00000, 0x0000000367c00000| Complete 
| 827|0x0000000367e00000, 0x0000000368000000, 0x0000000368000000|100%| E|CS|TAMS 0x0000000367e00000, 0x0000000367e00000| Complete 
| 828|0x0000000368000000, 0x0000000368200000, 0x0000000368200000|100%| E|CS|TAMS 0x0000000368000000, 0x0000000368000000| Complete 
| 829|0x0000000368200000, 0x0000000368400000, 0x0000000368400000|100%| E|CS|TAMS 0x0000000368200000, 0x0000000368200000| Complete 
| 830|0x0000000368400000, 0x0000000368600000, 0x0000000368600000|100%| E|CS|TAMS 0x0000000368400000, 0x0000000368400000| Complete 
| 831|0x0000000368600000, 0x0000000368800000, 0x0000000368800000|100%| E|CS|TAMS 0x0000000368600000, 0x0000000368600000| Complete 
| 832|0x0000000368800000, 0x0000000368a00000, 0x0000000368a00000|100%| E|CS|TAMS 0x0000000368800000, 0x0000000368800000| Complete 
| 833|0x0000000368a00000, 0x0000000368c00000, 0x0000000368c00000|100%| E|CS|TAMS 0x0000000368a00000, 0x0000000368a00000| Complete 
| 834|0x0000000368c00000, 0x0000000368e00000, 0x0000000368e00000|100%| E|CS|TAMS 0x0000000368c00000, 0x0000000368c00000| Complete 
| 835|0x0000000368e00000, 0x0000000369000000, 0x0000000369000000|100%| E|CS|TAMS 0x0000000368e00000, 0x0000000368e00000| Complete 
| 836|0x0000000369000000, 0x0000000369200000, 0x0000000369200000|100%| E|CS|TAMS 0x0000000369000000, 0x0000000369000000| Complete 
| 837|0x0000000369200000, 0x0000000369400000, 0x0000000369400000|100%| E|CS|TAMS 0x0000000369200000, 0x0000000369200000| Complete 
| 838|0x0000000369400000, 0x0000000369600000, 0x0000000369600000|100%| E|CS|TAMS 0x0000000369400000, 0x0000000369400000| Complete 
| 839|0x0000000369600000, 0x0000000369800000, 0x0000000369800000|100%| E|CS|TAMS 0x0000000369600000, 0x0000000369600000| Complete 
| 840|0x0000000369800000, 0x0000000369a00000, 0x0000000369a00000|100%| E|CS|TAMS 0x0000000369800000, 0x0000000369800000| Complete 
| 841|0x0000000369a00000, 0x0000000369c00000, 0x0000000369c00000|100%| E|CS|TAMS 0x0000000369a00000, 0x0000000369a00000| Complete 
| 842|0x0000000369c00000, 0x0000000369e00000, 0x0000000369e00000|100%| E|CS|TAMS 0x0000000369c00000, 0x0000000369c00000| Complete 
| 843|0x0000000369e00000, 0x000000036a000000, 0x000000036a000000|100%| E|CS|TAMS 0x0000000369e00000, 0x0000000369e00000| Complete 
| 844|0x000000036a000000, 0x000000036a200000, 0x000000036a200000|100%| E|CS|TAMS 0x000000036a000000, 0x000000036a000000| Complete 
| 845|0x000000036a200000, 0x000000036a400000, 0x000000036a400000|100%| E|CS|TAMS 0x000000036a200000, 0x000000036a200000| Complete 
| 846|0x000000036a400000, 0x000000036a600000, 0x000000036a600000|100%| E|CS|TAMS 0x000000036a400000, 0x000000036a400000| Complete 
| 847|0x000000036a600000, 0x000000036a800000, 0x000000036a800000|100%| E|CS|TAMS 0x000000036a600000, 0x000000036a600000| Complete 
| 848|0x000000036a800000, 0x000000036aa00000, 0x000000036aa00000|100%| E|CS|TAMS 0x000000036a800000, 0x000000036a800000| Complete 
| 849|0x000000036aa00000, 0x000000036ac00000, 0x000000036ac00000|100%| E|CS|TAMS 0x000000036aa00000, 0x000000036aa00000| Complete 
| 850|0x000000036ac00000, 0x000000036ae00000, 0x000000036ae00000|100%| E|CS|TAMS 0x000000036ac00000, 0x000000036ac00000| Complete 
| 851|0x000000036ae00000, 0x000000036b000000, 0x000000036b000000|100%| E|CS|TAMS 0x000000036ae00000, 0x000000036ae00000| Complete 
| 852|0x000000036b000000, 0x000000036b200000, 0x000000036b200000|100%| E|CS|TAMS 0x000000036b000000, 0x000000036b000000| Complete 
| 853|0x000000036b200000, 0x000000036b400000, 0x000000036b400000|100%| E|CS|TAMS 0x000000036b200000, 0x000000036b200000| Complete 
| 854|0x000000036b400000, 0x000000036b600000, 0x000000036b600000|100%| E|CS|TAMS 0x000000036b400000, 0x000000036b400000| Complete 
| 855|0x000000036b600000, 0x000000036b800000, 0x000000036b800000|100%| E|CS|TAMS 0x000000036b600000, 0x000000036b600000| Complete 
| 856|0x000000036b800000, 0x000000036ba00000, 0x000000036ba00000|100%| E|CS|TAMS 0x000000036b800000, 0x000000036b800000| Complete 
| 857|0x000000036ba00000, 0x000000036bc00000, 0x000000036bc00000|100%| E|CS|TAMS 0x000000036ba00000, 0x000000036ba00000| Complete 
| 858|0x000000036bc00000, 0x000000036be00000, 0x000000036be00000|100%| E|CS|TAMS 0x000000036bc00000, 0x000000036bc00000| Complete 
| 859|0x000000036be00000, 0x000000036c000000, 0x000000036c000000|100%| E|CS|TAMS 0x000000036be00000, 0x000000036be00000| Complete 
| 860|0x000000036c000000, 0x000000036c200000, 0x000000036c200000|100%| E|CS|TAMS 0x000000036c000000, 0x000000036c000000| Complete 
| 861|0x000000036c200000, 0x000000036c400000, 0x000000036c400000|100%| E|CS|TAMS 0x000000036c200000, 0x000000036c200000| Complete 
| 862|0x000000036c400000, 0x000000036c600000, 0x000000036c600000|100%| E|CS|TAMS 0x000000036c400000, 0x000000036c400000| Complete 
| 863|0x000000036c600000, 0x000000036c800000, 0x000000036c800000|100%| E|CS|TAMS 0x000000036c600000, 0x000000036c600000| Complete 
| 864|0x000000036c800000, 0x000000036ca00000, 0x000000036ca00000|100%| E|CS|TAMS 0x000000036c800000, 0x000000036c800000| Complete 
| 865|0x000000036ca00000, 0x000000036cc00000, 0x000000036cc00000|100%| E|CS|TAMS 0x000000036ca00000, 0x000000036ca00000| Complete 
| 866|0x000000036cc00000, 0x000000036ce00000, 0x000000036ce00000|100%| E|CS|TAMS 0x000000036cc00000, 0x000000036cc00000| Complete 
| 867|0x000000036ce00000, 0x000000036d000000, 0x000000036d000000|100%| E|CS|TAMS 0x000000036ce00000, 0x000000036ce00000| Complete 
| 868|0x000000036d000000, 0x000000036d200000, 0x000000036d200000|100%| E|CS|TAMS 0x000000036d000000, 0x000000036d000000| Complete 
| 869|0x000000036d200000, 0x000000036d400000, 0x000000036d400000|100%| E|CS|TAMS 0x000000036d200000, 0x000000036d200000| Complete 
| 870|0x000000036d400000, 0x000000036d600000, 0x000000036d600000|100%| E|CS|TAMS 0x000000036d400000, 0x000000036d400000| Complete 
| 871|0x000000036d600000, 0x000000036d800000, 0x000000036d800000|100%| E|CS|TAMS 0x000000036d600000, 0x000000036d600000| Complete 
| 872|0x000000036d800000, 0x000000036da00000, 0x000000036da00000|100%| E|CS|TAMS 0x000000036d800000, 0x000000036d800000| Complete 
| 873|0x000000036da00000, 0x000000036dc00000, 0x000000036dc00000|100%| E|CS|TAMS 0x000000036da00000, 0x000000036da00000| Complete 
| 874|0x000000036dc00000, 0x000000036de00000, 0x000000036de00000|100%| E|CS|TAMS 0x000000036dc00000, 0x000000036dc00000| Complete 
| 875|0x000000036de00000, 0x000000036e000000, 0x000000036e000000|100%| E|CS|TAMS 0x000000036de00000, 0x000000036de00000| Complete 
| 876|0x000000036e000000, 0x000000036e200000, 0x000000036e200000|100%| E|CS|TAMS 0x000000036e000000, 0x000000036e000000| Complete 
| 877|0x000000036e200000, 0x000000036e400000, 0x000000036e400000|100%| E|CS|TAMS 0x000000036e200000, 0x000000036e200000| Complete 
| 878|0x000000036e400000, 0x000000036e600000, 0x000000036e600000|100%| E|CS|TAMS 0x000000036e400000, 0x000000036e400000| Complete 
| 879|0x000000036e600000, 0x000000036e800000, 0x000000036e800000|100%| E|CS|TAMS 0x000000036e600000, 0x000000036e600000| Complete 
| 880|0x000000036e800000, 0x000000036ea00000, 0x000000036ea00000|100%| E|CS|TAMS 0x000000036e800000, 0x000000036e800000| Complete 
| 881|0x000000036ea00000, 0x000000036ec00000, 0x000000036ec00000|100%| E|CS|TAMS 0x000000036ea00000, 0x000000036ea00000| Complete 
| 882|0x000000036ec00000, 0x000000036ee00000, 0x000000036ee00000|100%| E|CS|TAMS 0x000000036ec00000, 0x000000036ec00000| Complete 
| 883|0x000000036ee00000, 0x000000036f000000, 0x000000036f000000|100%| E|CS|TAMS 0x000000036ee00000, 0x000000036ee00000| Complete 
| 884|0x000000036f000000, 0x000000036f200000, 0x000000036f200000|100%| E|CS|TAMS 0x000000036f000000, 0x000000036f000000| Complete 
| 885|0x000000036f200000, 0x000000036f400000, 0x000000036f400000|100%| E|CS|TAMS 0x000000036f200000, 0x000000036f200000| Complete 
| 886|0x000000036f400000, 0x000000036f600000, 0x000000036f600000|100%| E|CS|TAMS 0x000000036f400000, 0x000000036f400000| Complete 
| 887|0x000000036f600000, 0x000000036f800000, 0x000000036f800000|100%| E|CS|TAMS 0x000000036f600000, 0x000000036f600000| Complete 
| 888|0x000000036f800000, 0x000000036fa00000, 0x000000036fa00000|100%| E|CS|TAMS 0x000000036f800000, 0x000000036f800000| Complete 
| 889|0x000000036fa00000, 0x000000036fc00000, 0x000000036fc00000|100%| E|CS|TAMS 0x000000036fa00000, 0x000000036fa00000| Complete 
| 890|0x000000036fc00000, 0x000000036fe00000, 0x000000036fe00000|100%| E|CS|TAMS 0x000000036fc00000, 0x000000036fc00000| Complete 
| 891|0x000000036fe00000, 0x0000000370000000, 0x0000000370000000|100%| E|CS|TAMS 0x000000036fe00000, 0x000000036fe00000| Complete 
| 892|0x0000000370000000, 0x0000000370200000, 0x0000000370200000|100%| E|CS|TAMS 0x0000000370000000, 0x0000000370000000| Complete 
| 893|0x0000000370200000, 0x0000000370400000, 0x0000000370400000|100%| E|CS|TAMS 0x0000000370200000, 0x0000000370200000| Complete 
| 894|0x0000000370400000, 0x0000000370600000, 0x0000000370600000|100%| E|CS|TAMS 0x0000000370400000, 0x0000000370400000| Complete 
| 895|0x0000000370600000, 0x0000000370800000, 0x0000000370800000|100%| E|CS|TAMS 0x0000000370600000, 0x0000000370600000| Complete 
| 896|0x0000000370800000, 0x0000000370a00000, 0x0000000370a00000|100%| E|CS|TAMS 0x0000000370800000, 0x0000000370800000| Complete 
| 897|0x0000000370a00000, 0x0000000370c00000, 0x0000000370c00000|100%| E|CS|TAMS 0x0000000370a00000, 0x0000000370a00000| Complete 
| 898|0x0000000370c00000, 0x0000000370e00000, 0x0000000370e00000|100%| E|CS|TAMS 0x0000000370c00000, 0x0000000370c00000| Complete 
| 899|0x0000000370e00000, 0x0000000371000000, 0x0000000371000000|100%| E|CS|TAMS 0x0000000370e00000, 0x0000000370e00000| Complete 
| 900|0x0000000371000000, 0x0000000371200000, 0x0000000371200000|100%| E|CS|TAMS 0x0000000371000000, 0x0000000371000000| Complete 
| 901|0x0000000371200000, 0x0000000371400000, 0x0000000371400000|100%| E|CS|TAMS 0x0000000371200000, 0x0000000371200000| Complete 
| 902|0x0000000371400000, 0x0000000371600000, 0x0000000371600000|100%| E|CS|TAMS 0x0000000371400000, 0x0000000371400000| Complete 
| 903|0x0000000371600000, 0x0000000371800000, 0x0000000371800000|100%| E|CS|TAMS 0x0000000371600000, 0x0000000371600000| Complete 
| 904|0x0000000371800000, 0x0000000371a00000, 0x0000000371a00000|100%| E|CS|TAMS 0x0000000371800000, 0x0000000371800000| Complete 
| 905|0x0000000371a00000, 0x0000000371c00000, 0x0000000371c00000|100%| E|CS|TAMS 0x0000000371a00000, 0x0000000371a00000| Complete 
| 906|0x0000000371c00000, 0x0000000371e00000, 0x0000000371e00000|100%| E|CS|TAMS 0x0000000371c00000, 0x0000000371c00000| Complete 
| 907|0x0000000371e00000, 0x0000000372000000, 0x0000000372000000|100%| E|CS|TAMS 0x0000000371e00000, 0x0000000371e00000| Complete 
| 908|0x0000000372000000, 0x0000000372200000, 0x0000000372200000|100%| E|CS|TAMS 0x0000000372000000, 0x0000000372000000| Complete 
| 909|0x0000000372200000, 0x0000000372400000, 0x0000000372400000|100%| E|CS|TAMS 0x0000000372200000, 0x0000000372200000| Complete 
| 910|0x0000000372400000, 0x0000000372600000, 0x0000000372600000|100%| E|CS|TAMS 0x0000000372400000, 0x0000000372400000| Complete 
| 911|0x0000000372600000, 0x0000000372800000, 0x0000000372800000|100%| E|CS|TAMS 0x0000000372600000, 0x0000000372600000| Complete 
| 912|0x0000000372800000, 0x0000000372a00000, 0x0000000372a00000|100%| E|CS|TAMS 0x0000000372800000, 0x0000000372800000| Complete 
| 913|0x0000000372a00000, 0x0000000372c00000, 0x0000000372c00000|100%| E|CS|TAMS 0x0000000372a00000, 0x0000000372a00000| Complete 
| 914|0x0000000372c00000, 0x0000000372e00000, 0x0000000372e00000|100%| E|CS|TAMS 0x0000000372c00000, 0x0000000372c00000| Complete 
| 915|0x0000000372e00000, 0x0000000373000000, 0x0000000373000000|100%| E|CS|TAMS 0x0000000372e00000, 0x0000000372e00000| Complete 
| 916|0x0000000373000000, 0x0000000373200000, 0x0000000373200000|100%| E|CS|TAMS 0x0000000373000000, 0x0000000373000000| Complete 
| 917|0x0000000373200000, 0x0000000373400000, 0x0000000373400000|100%| E|CS|TAMS 0x0000000373200000, 0x0000000373200000| Complete 
| 918|0x0000000373400000, 0x0000000373600000, 0x0000000373600000|100%| E|CS|TAMS 0x0000000373400000, 0x0000000373400000| Complete 
| 919|0x0000000373600000, 0x0000000373800000, 0x0000000373800000|100%| E|CS|TAMS 0x0000000373600000, 0x0000000373600000| Complete 
| 920|0x0000000373800000, 0x0000000373a00000, 0x0000000373a00000|100%| E|CS|TAMS 0x0000000373800000, 0x0000000373800000| Complete 
| 921|0x0000000373a00000, 0x0000000373c00000, 0x0000000373c00000|100%| E|CS|TAMS 0x0000000373a00000, 0x0000000373a00000| Complete 
| 922|0x0000000373c00000, 0x0000000373e00000, 0x0000000373e00000|100%| E|CS|TAMS 0x0000000373c00000, 0x0000000373c00000| Complete 
| 923|0x0000000373e00000, 0x0000000374000000, 0x0000000374000000|100%| E|CS|TAMS 0x0000000373e00000, 0x0000000373e00000| Complete 
| 924|0x0000000374000000, 0x0000000374200000, 0x0000000374200000|100%| E|CS|TAMS 0x0000000374000000, 0x0000000374000000| Complete 
| 925|0x0000000374200000, 0x0000000374400000, 0x0000000374400000|100%| E|CS|TAMS 0x0000000374200000, 0x0000000374200000| Complete 
| 926|0x0000000374400000, 0x0000000374600000, 0x0000000374600000|100%| E|CS|TAMS 0x0000000374400000, 0x0000000374400000| Complete 
| 927|0x0000000374600000, 0x0000000374800000, 0x0000000374800000|100%| E|CS|TAMS 0x0000000374600000, 0x0000000374600000| Complete 
| 928|0x0000000374800000, 0x0000000374a00000, 0x0000000374a00000|100%| E|CS|TAMS 0x0000000374800000, 0x0000000374800000| Complete 
| 929|0x0000000374a00000, 0x0000000374c00000, 0x0000000374c00000|100%| E|CS|TAMS 0x0000000374a00000, 0x0000000374a00000| Complete 
| 930|0x0000000374c00000, 0x0000000374e00000, 0x0000000374e00000|100%| E|CS|TAMS 0x0000000374c00000, 0x0000000374c00000| Complete 
| 931|0x0000000374e00000, 0x0000000375000000, 0x0000000375000000|100%| E|CS|TAMS 0x0000000374e00000, 0x0000000374e00000| Complete 
| 932|0x0000000375000000, 0x0000000375200000, 0x0000000375200000|100%| E|CS|TAMS 0x0000000375000000, 0x0000000375000000| Complete 
| 933|0x0000000375200000, 0x0000000375400000, 0x0000000375400000|100%| E|CS|TAMS 0x0000000375200000, 0x0000000375200000| Complete 
| 934|0x0000000375400000, 0x0000000375600000, 0x0000000375600000|100%| E|CS|TAMS 0x0000000375400000, 0x0000000375400000| Complete 
| 935|0x0000000375600000, 0x0000000375800000, 0x0000000375800000|100%| E|CS|TAMS 0x0000000375600000, 0x0000000375600000| Complete 
| 936|0x0000000375800000, 0x0000000375a00000, 0x0000000375a00000|100%| E|CS|TAMS 0x0000000375800000, 0x0000000375800000| Complete 
| 937|0x0000000375a00000, 0x0000000375c00000, 0x0000000375c00000|100%| E|CS|TAMS 0x0000000375a00000, 0x0000000375a00000| Complete 
| 938|0x0000000375c00000, 0x0000000375e00000, 0x0000000375e00000|100%| E|CS|TAMS 0x0000000375c00000, 0x0000000375c00000| Complete 
| 939|0x0000000375e00000, 0x0000000376000000, 0x0000000376000000|100%| E|CS|TAMS 0x0000000375e00000, 0x0000000375e00000| Complete 
| 940|0x0000000376000000, 0x0000000376200000, 0x0000000376200000|100%| E|CS|TAMS 0x0000000376000000, 0x0000000376000000| Complete 
| 941|0x0000000376200000, 0x0000000376400000, 0x0000000376400000|100%| E|CS|TAMS 0x0000000376200000, 0x0000000376200000| Complete 
| 942|0x0000000376400000, 0x0000000376600000, 0x0000000376600000|100%| E|CS|TAMS 0x0000000376400000, 0x0000000376400000| Complete 
| 943|0x0000000376600000, 0x0000000376800000, 0x0000000376800000|100%| E|CS|TAMS 0x0000000376600000, 0x0000000376600000| Complete 
| 944|0x0000000376800000, 0x0000000376a00000, 0x0000000376a00000|100%| E|CS|TAMS 0x0000000376800000, 0x0000000376800000| Complete 
| 945|0x0000000376a00000, 0x0000000376c00000, 0x0000000376c00000|100%| E|CS|TAMS 0x0000000376a00000, 0x0000000376a00000| Complete 
| 946|0x0000000376c00000, 0x0000000376e00000, 0x0000000376e00000|100%| E|CS|TAMS 0x0000000376c00000, 0x0000000376c00000| Complete 
| 947|0x0000000376e00000, 0x0000000377000000, 0x0000000377000000|100%| E|CS|TAMS 0x0000000376e00000, 0x0000000376e00000| Complete 
| 948|0x0000000377000000, 0x0000000377200000, 0x0000000377200000|100%| E|CS|TAMS 0x0000000377000000, 0x0000000377000000| Complete 
| 949|0x0000000377200000, 0x0000000377400000, 0x0000000377400000|100%| E|CS|TAMS 0x0000000377200000, 0x0000000377200000| Complete 
| 950|0x0000000377400000, 0x0000000377600000, 0x0000000377600000|100%| E|CS|TAMS 0x0000000377400000, 0x0000000377400000| Complete 
| 951|0x0000000377600000, 0x0000000377800000, 0x0000000377800000|100%| E|CS|TAMS 0x0000000377600000, 0x0000000377600000| Complete 
| 952|0x0000000377800000, 0x0000000377a00000, 0x0000000377a00000|100%| E|CS|TAMS 0x0000000377800000, 0x0000000377800000| Complete 
| 953|0x0000000377a00000, 0x0000000377c00000, 0x0000000377c00000|100%| E|CS|TAMS 0x0000000377a00000, 0x0000000377a00000| Complete 
| 954|0x0000000377c00000, 0x0000000377e00000, 0x0000000377e00000|100%| E|CS|TAMS 0x0000000377c00000, 0x0000000377c00000| Complete 
| 955|0x0000000377e00000, 0x0000000378000000, 0x0000000378000000|100%| E|CS|TAMS 0x0000000377e00000, 0x0000000377e00000| Complete 
| 956|0x0000000378000000, 0x0000000378200000, 0x0000000378200000|100%| E|CS|TAMS 0x0000000378000000, 0x0000000378000000| Complete 
| 957|0x0000000378200000, 0x0000000378400000, 0x0000000378400000|100%| E|CS|TAMS 0x0000000378200000, 0x0000000378200000| Complete 
| 958|0x0000000378400000, 0x0000000378600000, 0x0000000378600000|100%| E|CS|TAMS 0x0000000378400000, 0x0000000378400000| Complete 
| 959|0x0000000378600000, 0x0000000378800000, 0x0000000378800000|100%| E|CS|TAMS 0x0000000378600000, 0x0000000378600000| Complete 
| 960|0x0000000378800000, 0x0000000378a00000, 0x0000000378a00000|100%| E|CS|TAMS 0x0000000378800000, 0x0000000378800000| Complete 
| 961|0x0000000378a00000, 0x0000000378c00000, 0x0000000378c00000|100%| E|CS|TAMS 0x0000000378a00000, 0x0000000378a00000| Complete 
| 962|0x0000000378c00000, 0x0000000378e00000, 0x0000000378e00000|100%| E|CS|TAMS 0x0000000378c00000, 0x0000000378c00000| Complete 
| 963|0x0000000378e00000, 0x0000000379000000, 0x0000000379000000|100%| E|CS|TAMS 0x0000000378e00000, 0x0000000378e00000| Complete 
| 964|0x0000000379000000, 0x0000000379200000, 0x0000000379200000|100%| E|CS|TAMS 0x0000000379000000, 0x0000000379000000| Complete 
| 965|0x0000000379200000, 0x0000000379400000, 0x0000000379400000|100%| E|CS|TAMS 0x0000000379200000, 0x0000000379200000| Complete 
| 966|0x0000000379400000, 0x0000000379600000, 0x0000000379600000|100%| E|CS|TAMS 0x0000000379400000, 0x0000000379400000| Complete 
| 967|0x0000000379600000, 0x0000000379800000, 0x0000000379800000|100%| E|CS|TAMS 0x0000000379600000, 0x0000000379600000| Complete 
| 968|0x0000000379800000, 0x0000000379a00000, 0x0000000379a00000|100%| E|CS|TAMS 0x0000000379800000, 0x0000000379800000| Complete 
| 969|0x0000000379a00000, 0x0000000379c00000, 0x0000000379c00000|100%| E|CS|TAMS 0x0000000379a00000, 0x0000000379a00000| Complete 
| 970|0x0000000379c00000, 0x0000000379e00000, 0x0000000379e00000|100%| E|CS|TAMS 0x0000000379c00000, 0x0000000379c00000| Complete 
| 971|0x0000000379e00000, 0x000000037a000000, 0x000000037a000000|100%| E|CS|TAMS 0x0000000379e00000, 0x0000000379e00000| Complete 
| 972|0x000000037a000000, 0x000000037a200000, 0x000000037a200000|100%| E|CS|TAMS 0x000000037a000000, 0x000000037a000000| Complete 
| 973|0x000000037a200000, 0x000000037a400000, 0x000000037a400000|100%| E|CS|TAMS 0x000000037a200000, 0x000000037a200000| Complete 
| 974|0x000000037a400000, 0x000000037a600000, 0x000000037a600000|100%| E|CS|TAMS 0x000000037a400000, 0x000000037a400000| Complete 
| 975|0x000000037a600000, 0x000000037a800000, 0x000000037a800000|100%| E|CS|TAMS 0x000000037a600000, 0x000000037a600000| Complete 
| 976|0x000000037a800000, 0x000000037aa00000, 0x000000037aa00000|100%| E|CS|TAMS 0x000000037a800000, 0x000000037a800000| Complete 
| 977|0x000000037aa00000, 0x000000037ac00000, 0x000000037ac00000|100%| E|CS|TAMS 0x000000037aa00000, 0x000000037aa00000| Complete 
| 978|0x000000037ac00000, 0x000000037ae00000, 0x000000037ae00000|100%| E|CS|TAMS 0x000000037ac00000, 0x000000037ac00000| Complete 
| 979|0x000000037ae00000, 0x000000037b000000, 0x000000037b000000|100%| E|CS|TAMS 0x000000037ae00000, 0x000000037ae00000| Complete 
| 980|0x000000037b000000, 0x000000037b200000, 0x000000037b200000|100%| E|CS|TAMS 0x000000037b000000, 0x000000037b000000| Complete 
| 981|0x000000037b200000, 0x000000037b400000, 0x000000037b400000|100%| E|CS|TAMS 0x000000037b200000, 0x000000037b200000| Complete 
| 982|0x000000037b400000, 0x000000037b600000, 0x000000037b600000|100%| E|CS|TAMS 0x000000037b400000, 0x000000037b400000| Complete 
| 983|0x000000037b600000, 0x000000037b800000, 0x000000037b800000|100%| E|CS|TAMS 0x000000037b600000, 0x000000037b600000| Complete 
| 984|0x000000037b800000, 0x000000037ba00000, 0x000000037ba00000|100%| E|CS|TAMS 0x000000037b800000, 0x000000037b800000| Complete 
| 985|0x000000037ba00000, 0x000000037bc00000, 0x000000037bc00000|100%| E|CS|TAMS 0x000000037ba00000, 0x000000037ba00000| Complete 
| 986|0x000000037bc00000, 0x000000037be00000, 0x000000037be00000|100%| E|CS|TAMS 0x000000037bc00000, 0x000000037bc00000| Complete 
| 987|0x000000037be00000, 0x000000037c000000, 0x000000037c000000|100%| E|CS|TAMS 0x000000037be00000, 0x000000037be00000| Complete 
| 988|0x000000037c000000, 0x000000037c200000, 0x000000037c200000|100%| E|CS|TAMS 0x000000037c000000, 0x000000037c000000| Complete 
| 989|0x000000037c200000, 0x000000037c400000, 0x000000037c400000|100%| E|CS|TAMS 0x000000037c200000, 0x000000037c200000| Complete 
| 990|0x000000037c400000, 0x000000037c600000, 0x000000037c600000|100%| E|CS|TAMS 0x000000037c400000, 0x000000037c400000| Complete 
| 991|0x000000037c600000, 0x000000037c800000, 0x000000037c800000|100%| E|CS|TAMS 0x000000037c600000, 0x000000037c600000| Complete 
| 992|0x000000037c800000, 0x000000037ca00000, 0x000000037ca00000|100%| E|CS|TAMS 0x000000037c800000, 0x000000037c800000| Complete 
| 993|0x000000037ca00000, 0x000000037cc00000, 0x000000037cc00000|100%| E|CS|TAMS 0x000000037ca00000, 0x000000037ca00000| Complete 
| 994|0x000000037cc00000, 0x000000037ce00000, 0x000000037ce00000|100%| E|CS|TAMS 0x000000037cc00000, 0x000000037cc00000| Complete 
| 995|0x000000037ce00000, 0x000000037d000000, 0x000000037d000000|100%| E|CS|TAMS 0x000000037ce00000, 0x000000037ce00000| Complete 
| 996|0x000000037d000000, 0x000000037d200000, 0x000000037d200000|100%| E|CS|TAMS 0x000000037d000000, 0x000000037d000000| Complete 
| 997|0x000000037d200000, 0x000000037d400000, 0x000000037d400000|100%| E|CS|TAMS 0x000000037d200000, 0x000000037d200000| Complete 
| 998|0x000000037d400000, 0x000000037d600000, 0x000000037d600000|100%| E|CS|TAMS 0x000000037d400000, 0x000000037d400000| Complete 
| 999|0x000000037d600000, 0x000000037d800000, 0x000000037d800000|100%| E|CS|TAMS 0x000000037d600000, 0x000000037d600000| Complete 
|1000|0x000000037d800000, 0x000000037da00000, 0x000000037da00000|100%| E|CS|TAMS 0x000000037d800000, 0x000000037d800000| Complete 
|1001|0x000000037da00000, 0x000000037dc00000, 0x000000037dc00000|100%| E|CS|TAMS 0x000000037da00000, 0x000000037da00000| Complete 
|1002|0x000000037dc00000, 0x000000037de00000, 0x000000037de00000|100%| E|CS|TAMS 0x000000037dc00000, 0x000000037dc00000| Complete 
|1003|0x000000037de00000, 0x000000037e000000, 0x000000037e000000|100%| E|CS|TAMS 0x000000037de00000, 0x000000037de00000| Complete 
|1004|0x000000037e000000, 0x000000037e200000, 0x000000037e200000|100%| E|CS|TAMS 0x000000037e000000, 0x000000037e000000| Complete 
|1005|0x000000037e200000, 0x000000037e400000, 0x000000037e400000|100%| E|CS|TAMS 0x000000037e200000, 0x000000037e200000| Complete 
|1006|0x000000037e400000, 0x000000037e600000, 0x000000037e600000|100%| E|CS|TAMS 0x000000037e400000, 0x000000037e400000| Complete 
|1007|0x000000037e600000, 0x000000037e800000, 0x000000037e800000|100%| E|CS|TAMS 0x000000037e600000, 0x000000037e600000| Complete 
|1008|0x000000037e800000, 0x000000037ea00000, 0x000000037ea00000|100%| E|CS|TAMS 0x000000037e800000, 0x000000037e800000| Complete 
|1009|0x000000037ea00000, 0x000000037ec00000, 0x000000037ec00000|100%| E|CS|TAMS 0x000000037ea00000, 0x000000037ea00000| Complete 
|1010|0x000000037ec00000, 0x000000037ee00000, 0x000000037ee00000|100%| E|CS|TAMS 0x000000037ec00000, 0x000000037ec00000| Complete 
|1011|0x000000037ee00000, 0x000000037f000000, 0x000000037f000000|100%| E|CS|TAMS 0x000000037ee00000, 0x000000037ee00000| Complete 
|1012|0x000000037f000000, 0x000000037f200000, 0x000000037f200000|100%| E|CS|TAMS 0x000000037f000000, 0x000000037f000000| Complete 
|1013|0x000000037f200000, 0x000000037f400000, 0x000000037f400000|100%| E|CS|TAMS 0x000000037f200000, 0x000000037f200000| Complete 
|1014|0x000000037f400000, 0x000000037f600000, 0x000000037f600000|100%| E|CS|TAMS 0x000000037f400000, 0x000000037f400000| Complete 
|1015|0x000000037f600000, 0x000000037f800000, 0x000000037f800000|100%| E|CS|TAMS 0x000000037f600000, 0x000000037f600000| Complete 
|1016|0x000000037f800000, 0x000000037fa00000, 0x000000037fa00000|100%| E|CS|TAMS 0x000000037f800000, 0x000000037f800000| Complete 
|1017|0x000000037fa00000, 0x000000037fc00000, 0x000000037fc00000|100%| E|CS|TAMS 0x000000037fa00000, 0x000000037fa00000| Complete 
|1018|0x000000037fc00000, 0x000000037fe00000, 0x000000037fe00000|100%| E|CS|TAMS 0x000000037fc00000, 0x000000037fc00000| Complete 
|1019|0x000000037fe00000, 0x0000000380000000, 0x0000000380000000|100%| E|CS|TAMS 0x000000037fe00000, 0x000000037fe00000| Complete 
|1020|0x0000000380000000, 0x0000000380200000, 0x0000000380200000|100%| E|CS|TAMS 0x0000000380000000, 0x0000000380000000| Complete 
|1021|0x0000000380200000, 0x0000000380400000, 0x0000000380400000|100%| E|CS|TAMS 0x0000000380200000, 0x0000000380200000| Complete 
|1022|0x0000000380400000, 0x0000000380600000, 0x0000000380600000|100%| E|CS|TAMS 0x0000000380400000, 0x0000000380400000| Complete 
|1023|0x0000000380600000, 0x0000000380800000, 0x0000000380800000|100%| E|CS|TAMS 0x0000000380600000, 0x0000000380600000| Complete 
|1024|0x0000000380800000, 0x0000000380a00000, 0x0000000380a00000|100%| E|CS|TAMS 0x0000000380800000, 0x0000000380800000| Complete 
|1025|0x0000000380a00000, 0x0000000380c00000, 0x0000000380c00000|100%| E|CS|TAMS 0x0000000380a00000, 0x0000000380a00000| Complete 
|1026|0x0000000380c00000, 0x0000000380e00000, 0x0000000380e00000|100%| E|CS|TAMS 0x0000000380c00000, 0x0000000380c00000| Complete 
|1027|0x0000000380e00000, 0x0000000381000000, 0x0000000381000000|100%| E|CS|TAMS 0x0000000380e00000, 0x0000000380e00000| Complete 
|1028|0x0000000381000000, 0x0000000381200000, 0x0000000381200000|100%| E|CS|TAMS 0x0000000381000000, 0x0000000381000000| Complete 
|1029|0x0000000381200000, 0x0000000381400000, 0x0000000381400000|100%| E|CS|TAMS 0x0000000381200000, 0x0000000381200000| Complete 
|1030|0x0000000381400000, 0x0000000381600000, 0x0000000381600000|100%| E|CS|TAMS 0x0000000381400000, 0x0000000381400000| Complete 
|1031|0x0000000381600000, 0x0000000381800000, 0x0000000381800000|100%| E|CS|TAMS 0x0000000381600000, 0x0000000381600000| Complete 
|1032|0x0000000381800000, 0x0000000381a00000, 0x0000000381a00000|100%| E|CS|TAMS 0x0000000381800000, 0x0000000381800000| Complete 
|1033|0x0000000381a00000, 0x0000000381c00000, 0x0000000381c00000|100%| E|CS|TAMS 0x0000000381a00000, 0x0000000381a00000| Complete 
|1034|0x0000000381c00000, 0x0000000381e00000, 0x0000000381e00000|100%| E|CS|TAMS 0x0000000381c00000, 0x0000000381c00000| Complete 
|1035|0x0000000381e00000, 0x0000000382000000, 0x0000000382000000|100%| E|CS|TAMS 0x0000000381e00000, 0x0000000381e00000| Complete 
|1036|0x0000000382000000, 0x0000000382200000, 0x0000000382200000|100%| E|CS|TAMS 0x0000000382000000, 0x0000000382000000| Complete 
|1037|0x0000000382200000, 0x0000000382400000, 0x0000000382400000|100%| E|CS|TAMS 0x0000000382200000, 0x0000000382200000| Complete 
|2046|0x0000000400400000, 0x0000000400574000, 0x0000000400600000| 72%|OA|  |TAMS 0x0000000400574000, 0x0000000400400000| Untracked 
|2047|0x0000000400600000, 0x0000000400674000, 0x0000000400800000| 22%|CA|  |TAMS 0x0000000400674000, 0x0000000400600000| Untracked 

Card table byte_map: [0x000000010b800000,0x000000010c000000] _byte_map_base: 0x0000000109ffc000

Marking Bits (Prev, Next): (CMBitMap*) 0x0000000751458510, (CMBitMap*) 0x0000000751458550
 Prev Bits: [0x000000012436c000, 0x000000012836c000)
 Next Bits: [0x000000012836c000, 0x000000012c36c000)

Polling page: 0x0000000101024000

Metaspace:

Usage:
  Non-class:    109.98 MB used.
      Class:     20.39 MB used.
       Both:    130.37 MB used.

Virtual space:
  Non-class space:      128.00 MB reserved,     110.94 MB ( 87%) committed,  2 nodes.
      Class space:        1.00 GB reserved,      21.19 MB (  2%) committed,  1 nodes.
             Both:        1.12 GB reserved,     132.12 MB ( 11%) committed. 

Chunk freelists:
   Non-Class:  816.00 KB
       Class:  10.84 MB
        Both:  11.64 MB

MaxMetaspaceSize: unlimited
CompressedClassSpaceSize: 1.00 GB
Initial GC threshold: 21.00 MB
Current GC threshold: 207.94 MB
CDS: on
MetaspaceReclaimPolicy: balanced
 - commit_granule_bytes: 65536.
 - commit_granule_words: 8192.
 - virtual_space_node_default_size: 8388608.
 - enlarge_chunks_in_place: 1.
 - new_chunks_are_fully_committed: 0.
 - uncommit_free_chunks: 1.
 - use_allocation_guard: 0.
 - handle_deallocations: 1.


Internal statistics:

num_allocs_failed_limit: 84.
num_arena_births: 2860.
num_arena_deaths: 16.
num_vsnodes_births: 3.
num_vsnodes_deaths: 0.
num_space_committed: 2109.
num_space_uncommitted: 0.
num_chunks_returned_to_freelist: 104.
num_chunks_taken_from_freelist: 8604.
num_chunk_merges: 86.
num_chunk_splits: 5656.
num_chunks_enlarged: 3689.
num_inconsistent_stats: 0.

CodeHeap 'non-profiled nmethods': size=120032Kb used=8694Kb max_used=8694Kb free=111337Kb
 bounds [0x000000011c634000, 0x000000011ceb4000, 0x0000000123b6c000]
CodeHeap 'profiled nmethods': size=120016Kb used=30523Kb max_used=30523Kb free=89492Kb
 bounds [0x0000000114b6c000, 0x000000011693c000, 0x000000011c0a0000]
CodeHeap 'non-nmethods': size=5712Kb used=2381Kb max_used=2509Kb free=3330Kb
 bounds [0x000000011c0a0000, 0x000000011c320000, 0x000000011c634000]
 total_blobs=17217 nmethods=15157 adapters=1974
 compilation: enabled
              stopped_count=0, restarted_count=0
 full_count=0

Compilation events (20 events):
Event: 21.844 Thread 0x0000000750942400 23584       2       sun.util.locale.provider.LocaleResources::getDecimalFormatSymbolsData (90 bytes)
Event: 21.845 Thread 0x0000000750942400 nmethod 23584 0x0000000116937a90 code [0x0000000116937d80, 0x0000000116938888]
Event: 21.845 Thread 0x0000000750942400 23587       2       java.util.regex.Pattern$BnM::match (161 bytes)
Event: 21.845 Thread 0x0000000750942400 nmethod 23587 0x0000000116938e90 code [0x0000000116939080, 0x0000000116939538]
Event: 21.845 Thread 0x0000000750942400 23585       2       java.lang.StringUTF16$CharsSpliterator::estimateSize (11 bytes)
Event: 21.845 Thread 0x0000000750942400 nmethod 23585 0x0000000116939810 code [0x0000000116939980, 0x0000000116939a98]
Event: 21.846 Thread 0x0000000750942400 23592       1       com.mojang.blaze3d.shaders.Program::m_166618_ (5 bytes)
Event: 21.846 Thread 0x0000000750942400 nmethod 23592 0x000000011ce8f110 code [0x000000011ce8f280, 0x000000011ce8f318]
Event: 21.847 Thread 0x0000000750942400 23593       2       net.minecraft.client.renderer.GameRenderer$ResourceCache::m_213713_ (36 bytes)
Event: 21.847 Thread 0x0000000750942400 nmethod 23593 0x0000000116939b10 code [0x0000000116939d00, 0x000000011693a028]
Event: 21.847 Thread 0x0000000750942400 23594       2       net.minecraft.client.renderer.GameRenderer$1$$Lambda$8847/0x000000e8023fa7e8::m_247737_ (8 bytes)
Event: 21.847 Thread 0x0000000750942400 nmethod 23594 0x000000011693a190 code [0x000000011693a340, 0x000000011693a518]
Event: 21.847 Thread 0x0000000750942400 23595       1       com.mojang.blaze3d.shaders.Program$Type::m_85571_ (5 bytes)
Event: 21.847 Thread 0x0000000750942400 nmethod 23595 0x000000011ce8f410 code [0x000000011ce8f580, 0x000000011ce8f618]
Event: 21.847 Thread 0x0000000750942400 23596       1       org.lwjgl.system.CustomBuffer::address0 (5 bytes)
Event: 21.847 Thread 0x0000000750942400 nmethod 23596 0x000000011ce8f710 code [0x000000011ce8f880, 0x000000011ce8f918]
Event: 21.849 Thread 0x0000000750942400 23597       2       org.lwjgl.system.MemoryUtil::getAllocationSize (26 bytes)
Event: 21.849 Thread 0x0000000750942400 nmethod 23597 0x000000011693a610 code [0x000000011693a7c0, 0x000000011693a8c8]
Event: 21.852 Thread 0x0000000750942400 23598       3       org.lwjgl.system.MemoryStack::stackGet (10 bytes)
Event: 21.853 Thread 0x0000000750942400 nmethod 23598 0x000000011693a990 code [0x000000011693ab40, 0x000000011693ae08]

GC Heap History (20 events):
Event: 16.151 GC heap before
{Heap before GC invocations=41 (full 0):
 garbage-first heap   total 956416K, used 769650K [0x0000000300800000, 0x0000000400800000)
  region size 2048K, 204 young (417792K), 12 survivors (24576K)
 Metaspace       used 125403K, committed 127168K, reserved 1179648K
  class space    used 19700K, committed 20480K, reserved 1048576K
}
Event: 16.162 GC heap after
{Heap after GC invocations=42 (full 0):
 garbage-first heap   total 956416K, used 398678K [0x0000000300800000, 0x0000000400800000)
  region size 2048K, 21 young (43008K), 21 survivors (43008K)
 Metaspace       used 125403K, committed 127168K, reserved 1179648K
  class space    used 19700K, committed 20480K, reserved 1048576K
}
Event: 16.164 GC heap before
{Heap before GC invocations=42 (full 0):
 garbage-first heap   total 956416K, used 402774K [0x0000000300800000, 0x0000000400800000)
  region size 2048K, 23 young (47104K), 21 survivors (43008K)
 Metaspace       used 125408K, committed 127168K, reserved 1179648K
  class space    used 19700K, committed 20480K, reserved 1048576K
}
Event: 16.180 GC heap after
{Heap after GC invocations=43 (full 0):
 garbage-first heap   total 956416K, used 400428K [0x0000000300800000, 0x0000000400800000)
  region size 2048K, 3 young (6144K), 3 survivors (6144K)
 Metaspace       used 125408K, committed 127168K, reserved 1179648K
  class space    used 19700K, committed 20480K, reserved 1048576K
}
Event: 16.387 GC heap before
{Heap before GC invocations=43 (full 0):
 garbage-first heap   total 956416K, used 779308K [0x0000000300800000, 0x0000000400800000)
  region size 2048K, 188 young (385024K), 3 survivors (6144K)
 Metaspace       used 125671K, committed 127360K, reserved 1179648K
  class space    used 19726K, committed 20480K, reserved 1048576K
}
Event: 16.395 GC heap after
{Heap after GC invocations=44 (full 0):
 garbage-first heap   total 1087488K, used 423159K [0x0000000300800000, 0x0000000400800000)
  region size 2048K, 15 young (30720K), 15 survivors (30720K)
 Metaspace       used 125671K, committed 127360K, reserved 1179648K
  class space    used 19726K, committed 20480K, reserved 1048576K
}
Event: 16.636 GC heap before
{Heap before GC invocations=44 (full 0):
 garbage-first heap   total 1087488K, used 810231K [0x0000000300800000, 0x0000000400800000)
  region size 2048K, 206 young (421888K), 15 survivors (30720K)
 Metaspace       used 125819K, committed 127552K, reserved 1179648K
  class space    used 19736K, committed 20480K, reserved 1048576K
}
Event: 16.648 GC heap after
{Heap after GC invocations=45 (full 0):
 garbage-first heap   total 1087488K, used 453152K [0x0000000300800000, 0x0000000400800000)
  region size 2048K, 29 young (59392K), 29 survivors (59392K)
 Metaspace       used 125819K, committed 127552K, reserved 1179648K
  class space    used 19736K, committed 20480K, reserved 1048576K
}
Event: 16.874 GC heap before
{Heap before GC invocations=45 (full 0):
 garbage-first heap   total 1087488K, used 887328K [0x0000000300800000, 0x0000000400800000)
  region size 2048K, 235 young (481280K), 29 survivors (59392K)
 Metaspace       used 125958K, committed 127680K, reserved 1179648K
  class space    used 19756K, committed 20544K, reserved 1048576K
}
Event: 16.930 GC heap after
{Heap after GC invocations=46 (full 0):
 garbage-first heap   total 1087488K, used 491730K [0x0000000300800000, 0x0000000400800000)
  region size 2048K, 20 young (40960K), 20 survivors (40960K)
 Metaspace       used 125958K, committed 127680K, reserved 1179648K
  class space    used 19756K, committed 20544K, reserved 1048576K
}
Event: 17.177 GC heap before
{Heap before GC invocations=46 (full 0):
 garbage-first heap   total 1087488K, used 886994K [0x0000000300800000, 0x0000000400800000)
  region size 2048K, 210 young (430080K), 20 survivors (40960K)
 Metaspace       used 126031K, committed 127744K, reserved 1179648K
  class space    used 19764K, committed 20544K, reserved 1048576K
}
Event: 17.188 GC heap after
{Heap after GC invocations=47 (full 0):
 garbage-first heap   total 1087488K, used 510717K [0x0000000300800000, 0x0000000400800000)
  region size 2048K, 11 young (22528K), 11 survivors (22528K)
 Metaspace       used 126031K, committed 127744K, reserved 1179648K
  class space    used 19764K, committed 20544K, reserved 1048576K
}
Event: 17.368 GC heap before
{Heap before GC invocations=48 (full 0):
 garbage-first heap   total 1087488K, used 889597K [0x0000000300800000, 0x0000000400800000)
  region size 2048K, 197 young (403456K), 11 survivors (22528K)
 Metaspace       used 126786K, committed 128512K, reserved 1179648K
  class space    used 19891K, committed 20672K, reserved 1048576K
}
Event: 17.385 GC heap after
{Heap after GC invocations=49 (full 0):
 garbage-first heap   total 1087488K, used 524718K [0x0000000300800000, 0x0000000400800000)
  region size 2048K, 19 young (38912K), 19 survivors (38912K)
 Metaspace       used 126786K, committed 128512K, reserved 1179648K
  class space    used 19891K, committed 20672K, reserved 1048576K
}
Event: 17.392 GC heap before
{Heap before GC invocations=49 (full 0):
 garbage-first heap   total 1087488K, used 539054K [0x0000000300800000, 0x0000000400800000)
  region size 2048K, 26 young (53248K), 19 survivors (38912K)
 Metaspace       used 126787K, committed 128512K, reserved 1179648K
  class space    used 19891K, committed 20672K, reserved 1048576K
}
Event: 17.402 GC heap after
{Heap after GC invocations=50 (full 0):
 garbage-first heap   total 1087488K, used 529213K [0x0000000300800000, 0x0000000400800000)
  region size 2048K, 4 young (8192K), 4 survivors (8192K)
 Metaspace       used 126787K, committed 128512K, reserved 1179648K
  class space    used 19891K, committed 20672K, reserved 1048576K
}
Event: 17.547 GC heap before
{Heap before GC invocations=50 (full 0):
 garbage-first heap   total 1087488K, used 906045K [0x0000000300800000, 0x0000000400800000)
  region size 2048K, 183 young (374784K), 4 survivors (8192K)
 Metaspace       used 127642K, committed 129344K, reserved 1179648K
  class space    used 20042K, committed 20800K, reserved 1048576K
}
Event: 17.553 GC heap after
{Heap after GC invocations=51 (full 0):
 garbage-first heap   total 2129920K, used 537783K [0x0000000300800000, 0x0000000400800000)
  region size 2048K, 8 young (16384K), 8 survivors (16384K)
 Metaspace       used 127642K, committed 129344K, reserved 1179648K
  class space    used 20042K, committed 20800K, reserved 1048576K
}
Event: 18.556 GC heap before
{Heap before GC invocations=51 (full 0):
 garbage-first heap   total 2129920K, used 1653943K [0x0000000300800000, 0x0000000400800000)
  region size 2048K, 554 young (1134592K), 8 survivors (16384K)
 Metaspace       used 130625K, committed 132352K, reserved 1179648K
  class space    used 20497K, committed 21312K, reserved 1048576K
}
Event: 18.611 GC heap after
{Heap after GC invocations=52 (full 0):
 garbage-first heap   total 2129920K, used 582929K [0x0000000300800000, 0x0000000400800000)
  region size 2048K, 30 young (61440K), 30 survivors (61440K)
 Metaspace       used 130625K, committed 132352K, reserved 1179648K
  class space    used 20497K, committed 21312K, reserved 1048576K
}

Dll operation events (16 events):
Event: 0.006 Loaded shared library /Library/Java/JavaVirtualMachines/microsoft-17.jdk/Contents/Home/lib/libjava.dylib
Event: 0.034 Loaded shared library /Library/Java/JavaVirtualMachines/microsoft-17.jdk/Contents/Home/lib/libnio.dylib
Event: 0.057 Loaded shared library /Library/Java/JavaVirtualMachines/microsoft-17.jdk/Contents/Home/lib/libzip.dylib
Event: 0.102 Loaded shared library /Library/Java/JavaVirtualMachines/microsoft-17.jdk/Contents/Home/lib/libjimage.dylib
Event: 0.178 Loaded shared library /Library/Java/JavaVirtualMachines/microsoft-17.jdk/Contents/Home/lib/libnet.dylib
Event: 0.241 Loaded shared library /Library/Java/JavaVirtualMachines/microsoft-17.jdk/Contents/Home/lib/libverify.dylib
Event: 1.404 Loaded shared library /Library/Java/JavaVirtualMachines/microsoft-17.jdk/Contents/Home/lib/libmanagement.dylib
Event: 1.407 Loaded shared library /Library/Java/JavaVirtualMachines/microsoft-17.jdk/Contents/Home/lib/libmanagement_ext.dylib
Event: 2.058 Loaded shared library /Users/Isaiah/Documents/curseforge/minecraft/Install/natives/forge-47.4.16/liblwjgl.dylib
Event: 2.642 Loaded shared library /Users/Isaiah/Documents/curseforge/minecraft/Install/natives/forge-47.4.16/liblwjgl_opengl.dylib
Event: 2.708 Loaded shared library /Users/Isaiah/Documents/curseforge/minecraft/Install/natives/forge-47.4.16/liblwjgl_stb.dylib
Event: 6.256 Loaded shared library /Users/Isaiah/Documents/curseforge/minecraft/Install/natives/forge-47.4.16/jna3885526853142176165.tmp
Event: 11.302 Loaded shared library /Library/Java/JavaVirtualMachines/microsoft-17.jdk/Contents/Home/lib/libextnet.dylib
Event: 11.958 Loaded shared library /private/var/folders/0p/9lzn133s0tqf_07r1n1n2t9w0000gp/T/libjcocoa943393184975100721.dylib
Event: 14.357 Loaded shared library /Library/Java/JavaVirtualMachines/microsoft-17.jdk/Contents/Home/lib/libawt.dylib
Event: 14.372 Loaded shared library /Library/Java/JavaVirtualMachines/microsoft-17.jdk/Contents/Home/lib/libawt_lwawt.dylib

Deoptimization events (20 events):
Event: 21.453 Thread 0x00000001017b0f10 Uncommon trap: trap_request=0xffffff45 fr.pc=0x000000011ccb9328 relative=0x00000000000016a8
Event: 21.453 Thread 0x00000001017b0f10 Uncommon trap: reason=unstable_if action=reinterpret pc=0x000000011ccb9328 method=jdk.internal.math.FloatingDecimal.readJavaFormatString(Ljava/lang/String;)Ljdk/internal/math/FloatingDecimal$ASCIIToBinaryConverter; @ 481 c2
Event: 21.453 Thread 0x00000001017b0f10 DEOPT PACKING pc=0x000000011ccb9328 sp=0x000000016edff000
Event: 21.453 Thread 0x00000001017b0f10 DEOPT UNPACKING pc=0x000000011c0e791c sp=0x000000016edfef10 mode 2
Event: 21.478 Thread 0x00000001017b0f10 DEOPT PACKING pc=0x00000001156e3c24 sp=0x000000016edfe990
Event: 21.478 Thread 0x00000001017b0f10 DEOPT UNPACKING pc=0x000000011c0e777c sp=0x000000016edfe690 mode 0
Event: 21.496 Thread 0x000000074c3b9e00 DEOPT PACKING pc=0x00000001165251bc sp=0x0000000174b3a970
Event: 21.496 Thread 0x000000074c3b9e00 DEOPT UNPACKING pc=0x000000011c0e777c sp=0x0000000174b3a6d0 mode 0
Event: 21.498 Thread 0x00000001017b0f10 DEOPT PACKING pc=0x0000000116343104 sp=0x000000016edff160
Event: 21.498 Thread 0x00000001017b0f10 DEOPT UNPACKING pc=0x000000011c0e777c sp=0x000000016edfee90 mode 0
Event: 21.559 Thread 0x000000074caf7600 Uncommon trap: trap_request=0xffffffc6 fr.pc=0x000000011ca3e12c relative=0x00000000000009ec
Event: 21.559 Thread 0x000000074caf7600 Uncommon trap: reason=bimorphic_or_optimized_type_check action=maybe_recompile pc=0x000000011ca3e12c method=java.util.HashMap.removeNode(ILjava/lang/Object;Ljava/lang/Object;ZZ)Ljava/util/HashMap$Node; @ 283 c2
Event: 21.559 Thread 0x000000074caf7600 DEOPT PACKING pc=0x000000011ca3e12c sp=0x0000000172cc6800
Event: 21.559 Thread 0x000000074caf7600 DEOPT UNPACKING pc=0x000000011c0e791c sp=0x0000000172cc66e0 mode 2
Event: 21.641 Thread 0x00000001017b0f10 DEOPT PACKING pc=0x00000001150478e4 sp=0x000000016edff930
Event: 21.641 Thread 0x00000001017b0f10 DEOPT UNPACKING pc=0x000000011c0e777c sp=0x000000016edff5f0 mode 3
Event: 21.860 Thread 0x00000001017b0f10 Uncommon trap: trap_request=0xffffff45 fr.pc=0x000000011ce78b20 relative=0x0000000000000060
Event: 21.860 Thread 0x00000001017b0f10 Uncommon trap: reason=unstable_if action=reinterpret pc=0x000000011ce78b20 method=com.google.common.base.Platform.stringIsNullOrEmpty(Ljava/lang/String;)Z @ 1 c2
Event: 21.860 Thread 0x00000001017b0f10 DEOPT PACKING pc=0x000000011ce78b20 sp=0x000000016edfd710
Event: 21.860 Thread 0x00000001017b0f10 DEOPT UNPACKING pc=0x000000011c0e791c sp=0x000000016edfd650 mode 2

Classes loaded (20 events):
Event: 18.552 Loading class java/util/LinkedList$DescendingIterator
Event: 18.552 Loading class java/util/LinkedList$DescendingIterator done
Event: 18.555 Loading class java/util/concurrent/CompletableFuture$MinimalStage
Event: 18.555 Loading class java/util/concurrent/CompletableFuture$MinimalStage done
Event: 18.617 Loading class java/nio/HeapByteBufferR
Event: 18.618 Loading class java/nio/HeapByteBufferR done
Event: 18.618 Loading class java/util/stream/Streams$IntStreamBuilderImpl
Event: 18.618 Loading class java/util/stream/IntStream$Builder
Event: 18.618 Loading class java/util/stream/IntStream$Builder done
Event: 18.621 Loading class java/util/stream/Streams$IntStreamBuilderImpl done
Event: 18.621 Loading class java/io/SequenceInputStream
Event: 18.621 Loading class java/io/SequenceInputStream done
Event: 18.622 Loading class java/util/zip/GZIPInputStream$1
Event: 18.622 Loading class java/util/zip/GZIPInputStream$1 done
Event: 18.907 Loading class java/util/stream/ForEachOps$ForEachOp$OfInt
Event: 18.907 Loading class java/util/stream/ForEachOps$ForEachOp$OfInt done
Event: 19.539 Loading class java/util/concurrent/ConcurrentLinkedQueue$Itr
Event: 19.539 Loading class java/util/concurrent/ConcurrentLinkedQueue$Itr done
Event: 19.605 Loading class java/net/URLEncoder
Event: 19.605 Loading class java/net/URLEncoder done

Classes unloaded (8 events):
Event: 17.007 Thread 0x00000001017c12a0 Unloading class 0x000000e8023c8800 'java/lang/invoke/LambdaForm$DMH+0x000000e8023c8800'
Event: 17.007 Thread 0x00000001017c12a0 Unloading class 0x000000e8023c8000 'java/lang/invoke/LambdaForm$DMH+0x000000e8023c8000'
Event: 17.007 Thread 0x00000001017c12a0 Unloading class 0x000000e8021fe800 'java/lang/invoke/LambdaForm$MH+0x000000e8021fe800'
Event: 17.007 Thread 0x00000001017c12a0 Unloading class 0x000000e8021fe400 'java/lang/invoke/LambdaForm$MH+0x000000e8021fe400'
Event: 17.007 Thread 0x00000001017c12a0 Unloading class 0x000000e8021fe000 'java/lang/invoke/LambdaForm$DMH+0x000000e8021fe000'
Event: 17.007 Thread 0x00000001017c12a0 Unloading class 0x000000e8021fd800 'java/lang/invoke/LambdaForm$DMH+0x000000e8021fd800'
Event: 17.007 Thread 0x00000001017c12a0 Unloading class 0x000000e8021fd000 'java/lang/invoke/LambdaForm$DMH+0x000000e8021fd000'
Event: 17.007 Thread 0x00000001017c12a0 Unloading class 0x000000e8021fc400 'java/lang/invoke/LambdaForm$DMH+0x000000e8021fc400'

Classes redefined (0 events):
No events

Internal exceptions (20 events):
Event: 17.533 Thread 0x000000074c226a00 Exception <a 'java/lang/IllegalArgumentException'{0x000000032f598868}: Wrong type at constant pool index> (0x000000032f598868) 
thrown [src/hotspot/share/prims/jvm.cpp, line 2095]
Event: 17.595 Thread 0x00000001017b0f10 Exception <a 'java/lang/IllegalArgumentException'{0x0000000380d367f8}: Wrong type at constant pool index> (0x0000000380d367f8) 
thrown [src/hotspot/share/prims/jvm.cpp, line 2095]
Event: 17.595 Thread 0x00000001017b0f10 Exception <a 'java/lang/IllegalArgumentException'{0x0000000380d37350}: Wrong type at constant pool index> (0x0000000380d37350) 
thrown [src/hotspot/share/prims/jvm.cpp, line 2095]
Event: 17.595 Thread 0x00000001017b0f10 Exception <a 'java/lang/IllegalArgumentException'{0x0000000380d38600}: Wrong type at constant pool index> (0x0000000380d38600) 
thrown [src/hotspot/share/prims/jvm.cpp, line 2095]
Event: 17.595 Thread 0x00000001017b0f10 Exception <a 'java/lang/IllegalArgumentException'{0x0000000380d39158}: Wrong type at constant pool index> (0x0000000380d39158) 
thrown [src/hotspot/share/prims/jvm.cpp, line 2095]
Event: 17.601 Thread 0x000000074c225e00 Exception <a 'java/lang/NoSuchMethodError'{0x000000037c0d14c8}: 'void java.lang.invoke.DirectMethodHandle$Holder.invokeSpecial(java.lang.Object, java.lang.Object, java.lang.Object, java.lang.Object, java.lang.Object, java.lang.Object, java.lang.Object, java.lang.Object)'> (0x000000037c0d14c8) 
thrown [src/hotspot/share/interpreter/linkResolver.cpp, line 759]
Event: 17.823 Thread 0x000000074bee4000 Exception <a 'sun/nio/fs/UnixException'{0x000000036110eb50}> (0x000000036110eb50) 
thrown [src/hotspot/share/prims/jni.cpp, line 516]
Event: 17.890 Thread 0x000000074c1af000 Exception <a 'java/lang/NoSuchMethodError'{0x00000003563e95f0}: 'java.lang.Object java.lang.invoke.DirectMethodHandle$Holder.invokeInterface(java.lang.Object, java.lang.Object, java.lang.Object, java.lang.Object, java.lang.Object)'> (0x00000003563e95f0) 
thrown [src/hotspot/share/interpreter/linkResolver.cpp, line 759]
Event: 18.527 Thread 0x000000074c225e00 Exception <a 'java/lang/NoSuchMethodError'{0x000000033e5b93a0}: 'void java.lang.invoke.DirectMethodHandle$Holder.invokeStaticInit(java.lang.Object, int, java.lang.Object)'> (0x000000033e5b93a0) 
thrown [src/hotspot/share/interpreter/linkResolver.cpp, line 759]
Event: 19.162 Thread 0x000000074c225e00 Exception <a 'java/lang/NoSuchMethodError'{0x0000000373d948b0}: 'int java.lang.invoke.DirectMethodHandle$Holder.invokeInterface(java.lang.Object, java.lang.Object, java.lang.Object, int)'> (0x0000000373d948b0) 
thrown [src/hotspot/share/interpreter/linkResolver.cpp, line 759]
Event: 19.165 Thread 0x000000074c225e00 Exception <a 'java/lang/NoSuchMethodError'{0x0000000373a3ee60}: 'java.lang.Object java.lang.invoke.DirectMethodHandle$Holder.newInvokeSpecial(java.lang.Object, int, int, java.lang.Object, java.lang.Object)'> (0x0000000373a3ee60) 
thrown [src/hotspot/share/interpreter/linkResolver.cpp, line 759]
Event: 19.165 Thread 0x000000074c225e00 Exception <a 'java/lang/NoSuchMethodError'{0x0000000373a42ca0}: 'java.lang.Object java.lang.invoke.DirectMethodHandle$Holder.invokeSpecial(java.lang.Object, java.lang.Object, int, int, java.lang.Object, java.lang.Object)'> (0x0000000373a42ca0) 
thrown [src/hotspot/share/interpreter/linkResolver.cpp, line 759]
Event: 19.626 Thread 0x000000074c54b000 Implicit null exception at 0x000000011ca28a0c to 0x000000011ca28ce8
Event: 19.698 Thread 0x000000074c54b000 Exception <a 'java/lang/NoSuchMethodError'{0x000000036a096ac8}: 'java.lang.Object java.lang.invoke.DirectMethodHandle$Holder.newInvokeSpecial(java.lang.Object, java.lang.Object, java.lang.Object, java.lang.Object, int, java.lang.Object, int)'> (0x000000036a096ac8) 
thrown [src/hotspot/share/interpreter/linkResolver.cpp, line 759]
Event: 19.698 Thread 0x000000074c54b000 Exception <a 'java/lang/NoSuchMethodError'{0x000000036a09b1b0}: 'java.lang.Object java.lang.invoke.DirectMethodHandle$Holder.invokeSpecial(java.lang.Object, java.lang.Object, java.lang.Object, java.lang.Object, java.lang.Object, int, java.lang.Object, int)'> (0x000000036a09b1b0) 
thrown [src/hotspot/share/interpreter/linkResolver.cpp, line 759]
Event: 19.797 Thread 0x000000074c54b000 Exception <a 'java/lang/NoSuchMethodError'{0x0000000368ea6568}: 'java.lang.Object java.lang.invoke.DirectMethodHandle$Holder.newInvokeSpecial(java.lang.Object, java.lang.Object, double, java.lang.Object)'> (0x0000000368ea6568) 
thrown [src/hotspot/share/interpreter/linkResolver.cpp, line 759]
Event: 19.797 Thread 0x000000074c54b000 Exception <a 'java/lang/NoSuchMethodError'{0x0000000368eaa680}: 'java.lang.Object java.lang.invoke.DirectMethodHandle$Holder.invokeSpecial(java.lang.Object, java.lang.Object, java.lang.Object, double, java.lang.Object)'> (0x0000000368eaa680) 
thrown [src/hotspot/share/interpreter/linkResolver.cpp, line 759]
Event: 20.962 Thread 0x00000001017b0f10 Exception <a 'sun/nio/fs/UnixException'{0x0000000357e11ca0}> (0x0000000357e11ca0) 
thrown [src/hotspot/share/prims/jni.cpp, line 516]
Event: 21.241 Thread 0x00000001017b0f10 Exception <a 'java/lang/IncompatibleClassChangeError'{0x000000035737c5b8}: Found class java.lang.Object, but interface was expected> (0x000000035737c5b8) 
thrown [src/hotspot/share/interpreter/linkResolver.cpp, line 826]
Event: 21.860 Thread 0x00000001017b0f10 Implicit null exception at 0x000000011ce78ad4 to 0x000000011ce78b14

VM Operations (20 events):
Event: 20.498 Executing VM operation: ICBufferFull
Event: 20.498 Executing VM operation: ICBufferFull done
Event: 20.554 Executing VM operation: HandshakeAllThreads
Event: 20.554 Executing VM operation: HandshakeAllThreads done
Event: 20.555 Executing VM operation: HandshakeAllThreads
Event: 20.555 Executing VM operation: HandshakeAllThreads done
Event: 20.556 Executing VM operation: HandshakeAllThreads
Event: 20.556 Executing VM operation: HandshakeAllThreads done
Event: 20.805 Executing VM operation: ICBufferFull
Event: 20.805 Executing VM operation: ICBufferFull done
Event: 21.435 Executing VM operation: ICBufferFull
Event: 21.435 Executing VM operation: ICBufferFull done
Event: 21.441 Executing VM operation: HandshakeAllThreads
Event: 21.441 Executing VM operation: HandshakeAllThreads done
Event: 21.447 Executing VM operation: HandshakeAllThreads
Event: 21.447 Executing VM operation: HandshakeAllThreads done
Event: 21.711 Executing VM operation: ICBufferFull
Event: 21.711 Executing VM operation: ICBufferFull done
Event: 21.867 Executing VM operation: HandshakeAllThreads
Event: 21.867 Executing VM operation: HandshakeAllThreads done

Memory protections (20 events):
Event: 14.000 Protecting memory [0x00000001740b4000,0x00000001740c0000] with protection modes 0
Event: 14.000 Protecting memory [0x00000001741c0000,0x00000001741cc000] with protection modes 0
Event: 14.001 Protecting memory [0x00000001742cc000,0x00000001742d8000] with protection modes 0
Event: 14.001 Protecting memory [0x00000001743d8000,0x00000001743e4000] with protection modes 0
Event: 14.489 Protecting memory [0x00000001744e4000,0x00000001744f0000] with protection modes 0
Event: 15.842 Protecting memory [0x0000000174820000,0x000000017482c000] with protection modes 0
Event: 15.844 Protecting memory [0x000000017492c000,0x0000000174938000] with protection modes 0
Event: 15.883 Protecting memory [0x0000000174a38000,0x0000000174a44000] with protection modes 0
Event: 15.888 Protecting memory [0x0000000174b44000,0x0000000174b50000] with protection modes 0
Event: 17.531 Protecting memory [0x0000000174c50000,0x0000000174c5c000] with protection modes 0
Event: 17.534 Protecting memory [0x0000000174d5c000,0x0000000174d68000] with protection modes 0
Event: 17.746 Protecting memory [0x0000000174e68000,0x0000000174e74000] with protection modes 0
Event: 17.766 Protecting memory [0x0000000174f74000,0x0000000174f80000] with protection modes 0
Event: 19.406 Protecting memory [0x0000000174c50000,0x0000000174c5c000] with protection modes 3
Event: 19.606 Protecting memory [0x0000000174c50000,0x0000000174c5c000] with protection modes 0
Event: 19.606 Protecting memory [0x0000000175080000,0x000000017508c000] with protection modes 0
Event: 19.633 Protecting memory [0x000000017518c000,0x0000000175198000] with protection modes 0
Event: 19.633 Protecting memory [0x0000000175298000,0x00000001752a4000] with protection modes 0
Event: 19.843 Protecting memory [0x0000000174c50000,0x0000000174c5c000] with protection modes 3
Event: 21.567 Protecting memory [0x0000000172bc4000,0x0000000172bd0000] with protection modes 3

Nmethod flushes (20 events):
Event: 20.486 Thread 0x0000000750942a00 flushing  nmethod 0x0000000114f50490
Event: 20.486 Thread 0x0000000750942a00 flushing  nmethod 0x0000000114fb7490
Event: 20.488 Thread 0x0000000750942a00 flushing  nmethod 0x00000001153ea390
Event: 20.493 Thread 0x0000000750942a00 flushing  nmethod 0x0000000115dc5190
Event: 20.495 Thread 0x0000000750942a00 flushing  nmethod 0x000000011635e310
Event: 20.495 Thread 0x0000000750942a00 flushing  nmethod 0x000000011639bf10
Event: 20.495 Thread 0x0000000750942a00 flushing  nmethod 0x00000001163a2210
Event: 20.497 Thread 0x0000000750942a00 flushing  nmethod 0x000000011667ac90
Event: 20.498 Thread 0x0000000750942a00 flushing  nmethod 0x0000000116801110
Event: 20.498 Thread 0x0000000750942a00 flushing  nmethod 0x000000011680a110
Event: 20.498 Thread 0x0000000750942a00 flushing  nmethod 0x000000011680bf90
Event: 20.498 Thread 0x0000000750942a00 flushing  nmethod 0x000000011680c610
Event: 20.498 Thread 0x0000000750942a00 flushing  nmethod 0x000000011680f110
Event: 20.498 Thread 0x0000000750942a00 flushing  nmethod 0x0000000116815590
Event: 20.498 Thread 0x0000000750942a00 flushing  nmethod 0x0000000116835110
Event: 20.498 Thread 0x0000000750942a00 flushing  nmethod 0x0000000116835c90
Event: 20.498 Thread 0x0000000750942a00 flushing  nmethod 0x0000000116837190
Event: 20.498 Thread 0x0000000750942a00 flushing  nmethod 0x0000000116852d10
Event: 20.498 Thread 0x0000000750942a00 flushing  nmethod 0x0000000116858190
Event: 20.498 Thread 0x0000000750942a00 flushing  nmethod 0x000000011685e710

Events (20 events):
Event: 14.000 Thread 0x000000074c1ad200 Thread added: 0x000000074c1af000
Event: 14.000 Thread 0x000000074c1af000 Thread added: 0x000000074c1ae400
Event: 14.001 Thread 0x000000074c1ae400 Thread added: 0x000000074c1ad800
Event: 14.001 Thread 0x000000074c1ad800 Thread added: 0x000000074bee4000
Event: 14.489 Thread 0x00000001017b0f10 Thread added: 0x000000074bee5200
Event: 15.842 Thread 0x000000074c1af000 Thread added: 0x000000074c1af600
Event: 15.844 Thread 0x00000001017b0f10 Thread added: 0x000000074c549800
Event: 15.883 Thread 0x000000074c54b000 Thread added: 0x000000074c3b9e00
Event: 15.888 Thread 0x000000074c54b000 Thread added: 0x000000074c3bb000
Event: 17.530 Thread 0x000000074c226a00 Thread added: 0x000000074ba15e00
Event: 17.534 Thread 0x000000074ba15e00 Thread added: 0x000000074ba15800
Event: 17.746 Thread 0x000000074ba15800 Thread added: 0x000000074ba14600
Event: 17.766 Thread 0x000000074ba15800 Thread added: 0x000000074ba17600
Event: 19.406 Thread 0x000000074ba15e00 Thread exited: 0x000000074ba15e00
Event: 19.606 Thread 0x000000074bee4000 Thread added: 0x000000074b5fea00
Event: 19.606 Thread 0x000000074b5fea00 Thread added: 0x000000074b5ff000
Event: 19.633 Thread 0x000000074b5ff000 Thread added: 0x000000074b5ff600
Event: 19.633 Thread 0x000000074b5ff000 Thread added: 0x000000074ba15e00
Event: 19.843 Thread 0x000000074b5fea00 Thread exited: 0x000000074b5fea00
Event: 21.567 Thread 0x000000074caf7600 Thread exited: 0x000000074caf7600


Dynamic libraries:
0x000000010103c000 	/Library/Java/JavaVirtualMachines/microsoft-17.jdk/Contents/Home/lib/libjli.dylib
0x00000001a94b2000 	/System/Library/Frameworks/Cocoa.framework/Versions/A/Cocoa
0x000000018e9fb000 	/System/Library/Frameworks/AppKit.framework/Versions/C/AppKit
0x0000000192044000 	/System/Library/Frameworks/CoreData.framework/Versions/A/CoreData
0x000000018bdfb000 	/System/Library/Frameworks/Foundation.framework/Versions/C/Foundation
0x0000000199f83000 	/usr/lib/libSystem.B.dylib
0x000000019012b000 	/System/Library/PrivateFrameworks/UIFoundation.framework/Versions/A/UIFoundation
0x0000000240a0f000 	/System/Library/PrivateFrameworks/CollectionViewCore.framework/Versions/A/CollectionViewCore
0x000000019734f000 	/System/Library/PrivateFrameworks/XCTTargetBootstrap.framework/Versions/A/XCTTargetBootstrap
0x000000019c900000 	/System/Library/PrivateFrameworks/InternationalSupport.framework/Versions/A/InternationalSupport
0x000000019cc5a000 	/System/Library/PrivateFrameworks/UserActivity.framework/Versions/A/UserActivity
0x00000001926d4000 	/System/Library/PrivateFrameworks/BaseBoard.framework/Versions/A/BaseBoard
0x00000002491b3000 	/System/Library/PrivateFrameworks/FrontBoard.framework/Versions/A/FrontBoard
0x00000001a4306000 	/System/Library/PrivateFrameworks/FrontBoardServices.framework/Versions/A/FrontBoardServices
0x0000000284a30000 	/usr/lib/libRosetta.dylib
0x0000000278335000 	/System/Library/PrivateFrameworks/UIIntelligenceSupport.framework/Versions/A/UIIntelligenceSupport
0x00000002359b2000 	/System/Library/Frameworks/SwiftUICore.framework/Versions/A/SwiftUICore
0x000000027e8af000 	/System/Library/PrivateFrameworks/WritingTools.framework/Versions/A/WritingTools
0x000000027d705000 	/System/Library/PrivateFrameworks/WindowManagement.framework/Versions/A/WindowManagement
0x000000018ba5a000 	/System/Library/Frameworks/SystemConfiguration.framework/Versions/A/SystemConfiguration
0x000000019bc1d000 	/usr/lib/libspindump.dylib
0x00000001902e6000 	/System/Library/Frameworks/UniformTypeIdentifiers.framework/Versions/A/UniformTypeIdentifiers
0x000000019922e000 	/usr/lib/libbsm.0.dylib
0x0000000194a5c000 	/usr/lib/libapp_launch_measurement.dylib
0x0000000193d62000 	/System/Library/PrivateFrameworks/CoreAnalytics.framework/Versions/A/CoreAnalytics
0x0000000194a60000 	/System/Library/PrivateFrameworks/CoreAutoLayout.framework/Versions/A/CoreAutoLayout
0x000000019689a000 	/System/Library/Frameworks/Metal.framework/Versions/A/Metal
0x0000000197c9a000 	/usr/lib/liblangid.dylib
0x0000000197355000 	/System/Library/PrivateFrameworks/CoreSVG.framework/Versions/A/CoreSVG
0x0000000190d47000 	/System/Library/PrivateFrameworks/SkyLight.framework/Versions/A/SkyLight
0x0000000248eec000 	/System/Library/PrivateFrameworks/FocusEngine.framework/Versions/A/FocusEngine
0x00000001912e0000 	/System/Library/Frameworks/CoreGraphics.framework/Versions/A/CoreGraphics
0x0000000246afb000 	/System/Library/PrivateFrameworks/DesignLibrary.framework/Versions/A/DesignLibrary
0x00000001a25cc000 	/System/Library/Frameworks/Accelerate.framework/Versions/A/Accelerate
0x000000019ba13000 	/System/Library/PrivateFrameworks/IconServices.framework/Versions/A/IconServices
0x0000000196872000 	/System/Library/Frameworks/IOSurface.framework/Versions/A/IOSurface
0x0000000193d92000 	/usr/lib/libDiagnosticMessagesClient.dylib
0x0000000199ecc000 	/usr/lib/libz.1.dylib
0x00000001a68ef000 	/System/Library/Frameworks/ApplicationServices.framework/Versions/A/ApplicationServices
0x000000019733a000 	/System/Library/PrivateFrameworks/DFRFoundation.framework/Versions/A/DFRFoundation
0x000000018e24a000 	/usr/lib/libicucore.A.dylib
0x000000019de96000 	/System/Library/Frameworks/AudioToolbox.framework/Versions/A/AudioToolbox
0x000000019cc08000 	/System/Library/PrivateFrameworks/DataDetectorsCore.framework/Versions/A/DataDetectorsCore
0x0000000278f1b000 	/System/Library/PrivateFrameworks/UpdateCycle.framework/Versions/A/UpdateCycle
0x00000001baac0000 	/System/Library/PrivateFrameworks/TextInput.framework/Versions/A/TextInput
0x0000000190c89000 	/usr/lib/libMobileGestalt.dylib
0x0000000197036000 	/System/Library/Frameworks/Carbon.framework/Versions/A/Frameworks/HIToolbox.framework/Versions/A/HIToolbox
0x00000001942c7000 	/System/Library/Frameworks/QuartzCore.framework/Versions/A/QuartzCore
0x000000018de25000 	/System/Library/Frameworks/Security.framework/Versions/A/Security
0x00000001a1f4b000 	/System/Library/Frameworks/Carbon.framework/Versions/A/Frameworks/SpeechRecognition.framework/Versions/A/SpeechRecognition
0x000000019472b000 	/System/Library/PrivateFrameworks/CoreUI.framework/Versions/A/CoreUI
0x000000018d679000 	/System/Library/Frameworks/CoreAudio.framework/Versions/A/CoreAudio
0x0000000193e86000 	/System/Library/Frameworks/DiskArbitration.framework/Versions/A/DiskArbitration
0x000000019c0da000 	/System/Library/PrivateFrameworks/MultitouchSupport.framework/Versions/A/MultitouchSupport
0x0000000190c87000 	/usr/lib/libenergytrace.dylib
0x00000001adfed000 	/System/Library/PrivateFrameworks/RenderBox.framework/Versions/A/RenderBox
0x000000018e8a2000 	/System/Library/Frameworks/IOKit.framework/Versions/A/IOKit
0x00000001a2355000 	/System/Library/Frameworks/CoreServices.framework/Versions/A/CoreServices
0x00000001949ed000 	/System/Library/PrivateFrameworks/PerformanceAnalysis.framework/Versions/A/PerformanceAnalysis
0x00000001f0748000 	/System/Library/Frameworks/OpenGL.framework/Versions/A/OpenGL
0x0000000194aaa000 	/usr/lib/libxml2.2.dylib
0x000000019910f000 	/System/Library/PrivateFrameworks/MobileKeyBag.framework/Versions/A/MobileKeyBag
0x000000018a114000 	/usr/lib/libobjc.A.dylib
0x000000018a478000 	/usr/lib/libc++.1.dylib
0x00000001a22d2000 	/System/Library/Frameworks/Accessibility.framework/Versions/A/Accessibility
0x0000000191a3a000 	/System/Library/Frameworks/ColorSync.framework/Versions/A/ColorSync
0x000000018a5a9000 	/System/Library/Frameworks/CoreFoundation.framework/Versions/A/CoreFoundation
0x00000001976dc000 	/System/Library/Frameworks/CoreImage.framework/Versions/A/CoreImage
0x000000018d44c000 	/System/Library/Frameworks/CoreText.framework/Versions/A/CoreText
0x000000022ff99000 	/System/Library/Frameworks/CoreTransferable.framework/Versions/A/CoreTransferable
0x00000002304d5000 	/System/Library/Frameworks/DataDetection.framework/Versions/A/DataDetection
0x00000002304ea000 	/System/Library/Frameworks/DeveloperToolsSupport.framework/Versions/A/DeveloperToolsSupport
0x0000000197393000 	/System/Library/Frameworks/ImageIO.framework/Versions/A/ImageIO
0x0000000236927000 	/System/Library/Frameworks/Symbols.framework/Versions/A/Symbols
0x00000001bfc94000 	/System/Library/PrivateFrameworks/AttributeGraph.framework/Versions/A/AttributeGraph
0x00000001a43e5000 	/System/Library/PrivateFrameworks/BoardServices.framework/Versions/A/BoardServices
0x00000001e4329000 	/System/Library/PrivateFrameworks/FeatureFlags.framework/Versions/A/FeatureFlags
0x00000002520d3000 	/System/Library/PrivateFrameworks/Gestures.framework/Versions/A/Gestures
0x0000000199f88000 	/System/Library/PrivateFrameworks/SoftLinking.framework/Versions/A/SoftLinking
0x00000001ce495000 	/usr/lib/swift/libswiftAccelerate.dylib
0x00000001c4977000 	/usr/lib/swift/libswiftCompression.dylib
0x000000019d7fe000 	/usr/lib/swift/libswiftCore.dylib
0x00000001b6da4000 	/usr/lib/swift/libswiftCoreFoundation.dylib
0x00000001b6dfd000 	/usr/lib/swift/libswiftCoreImage.dylib
0x00000001a4081000 	/usr/lib/swift/libswiftDispatch.dylib
0x00000001b6dfe000 	/usr/lib/swift/libswiftIOKit.dylib
0x00000001c496a000 	/usr/lib/swift/libswiftMetal.dylib
0x00000001d3c78000 	/usr/lib/swift/libswiftOSLog.dylib
0x00000001a6f3f000 	/usr/lib/swift/libswiftObjectiveC.dylib
0x0000000285c6e000 	/usr/lib/swift/libswiftObservation.dylib
0x00000001c9c2d000 	/usr/lib/swift/libswiftQuartzCore.dylib
0x0000000285dad000 	/usr/lib/swift/libswiftSynchronization.dylib
0x00000001ce486000 	/usr/lib/swift/libswiftUniformTypeIdentifiers.dylib
0x00000001b6db6000 	/usr/lib/swift/libswiftXPC.dylib
0x0000000285de7000 	/usr/lib/swift/libswift_Builtin_float.dylib
0x0000000285dea000 	/usr/lib/swift/libswift_Concurrency.dylib
0x00000001a6f43000 	/usr/lib/swift/libswiftos.dylib
0x00000001ba855000 	/usr/lib/swift/libswiftsimd.dylib
0x000000019a1af000 	/usr/lib/libcompression.dylib
0x000000019c860000 	/System/Library/PrivateFrameworks/TextureIO.framework/Versions/A/TextureIO
0x0000000191be6000 	/System/Library/Frameworks/ApplicationServices.framework/Versions/A/Frameworks/HIServices.framework/Versions/A/HIServices
0x000000019b69c000 	/usr/lib/libate.dylib
0x0000000199f7d000 	/usr/lib/system/libcache.dylib
0x0000000199f38000 	/usr/lib/system/libcommonCrypto.dylib
0x0000000199f63000 	/usr/lib/system/libcompiler_rt.dylib
0x0000000199f58000 	/usr/lib/system/libcopyfile.dylib
0x000000018a2b2000 	/usr/lib/system/libcorecrypto.dylib
0x000000018a3ab000 	/usr/lib/system/libdispatch.dylib
0x000000018a168000 	/usr/lib/system/libdyld.dylib
0x0000000199f73000 	/usr/lib/system/libkeymgr.dylib
0x0000000199f1b000 	/usr/lib/system/libmacho.dylib
0x0000000199206000 	/usr/lib/system/libquarantine.dylib
0x0000000199f70000 	/usr/lib/system/libremovefile.dylib
0x0000000190d0a000 	/usr/lib/system/libsystem_asl.dylib
0x000000018a238000 	/usr/lib/system/libsystem_blocks.dylib
0x000000018a3f5000 	/usr/lib/system/libsystem_c.dylib
0x0000000199f67000 	/usr/lib/system/libsystem_collections.dylib
0x0000000197c87000 	/usr/lib/system/libsystem_configuration.dylib
0x0000000196839000 	/usr/lib/system/libsystem_containermanager.dylib
0x0000000199989000 	/usr/lib/system/libsystem_coreservices.dylib
0x000000018e51c000 	/usr/lib/system/libsystem_darwin.dylib
0x000000028613d000 	/usr/lib/system/libsystem_darwindirectory.dylib
0x0000000199f74000 	/usr/lib/system/libsystem_dnssd.dylib
0x0000000286141000 	/usr/lib/system/libsystem_eligibility.dylib
0x000000018a3f2000 	/usr/lib/system/libsystem_featureflags.dylib
0x000000018a579000 	/usr/lib/system/libsystem_info.dylib
0x0000000199edc000 	/usr/lib/system/libsystem_m.dylib
0x000000018a35f000 	/usr/lib/system/libsystem_malloc.dylib
0x0000000190c6c000 	/usr/lib/system/libsystem_networkextension.dylib
0x000000018e98d000 	/usr/lib/system/libsystem_notify.dylib
0x0000000197c8c000 	/usr/lib/system/libsystem_sandbox.dylib
0x000000028614b000 	/usr/lib/system/libsystem_sanitizers.dylib
0x0000000199f6c000 	/usr/lib/system/libsystem_secinit.dylib
0x000000018a526000 	/usr/lib/system/libsystem_kernel.dylib
0x000000018a570000 	/usr/lib/system/libsystem_platform.dylib
0x000000018a563000 	/usr/lib/system/libsystem_pthread.dylib
0x00000001928b7000 	/usr/lib/system/libsystem_symptoms.dylib
0x000000018a291000 	/usr/lib/system/libsystem_trace.dylib
0x0000000286153000 	/usr/lib/system/libsystem_trial.dylib
0x0000000199f46000 	/usr/lib/system/libunwind.dylib
0x000000018a23c000 	/usr/lib/system/libxpc.dylib
0x000000018a50b000 	/usr/lib/libc++abi.dylib
0x000000028597e000 	/usr/lib/libswiftPrespecialized.dylib
0x0000000199f85000 	/usr/lib/libfakelink.dylib
0x00000001908b0000 	/System/Library/Frameworks/CFNetwork.framework/Versions/A/CFNetwork
0x0000000199fd9000 	/usr/lib/libarchive.2.dylib
0x00000001a0060000 	/System/Library/Frameworks/Combine.framework/Versions/A/Combine
0x0000000240a34000 	/System/Library/PrivateFrameworks/CollectionsInternal.framework/Versions/A/CollectionsInternal
0x000000026756f000 	/System/Library/PrivateFrameworks/ReflectionInternal.framework/Versions/A/ReflectionInternal
0x00000002683fb000 	/System/Library/PrivateFrameworks/RuntimeInternal.framework/Versions/A/RuntimeInternal
0x00000001b3c5e000 	/usr/lib/swift/libswiftDarwin.dylib
0x0000000285db5000 	/usr/lib/swift/libswiftSystem.dylib
0x0000000285e74000 	/usr/lib/swift/libswift_DarwinFoundation1.dylib
0x0000000285f55000 	/usr/lib/swift/libswift_StringProcessing.dylib
0x000000018e821000 	/System/Library/PrivateFrameworks/CoreServicesInternal.framework/Versions/A/CoreServicesInternal
0x0000000199f50000 	/usr/lib/liboah.dylib
0x00000001a638d000 	/System/Library/PrivateFrameworks/DiskImages.framework/Versions/A/DiskImages
0x00000001b3721000 	/System/Library/Frameworks/NetFS.framework/Versions/A/NetFS
0x0000000194a24000 	/System/Library/Frameworks/CoreServices.framework/Versions/A/Frameworks/FSEvents.framework/Versions/A/FSEvents
0x000000018e527000 	/System/Library/Frameworks/CoreServices.framework/Versions/A/Frameworks/CarbonCore.framework/Versions/A/CarbonCore
0x0000000193dfa000 	/System/Library/Frameworks/CoreServices.framework/Versions/A/Frameworks/Metadata.framework/Versions/A/Metadata
0x0000000199990000 	/System/Library/Frameworks/CoreServices.framework/Versions/A/Frameworks/OSServices.framework/Versions/A/OSServices
0x000000019a0d1000 	/System/Library/Frameworks/CoreServices.framework/Versions/A/Frameworks/SearchKit.framework/Versions/A/SearchKit
0x0000000192831000 	/System/Library/Frameworks/CoreServices.framework/Versions/A/Frameworks/AE.framework/Versions/A/AE
0x000000018aaf2000 	/System/Library/Frameworks/CoreServices.framework/Versions/A/Frameworks/LaunchServices.framework/Versions/A/LaunchServices
0x000000019b4f2000 	/System/Library/Frameworks/CoreServices.framework/Versions/A/Frameworks/DictionaryServices.framework/Versions/A/DictionaryServices
0x0000000194a32000 	/System/Library/Frameworks/CoreServices.framework/Versions/A/Frameworks/SharedFileList.framework/Versions/A/SharedFileList
0x000000019a166000 	/usr/lib/libapple_nghttp2.dylib
0x000000019244b000 	/usr/lib/libsqlite3.dylib
0x00000001a65d5000 	/System/Library/PrivateFrameworks/AppSupport.framework/Versions/A/AppSupport
0x000000019e52f000 	/System/Library/Frameworks/GSS.framework/Versions/A/GSS
0x00000001927c5000 	/System/Library/PrivateFrameworks/RunningBoardServices.framework/Versions/A/RunningBoardServices
0x00000001a6ecd000 	/System/Library/PrivateFrameworks/StreamingZip.framework/Versions/A/StreamingZip
0x00000001928c0000 	/System/Library/Frameworks/Network.framework/Versions/A/Network
0x0000000199f1f000 	/usr/lib/system/libkxld.dylib
0x000000023c2de000 	/System/Library/PrivateFrameworks/AppleKeyStore.framework/Versions/A/AppleKeyStore
0x0000000284714000 	/usr/lib/libCoreEntitlements.dylib
0x000000025d4ca000 	/System/Library/PrivateFrameworks/MessageSecurity.framework/Versions/A/MessageSecurity
0x000000019242f000 	/System/Library/PrivateFrameworks/ProtocolBuffer.framework/Versions/A/ProtocolBuffer
0x00000001a3487000 	/System/Library/PrivateFrameworks/SymptomDiagnosticReporter.framework/Versions/A/SymptomDiagnosticReporter
0x000000019b736000 	/System/Library/PrivateFrameworks/CrashReporterSupport.framework/Versions/A/CrashReporterSupport
0x0000000199970000 	/System/Library/PrivateFrameworks/AppleFSCompression.framework/Versions/A/AppleFSCompression
0x0000000199216000 	/usr/lib/libcoretls.dylib
0x000000019b569000 	/usr/lib/libcoretls_cfhelpers.dylib
0x000000019a1a8000 	/usr/lib/libpam.2.dylib
0x000000019b5db000 	/usr/lib/libxar.1.dylib
0x000000019b56b000 	/System/Library/PrivateFrameworks/APFS.framework/Versions/A/APFS
0x0000000272e27000 	/System/Library/PrivateFrameworks/SwiftASN1Internal.framework/Versions/A/SwiftASN1Internal
0x000000019b5ea000 	/usr/lib/libutil.dylib
0x0000000197c95000 	/System/Library/PrivateFrameworks/AppleSystemInfo.framework/Versions/A/AppleSystemInfo
0x0000000198efe000 	/System/Library/PrivateFrameworks/IOMobileFramebuffer.framework/Versions/A/IOMobileFramebuffer
0x00000001b6c6a000 	/System/Library/PrivateFrameworks/LoggingSupport.framework/Versions/A/LoggingSupport
0x000000019e592000 	/System/Library/PrivateFrameworks/MobileAsset.framework/Versions/A/MobileAsset
0x00000001a3497000 	/System/Library/PrivateFrameworks/PowerLog.framework/Versions/A/PowerLog
0x0000000235850000 	/System/Library/Frameworks/SwiftData.framework/Versions/A/SwiftData
0x0000000194c56000 	/System/Library/PrivateFrameworks/UserManagement.framework/Versions/A/UserManagement
0x00000001907db000 	/usr/lib/libboringssl.dylib
0x00000001928a5000 	/usr/lib/libdns_services.dylib
0x00000001b5ca3000 	/usr/lib/libquic.dylib
0x000000019d78e000 	/usr/lib/libusrtcp.dylib
0x000000023d0d1000 	/System/Library/PrivateFrameworks/AtomicsInternal.framework/Versions/A/AtomicsInternal
0x00000001dc4b0000 	/System/Library/PrivateFrameworks/InternalSwiftProtobuf.framework/Versions/A/InternalSwiftProtobuf
0x0000000285c45000 	/usr/lib/swift/libswiftDistributed.dylib
0x0000000197c93000 	/System/Library/PrivateFrameworks/AggregateDictionary.framework/Versions/A/AggregateDictionary
0x000000023d861000 	/System/Library/PrivateFrameworks/BiomeLibrary.framework/Versions/A/BiomeLibrary
0x00000001c593e000 	/System/Library/PrivateFrameworks/BiomeStreams.framework/Versions/A/BiomeStreams
0x00000001c1b75000 	/System/Library/PrivateFrameworks/BiomeFoundation.framework/Versions/A/BiomeFoundation
0x00000001cb9f2000 	/System/Library/PrivateFrameworks/BiomePubSub.framework/Versions/A/BiomePubSub
0x00000001a7ef1000 	/System/Library/PrivateFrameworks/ProactiveSupport.framework/Versions/A/ProactiveSupport
0x000000019b54a000 	/usr/lib/liblzma.5.dylib
0x00000001a68f0000 	/System/Library/PrivateFrameworks/InternationalTextSearch.framework/Versions/A/InternationalTextSearch
0x00000001be092000 	/System/Library/PrivateFrameworks/SoftwareUpdateCoreSupport.framework/Versions/A/SoftwareUpdateCoreSupport
0x00000001c63c0000 	/System/Library/PrivateFrameworks/SoftwareUpdateCoreConnect.framework/Versions/A/SoftwareUpdateCoreConnect
0x00000001a648b000 	/System/Library/PrivateFrameworks/RemoteServiceDiscovery.framework/Versions/A/RemoteServiceDiscovery
0x00000001bdc89000 	/System/Library/PrivateFrameworks/MSUDataAccessor.framework/Versions/A/MSUDataAccessor
0x00000001b8dc2000 	/usr/lib/libbootpolicy.dylib
0x00000001a64a2000 	/System/Library/PrivateFrameworks/RemoteXPC.framework/Versions/A/RemoteXPC
0x00000001c580a000 	/usr/lib/libFDR.dylib
0x00000001cb613000 	/usr/lib/libamsupport.dylib
0x0000000284a28000 	/usr/lib/libReverseProxyDevice.dylib
0x000000023bc38000 	/System/Library/PrivateFrameworks/AppleDeviceQuerySupport.framework/Versions/A/AppleDeviceQuerySupport
0x00000001ce695000 	/usr/lib/libpartition2_dynamic.dylib
0x000000019a142000 	/System/Library/PrivateFrameworks/AppleSauce.framework/Versions/A/AppleSauce
0x00000002845b5000 	/usr/lib/libAppleArchive.dylib
0x000000019997c000 	/usr/lib/libbz2.1.0.dylib
0x0000000193e90000 	/System/Library/Frameworks/Accelerate.framework/Versions/A/Frameworks/vImage.framework/Versions/A/vImage
0x00000001a232f000 	/System/Library/Frameworks/Accelerate.framework/Versions/A/Frameworks/vecLib.framework/Versions/A/vecLib
0x000000019b621000 	/System/Library/Frameworks/Accelerate.framework/Versions/A/Frameworks/vecLib.framework/Versions/A/libvMisc.dylib
0x000000018aff2000 	/System/Library/Frameworks/Accelerate.framework/Versions/A/Frameworks/vecLib.framework/Versions/A/libBLAS.dylib
0x0000000194b91000 	/System/Library/Frameworks/CoreVideo.framework/Versions/A/CoreVideo
0x000000019e137000 	/System/Library/Frameworks/ApplicationServices.framework/Versions/A/Frameworks/ATS.framework/Versions/A/ATS
0x000000019c7e9000 	/System/Library/Frameworks/ApplicationServices.framework/Versions/A/Frameworks/PrintCore.framework/Versions/A/PrintCore
0x000000019e4f8000 	/System/Library/Frameworks/ApplicationServices.framework/Versions/A/Frameworks/QD.framework/Versions/A/QD
0x000000019e4f3000 	/System/Library/Frameworks/ApplicationServices.framework/Versions/A/Frameworks/ColorSyncLegacy.framework/Versions/A/ColorSyncLegacy
0x000000019e109000 	/System/Library/Frameworks/ApplicationServices.framework/Versions/A/Frameworks/SpeechSynthesis.framework/Versions/A/SpeechSynthesis
0x0000000196d64000 	/System/Library/PrivateFrameworks/FontServices.framework/libFontParser.dylib
0x00000001a61b1000 	/System/Library/PrivateFrameworks/BackBoardServices.framework/Versions/A/BackBoardServices
0x000000023d77d000 	/System/Library/PrivateFrameworks/BackBoardHIDEventFoundation.framework/Versions/A/BackBoardHIDEventFoundation
0x000000018cf5d000 	/System/Library/Frameworks/CoreDisplay.framework/Versions/A/CoreDisplay
0x000000019c120000 	/System/Library/Frameworks/VideoToolbox.framework/Versions/A/VideoToolbox
0x000000019a1a6000 	/System/Library/Frameworks/MetalPerformanceShaders.framework/Versions/A/MetalPerformanceShaders
0x000000026664c000 	/System/Library/PrivateFrameworks/ProDisplayLibrary.framework/Versions/A/ProDisplayLibrary
0x00000001a9f7b000 	/System/Library/PrivateFrameworks/IOSurfaceAccelerator.framework/Versions/A/IOSurfaceAccelerator
0x000000019688f000 	/System/Library/PrivateFrameworks/IOAccelerator.framework/Versions/A/IOAccelerator
0x0000000196ba7000 	/System/Library/Frameworks/CoreMedia.framework/Versions/A/CoreMedia
0x0000000190d22000 	/System/Library/PrivateFrameworks/TCC.framework/Versions/A/TCC
0x000000019c0d8000 	/System/Library/PrivateFrameworks/WatchdogClient.framework/Versions/A/WatchdogClient
0x00000001cba50000 	/System/Library/PrivateFrameworks/BiomeStorage.framework/Versions/A/BiomeStorage
0x0000000258072000 	/System/Library/PrivateFrameworks/IntelligencePlatformLibrary.framework/Versions/A/IntelligencePlatformLibrary
0x0000000265959000 	/System/Library/PrivateFrameworks/PoirotSchematizer.framework/Versions/A/PoirotSchematizer
0x000000023e0a6000 	/System/Library/PrivateFrameworks/BiomeSync.framework/Versions/A/BiomeSync
0x000000023d847000 	/System/Library/PrivateFrameworks/BiomeDSL.framework/Versions/A/BiomeDSL
0x00000002659c3000 	/System/Library/PrivateFrameworks/PoirotUDFs.framework/Versions/A/PoirotUDFs
0x0000000265928000 	/System/Library/PrivateFrameworks/PoirotSQLite.framework/Versions/A/PoirotSQLite
0x00000001a4902000 	/System/Library/PrivateFrameworks/CoreTime.framework/Versions/A/CoreTime
0x0000000199fbe000 	/usr/lib/libiconv.2.dylib
0x0000000199f1a000 	/usr/lib/libcharset.1.dylib
0x0000000285eb5000 	/usr/lib/swift/libswift_RegexParser.dylib
0x000000023f6af000 	/System/Library/PrivateFrameworks/CascadeSets.framework/Versions/A/CascadeSets
0x000000019e6ff000 	/System/Library/PrivateFrameworks/CorePhoneNumbers.framework/Versions/A/CorePhoneNumbers
0x000000019bfa2000 	/System/Library/PrivateFrameworks/AppleJPEG.framework/Versions/A/AppleJPEG
0x000000019b98e000 	/usr/lib/libexpat.1.dylib
0x000000019c6bc000 	/System/Library/Frameworks/ImageIO.framework/Versions/A/Resources/libPng.dylib
0x000000019c6e8000 	/System/Library/Frameworks/ImageIO.framework/Versions/A/Resources/libTIFF.dylib
0x000000019c7d2000 	/System/Library/Frameworks/ImageIO.framework/Versions/A/Resources/libGIF.dylib
0x000000019bfe7000 	/System/Library/Frameworks/ImageIO.framework/Versions/A/Resources/libJP2.dylib
0x000000019c778000 	/System/Library/Frameworks/ImageIO.framework/Versions/A/Resources/libJPEG.dylib
0x000000019c76f000 	/System/Library/Frameworks/ImageIO.framework/Versions/A/Resources/libRadiance.dylib
0x000000024e89a000 	/System/Library/PrivateFrameworks/GPUCompiler.framework/Versions/32023/Libraries/libllvm-flatbuffers.dylib
0x00000002491a6000 	/System/Library/PrivateFrameworks/FramePacing.framework/Versions/A/FramePacing
0x00000001f073a000 	/System/Library/Frameworks/OpenGL.framework/Versions/A/Libraries/libCoreFSCache.dylib
0x000000024a2e7000 	/System/Library/PrivateFrameworks/GPUCompiler.framework/Versions/32023/Libraries/libGPUCompilerUtils.dylib
0x00000001a44b2000 	/System/Library/PrivateFrameworks/GraphicsServices.framework/Versions/A/GraphicsServices
0x00000001a807d000 	/System/Library/PrivateFrameworks/ASEProcessing.framework/Versions/A/ASEProcessing
0x00000001d7ccc000 	/System/Library/PrivateFrameworks/Symbolication.framework/Versions/A/Symbolication
0x0000000265549000 	/System/Library/PrivateFrameworks/PhotosensitivityProcessing.framework/Versions/A/PhotosensitivityProcessing
0x000000019bbbf000 	/System/Library/PrivateFrameworks/GraphVisualizer.framework/Versions/A/GraphVisualizer
0x00000001f0799000 	/System/Library/Frameworks/OpenGL.framework/Versions/A/Libraries/libGLU.dylib
0x00000001f075c000 	/System/Library/Frameworks/OpenGL.framework/Versions/A/Libraries/libGFXShared.dylib
0x000000022e870000 	/System/Library/Frameworks/OpenGL.framework/Versions/A/Libraries/libGL.dylib
0x00000001f0765000 	/System/Library/Frameworks/OpenGL.framework/Versions/A/Libraries/libGLImage.dylib
0x00000001f0759000 	/System/Library/Frameworks/OpenGL.framework/Versions/A/Libraries/libCVMSPluginSupport.dylib
0x00000001f0742000 	/System/Library/Frameworks/OpenGL.framework/Versions/A/Libraries/libCoreVMClient.dylib
0x00000002490b1000 	/System/Library/PrivateFrameworks/FontServices.framework/Versions/A/FontServices
0x000000019bbcf000 	/System/Library/PrivateFrameworks/OTSVG.framework/Versions/A/OTSVG
0x00000001946d8000 	/System/Library/Frameworks/ApplicationServices.framework/Versions/A/Frameworks/ATS.framework/Versions/A/Resources/libFontRegistry.dylib
0x0000000284f38000 	/usr/lib/libhvf.dylib
0x000000026237e000 	/System/Library/PrivateFrameworks/ParsingInternal.framework/Versions/A/ParsingInternal
0x00000002490b5000 	/System/Library/PrivateFrameworks/FontServices.framework/libXTFontStaticRegistryData.dylib
0x0000000197bd4000 	/System/Library/Frameworks/MetalPerformanceShaders.framework/Versions/A/Frameworks/MPSCore.framework/Versions/A/MPSCore
0x00000001998db000 	/System/Library/Frameworks/MetalPerformanceShaders.framework/Versions/A/Frameworks/MPSImage.framework/Versions/A/MPSImage
0x00000001992b9000 	/System/Library/Frameworks/MetalPerformanceShaders.framework/Versions/A/Frameworks/MPSNeuralNetwork.framework/Versions/A/MPSNeuralNetwork
0x00000001996f1000 	/System/Library/Frameworks/MetalPerformanceShaders.framework/Versions/A/Frameworks/MPSMatrix.framework/Versions/A/MPSMatrix
0x0000000199506000 	/System/Library/Frameworks/MetalPerformanceShaders.framework/Versions/A/Frameworks/MPSRayIntersector.framework/Versions/A/MPSRayIntersector
0x0000000199723000 	/System/Library/Frameworks/MetalPerformanceShaders.framework/Versions/A/Frameworks/MPSNDArray.framework/Versions/A/MPSNDArray
0x0000000232814000 	/System/Library/Frameworks/MetalPerformanceShaders.framework/Versions/A/Frameworks/MPSFunctions.framework/Versions/A/MPSFunctions
0x00000002327f5000 	/System/Library/Frameworks/MetalPerformanceShaders.framework/Versions/A/Frameworks/MPSBenchmarkLoop.framework/Versions/A/MPSBenchmarkLoop
0x000000018ae0d000 	/System/Library/PrivateFrameworks/MetalTools.framework/Versions/A/MetalTools
0x00000001bbefa000 	/System/Library/PrivateFrameworks/IOAccelMemoryInfo.framework/Versions/A/IOAccelMemoryInfo
0x00000001ca023000 	/System/Library/PrivateFrameworks/kperf.framework/Versions/A/kperf
0x00000001b6d80000 	/System/Library/PrivateFrameworks/GPURawCounter.framework/Versions/A/GPURawCounter
0x00000001a47eb000 	/System/Library/PrivateFrameworks/CoreSymbolication.framework/Versions/A/CoreSymbolication
0x00000001b6cf7000 	/System/Library/PrivateFrameworks/MallocStackLogging.framework/Versions/A/MallocStackLogging
0x00000001a47c8000 	/System/Library/PrivateFrameworks/DebugSymbols.framework/Versions/A/DebugSymbols
0x00000001c888c000 	/System/Library/PrivateFrameworks/OSAnalytics.framework/Versions/A/OSAnalytics
0x0000000246fad000 	/System/Library/PrivateFrameworks/DeviceRecovery.framework/Versions/A/DeviceRecovery
0x000000023062f000 	/System/Library/Frameworks/ExtensionFoundation.framework/Versions/A/ExtensionFoundation
0x000000019bc10000 	/System/Library/PrivateFrameworks/AppServerSupport.framework/Versions/A/AppServerSupport
0x000000019b88d000 	/System/Library/PrivateFrameworks/PlugInKit.framework/Versions/A/PlugInKit
0x0000000199127000 	/System/Library/PrivateFrameworks/AssertionServices.framework/Versions/A/AssertionServices
0x000000019b9b3000 	/System/Library/PrivateFrameworks/IconFoundation.framework/Versions/A/IconFoundation
0x0000000254f76000 	/System/Library/PrivateFrameworks/IconRendering.framework/Versions/A/IconRendering
0x00000002685ac000 	/System/Library/PrivateFrameworks/SFSymbols.framework/Versions/A/SFSymbols
0x000000018d081000 	/System/Library/PrivateFrameworks/AudioToolboxCore.framework/Versions/A/AudioToolboxCore
0x000000019e071000 	/System/Library/PrivateFrameworks/AudioSession.framework/Versions/A/AudioSession
0x00000001a92c5000 	/System/Library/Frameworks/CoreMIDI.framework/Versions/A/CoreMIDI
0x000000019e0f0000 	/usr/lib/libAudioStatistics.dylib
0x0000000196b7e000 	/System/Library/PrivateFrameworks/caulk.framework/Versions/A/caulk
0x000000019c696000 	/usr/lib/libAudioToolboxUtility.dylib
0x00000001b6d84000 	/usr/lib/swift/libswiftCoreAudio.dylib
0x00000001bd4eb000 	/usr/lib/swift/libswiftCoreMIDI.dylib
0x000000019e501000 	/System/Library/PrivateFrameworks/perfdata.framework/Versions/A/perfdata
0x00000001b5da1000 	/System/Library/PrivateFrameworks/SystemPolicy.framework/Versions/A/SystemPolicy
0x000000019e3a6000 	/usr/lib/libSMC.dylib
0x000000019e50f000 	/usr/lib/libperfcheck.dylib
0x000000023d191000 	/System/Library/PrivateFrameworks/AudioAnalytics.framework/Versions/A/AudioAnalytics
0x0000000285e78000 	/usr/lib/swift/libswift_DarwinFoundation2.dylib
0x0000000285e79000 	/usr/lib/swift/libswift_DarwinFoundation3.dylib
0x00000001dc1b1000 	/System/Library/Frameworks/OSLog.framework/Versions/A/OSLog
0x00000001b6d29000 	/usr/lib/libmis.dylib
0x000000019bad0000 	/System/Library/PrivateFrameworks/MediaExperience.framework/Versions/A/MediaExperience
0x000000019de3f000 	/System/Library/PrivateFrameworks/AudioSession.framework/libSessionUtility.dylib
0x000000019c7d8000 	/System/Library/PrivateFrameworks/CMCaptureCore.framework/Versions/A/CMCaptureCore
0x00000001a3376000 	/System/Library/Frameworks/CoreBluetooth.framework/Versions/A/CoreBluetooth
0x0000000198f93000 	/System/Library/PrivateFrameworks/CoreUtils.framework/Versions/A/CoreUtils
0x00000001aed13000 	/System/Library/PrivateFrameworks/HID.framework/Versions/A/HID
0x00000002463af000 	/System/Library/PrivateFrameworks/CoreUtilsExtras.framework/Versions/A/CoreUtilsExtras
0x0000000254ed8000 	/System/Library/PrivateFrameworks/IO80211.framework/Versions/A/IO80211
0x000000019fdb9000 	/System/Library/Frameworks/IOBluetooth.framework/Versions/A/IOBluetooth
0x000000023cd7f000 	/System/Library/PrivateFrameworks/ArgumentParserInternal.framework/Versions/A/ArgumentParserInternal
0x000000019b72d000 	/usr/lib/libIOReport.dylib
0x0000000199136000 	/System/Library/Frameworks/SecurityFoundation.framework/Versions/A/SecurityFoundation
0x000000018b7d1000 	/System/Library/PrivateFrameworks/Lexicon.framework/Versions/A/Lexicon
0x00000001992a1000 	/usr/lib/libgermantok.dylib
0x0000000197dbe000 	/System/Library/PrivateFrameworks/LinguisticData.framework/Versions/A/LinguisticData
0x00000001a3589000 	/System/Library/PrivateFrameworks/MediaKit.framework/Versions/A/MediaKit
0x00000001a34d4000 	/System/Library/Frameworks/DiscRecording.framework/Versions/A/DiscRecording
0x000000019b9a9000 	/usr/lib/libheimdal-asn1.dylib
0x00000001a6ea3000 	/System/Library/Frameworks/AudioUnit.framework/Versions/A/AudioUnit
0x00000001949f7000 	/System/Library/Frameworks/OpenDirectory.framework/Versions/A/OpenDirectory
0x0000000194a05000 	/System/Library/Frameworks/OpenDirectory.framework/Versions/A/Frameworks/CFOpenDirectory.framework/Versions/A/CFOpenDirectory
0x000000022ebf4000 	/System/Library/Frameworks/AVFAudio.framework/Versions/A/AVFAudio
0x00000001afcdd000 	/usr/lib/libAccessibility.dylib
0x0000000258c06000 	/System/Library/PrivateFrameworks/IsolatedCoreAudioClient.framework/Versions/A/IsolatedCoreAudioClient
0x00000001d24d2000 	/usr/lib/swift/libswiftCoreMedia.dylib
0x00000002763cf000 	/System/Library/PrivateFrameworks/Tightbeam.framework/Versions/A/Tightbeam
0x00000002422bf000 	/System/Library/PrivateFrameworks/CoreAudioOrchestration.framework/Versions/A/CoreAudioOrchestration
0x00000001cebe1000 	/System/Library/PrivateFrameworks/AFKUser.framework/Versions/A/AFKUser
0x00000001a261c000 	/System/Library/Frameworks/MediaAccessibility.framework/Versions/A/MediaAccessibility
0x000000027a5bb000 	/System/Library/PrivateFrameworks/VideoToolboxParavirtualizationSupport.framework/Versions/A/VideoToolboxParavirtualizationSupport
0x000000019b945000 	/System/Library/PrivateFrameworks/AppleVA.framework/Versions/A/AppleVA
0x000000019c76a000 	/System/Library/PrivateFrameworks/GPUWrangler.framework/Versions/A/GPUWrangler
0x000000019c74a000 	/System/Library/PrivateFrameworks/IOPresentment.framework/Versions/A/IOPresentment
0x000000019c772000 	/System/Library/PrivateFrameworks/DSExternalDisplay.framework/Versions/A/DSExternalDisplay
0x000000023cbd6000 	/System/Library/PrivateFrameworks/AppleMobileFileIntegrity.framework/Versions/A/AppleMobileFileIntegrity
0x0000000284ab5000 	/usr/lib/libTLE.dylib
0x00000001ed479000 	/System/Library/PrivateFrameworks/ConfigProfileHelper.framework/Versions/A/ConfigProfileHelper
0x00000001e2299000 	/usr/lib/libedit.3.dylib
0x000000025a187000 	/System/Library/PrivateFrameworks/MIL.framework/Versions/A/MIL
0x00000001bbebd000 	/usr/lib/libncurses.5.4.dylib
0x0000000198ec8000 	/System/Library/PrivateFrameworks/CoreEmoji.framework/Versions/A/CoreEmoji
0x000000018baee000 	/usr/lib/libCRFSuite.dylib
0x0000000197c9c000 	/System/Library/PrivateFrameworks/CoreNLP.framework/Versions/A/CoreNLP
0x0000000199240000 	/usr/lib/libmecab.dylib
0x000000019a139000 	/usr/lib/libThaiTokenizer.dylib
0x00000001dc670000 	/System/Library/PrivateFrameworks/HIDDisplay.framework/Versions/A/HIDDisplay
0x000000019c7a4000 	/System/Library/Frameworks/ApplicationServices.framework/Versions/A/Frameworks/ATSUI.framework/Versions/A/ATSUI
0x000000019e487000 	/usr/lib/libcups.2.dylib
0x000000019e51d000 	/System/Library/Frameworks/Kerberos.framework/Versions/A/Kerberos
0x000000019e17f000 	/usr/lib/libresolv.9.dylib
0x000000019bc24000 	/System/Library/PrivateFrameworks/Heimdal.framework/Versions/A/Heimdal
0x00000001a6ea2000 	/System/Library/Frameworks/Kerberos.framework/Versions/A/Libraries/libHeimdalProxy.dylib
0x000000019e581000 	/System/Library/PrivateFrameworks/CommonAuth.framework/Versions/A/CommonAuth
0x00000001afbd8000 	/System/Library/PrivateFrameworks/AXCoreUtilities.framework/Versions/A/AXCoreUtilities
0x00000002844cf000 	/usr/lib/libAXSafeCategoryBundle.dylib
0x0000000198dad000 	/System/Library/Frameworks/Accelerate.framework/Versions/A/Frameworks/vecLib.framework/Versions/A/libvDSP.dylib
0x000000019a286000 	/System/Library/Frameworks/Accelerate.framework/Versions/A/Frameworks/vecLib.framework/Versions/A/libLAPACK.dylib
0x00000001992a4000 	/System/Library/Frameworks/Accelerate.framework/Versions/A/Frameworks/vecLib.framework/Versions/A/libLinearAlgebra.dylib
0x000000019a17f000 	/System/Library/Frameworks/Accelerate.framework/Versions/A/Frameworks/vecLib.framework/Versions/A/libSparseBLAS.dylib
0x000000019a281000 	/System/Library/Frameworks/Accelerate.framework/Versions/A/Frameworks/vecLib.framework/Versions/A/libQuadrature.dylib
0x0000000197dc5000 	/System/Library/Frameworks/Accelerate.framework/Versions/A/Frameworks/vecLib.framework/Versions/A/libBNNS.dylib
0x000000018b8e7000 	/System/Library/Frameworks/Accelerate.framework/Versions/A/Frameworks/vecLib.framework/Versions/A/libSparse.dylib
0x000000019e4e6000 	/System/Library/PrivateFrameworks/NetAuth.framework/Versions/A/NetAuth
0x0000000194c15000 	/System/Library/PrivateFrameworks/login.framework/Versions/A/Frameworks/loginsupport.framework/Versions/A/loginsupport
0x000000019920a000 	/usr/lib/libCheckFix.dylib
0x0000000193d94000 	/System/Library/PrivateFrameworks/MetadataUtilities.framework/Versions/A/MetadataUtilities
0x0000000255991000 	/System/Library/PrivateFrameworks/InstalledContentLibrary.framework/Versions/A/InstalledContentLibrary
0x000000018e862000 	/System/Library/PrivateFrameworks/CoreServicesStore.framework/Versions/A/CoreServicesStore
0x00000001ca12a000 	/System/Library/PrivateFrameworks/MobileSystemServices.framework/Versions/A/MobileSystemServices
0x000000019b5ee000 	/usr/lib/libxslt.1.dylib
0x00000001991c9000 	/System/Library/PrivateFrameworks/BackgroundTaskManagement.framework/Versions/A/BackgroundTaskManagement
0x00000001a654d000 	/usr/lib/libcurl.4.dylib
0x0000000284cee000 	/usr/lib/libcrypto.46.dylib
0x000000028590b000 	/usr/lib/libssl.48.dylib
0x00000001a6223000 	/System/Library/Frameworks/LDAP.framework/Versions/A/LDAP
0x00000001a625f000 	/System/Library/PrivateFrameworks/TrustEvaluationAgent.framework/Versions/A/TrustEvaluationAgent
0x000000019e19c000 	/usr/lib/libsasl2.2.dylib
0x00000001b3c5d000 	/usr/lib/swift/libswiftCoreGraphics.dylib
0x00000001a2d18000 	/usr/lib/swift/libswiftFoundation.dylib
0x00000001ece36000 	/usr/lib/swift/libswiftSwiftOnoneSupport.dylib
0x0000000285fea000 	/usr/lib/swift/libswiftsys_time.dylib
0x00000001d8489000 	/System/Library/PrivateFrameworks/CoreMaterial.framework/Versions/A/CoreMaterial
0x0000000285d30000 	/usr/lib/swift/libswiftSpatial.dylib
0x0000000284ab2000 	/usr/lib/libSpatial.dylib
0x00000002843ed000 	/System/Library/SubFrameworks/UIUtilities.framework/Versions/A/UIUtilities
0x000000010c020000 	/Library/Java/JavaVirtualMachines/microsoft-17.jdk/Contents/Home/lib/server/libjvm.dylib
0x0000000101064000 	/Library/Java/JavaVirtualMachines/microsoft-17.jdk/Contents/Home/lib/libjimage.dylib
0x00000001010f4000 	/Library/Java/JavaVirtualMachines/microsoft-17.jdk/Contents/Home/lib/libjava.dylib
0x0000000105d00000 	/Library/Java/JavaVirtualMachines/microsoft-17.jdk/Contents/Home/lib/libnio.dylib
0x0000000105d24000 	/Library/Java/JavaVirtualMachines/microsoft-17.jdk/Contents/Home/lib/libnet.dylib
0x0000000105d4c000 	/Library/Java/JavaVirtualMachines/microsoft-17.jdk/Contents/Home/lib/libzip.dylib
0x000000010139c000 	/Library/Java/JavaVirtualMachines/microsoft-17.jdk/Contents/Home/lib/libverify.dylib
0x0000000105d78000 	/Library/Java/JavaVirtualMachines/microsoft-17.jdk/Contents/Home/lib/libmanagement.dylib
0x0000000105d90000 	/Library/Java/JavaVirtualMachines/microsoft-17.jdk/Contents/Home/lib/libmanagement_ext.dylib
0x0000000105df0000 	/Users/Isaiah/Documents/curseforge/minecraft/Install/natives/forge-47.4.16/liblwjgl.dylib
0x0000000105e38000 	/Users/Isaiah/Documents/curseforge/minecraft/Install/natives/forge-47.4.16/libglfw.dylib
0x0000000105e74000 	/Users/Isaiah/Documents/curseforge/minecraft/Install/natives/forge-47.4.16/libjemalloc.dylib
0x000000022eec4000 	/System/Library/Frameworks/AppIntents.framework/Versions/A/AppIntents
0x00000002350c8000 	/System/Library/Frameworks/RelevanceKit.framework/Versions/A/RelevanceKit
0x0000000199d7e000 	/System/Library/Frameworks/CoreSpotlight.framework/Versions/A/CoreSpotlight
0x0000000259c9a000 	/System/Library/PrivateFrameworks/LinkServices.framework/Versions/A/LinkServices
0x00000002474c8000 	/System/Library/PrivateFrameworks/DoNotDisturb.framework/Versions/A/DoNotDisturb
0x0000000259af5000 	/System/Library/PrivateFrameworks/LinkMetadata.framework/Versions/A/LinkMetadata
0x00000001b6dab000 	/usr/lib/swift/libswiftIntents.dylib
0x00000001bc017000 	/System/Library/PrivateFrameworks/IntentsCore.framework/Versions/A/IntentsCore
0x000000023d66b000 	/System/Library/PrivateFrameworks/AvailabilityKit.framework/Versions/A/AvailabilityKit
0x000000023a9df000 	/System/Library/PrivateFrameworks/AppIntentSchemas.framework/Versions/A/AppIntentSchemas
0x000000024ee08000 	/System/Library/PrivateFrameworks/GRDBInternal.framework/Versions/A/GRDBInternal
0x00000002725da000 	/System/Library/PrivateFrameworks/StatusKit.framework/Versions/A/StatusKit
0x00000001a38b8000 	/System/Library/PrivateFrameworks/GenerationalStorage.framework/Versions/A/GenerationalStorage
0x00000001a36e0000 	/System/Library/Frameworks/FileProvider.framework/Versions/A/FileProvider
0x00000001902fd000 	/System/Library/PrivateFrameworks/DesktopServicesPriv.framework/Versions/A/DesktopServicesPriv
0x0000000192633000 	/System/Library/Frameworks/Accounts.framework/Versions/A/Accounts
0x00000001b6817000 	/System/Library/PrivateFrameworks/FTServices.framework/Versions/A/FTServices
0x00000001aecd2000 	/System/Library/PrivateFrameworks/CloudServices.framework/Versions/A/CloudServices
0x00000001a5d72000 	/System/Library/PrivateFrameworks/CoreWiFi.framework/Versions/A/CoreWiFi
0x00000001965b9000 	/System/Library/Frameworks/CoreLocation.framework/Versions/A/CoreLocation
0x00000001a5709000 	/System/Library/Frameworks/Intents.framework/Versions/A/Intents
0x0000000237882000 	/System/Library/Frameworks/_LocationEssentials.framework/Versions/A/_LocationEssentials
0x0000000199d2d000 	/System/Library/Frameworks/UserNotifications.framework/Versions/A/UserNotifications
0x000000019f9c4000 	/System/Library/PrivateFrameworks/Sharing.framework/Versions/A/Sharing
0x000000019f545000 	/System/Library/PrivateFrameworks/IDSFoundation.framework/Versions/A/IDSFoundation
0x00000001a5d71000 	/System/Library/PrivateFrameworks/Apple80211.framework/Versions/A/Apple80211
0x00000001999c3000 	/System/Library/PrivateFrameworks/AuthKit.framework/Versions/A/AuthKit
0x0000000198f10000 	/System/Library/Frameworks/CoreWLAN.framework/Versions/A/CoreWLAN
0x00000001bd4cc000 	/usr/lib/swift/libswiftCoreLocation.dylib
0x000000019dd8d000 	/System/Library/PrivateFrameworks/IMFoundation.framework/Versions/A/IMFoundation
0x00000001af027000 	/System/Library/PrivateFrameworks/Marco.framework/Versions/A/Marco
0x00000001926bd000 	/System/Library/PrivateFrameworks/CommonUtilities.framework/Versions/A/CommonUtilities
0x00000001aba50000 	/System/Library/PrivateFrameworks/Engram.framework/Versions/A/Engram
0x0000000285c8f000 	/usr/lib/swift/libswiftRegexBuilder.dylib
0x00000001ab9ee000 	/usr/lib/libtidy.A.dylib
0x000000019bf2c000 	/System/Library/PrivateFrameworks/Bom.framework/Versions/A/Bom
0x000000019e1bd000 	/usr/lib/libParallelCompression.dylib
0x00000001e43ae000 	/System/Library/PrivateFrameworks/WiFiPeerToPeer.framework/Versions/A/WiFiPeerToPeer
0x0000000285420000 	/usr/lib/libmrc.dylib
0x0000000254f42000 	/System/Library/PrivateFrameworks/IPConfiguration.framework/Versions/A/IPConfiguration
0x00000001d844b000 	/System/Library/PrivateFrameworks/Netrb.framework/Versions/A/Netrb
0x000000019e1af000 	/System/Library/PrivateFrameworks/MultiverseSupport.framework/Versions/A/MultiverseSupport
0x00000001a35bb000 	/System/Library/PrivateFrameworks/DiskManagement.framework/Versions/A/DiskManagement
0x00000001a34c7000 	/System/Library/PrivateFrameworks/AppleIDAuthSupport.framework/Versions/A/AppleIDAuthSupport
0x0000000238162000 	/System/Library/PrivateFrameworks/AAAFoundation.framework/Versions/A/AAAFoundation
0x000000019e6bd000 	/System/Library/PrivateFrameworks/KeychainCircle.framework/Versions/A/KeychainCircle
0x00000001afbce000 	/System/Library/PrivateFrameworks/URLFormatting.framework/Versions/A/URLFormatting
0x00000001a6541000 	/usr/lib/libcsfde.dylib
0x000000019b8d7000 	/usr/lib/libCoreStorage.dylib
0x000000019fe90000 	/System/Library/PrivateFrameworks/ProtectedCloudStorage.framework/Versions/A/ProtectedCloudStorage
0x00000001a653c000 	/System/Library/PrivateFrameworks/EFILogin.framework/Versions/A/EFILogin
0x00000001a38df000 	/System/Library/PrivateFrameworks/OctagonTrust.framework/Versions/A/OctagonTrust
0x00000001a0157000 	/System/Library/PrivateFrameworks/GeoServices.framework/Versions/A/GeoServices
0x000000019de06000 	/System/Library/PrivateFrameworks/LocationSupport.framework/Versions/A/LocationSupport
0x0000000251f2d000 	/System/Library/PrivateFrameworks/GeoServicesCore.framework/Versions/A/GeoServicesCore
0x00000001afbcc000 	/System/Library/PrivateFrameworks/PhoneNumbers.framework/Versions/A/PhoneNumbers
0x000000025a078000 	/System/Library/PrivateFrameworks/LocationLogEncryption.framework/Versions/A/LocationLogEncryption
0x000000019f366000 	/System/Library/PrivateFrameworks/IDS.framework/Versions/A/IDS
0x00000001df06f000 	/System/Library/Frameworks/CryptoKit.framework/Versions/A/CryptoKit
0x00000001a6e9e000 	/System/Library/PrivateFrameworks/CryptoKitCBridging.framework/Versions/A/CryptoKitCBridging
0x00000001a44c4000 	/System/Library/Frameworks/CryptoTokenKit.framework/Versions/A/CryptoTokenKit
0x00000001c5363000 	/System/Library/PrivateFrameworks/FTAWD.framework/Versions/A/FTAWD
0x000000018e99f000 	/usr/lib/libsandbox.1.dylib
0x000000019b8cf000 	/usr/lib/libMatch.1.dylib
0x00000001a6f61000 	/System/Library/PrivateFrameworks/IntentsFoundation.framework/Versions/A/IntentsFoundation
0x00000001948b4000 	/System/Library/PrivateFrameworks/ViewBridge.framework/Versions/A/ViewBridge
0x000000023778c000 	/System/Library/Frameworks/_AppIntents_AppKit.framework/Versions/A/_AppIntents_AppKit
0x00000002844d3000 	/usr/lib/libAccessibilityBaseImplementations.dylib
0x000000012efc4000 	/usr/lib/libobjc-trampolines.dylib
0x000000027e8b4000 	/System/Library/PrivateFrameworks/WritingToolsUI.framework/Versions/A/WritingToolsUI
0x0000000251913000 	/System/Library/PrivateFrameworks/GenerativeAssistantSettings.framework/Versions/A/GenerativeAssistantSettings
0x000000027434e000 	/System/Library/PrivateFrameworks/TextComposer.framework/Versions/A/TextComposer
0x00000002518ea000 	/System/Library/PrivateFrameworks/GenerativeAssistantCommon.framework/Versions/A/GenerativeAssistantCommon
0x00000001be54d000 	/System/Library/Frameworks/SwiftUI.framework/Versions/A/SwiftUI
0x00000002377cb000 	/System/Library/Frameworks/_AuthenticationServices_SwiftUI.framework/Versions/A/_AuthenticationServices_SwiftUI
0x000000023a714000 	/System/Library/PrivateFrameworks/Anvil.framework/Versions/A/Anvil
0x00000001bdafb000 	/System/Library/PrivateFrameworks/AppStoreDaemon.framework/Versions/A/AppStoreDaemon
0x00000001a9506000 	/System/Library/PrivateFrameworks/AppleMediaServices.framework/Versions/A/AppleMediaServices
0x0000000251db8000 	/System/Library/PrivateFrameworks/GenerativePartnerServiceUI.framework/Versions/A/GenerativePartnerServiceUI
0x00000001ec3a7000 	/System/Library/PrivateFrameworks/JetEngine.framework/Versions/A/JetEngine
0x000000027422b000 	/System/Library/PrivateFrameworks/TextAnimationSupport.framework/Versions/A/TextAnimationSupport
0x00000002674e2000 	/System/Library/PrivateFrameworks/RecapPerformanceTesting.framework/Versions/A/RecapPerformanceTesting
0x00000001b767c000 	/System/Library/PrivateFrameworks/SignpostCollection.framework/Versions/A/SignpostCollection
0x000000023d523000 	/System/Library/PrivateFrameworks/AuthenticationServicesCore.framework/Versions/A/AuthenticationServicesCore
0x00000001c0ed9000 	/System/Library/Frameworks/AuthenticationServices.framework/Versions/A/AuthenticationServices
0x000000019b869000 	/System/Library/PrivateFrameworks/SharedWebCredentials.framework/Versions/A/SharedWebCredentials
0x00000001b851a000 	/System/Library/PrivateFrameworks/SafariCore.framework/Versions/A/SafariCore
0x00000001c0a04000 	/System/Library/PrivateFrameworks/SafariFoundation.framework/Versions/A/SafariFoundation
0x00000001a2fd8000 	/System/Library/Frameworks/Contacts.framework/Versions/A/Contacts
0x000000023e76b000 	/System/Library/PrivateFrameworks/CBORLibrary.framework/Versions/A/CBORLibrary
0x000000023f752000 	/System/Library/PrivateFrameworks/Chirp.framework/Versions/A/Chirp
0x000000024034f000 	/System/Library/PrivateFrameworks/CloudSubscriptionFeatures.framework/Versions/A/CloudSubscriptionFeatures
0x00000001a2d19000 	/System/Library/PrivateFrameworks/ContactsFoundation.framework/Versions/A/ContactsFoundation
0x00000001ed7a9000 	/System/Library/PrivateFrameworks/RemoteManagement.framework/Versions/A/RemoteManagement
0x0000000267870000 	/System/Library/PrivateFrameworks/RemoteManagementModel.framework/Versions/A/RemoteManagementModel
0x0000000267901000 	/System/Library/PrivateFrameworks/RemoteManagementStore.framework/Versions/A/RemoteManagementStore
0x000000019ff9f000 	/usr/lib/libxcselect.dylib
0x00000001c0973000 	/System/Library/PrivateFrameworks/DifferentialPrivacy.framework/Versions/A/DifferentialPrivacy
0x000000025c3d1000 	/System/Library/PrivateFrameworks/ManagedSettingsObjC.framework/Versions/A/ManagedSettingsObjC
0x000000025a07d000 	/System/Library/PrivateFrameworks/LockdownMode.framework/Versions/A/LockdownMode
0x000000027920f000 	/System/Library/PrivateFrameworks/VDAF.framework/Versions/A/VDAF
0x00000001a2df1000 	/System/Library/PrivateFrameworks/ContactsPersistence.framework/Versions/A/ContactsPersistence
0x00000001a1f4f000 	/System/Library/PrivateFrameworks/AppleLDAP.framework/Versions/A/AppleLDAP
0x00000001a68f3000 	/System/Library/Frameworks/ClassKit.framework/Versions/A/ClassKit
0x00000001a8b99000 	/System/Library/PrivateFrameworks/CoreSuggestions.framework/Versions/A/CoreSuggestions
0x00000001a4472000 	/System/Library/PrivateFrameworks/vCard.framework/Versions/A/vCard
0x0000000240fd8000 	/System/Library/PrivateFrameworks/ContactsMetrics.framework/Versions/A/ContactsMetrics
0x000000019bce5000 	/System/Library/PrivateFrameworks/login.framework/Versions/A/login
0x000000025c3cb000 	/System/Library/PrivateFrameworks/ManagedOrganizationContacts.framework/Versions/A/ManagedOrganizationContacts
0x0000000195098000 	/System/Library/PrivateFrameworks/CloudDocs.framework/Versions/A/CloudDocs
0x00000001af58e000 	/System/Library/PrivateFrameworks/ProactiveEventTracker.framework/Versions/A/ProactiveEventTracker
0x000000019e25f000 	/System/Library/PrivateFrameworks/CoreFollowUp.framework/Versions/A/CoreFollowUp
0x00000001a80b8000 	/System/Library/PrivateFrameworks/ConfigurationProfiles.framework/Versions/A/ConfigurationProfiles
0x0000000246633000 	/System/Library/PrivateFrameworks/DMCUtilities.framework/Versions/A/DMCUtilities
0x000000025a0fe000 	/System/Library/PrivateFrameworks/MDMClientLibrary.framework/Versions/A/MDMClientLibrary
0x00000002678f5000 	/System/Library/PrivateFrameworks/RemoteManagementProtocol.framework/Versions/A/RemoteManagementProtocol
0x000000028488d000 	/usr/lib/libEndpointSecuritySystem.dylib
0x00000001a2634000 	/System/Library/PrivateFrameworks/SystemAdministration.framework/Versions/A/SystemAdministration
0x00000001ad520000 	/System/Library/PrivateFrameworks/PowerlogControl.framework/Versions/A/PowerlogControl
0x00000001ad522000 	/usr/lib/libUniversalAccess.dylib
0x00000001a9f86000 	/System/Library/PrivateFrameworks/FamilyControls.framework/Versions/A/FamilyControls
0x00000001a1f24000 	/System/Library/Frameworks/DirectoryService.framework/Versions/A/DirectoryService
0x00000001a65cf000 	/System/Library/PrivateFrameworks/LoginUIKit.framework/Versions/A/Frameworks/LoginUICore.framework/Versions/A/LoginUICore
0x000000019bf2a000 	/usr/lib/libodfde.dylib
0x00000001a9f80000 	/System/Library/PrivateFrameworks/UniversalAccess.framework/Versions/A/Libraries/libUAPreferences.dylib
0x00000001a9faa000 	/System/Library/PrivateFrameworks/CommerceKit.framework/Versions/A/Frameworks/CommerceCore.framework/Versions/A/CommerceCore
0x000000024659f000 	/System/Library/PrivateFrameworks/DEPClientLibrary.framework/Versions/A/DEPClientLibrary
0x00000002465c8000 	/System/Library/PrivateFrameworks/DMCEnrollmentLibrary.framework/Versions/A/DMCEnrollmentLibrary
0x00000001ad604000 	/System/Library/PrivateFrameworks/SetupAssistantFramework.framework/Versions/A/SetupAssistantFramework
0x00000001a6cda000 	/System/Library/PrivateFrameworks/AuthKitUI.framework/Versions/A/AuthKitUI
0x00000001a6619000 	/System/Library/PrivateFrameworks/AppSSO.framework/Versions/A/AppSSO
0x00000001bd857000 	/System/Library/PrivateFrameworks/LocalAuthenticationUI.framework/Versions/A/LocalAuthenticationUI
0x00000002655a5000 	/System/Library/PrivateFrameworks/PlatformSSO.framework/Versions/A/PlatformSSO
0x0000000265692000 	/System/Library/PrivateFrameworks/PlatformSSOCore.framework/Versions/A/PlatformSSOCore
0x0000000231a1c000 	/System/Library/Frameworks/LocalAuthenticationEmbeddedUI.framework/Versions/A/LocalAuthenticationEmbeddedUI
0x00000001be312000 	/System/Library/PrivateFrameworks/AOSUI.framework/Versions/A/AOSUI
0x00000001af356000 	/System/Library/Frameworks/ContactsUI.framework/Versions/A/ContactsUI
0x00000001a3267000 	/System/Library/PrivateFrameworks/FamilyCircle.framework/Versions/A/FamilyCircle
0x00000001cc149000 	/System/Library/Frameworks/LinkPresentation.framework/Versions/A/LinkPresentation
0x00000001aef0e000 	/System/Library/PrivateFrameworks/IASUtilities.framework/Versions/A/IASUtilities
0x0000000254e0b000 	/System/Library/PrivateFrameworks/IASUtilitiesCore.framework/Versions/A/IASUtilitiesCore
0x00000001b768c000 	/System/Library/PrivateFrameworks/OnBoardingKit.framework/Versions/A/OnBoardingKit
0x000000026796b000 	/System/Library/PrivateFrameworks/RemoteUI.framework/Versions/A/RemoteUI
0x00000001b3d3d000 	/System/Library/Frameworks/WebKit.framework/Versions/A/WebKit
0x00000001aba90000 	/System/Library/Frameworks/JavaScriptCore.framework/Versions/A/JavaScriptCore
0x000000025948c000 	/System/Library/PrivateFrameworks/LiftUI.framework/Versions/A/LiftUI
0x0000000269fa8000 	/System/Library/PrivateFrameworks/Settings.framework/Versions/A/Settings
0x000000027eec1000 	/System/Library/PrivateFrameworks/_IconServices_SwiftUI.framework/Versions/A/_IconServices_SwiftUI
0x000000022f938000 	/System/Library/Frameworks/BrowserEngineCore.framework/Versions/A/BrowserEngineCore
0x00000001a8e99000 	/System/Library/Frameworks/WebKit.framework/Versions/A/Frameworks/WebKitLegacy.framework/Versions/A/WebKitLegacy
0x00000001b5771000 	/System/Library/Frameworks/Carbon.framework/Versions/A/Carbon
0x00000001a6c82000 	/System/Library/PrivateFrameworks/CorePrediction.framework/Versions/A/CorePrediction
0x00000001959a3000 	/System/Library/Frameworks/WebKit.framework/Versions/A/Frameworks/WebCore.framework/Versions/A/Frameworks/libwebrtc.dylib
0x00000001b3cc7000 	/System/Library/PrivateFrameworks/SafariSafeBrowsing.framework/Versions/A/SafariSafeBrowsing
0x000000019e225000 	/System/Library/Frameworks/SecurityInterface.framework/Versions/A/SecurityInterface
0x00000001b768b000 	/System/Library/PrivateFrameworks/WebInspectorUI.framework/Versions/A/WebInspectorUI
0x00000001afd13000 	/System/Library/Frameworks/WebKit.framework/Versions/A/Frameworks/WebCore.framework/Versions/A/WebCore
0x00000001aba89000 	/System/Library/Frameworks/Carbon.framework/Versions/A/Frameworks/CommonPanels.framework/Versions/A/CommonPanels
0x00000001a6538000 	/System/Library/Frameworks/Carbon.framework/Versions/A/Frameworks/Help.framework/Versions/A/Help
0x00000001aba8d000 	/System/Library/Frameworks/Carbon.framework/Versions/A/Frameworks/ImageCapture.framework/Versions/A/ImageCapture
0x00000001aba68000 	/System/Library/Frameworks/Carbon.framework/Versions/A/Frameworks/OpenScripting.framework/Versions/A/OpenScripting
0x00000001aba88000 	/System/Library/Frameworks/Carbon.framework/Versions/A/Frameworks/Ink.framework/Versions/A/Ink
0x00000001aba85000 	/System/Library/Frameworks/Carbon.framework/Versions/A/Frameworks/SecurityHI.framework/Versions/A/SecurityHI
0x0000000284910000 	/usr/lib/libInterpreterSecurity.dylib
0x00000001cbd60000 	/System/Library/PrivateFrameworks/XprotectFramework.framework/Versions/A/XprotectFramework
0x00000001af028000 	/System/Library/PrivateFrameworks/yara.framework/Versions/A/yara
0x0000000237349000 	/System/Library/Frameworks/WebKit.framework/Versions/A/Frameworks/WebCore.framework/Versions/A/Frameworks/libANGLE-shared.dylib
0x000000027d15d000 	/System/Library/PrivateFrameworks/WebGPU.framework/Versions/A/WebGPU
0x00000001b9565000 	/System/Library/Frameworks/SceneKit.framework/Versions/A/SceneKit
0x00000001ca983000 	/System/Library/Frameworks/ModelIO.framework/Versions/A/ModelIO
0x000000019ff81000 	/System/Library/Frameworks/MetalKit.framework/Versions/A/MetalKit
0x00000001a2255000 	/System/Library/Frameworks/GLKit.framework/Versions/A/GLKit
0x00000002862c3000 	/usr/lib/usd/libusd_ms.dylib
0x00000002785f4000 	/System/Library/PrivateFrameworks/USDLib_FormatLoaderProxy.framework/Versions/A/USDLib_FormatLoaderProxy
0x0000000285fe5000 	/usr/lib/swift/libswift_errno.dylib
0x00000001b67f8000 	/System/Library/PrivateFrameworks/CoreOptimization.framework/Versions/A/CoreOptimization
0x0000000230764000 	/System/Library/Frameworks/ExtensionKit.framework/Versions/A/ExtensionKit
0x000000024028e000 	/System/Library/PrivateFrameworks/CloudSettings.framework/Versions/A/CloudSettings
0x00000002307a8000 	/System/Library/Frameworks/FSKit.framework/Versions/A/FSKit
0x0000000259e29000 	/System/Library/PrivateFrameworks/LiveFS.framework/Versions/A/LiveFS
0x00000001a8c6a000 	/System/Library/Frameworks/EventKit.framework/Versions/A/EventKit
0x00000001b78a0000 	/System/Library/PrivateFrameworks/SearchFoundation.framework/Versions/A/SearchFoundation
0x00000001ce203000 	/System/Library/PrivateFrameworks/Email.framework/Versions/A/Email
0x00000001b63fa000 	/System/Library/PrivateFrameworks/CoreRoutine.framework/Versions/A/CoreRoutine
0x00000001ed117000 	/System/Library/PrivateFrameworks/VoiceShortcutClient.framework/Versions/A/VoiceShortcutClient
0x00000001c5ef2000 	/System/Library/PrivateFrameworks/Categories.framework/Versions/A/Categories
0x00000001be1c1000 	/System/Library/PrivateFrameworks/ChronoServices.framework/Versions/A/ChronoServices
0x000000023f210000 	/System/Library/PrivateFrameworks/CalendarDatabase.framework/Versions/A/CalendarDatabase
0x000000023f15a000 	/System/Library/PrivateFrameworks/CalendarDaemon.framework/Versions/A/CalendarDaemon
0x00000001a7fdc000 	/System/Library/PrivateFrameworks/CalendarFoundation.framework/Versions/A/CalendarFoundation
0x00000001a7f98000 	/System/Library/PrivateFrameworks/iCalendar.framework/Versions/A/iCalendar
0x0000000246832000 	/System/Library/PrivateFrameworks/DataAccessExpress.framework/Versions/A/DataAccessExpress
0x00000001af4b8000 	/System/Library/PrivateFrameworks/ContactsAutocomplete.framework/Versions/A/ContactsAutocomplete
0x0000000285dcf000 	/usr/lib/swift/libswiftVideoToolbox.dylib
0x00000001be10e000 	/System/Library/PrivateFrameworks/FTClientServices.framework/Versions/A/FTClientServices
0x00000002619e9000 	/System/Library/PrivateFrameworks/OSEligibility.framework/Versions/A/OSEligibility
0x0000000272bb5000 	/System/Library/PrivateFrameworks/StorageContainersPrivate.framework/Versions/A/StorageContainersPrivate
0x0000000285c40000 	/usr/lib/swift/libswiftCoreMediaIO.dylib
0x00000001aed98000 	/System/Library/PrivateFrameworks/CoreDAV.framework/Versions/A/CoreDAV
0x00000001a8b3a000 	/System/Library/PrivateFrameworks/CalDAV.framework/Versions/A/CalDAV
0x00000001b39c4000 	/System/Library/PrivateFrameworks/TelephonyUtilities.framework/Versions/A/TelephonyUtilities
0x00000002319d9000 	/System/Library/Frameworks/LiveCommunicationKit.framework/Versions/A/LiveCommunicationKit
0x0000000240b8b000 	/System/Library/PrivateFrameworks/CommunicationTrust.framework/Versions/A/CommunicationTrust
0x00000001b832c000 	/System/Library/Frameworks/CallKit.framework/Versions/A/CallKit
0x00000001a325f000 	/System/Library/PrivateFrameworks/CommunicationsFilter.framework/Versions/A/CommunicationsFilter
0x00000001e23d4000 	/System/Library/PrivateFrameworks/IMTransferServices.framework/Versions/A/IMTransferServices
0x00000001b6811000 	/System/Library/PrivateFrameworks/IncomingCallFilter.framework/Versions/A/IncomingCallFilter
0x000000026013a000 	/System/Library/PrivateFrameworks/NeighborhoodActivityConduit.framework/Versions/A/NeighborhoodActivityConduit
0x00000001ba86d000 	/System/Library/PrivateFrameworks/CallHistory.framework/Versions/A/CallHistory
0x0000000284700000 	/usr/lib/libBASupport.dylib
0x000000023f628000 	/System/Library/PrivateFrameworks/CallsUtilities.framework/Versions/A/CallsUtilities
0x000000023f633000 	/System/Library/PrivateFrameworks/CallsXPC.framework/Versions/A/CallsXPC
0x00000001ed90a000 	/usr/lib/swift/libswiftCallKit.dylib
0x000000023f61b000 	/System/Library/PrivateFrameworks/CallsPersistence.framework/Versions/A/CallsPersistence
0x000000023539f000 	/System/Library/Frameworks/SensitiveContentAnalysis.framework/Versions/A/SensitiveContentAnalysis
0x00000001bb8a3000 	/System/Library/PrivateFrameworks/PeopleSuggester.framework/Versions/A/PeopleSuggester
0x00000001c4cfb000 	/System/Library/PrivateFrameworks/SpotlightReceiver.framework/Versions/A/SpotlightReceiver
0x000000027ee88000 	/System/Library/PrivateFrameworks/_AppIntentsServices_AppIntents.framework/Versions/A/_AppIntentsServices_AppIntents
0x000000023aa48000 	/System/Library/PrivateFrameworks/AppIntentsServices.framework/Versions/A/AppIntentsServices
0x00000001a7f80000 	/System/Library/PrivateFrameworks/CoreRecents.framework/Versions/A/CoreRecents
0x0000000230eae000 	/System/Library/Frameworks/GeoToolbox.framework/Versions/A/GeoToolbox
0x000000023784e000 	/System/Library/Frameworks/_GeoToolbox_AppIntents.framework/Versions/A/_GeoToolbox_AppIntents
0x00000001d7e7e000 	/System/Library/PrivateFrameworks/DiagnosticRequest.framework/Versions/A/DiagnosticRequest
0x000000027edcc000 	/System/Library/PrivateFrameworks/XPCDistributed.framework/Versions/A/XPCDistributed
0x0000000267578000 	/System/Library/PrivateFrameworks/RegulatoryDomain.framework/Versions/A/RegulatoryDomain
0x00000001a232d000 	/usr/lib/libCTGreenTeaLogger.dylib
0x000000025a04f000 	/System/Library/PrivateFrameworks/LocalStatusKit.framework/Versions/A/LocalStatusKit
0x00000001b38b0000 	/System/Library/PrivateFrameworks/CoreParsec.framework/Versions/A/CoreParsec
0x00000001ce1f7000 	/System/Library/PrivateFrameworks/EmailAddressing.framework/Versions/A/EmailAddressing
0x00000001ca1f2000 	/System/Library/PrivateFrameworks/EmailCore.framework/Versions/A/EmailCore
0x00000001cb220000 	/System/Library/PrivateFrameworks/EmailFoundation.framework/Versions/A/EmailFoundation
0x000000026312e000 	/System/Library/PrivateFrameworks/PegasusAPI.framework/Versions/A/PegasusAPI
0x0000000263c7f000 	/System/Library/PrivateFrameworks/PegasusConfiguration.framework/Versions/A/PegasusConfiguration
0x0000000276e62000 	/System/Library/PrivateFrameworks/ToolKit.framework/Versions/A/ToolKit
0x0000000267d00000 	/System/Library/PrivateFrameworks/ReplicatorEngine.framework/Versions/A/ReplicatorEngine
0x0000000267ea2000 	/System/Library/PrivateFrameworks/ReplicatorServices.framework/Versions/A/ReplicatorServices
0x0000000273b1f000 	/System/Library/PrivateFrameworks/SystemWake.framework/Versions/A/SystemWake
0x00000001b8500000 	/System/Library/PrivateFrameworks/ContextKit.framework/Versions/A/ContextKit
0x0000000241124000 	/System/Library/PrivateFrameworks/ContextKitCore.framework/Versions/A/ContextKitCore
0x00000001b6a97000 	/System/Library/Frameworks/LocalAuthentication.framework/Support/DaemonUtils.framework/Versions/A/DaemonUtils
0x0000000259fe4000 	/System/Library/PrivateFrameworks/LocalAuthenticationCoreUI.framework/Versions/A/LocalAuthenticationCoreUI
0x00000001b9eb8000 	/System/Library/PrivateFrameworks/BridgeXPC.framework/Versions/A/BridgeXPC
0x00000001b7768000 	/System/Library/PrivateFrameworks/CoreKDL.framework/Versions/A/CoreKDL
0x00000001b5d9a000 	/System/Library/PrivateFrameworks/EmbeddedOSSupportHost.framework/Versions/A/EmbeddedOSSupportHost
0x00000001aaa68000 	/System/Library/PrivateFrameworks/LoginUIKit.framework/Versions/A/LoginUIKit
0x00000001c63ed000 	/System/Library/PrivateFrameworks/StorageKit.framework/Versions/A/StorageKit
0x00000001ef11b000 	/System/Library/Frameworks/DeviceCheck.framework/Versions/A/DeviceCheck
0x00000001c6466000 	/System/Library/PrivateFrameworks/CoreWLANKit.framework/Versions/A/CoreWLANKit
0x000000027c4e5000 	/System/Library/PrivateFrameworks/Wallpaper.framework/Versions/A/Wallpaper
0x0000000285c5b000 	/usr/lib/swift/libswiftGLKit.dylib
0x0000000285c66000 	/usr/lib/swift/libswiftMetalKit.dylib
0x0000000285c6a000 	/usr/lib/swift/libswiftModelIO.dylib
0x0000000285d2d000 	/usr/lib/swift/libswiftSceneKit.dylib
0x0000000247198000 	/System/Library/PrivateFrameworks/DiskImages2.framework/Versions/A/DiskImages2
0x00000001cf132000 	/System/Library/PrivateFrameworks/DynamicDesktop.framework/Versions/A/DynamicDesktop
0x000000027c674000 	/System/Library/PrivateFrameworks/WallpaperFoundation.framework/Versions/A/WallpaperFoundation
0x000000027c6d1000 	/System/Library/PrivateFrameworks/WallpaperTypes.framework/Versions/A/WallpaperTypes
0x00000001e4131000 	/System/Library/PrivateFrameworks/SystemDesktopAppearance.framework/Versions/A/SystemDesktopAppearance
0x0000000281f67000 	/System/Library/PrivateFrameworks/icloudMCCKit.framework/Versions/A/icloudMCCKit
0x000000023b9a0000 	/System/Library/PrivateFrameworks/AppleAccountUI.framework/Versions/A/AppleAccountUI
0x00000001d8455000 	/System/Library/PrivateFrameworks/PreferencePanesSupport.framework/Versions/A/PreferencePanesSupport
0x00000001be4c4000 	/System/Library/PrivateFrameworks/FindMyDeviceUI.framework/Versions/A/FindMyDeviceUI
0x000000027fbae000 	/System/Library/PrivateFrameworks/iCloudQuotaUI.framework/Versions/A/iCloudQuotaUI
0x00000001d8609000 	/System/Library/PrivateFrameworks/CoreCDPUI.framework/Versions/A/CoreCDPUI
0x00000001b825b000 	/System/Library/PrivateFrameworks/CoreFollowUpUI.framework/Versions/A/CoreFollowUpUI
0x00000001c4f7a000 	/System/Library/PrivateFrameworks/IMCore.framework/Versions/A/IMCore
0x00000001ad589000 	/System/Library/PrivateFrameworks/CoreCDP.framework/Versions/A/CoreCDP
0x00000001a94f1000 	/System/Library/PrivateFrameworks/AskPermission.framework/Versions/A/AskPermission
0x00000001bbf88000 	/System/Library/Frameworks/Quartz.framework/Versions/A/Quartz
0x00000001c89c7000 	/System/Library/PrivateFrameworks/CloudPhotoServicesConfiguration.framework/Versions/A/CloudPhotoServicesConfiguration
0x00000001ba692000 	/System/Library/PrivateFrameworks/CommerceKit.framework/Versions/A/CommerceKit
0x00000001ca2c2000 	/System/Library/PrivateFrameworks/FindMyMac.framework/Versions/A/FindMyMac
0x00000001ca195000 	/System/Library/Frameworks/PreferencePanes.framework/Versions/A/PreferencePanes
0x00000001bd942000 	/System/Library/Frameworks/AddressBook.framework/Versions/A/AddressBook
0x00000001a83d9000 	/System/Library/PrivateFrameworks/AOSAccounts.framework/Versions/A/AOSAccounts
0x00000001a262e000 	/System/Library/PrivateFrameworks/AppleSRP.framework/Versions/A/AppleSRP
0x00000001b69ad000 	/System/Library/Frameworks/SafariServices.framework/Versions/A/SafariServices
0x00000001a6eb2000 	/System/Library/PrivateFrameworks/NetFSServer.framework/Versions/A/NetFSServer
0x00000001b943f000 	/System/Library/Frameworks/PDFKit.framework/Versions/A/PDFKit
0x0000000236941000 	/System/Library/Frameworks/TabularData.framework/Versions/A/TabularData
0x0000000285c81000 	/usr/lib/swift/libswiftPassKit.dylib
0x00000001dc5ac000 	/System/Library/Frameworks/PassKit.framework/Versions/A/PassKit
0x00000001aab72000 	/System/Library/PrivateFrameworks/PassKitCore.framework/Versions/A/PassKitCore
0x0000000262a4c000 	/System/Library/PrivateFrameworks/PassKitMacHelperTemp.framework/Versions/A/PassKitMacHelperTemp
0x0000000284650000 	/usr/lib/libAppleSSE.dylib
0x00000001b6ae3000 	/System/Library/PrivateFrameworks/BiometricKit.framework/Versions/A/BiometricKit
0x00000002684a6000 	/System/Library/PrivateFrameworks/SEService.framework/Versions/A/SEService
0x000000023086d000 	/System/Library/Frameworks/FinanceKit.framework/Versions/A/FinanceKit
0x00000001bc037000 	/System/Library/PrivateFrameworks/NearField.framework/Versions/A/NearField
0x0000000284a4f000 	/usr/lib/libSESShared.dylib
0x000000026870e000 	/System/Library/PrivateFrameworks/STSXPCHelperClient.framework/Versions/A/STSXPCHelperClient
0x00000001bdd4e000 	/usr/lib/libnfshared.dylib
0x00000002738a7000 	/System/Library/PrivateFrameworks/Symptoms.framework/Versions/A/Frameworks/SymptomPresentationFeed.framework/Versions/A/SymptomPresentationFeed
0x000000023c385000 	/System/Library/PrivateFrameworks/AppleMediaServicesKitInternal.framework/Versions/A/AppleMediaServicesKitInternal
0x000000023d029000 	/System/Library/PrivateFrameworks/AsyncAlgorithmsInternal.framework/Versions/A/AsyncAlgorithmsInternal
0x00000002735e9000 	/System/Library/PrivateFrameworks/SymptomShared.framework/Versions/A/SymptomShared
0x00000001df2dc000 	/System/Library/PrivateFrameworks/PassKitUIFoundation.framework/Versions/A/PassKitUIFoundation
0x00000001a1f61000 	/System/Library/Frameworks/MapKit.framework/Versions/A/MapKit
0x0000000251e63000 	/System/Library/PrivateFrameworks/GeoAnalytics.framework/Versions/A/GeoAnalytics
0x00000001bdd7c000 	/System/Library/PrivateFrameworks/Navigation.framework/Versions/A/Navigation
0x00000001c7a0f000 	/System/Library/PrivateFrameworks/VectorKit.framework/Versions/A/VectorKit
0x00000001aefd9000 	/System/Library/PrivateFrameworks/VirtualGarage.framework/Versions/A/VirtualGarage
0x00000001bdf5b000 	/System/Library/Frameworks/ExternalAccessory.framework/ExternalAccessory
0x00000001bdf76000 	/System/Library/PrivateFrameworks/IAP.framework/Versions/A/IAP
0x00000001a221d000 	/System/Library/PrivateFrameworks/IOPlatformPluginFamily.framework/Versions/A/IOPlatformPluginFamily
0x000000023d66e000 	/System/Library/PrivateFrameworks/AvatarKit.framework/Versions/A/AvatarKit
0x000000023d72d000 	/System/Library/PrivateFrameworks/AvatarPersistence.framework/Versions/A/AvatarPersistence
0x0000000236cc8000 	/System/Library/Frameworks/TipKit.framework/Versions/A/TipKit
0x00000001aa676000 	/System/Library/PrivateFrameworks/IMSharedUtilities.framework/Versions/A/IMSharedUtilities
0x0000000285c20000 	/usr/lib/swift/libswiftAppleArchive.dylib
0x000000027930f000 	/System/Library/PrivateFrameworks/VFX.framework/Versions/A/VFX
0x00000001da1b2000 	/System/Library/PrivateFrameworks/AppleCVA.framework/Versions/A/AppleCVA
0x000000023d72c000 	/System/Library/PrivateFrameworks/AvatarKitContent.framework/Versions/A/AvatarKitContent
0x0000000232782000 	/System/Library/Frameworks/MetalFX.framework/Versions/A/MetalFX
0x0000000240ca0000 	/System/Library/PrivateFrameworks/CompositorNonUI.framework/Versions/A/CompositorNonUI
0x000000022ebf3000 	/System/Library/Frameworks/ARKit.framework/Versions/A/ARKit
0x00000002393b9000 	/System/Library/PrivateFrameworks/ARKitCore.framework/Versions/A/ARKitCore
0x000000028474a000 	/usr/lib/libDisplayWarpSupport.dylib
0x00000002423ee000 	/System/Library/PrivateFrameworks/CoreComposite.framework/Versions/A/CoreComposite
0x0000000284b83000 	/usr/lib/libchannel.dylib
0x000000028587d000 	/usr/lib/librealtime_safety.dylib
0x0000000239446000 	/System/Library/PrivateFrameworks/ARKitFoundation.framework/Versions/A/ARKitFoundation
0x000000023ba3e000 	/System/Library/PrivateFrameworks/AppleDepth.framework/Versions/A/AppleDepth
0x000000023bbb4000 	/System/Library/PrivateFrameworks/AppleDepthCore.framework/Versions/A/AppleDepthCore
0x00000001a2356000 	/System/Library/PrivateFrameworks/CoreAppleCVA.framework/Versions/A/CoreAppleCVA
0x00000001af107000 	/System/Library/PrivateFrameworks/ContactsUICore.framework/Versions/A/ContactsUICore
0x00000001b6919000 	/System/Library/PrivateFrameworks/ContactsDonation.framework/Versions/A/ContactsDonation
0x00000001b61d0000 	/System/Library/PrivateFrameworks/DataDetectors.framework/Versions/A/DataDetectors
0x00000001a8b26000 	/System/Library/Frameworks/MediaLibrary.framework/Versions/A/MediaLibrary
0x00000001a324e000 	/System/Library/PrivateFrameworks/PersonaKit.framework/Versions/A/PersonaKit
0x00000001af0f5000 	/System/Library/PrivateFrameworks/PersonaUI.framework/Versions/A/PersonaUI
0x00000001c9bb7000 	/System/Library/PrivateFrameworks/Transparency.framework/Versions/A/Transparency
0x0000000248bec000 	/System/Library/PrivateFrameworks/FindMyLocate.framework/Versions/A/FindMyLocate
0x00000001b81da000 	/System/Library/PrivateFrameworks/IntlPreferences.framework/Versions/A/IntlPreferences
0x0000000248ac5000 	/System/Library/PrivateFrameworks/FindMyCommon.framework/Versions/A/FindMyCommon
0x00000002488b5000 	/System/Library/PrivateFrameworks/FindMyBase.framework/Versions/A/FindMyBase
0x000000023401f000 	/System/Library/Frameworks/NearbyInteraction.framework/Versions/A/NearbyInteraction
0x00000001a2e6f000 	/System/Library/PrivateFrameworks/AddressBookCore.framework/Versions/A/AddressBookCore
0x00000001bdad9000 	/System/Library/PrivateFrameworks/ToneKit.framework/Versions/A/ToneKit
0x00000001b8221000 	/System/Library/PrivateFrameworks/ToneLibrary.framework/Versions/A/ToneLibrary
0x0000000240fa5000 	/System/Library/PrivateFrameworks/ContactsAccounts.framework/Versions/A/ContactsAccounts
0x00000001bbea3000 	/System/Library/PrivateFrameworks/Lookup.framework/Versions/A/Lookup
0x0000000234904000 	/System/Library/Frameworks/QuickLookUI.framework/Versions/A/QuickLookUI
0x0000000235319000 	/System/Library/Frameworks/ScreenCaptureKit.framework/Versions/A/ScreenCaptureKit
0x00000001b8f53000 	/System/Library/Frameworks/Quartz.framework/Versions/A/Frameworks/QuartzComposer.framework/Versions/A/QuartzComposer
0x00000001b81b1000 	/System/Library/Frameworks/Quartz.framework/Versions/A/Frameworks/QuartzFilters.framework/Versions/A/QuartzFilters
0x00000001b725d000 	/System/Library/Frameworks/Quartz.framework/Versions/A/Frameworks/ImageKit.framework/Versions/A/ImageKit
0x000000022ea00000 	/System/Library/Frameworks/OpenCL.framework/Versions/A/OpenCL
0x00000001b5770000 	/System/Library/PrivateFrameworks/CorePDF.framework/Versions/A/CorePDF
0x000000019ff18000 	/System/Library/Frameworks/QuickLook.framework/Versions/A/QuickLook
0x00000001aaa63000 	/System/Library/PrivateFrameworks/DisplayServices.framework/Versions/A/DisplayServices
0x00000001b8136000 	/System/Library/Frameworks/ImageCaptureCore.framework/Versions/A/ImageCaptureCore
0x000000027b31b000 	/System/Library/PrivateFrameworks/VisionKitCore.framework/Versions/A/VisionKitCore
0x00000001b3880000 	/System/Library/PrivateFrameworks/QuickLookSupport.framework/Versions/A/QuickLookSupport
0x000000025ccb2000 	/System/Library/PrivateFrameworks/MediaAnalysisServices.framework/Versions/A/MediaAnalysisServices
0x00000001bae8e000 	/System/Library/PrivateFrameworks/PhotoLibraryServices.framework/Versions/A/PhotoLibraryServices
0x00000001b7d4e000 	/System/Library/Frameworks/Photos.framework/Versions/A/Photos
0x00000001cc53b000 	/System/Library/PrivateFrameworks/PhotosFormats.framework/Versions/A/PhotosFormats
0x00000001c89f2000 	/System/Library/PrivateFrameworks/CloudPhotoLibrary.framework/Versions/A/CloudPhotoLibrary
0x00000001d1dca000 	/System/Library/PrivateFrameworks/CloudPhotoServices.framework/Versions/A/CloudPhotoServices
0x00000001ce368000 	/System/Library/PrivateFrameworks/CoreMediaStream.framework/Versions/A/CoreMediaStream
0x00000001a390f000 	/System/Library/PrivateFrameworks/CPAnalytics.framework/Versions/A/CPAnalytics
0x00000001ca8bb000 	/System/Library/PrivateFrameworks/MediaConversionService.framework/Versions/A/MediaConversionService
0x00000001aa662000 	/System/Library/PrivateFrameworks/PhotoFoundation.framework/Versions/A/PhotoFoundation
0x0000000264267000 	/System/Library/PrivateFrameworks/PhotoLibraryServicesCore.framework/Versions/A/PhotoLibraryServicesCore
0x00000001c4687000 	/System/Library/PrivateFrameworks/MMCS.framework/Versions/A/MMCS
0x00000001a897f000 	/System/Library/PrivateFrameworks/ChunkingLibrary.framework/Versions/A/ChunkingLibrary
0x00000001a25fb000 	/System/Library/PrivateFrameworks/AssetCacheServices.framework/Versions/A/AssetCacheServices
0x00000001a45c3000 	/System/Library/PrivateFrameworks/AVFoundationCF.framework/Versions/A/AVFoundationCF
0x00000001e22cf000 	/usr/lib/swift/libswiftDemangle.dylib
0x0000000254fef000 	/System/Library/PrivateFrameworks/ImageCaptureDevices.framework/Versions/A/ImageCaptureDevices
0x00000001b648d000 	/System/Library/PrivateFrameworks/MediaStream.framework/Versions/A/MediaStream
0x00000001cad5d000 	/System/Library/PrivateFrameworks/NeutrinoCore.framework/Versions/A/NeutrinoCore
0x0000000191f4c000 	/System/Library/PrivateFrameworks/NLP.framework/Versions/A/NLP
0x00000001d0b5d000 	/System/Library/PrivateFrameworks/PhotoImaging.framework/Versions/A/PhotoImaging
0x00000001d1d8b000 	/System/Library/PrivateFrameworks/PhotosImagingFoundation.framework/Versions/A/PhotosImagingFoundation
0x0000000264e13000 	/System/Library/PrivateFrameworks/PhotosIntelligenceCore.framework/Versions/A/PhotosIntelligenceCore
0x00000001a49fe000 	/System/Library/PrivateFrameworks/EmbeddedAcousticRecognition.framework/Versions/A/EmbeddedAcousticRecognition
0x00000001bfcdc000 	/System/Library/PrivateFrameworks/EmojiFoundation.framework/Versions/A/EmojiFoundation
0x00000001c8c6b000 	/System/Library/PrivateFrameworks/SDAPI.framework/Versions/A/SDAPI
0x00000001d1dd9000 	/System/Library/PrivateFrameworks/AutoLoop.framework/Versions/A/AutoLoop
0x00000002659f0000 	/System/Library/PrivateFrameworks/Portrait.framework/Versions/A/Portrait
0x000000024927c000 	/System/Library/PrivateFrameworks/FusionTracker.framework/Versions/A/FusionTracker
0x00000001b89ed000 	/System/Library/PrivateFrameworks/iTunesCloud.framework/Versions/A/iTunesCloud
0x00000001c1bcc000 	/System/Library/PrivateFrameworks/DAAPKit.framework/Versions/A/DAAPKit
0x00000001b3bfc000 	/System/Library/PrivateFrameworks/DeviceManagement.framework/Versions/A/DeviceManagement
0x00000001d7dcf000 	/System/Library/PrivateFrameworks/ScreenTimeUI.framework/Versions/A/ScreenTimeUI
0x00000001b61ca000 	/System/Library/PrivateFrameworks/QuickLookNonBaseSystem.framework/Versions/A/QuickLookNonBaseSystem
0x00000001b69ef000 	/System/Library/PrivateFrameworks/Catalyst.framework/Versions/A/Catalyst
0x00000001b83d3000 	/System/Library/PrivateFrameworks/ScreenTimeCore.framework/Versions/A/ScreenTimeCore
0x00000001cb9eb000 	/System/Library/PrivateFrameworks/ScreenTimeServiceUI.framework/Versions/A/ScreenTimeServiceUI
0x00000001c4817000 	/System/Library/PrivateFrameworks/ConfigurationEngineModel.framework/Versions/A/ConfigurationEngineModel
0x00000001c79c8000 	/System/Library/PrivateFrameworks/UsageTracking.framework/Versions/A/UsageTracking
0x0000000230500000 	/System/Library/Frameworks/DeviceActivity.framework/Versions/A/DeviceActivity
0x00000001c7998000 	/System/Library/PrivateFrameworks/KnowledgeMonitor.framework/Versions/A/KnowledgeMonitor
0x00000001df282000 	/System/Library/PrivateFrameworks/BluetoothManager.framework/Versions/A/BluetoothManager
0x0000000231b07000 	/System/Library/Frameworks/ManagedSettings.framework/Versions/A/ManagedSettings
0x000000025c412000 	/System/Library/PrivateFrameworks/ManagedSettingsSupport.framework/Versions/A/ManagedSettingsSupport
0x00000001dc67c000 	/System/Library/Frameworks/ReplayKit.framework/Versions/A/ReplayKit
0x00000001aba22000 	/System/Library/PrivateFrameworks/MarkupUI.framework/Versions/A/MarkupUI
0x00000001b61a2000 	/System/Library/PrivateFrameworks/SidecarCore.framework/Versions/A/SidecarCore
0x00000001b8e08000 	/System/Library/PrivateFrameworks/AnnotationKit.framework/Versions/A/AnnotationKit
0x00000001b74a2000 	/System/Library/Frameworks/PencilKit.framework/Versions/A/PencilKit
0x00000001b7667000 	/System/Library/PrivateFrameworks/SidecarUI.framework/Versions/A/SidecarUI
0x00000001b6dff000 	/System/Library/PrivateFrameworks/CoreHandwriting.framework/Versions/A/CoreHandwriting
0x000000018bb23000 	/usr/lib/libmecabra.dylib
0x00000001af6c6000 	/System/Library/PrivateFrameworks/Calculate.framework/Versions/A/Calculate
0x000000019b619000 	/usr/lib/libChineseTokenizer.dylib
0x00000001ed6ce000 	/System/Library/PrivateFrameworks/ScreenReaderCore.framework/Versions/A/ScreenReaderCore
0x0000000272b47000 	/System/Library/PrivateFrameworks/StocksKit.framework/Versions/A/StocksKit
0x00000001ae6c3000 	/System/Library/PrivateFrameworks/OAuth.framework/Versions/A/OAuth
0x0000000272838000 	/System/Library/PrivateFrameworks/StocksCore.framework/Versions/A/StocksCore
0x0000000273e17000 	/System/Library/PrivateFrameworks/TeaFoundation.framework/Versions/A/TeaFoundation
0x0000000273ff9000 	/System/Library/PrivateFrameworks/TeaSettings.framework/Versions/A/TeaSettings
0x00000001e3997000 	/System/Library/PrivateFrameworks/NewsCore.framework/Versions/A/NewsCore
0x0000000273db3000 	/System/Library/PrivateFrameworks/TeaDB.framework/Versions/A/TeaDB
0x00000001e0396000 	/System/Library/PrivateFrameworks/RemoteConfiguration.framework/Versions/A/RemoteConfiguration
0x00000001e35a2000 	/System/Library/PrivateFrameworks/NewsTransport.framework/Versions/A/NewsTransport
0x00000001e3987000 	/System/Library/PrivateFrameworks/NewsFoundation.framework/Versions/A/NewsFoundation
0x0000000260740000 	/System/Library/PrivateFrameworks/NewsURLBucket.framework/Versions/A/NewsURLBucket
0x00000001baa87000 	/System/Library/PrivateFrameworks/MobileInstallation.framework/Versions/A/MobileInstallation
0x0000000236e35000 	/System/Library/Frameworks/Translation.framework/Versions/A/Translation
0x00000001d37db000 	/System/Library/PrivateFrameworks/RevealCore.framework/Versions/A/RevealCore
0x00000001d37cf000 	/System/Library/PrivateFrameworks/Reveal.framework/Versions/A/Reveal
0x00000001cb6b5000 	/System/Library/Frameworks/Speech.framework/Versions/A/Speech
0x0000000238299000 	/System/Library/PrivateFrameworks/AIMLExperimentationAnalytics.framework/Versions/A/AIMLExperimentationAnalytics
0x000000023a5f7000 	/System/Library/PrivateFrameworks/AlgorithmsInternal.framework/Versions/A/AlgorithmsInternal
0x000000027764b000 	/System/Library/PrivateFrameworks/TranslationUIServices.framework/Versions/A/TranslationUIServices
0x0000000276537000 	/System/Library/PrivateFrameworks/TipKitCore.framework/Versions/A/TipKitCore
0x00000001bfd60000 	/System/Library/PrivateFrameworks/CoreCDPInternal.framework/Versions/A/CoreCDPInternal
0x00000002557cb000 	/System/Library/PrivateFrameworks/InputAnalytics.framework/Versions/A/InputAnalytics
0x00000001c57f9000 	/System/Library/Frameworks/InstantMessage.framework/Versions/A/InstantMessage
0x00000001bd850000 	/System/Library/PrivateFrameworks/IDSKVStore.framework/Versions/A/IDSKVStore
0x00000001bd52f000 	/System/Library/PrivateFrameworks/IMDPersistence.framework/Versions/A/IMDPersistence
0x0000000279205000 	/System/Library/PrivateFrameworks/UserSafety.framework/Versions/A/UserSafety
0x00000001de490000 	/System/Library/PrivateFrameworks/BlastDoor.framework/Versions/A/BlastDoor
0x0000000259c6a000 	/System/Library/PrivateFrameworks/LinkPresentationStyleSheetParsing.framework/Versions/A/LinkPresentationStyleSheetParsing
0x0000000265ba1000 	/System/Library/PrivateFrameworks/PosterFoundation.framework/Versions/A/PosterFoundation
0x0000000265c2f000 	/System/Library/PrivateFrameworks/PosterModel.framework/Versions/A/PosterModel
0x0000000265c0a000 	/System/Library/PrivateFrameworks/PosterFuturesKit.framework/Versions/A/PosterFuturesKit
0x00000002486ac000 	/System/Library/PrivateFrameworks/FeedbackService.framework/Versions/A/FeedbackService
0x00000001b6870000 	/System/Library/PrivateFrameworks/CoreSDB.framework/Versions/A/CoreSDB
0x000000023ce12000 	/System/Library/PrivateFrameworks/AskToCore.framework/Versions/A/AskToCore
0x00000001d8606000 	/System/Library/PrivateFrameworks/MachineSettings.framework/Versions/A/MachineSettings
0x00000001ca117000 	/System/Library/PrivateFrameworks/BezelServices.framework/Versions/A/BezelServices
0x00000001c1c58000 	/System/Library/PrivateFrameworks/SPOwner.framework/Versions/A/SPOwner
0x00000001ba6f7000 	/System/Library/PrivateFrameworks/FMCore.framework/Versions/A/FMCore
0x00000001b9ef1000 	/System/Library/PrivateFrameworks/AppleMediaServicesUI.framework/Versions/A/AppleMediaServicesUI
0x000000027fb06000 	/System/Library/PrivateFrameworks/iCloudQuota.framework/Versions/A/iCloudQuota
0x00000001af072000 	/System/Library/PrivateFrameworks/CoreRecognition.framework/Versions/A/CoreRecognition
0x00000001ca1cd000 	/System/Library/PrivateFrameworks/InAppMessages.framework/Versions/A/InAppMessages
0x00000001ec2bf000 	/System/Library/PrivateFrameworks/JetUI.framework/Versions/A/JetUI
0x0000000258f4b000 	/System/Library/PrivateFrameworks/JetPack.framework/Versions/A/JetPack
0x00000001ca1c4000 	/System/Library/PrivateFrameworks/InAppMessagesCore.framework/Versions/A/InAppMessagesCore
0x000000027eed1000 	/System/Library/PrivateFrameworks/_JetEngine_SwiftUI.framework/Versions/A/_JetEngine_SwiftUI
0x00000002738d0000 	/System/Library/PrivateFrameworks/Synapse.framework/Versions/A/Synapse
0x000000023efb4000 	/System/Library/PrivateFrameworks/CSExattrCrypto.framework/Versions/A/CSExattrCrypto
0x00000001bbb8c000 	/System/Library/PrivateFrameworks/StoreFoundation.framework/Versions/A/StoreFoundation
0x00000001ba6f1000 	/System/Library/PrivateFrameworks/ServerInformation.framework/Versions/A/ServerInformation
0x00000001ba127000 	/System/Library/PrivateFrameworks/Install.framework/Frameworks/DistributionKit.framework/Versions/A/DistributionKit
0x00000001b3654000 	/System/Library/PrivateFrameworks/PackageKit.framework/Versions/A/PackageKit
0x00000001ba14a000 	/System/Library/PrivateFrameworks/OSPersonalization.framework/Versions/A/OSPersonalization
0x00000001bc116000 	/System/Library/PrivateFrameworks/BridgeOSSoftwareUpdate.framework/Versions/A/BridgeOSSoftwareUpdate
0x00000001b6d07000 	/System/Library/PrivateFrameworks/StorageManagement.framework/Versions/A/StorageManagement
0x00000001cb53b000 	/usr/lib/libauthinstall.dylib
0x00000001bc11f000 	/System/Library/PrivateFrameworks/InstallerDiagnostics.framework/Versions/A/InstallerDiagnostics
0x00000001cbbb7000 	/usr/lib/libcrypto.42.dylib
0x0000000286187000 	/usr/lib/updaters/libAppleTconUARPUpdater.dylib
0x00000002862aa000 	/usr/lib/updaters/libT200Updater.dylib
0x00000001bc104000 	/System/Library/PrivateFrameworks/GPUInfo.framework/Versions/A/GPUInfo
0x00000001ca2c8000 	/System/Library/PrivateFrameworks/MobileActivationMacOS.framework/Versions/A/MobileActivationMacOS
0x00000001ae605000 	/System/Library/PrivateFrameworks/AccountsDaemon.framework/Versions/A/AccountsDaemon
0x0000000251d95000 	/System/Library/PrivateFrameworks/GenerativePartnerService.framework/Versions/A/GenerativePartnerService
0x000000019e66e000 	/System/Library/PrivateFrameworks/CacheDelete.framework/Versions/A/CacheDelete
0x00000001a6fd6000 	/System/Library/Frameworks/QuickLookThumbnailing.framework/Versions/A/QuickLookThumbnailing
0x00000001bc163000 	/System/Library/PrivateFrameworks/AOSKit.framework/Versions/A/AOSKit
0x000000019b74a000 	/System/Library/PrivateFrameworks/AppSSOCore.framework/Versions/A/AppSSOCore
0x00000001b5b7a000 	/System/Library/Frameworks/AVFoundation.framework/Versions/A/AVFoundation
0x000000023d7c6000 	/System/Library/PrivateFrameworks/BackgroundSystemTasks.framework/Versions/A/BackgroundSystemTasks
0x00000001a6eec000 	/System/Library/PrivateFrameworks/DuetActivityScheduler.framework/Versions/A/DuetActivityScheduler
0x00000001c8921000 	/System/Library/PrivateFrameworks/NetworkServiceProxy.framework/Versions/A/NetworkServiceProxy
0x00000001a228f000 	/usr/lib/libnetworkextension.dylib
0x00000001a490d000 	/System/Library/PrivateFrameworks/Rapport.framework/Versions/A/Rapport
0x00000002735f9000 	/System/Library/PrivateFrameworks/Symptoms.framework/Versions/A/Frameworks/SymptomAnalytics.framework/Versions/A/SymptomAnalytics
0x000000019f0a2000 	/System/Library/Frameworks/NetworkExtension.framework/Versions/A/NetworkExtension
0x00000001a56b3000 	/System/Library/PrivateFrameworks/CoreDuetContext.framework/Versions/A/CoreDuetContext
0x00000001905a7000 	/System/Library/PrivateFrameworks/CoreDuet.framework/Versions/A/CoreDuet
0x00000001aa3bc000 	/System/Library/PrivateFrameworks/AssistantServices.framework/Versions/A/AssistantServices
0x00000001a4707000 	/System/Library/PrivateFrameworks/SAObjects.framework/Versions/A/SAObjects
0x00000001a9fb7000 	/System/Library/PrivateFrameworks/MediaRemote.framework/Versions/A/MediaRemote
0x00000001bc657000 	/System/Library/PrivateFrameworks/SiriInstrumentation.framework/Versions/A/SiriInstrumentation
0x000000026a5b8000 	/System/Library/PrivateFrameworks/SiriAnalytics.framework/Versions/A/SiriAnalytics
0x000000027045a000 	/System/Library/PrivateFrameworks/SiriTTSService.framework/Versions/A/SiriTTSService
0x000000026aef4000 	/System/Library/PrivateFrameworks/SiriCrossDeviceArbitration.framework/Versions/A/SiriCrossDeviceArbitration
0x00000001b9ec3000 	/System/Library/PrivateFrameworks/FeedbackLogger.framework/Versions/A/FeedbackLogger
0x0000000248259000 	/System/Library/PrivateFrameworks/FaceTimeNameUtility.framework/Versions/A/FaceTimeNameUtility
0x000000026af48000 	/System/Library/PrivateFrameworks/SiriCrossDeviceArbitrationFeedback.framework/Versions/A/SiriCrossDeviceArbitrationFeedback
0x0000000251c51000 	/System/Library/PrivateFrameworks/GenerativeModels.framework/Versions/A/GenerativeModels
0x000000022ed39000 	/System/Library/Frameworks/AVRouting.framework/Versions/A/AVRouting
0x00000001aee85000 	/System/Library/PrivateFrameworks/MediaServices.framework/Versions/A/MediaServices
0x000000019ccc8000 	/System/Library/Frameworks/MediaToolbox.framework/Versions/A/MediaToolbox
0x00000001a36b1000 	/System/Library/PrivateFrameworks/CoreAVCHD.framework/Versions/A/CoreAVCHD
0x00000001a36ad000 	/System/Library/PrivateFrameworks/Mangrove.framework/Versions/A/Mangrove
0x000000023edd0000 	/System/Library/PrivateFrameworks/CMPhoto.framework/Versions/A/CMPhoto
0x00000001a3e92000 	/System/Library/Frameworks/CoreTelephony.framework/Versions/A/CoreTelephony
0x00000001a36a0000 	/System/Library/PrivateFrameworks/CoreAUC.framework/Versions/A/CoreAUC
0x000000023c109000 	/System/Library/PrivateFrameworks/AppleJPEGXL.framework/Versions/A/AppleJPEGXL
0x000000019e70f000 	/usr/lib/libTelephonyUtilDynamic.dylib
0x00000001a4545000 	/System/Library/Frameworks/LocalAuthentication.framework/Versions/A/LocalAuthentication
0x0000000259ea0000 	/System/Library/PrivateFrameworks/LocalAuthenticationCore.framework/Versions/A/LocalAuthenticationCore
0x000000025a025000 	/System/Library/PrivateFrameworks/LocalAuthenticationCredentialServices.framework/Versions/A/LocalAuthenticationCredentialServices
0x00000001a45b1000 	/System/Library/Frameworks/LocalAuthentication.framework/Support/SharedUtils.framework/Versions/A/SharedUtils
0x000000019bb93000 	/System/Library/PrivateFrameworks/PersistentConnection.framework/Versions/A/PersistentConnection
0x0000000271c6d000 	/System/Library/PrivateFrameworks/SonicFoundation.framework/Versions/A/SonicFoundation
0x0000000246abd000 	/System/Library/PrivateFrameworks/Dendrite.framework/Versions/A/Dendrite
0x00000001be517000 	/usr/lib/libtailspin.dylib
0x00000001d1ee9000 	/System/Library/PrivateFrameworks/Osprey.framework/Versions/A/Osprey
0x000000026fab5000 	/System/Library/PrivateFrameworks/SiriTTS.framework/Versions/A/SiriTTS
0x00000001b6936000 	/System/Library/Frameworks/NaturalLanguage.framework/Versions/A/NaturalLanguage
0x000000026e89b000 	/System/Library/PrivateFrameworks/SiriPowerInstrumentation.framework/Versions/A/SiriPowerInstrumentation
0x00000001b77f7000 	/System/Library/PrivateFrameworks/Trial.framework/Versions/A/Trial
0x00000001b7779000 	/System/Library/PrivateFrameworks/TrialProto.framework/Versions/A/TrialProto
0x00000002788f2000 	/System/Library/PrivateFrameworks/UnifiedAssetFramework.framework/Versions/A/UnifiedAssetFramework
0x00000001d3f0f000 	/usr/lib/swift/libswiftAVFoundation.dylib
0x00000001e4335000 	/usr/lib/swift/libswiftNaturalLanguage.dylib
0x0000000273db1000 	/System/Library/PrivateFrameworks/TailspinSymbolication.framework/Versions/A/TailspinSymbolication
0x00000002466fc000 	/System/Library/PrivateFrameworks/Darwinup.framework/Versions/A/Darwinup
0x00000001ca8f6000 	/System/Library/PrivateFrameworks/SignpostSupport.framework/Versions/A/SignpostSupport
0x00000001b67fd000 	/System/Library/PrivateFrameworks/FeatureFlagsSupport.framework/Versions/A/FeatureFlagsSupport
0x00000001ca029000 	/System/Library/PrivateFrameworks/ktrace.framework/Versions/A/ktrace
0x00000001cab25000 	/System/Library/PrivateFrameworks/SampleAnalysis.framework/Versions/A/SampleAnalysis
0x00000001d37a9000 	/System/Library/PrivateFrameworks/kperfdata.framework/Versions/A/kperfdata
0x00000001a0059000 	/usr/lib/libdscsym.dylib
0x00000001d3c65000 	/System/Library/PrivateFrameworks/BulkSymbolication.framework/Versions/A/BulkSymbolication
0x00000001a7022000 	/System/Library/PrivateFrameworks/Espresso.framework/Versions/A/Espresso
0x0000000195179000 	/System/Library/Frameworks/CoreML.framework/Versions/A/CoreML
0x00000001eda75000 	/System/Library/PrivateFrameworks/ANECompiler.framework/Versions/A/ANECompiler
0x00000001a910f000 	/System/Library/PrivateFrameworks/AppleNeuralEngine.framework/Versions/A/AppleNeuralEngine
0x0000000232829000 	/System/Library/Frameworks/MetalPerformanceShadersGraph.framework/Versions/A/MetalPerformanceShadersGraph
0x000000025a92c000 	/System/Library/PrivateFrameworks/MLCompilerServices.framework/Versions/A/MLCompilerServices
0x00000001a7ebe000 	/System/Library/PrivateFrameworks/ANEServices.framework/Versions/A/ANEServices
0x000000026179b000 	/System/Library/PrivateFrameworks/ODIE.framework/Versions/A/ODIE
0x000000025a8d0000 	/System/Library/PrivateFrameworks/MLCompilerRuntime.framework/Versions/A/MLCompilerRuntime
0x000000019955b000 	/System/Library/Frameworks/MLCompute.framework/Versions/A/MLCompute
0x000000025a852000 	/System/Library/PrivateFrameworks/MLAssetIO.framework/Versions/A/MLAssetIO
0x0000000285c5f000 	/usr/lib/swift/libswiftMLCompute.dylib
0x00000001a4098000 	/System/Library/PrivateFrameworks/AVFCore.framework/Versions/A/AVFCore
0x00000001ad615000 	/System/Library/PrivateFrameworks/AVFCapture.framework/Versions/A/AVFCapture
0x000000023ebb9000 	/System/Library/PrivateFrameworks/CMImaging.framework/Versions/A/CMImaging
0x00000001ad85e000 	/System/Library/PrivateFrameworks/Quagga.framework/Versions/A/Quagga
0x00000001ad992000 	/System/Library/PrivateFrameworks/CMCapture.framework/Versions/A/CMCapture
0x000000019e295000 	/System/Library/Frameworks/CoreMediaIO.framework/Versions/A/CoreMediaIO
0x000000023eaf5000 	/System/Library/PrivateFrameworks/CMCaptureDevice.framework/Versions/A/CMCaptureDevice
0x000000019bd09000 	/System/Library/PrivateFrameworks/CoreBrightness.framework/Versions/A/CoreBrightness
0x000000023fbca000 	/System/Library/PrivateFrameworks/CinematicFraming.framework/Versions/A/CinematicFraming
0x00000001d0fa7000 	/System/Library/PrivateFrameworks/CPMS.framework/Versions/A/CPMS
0x0000000273aa7000 	/System/Library/PrivateFrameworks/SystemStatus.framework/Versions/A/SystemStatus
0x00000001b5772000 	/System/Library/Frameworks/CoreMotion.framework/Versions/A/CoreMotion
0x00000001c58b7000 	/System/Library/PrivateFrameworks/TimeSync.framework/Versions/A/TimeSync
0x00000002473da000 	/System/Library/PrivateFrameworks/DistributedSensing.framework/Versions/A/DistributedSensing
0x00000001c0e97000 	/System/Library/PrivateFrameworks/MobileBluetooth.framework/Versions/A/MobileBluetooth
0x00000001c75b0000 	/System/Library/PrivateFrameworks/IOKitten.framework/Versions/A/IOKitten
0x000000018cd9f000 	/System/Library/PrivateFrameworks/LanguageModeling.framework/Versions/A/LanguageModeling
0x0000000191d53000 	/System/Library/PrivateFrameworks/Montreal.framework/Versions/A/Montreal
0x0000000199fc6000 	/usr/lib/libcmph.dylib
0x0000000251d2a000 	/System/Library/PrivateFrameworks/GenerativeModelsFoundation.framework/Versions/A/GenerativeModelsFoundation
0x000000027689f000 	/System/Library/PrivateFrameworks/TokenGeneration.framework/Versions/A/TokenGeneration
0x0000000251b0d000 	/System/Library/PrivateFrameworks/GenerativeFunctions.framework/Versions/A/GenerativeFunctions
0x0000000251b59000 	/System/Library/PrivateFrameworks/GenerativeFunctionsFoundation.framework/Versions/A/GenerativeFunctionsFoundation
0x000000025e078000 	/System/Library/PrivateFrameworks/ModelCatalog.framework/Versions/A/ModelCatalog
0x0000000269a65000 	/System/Library/PrivateFrameworks/SensitiveContentAnalysisML.framework/Versions/A/SensitiveContentAnalysisML
0x0000000251bee000 	/System/Library/PrivateFrameworks/GenerativeFunctionsInstrumentation.framework/Versions/A/GenerativeFunctionsInstrumentation
0x0000000266cb3000 	/System/Library/PrivateFrameworks/PromptKit.framework/Versions/A/PromptKit
0x0000000266790000 	/System/Library/PrivateFrameworks/ProactiveDaemonSupport.framework/Versions/A/ProactiveDaemonSupport
0x000000025e45a000 	/System/Library/PrivateFrameworks/ModelManagerServices.framework/Versions/A/ModelManagerServices
0x0000000276aed000 	/System/Library/PrivateFrameworks/TokenGenerationCore.framework/Versions/A/TokenGenerationCore
0x000000023c036000 	/System/Library/PrivateFrameworks/AppleIntelligenceReporting.framework/Versions/A/AppleIntelligenceReporting
0x000000023bc9e000 	/System/Library/PrivateFrameworks/AppleFlatBuffers.framework/Versions/A/AppleFlatBuffers
0x0000000269c9e000 	/System/Library/PrivateFrameworks/SentencePieceInternal.framework/Versions/A/SentencePieceInternal
0x00000001a2673000 	/System/Library/Frameworks/Vision.framework/Versions/A/Vision
0x00000002460d4000 	/System/Library/PrivateFrameworks/CoreSceneUnderstanding.framework/Versions/A/CoreSceneUnderstanding
0x000000027b2cf000 	/System/Library/PrivateFrameworks/VisionCore.framework/Versions/A/VisionCore
0x00000001bfe38000 	/System/Library/Frameworks/Vision.framework/libfaceCore.dylib
0x00000001c095b000 	/System/Library/PrivateFrameworks/Futhark.framework/Versions/A/Futhark
0x00000001c4733000 	/System/Library/PrivateFrameworks/InertiaCam.framework/Versions/A/InertiaCam
0x00000001c06e3000 	/System/Library/PrivateFrameworks/TextRecognition.framework/Versions/A/TextRecognition
0x000000019b76b000 	/System/Library/PrivateFrameworks/CVNLP.framework/Versions/A/CVNLP
0x0000000194c18000 	/System/Library/PrivateFrameworks/ApplePushService.framework/Versions/A/ApplePushService
0x0000000194c83000 	/System/Library/Frameworks/CloudKit.framework/Versions/A/CloudKit
0x00000001a807c000 	/System/Library/PrivateFrameworks/CoreDuetDaemonProtocol.framework/Versions/A/CoreDuetDaemonProtocol
0x00000001cd0fa000 	/System/Library/PrivateFrameworks/DeviceIdentity.framework/Versions/A/DeviceIdentity
0x0000000235530000 	/System/Library/Frameworks/SharedWithYouCore.framework/Versions/A/SharedWithYouCore
0x0000000240472000 	/System/Library/PrivateFrameworks/CloudTelemetry.framework/Versions/A/CloudTelemetry
0x00000001a69ba000 	/System/Library/PrivateFrameworks/AppleAccount.framework/Versions/A/AppleAccount
0x00000001a6f7b000 	/System/Library/PrivateFrameworks/C2.framework/Versions/A/C2
0x00000002400e4000 	/System/Library/PrivateFrameworks/CloudCoreInternal.framework/Versions/A/CloudCoreInternal
0x000000023fe89000 	/System/Library/PrivateFrameworks/CloudAsset.framework/Versions/A/CloudAsset
0x00000001a6f72000 	/System/Library/Frameworks/PushKit.framework/Versions/A/PushKit
0x0000000240492000 	/System/Library/PrivateFrameworks/CloudTelemetryTools.framework/Versions/A/CloudTelemetryTools
0x00000001a8e6c000 	/System/Library/PrivateFrameworks/RTCReporting.framework/Versions/A/RTCReporting
0x000000023817f000 	/System/Library/PrivateFrameworks/AAAFoundationSwift.framework/Versions/A/AAAFoundationSwift
0x00000001a6c45000 	/System/Library/PrivateFrameworks/AppleIDSSOAuthentication.framework/Versions/A/AppleIDSSOAuthentication
0x00000001bba37000 	/System/Library/PrivateFrameworks/CaptiveNetwork.framework/Versions/A/CaptiveNetwork
0x00000001a644b000 	/System/Library/PrivateFrameworks/EAP8021X.framework/Versions/A/EAP8021X
0x00000002464e2000 	/System/Library/PrivateFrameworks/CryptoKitPrivate.framework/Versions/A/CryptoKitPrivate
0x00000001b5dca000 	/System/Library/PrivateFrameworks/FindMyDevice.framework/Versions/A/FindMyDevice
0x00000001aab52000 	/System/Library/PrivateFrameworks/FMCoreLite.framework/Versions/A/FMCoreLite
0x00000001991fb000 	/System/Library/Frameworks/ServiceManagement.framework/Versions/A/ServiceManagement
0x00000001bd4b1000 	/System/Library/Frameworks/Accelerate.framework/Versions/A/Frameworks/vImage.framework/Versions/A/Libraries/libCGInterfaces.dylib
0x00000001caaee000 	/System/Library/PrivateFrameworks/UIKitServices.framework/Versions/A/UIKitServices
0x0000000137270000 	/System/Library/Extensions/AGXMetalG14X.bundle/Contents/MacOS/AGXMetalG14X
0x00000001aed26000 	/System/Library/PrivateFrameworks/IOGPU.framework/Versions/A/IOGPU
0x000000022e87a000 	/System/Library/Frameworks/OpenGL.framework/Versions/A/Resources/GLEngine.bundle/GLEngine
0x000000022e71c000 	/System/Library/Frameworks/OpenGL.framework/Versions/A/Libraries/libGLProgrammability.dylib
0x000000014184c000 	/System/Library/Extensions/AppleMetalOpenGLRenderer.bundle/Contents/MacOS/AppleMetalOpenGLRenderer
0x000000022e9db000 	/System/Library/Frameworks/OpenGL.framework/Versions/A/Resources/GLRendererFloat.bundle/GLRendererFloat
0x00000002745c2000 	/System/Library/PrivateFrameworks/TextInputUI.framework/Versions/A/TextInputUI
0x00000002745f6000 	/System/Library/PrivateFrameworks/TextInputUIMacHelper.framework/Versions/A/TextInputUIMacHelper
0x0000000145c44000 	/Users/Isaiah/Documents/curseforge/minecraft/Install/natives/forge-47.4.16/liblwjgl_opengl.dylib
0x0000000145d68000 	/Users/Isaiah/Documents/curseforge/minecraft/Install/natives/forge-47.4.16/liblwjgl_stb.dylib
0x00000001c0a4a000 	/System/Library/PrivateFrameworks/SafariPlatformSupport.framework/Versions/A/SafariPlatformSupport
0x0000000272267000 	/System/Library/PrivateFrameworks/SpotlightKnowledge.framework/Versions/A/SpotlightKnowledge
0x0000000247888000 	/System/Library/PrivateFrameworks/DocumentUnderstandingClient.framework/Versions/A/DocumentUnderstandingClient
0x000000027224e000 	/System/Library/PrivateFrameworks/SpotlightEmbedding.framework/Versions/A/SpotlightEmbedding
0x000000019054a000 	/System/Library/PrivateFrameworks/SpotlightLinguistics.framework/Versions/A/SpotlightLinguistics
0x000000027241b000 	/System/Library/PrivateFrameworks/SpotlightResources.framework/Versions/A/SpotlightResources
0x00000001a8433000 	/System/Library/PrivateFrameworks/SpotlightIndex.framework/Versions/A/SpotlightIndex
0x00000001bb9fb000 	/System/Library/PrivateFrameworks/DataDeliveryServices.framework/Versions/A/DataDeliveryServices
0x000000023fc03000 	/System/Library/PrivateFrameworks/CipherML.framework/Versions/A/CipherML
0x0000000263cda000 	/System/Library/PrivateFrameworks/PegasusKit.framework/Versions/A/PegasusKit
0x00000002731ea000 	/System/Library/PrivateFrameworks/SwiftSQLite.framework/Versions/A/SwiftSQLite
0x00000001490b8000 	/Users/Isaiah/Documents/curseforge/minecraft/Install/natives/forge-47.4.16/jna3885526853142176165.tmp
0x00000001490e0000 	/Library/Java/JavaVirtualMachines/microsoft-17.jdk/Contents/Home/lib/libextnet.dylib
0x00000001490f8000 	/private/var/folders/0p/9lzn133s0tqf_07r1n1n2t9w0000gp/T/libjcocoa943393184975100721.dylib
0x00000001c0a5a000 	/System/Library/CoreServices/RawCamera.bundle/Contents/MacOS/RawCamera
0x0000000152a00000 	/Library/Java/JavaVirtualMachines/microsoft-17.jdk/Contents/Home/lib/libawt.dylib
0x0000000152aac000 	/Library/Java/JavaVirtualMachines/microsoft-17.jdk/Contents/Home/lib/libmlib_image.dylib
0x000000023198d000 	/System/Library/Frameworks/JavaRuntimeSupport.framework/Versions/A/JavaRuntimeSupport
0x0000000152c60000 	/Library/Java/JavaVirtualMachines/microsoft-17.jdk/Contents/Home/lib/libawt_lwawt.dylib
0x0000000152738000 	/Library/Java/JavaVirtualMachines/microsoft-17.jdk/Contents/Home/lib/libosxapp.dylib
0x00000001b3cc4000 	/System/Library/Frameworks/ExceptionHandling.framework/Versions/A/ExceptionHandling
0x0000000152d98000 	/Users/Isaiah/Documents/curseforge/minecraft/Install/natives/forge-47.4.16/libopenal.dylib
0x00000001c5f05000 	/System/Library/PrivateFrameworks/TextToSpeech.framework/Versions/A/TextToSpeech
0x00000001cb06a000 	/System/Library/PrivateFrameworks/AXAssetLoader.framework/Versions/A/AXAssetLoader
0x0000000239a33000 	/System/Library/PrivateFrameworks/AccessibilityUtilities.framework/Versions/A/AccessibilityUtilities
0x00000001b6071000 	/System/Library/PrivateFrameworks/AccessibilitySharedSupport.framework/Versions/A/AccessibilitySharedSupport
0x00000001d7e1f000 	/System/Library/PrivateFrameworks/AXRuntime.framework/Versions/A/AXRuntime
0x00000001bba45000 	/System/Library/PrivateFrameworks/UniversalAccess.framework/Versions/A/UniversalAccess
0x0000000268af7000 	/System/Library/PrivateFrameworks/Sage.framework/Versions/A/Sage
0x00000001ca019000 	/System/Library/PrivateFrameworks/AccessibilitySupport.framework/Versions/A/AccessibilitySupport
0x00000001cbb72000 	/System/Library/PrivateFrameworks/UniversalAccess.framework/Versions/A/Frameworks/UniversalAccessCore.framework/Versions/A/UniversalAccessCore
0x00000001d3c3d000 	/System/Library/PrivateFrameworks/AccessibilitySupport.framework/Versions/A/Frameworks/AccessibilityEvents.framework/Versions/A/AccessibilityEvents
0x00000001cac85000 	/System/Library/PrivateFrameworks/AccessibilitySupport.framework/Versions/A/Frameworks/AccessibilityFoundation.framework/Versions/A/AccessibilityFoundation
0x00000001d3b6d000 	/System/Library/PrivateFrameworks/AccessibilitySupport.framework/Versions/A/Frameworks/AccessibilityKit.framework/Versions/A/AccessibilityKit
0x00000001d3bd7000 	/System/Library/PrivateFrameworks/AccessibilitySupport.framework/Versions/A/Frameworks/AccessibilityVisuals.framework/Versions/A/AccessibilityVisuals
0x00000001a46d2000 	/System/Library/PrivateFrameworks/BatteryUIKit.framework/Versions/A/BatteryUIKit
0x0000000278ceb000 	/System/Library/PrivateFrameworks/UniversalControl.framework/Versions/A/UniversalControl
0x00000001a6ea4000 	/usr/lib/libScreenReader.dylib
0x0000000163a44000 	/System/Library/Components/CoreAudio.component/Contents/MacOS/CoreAudio


VM Arguments:
jvm_args: -Xss1M -Djava.library.path=/Users/Isaiah/Documents/curseforge/minecraft/Install/natives/forge-47.4.16 -Djna.tmpdir=/Users/Isaiah/Documents/curseforge/minecraft/Install/natives/forge-47.4.16 -Dorg.lwjgl.system.SharedLibraryExtractPath=/Users/Isaiah/Documents/curseforge/minecraft/Install/natives/forge-47.4.16 -Dio.netty.native.workdir=/Users/Isaiah/Documents/curseforge/minecraft/Install/natives/forge-47.4.16 -Dminecraft.launcher.brand=CurseForge -Dminecraft.launcher.version=1.297.3.30829 -Djava.net.preferIPv6Addresses=system -DignoreList=bootstraplauncher,securejarhandler,asm-commons,asm-util,asm-analysis,asm-tree,asm,JarJarFileSystems,client-extra,fmlcore,javafmllanguage,lowcodelanguage,mclanguage,forge-,forge-47.4.16.jar,forge-47.4.16 -DmergeModules=jna-5.10.0.jar,jna-platform-5.10.0.jar -DlibraryDirectory=/Users/Isaiah/Documents/curseforge/minecraft/Install/libraries --module-path=/Users/Isaiah/Documents/curseforge/minecraft/Install/libraries/cpw/mods/bootstraplauncher/1.1.2/bootstraplauncher-1.1.2.jar:/Users/Isaiah/Documents/curseforge/minecraft/Install/libraries/cpw/mods/securejarhandler/2.1.10/securejarhandler-2.1.10.jar:/Users/Isaiah/Documents/curseforge/minecraft/Install/libraries/org/ow2/asm/asm-commons/9.8/asm-commons-9.8.jar:/Users/Isaiah/Documents/curseforge/minecraft/Install/libraries/org/ow2/asm/asm-util/9.8/asm-util-9.8.jar:/Users/Isaiah/Documents/curseforge/minecraft/Install/libraries/org/ow2/asm/asm-analysis/9.8/asm-analysis-9.8.jar:/Users/Isaiah/Documents/curseforge/minecraft/Install/libraries/org/ow2/asm/asm-tree/9.8/asm-tree-9.8.jar:/Users/Isaiah/Documents/curseforge/minecraft/Install/libraries/org/ow2/asm/asm/9.8/asm-9.8.jar:/Users/Isaiah/Documents/curseforge/minecraft/Install/libraries/net/minecraftforge/JarJarFileSystems/0.3.19/JarJarFileSystems-0.3.19.jar --add-modules=ALL-MODULE-PATH --add-opens=java.base/java.util.jar=cpw.mods.securejarhandler --add-opens=java.base/java.lang.invoke=cpw.mods.securejarhandler --add-exports=java.base/sun.security.util=cpw.mods.securejarhandler --add-exports=jdk.naming.dns/com.sun.jndi.dns=java.naming -Xmx4096m -Xms256m -Dfml.ignorePatchDiscrepancies=true -Dfml.ignoreInvalidMinecraftCertificates=true -DlibraryDirectory=/Users/Isaiah/Documents/curseforge/minecraft/Install/libraries -DCFInstanceId=4266b565-2bc5-435c-8c4f-cd9773a2125d -Dlog4j.configurationFile=/Users/Isaiah/Documents/curseforge/minecraft/Install/assets/log_configs/client-1.12.xml 
java_command: cpw.mods.bootstraplauncher.BootstrapLauncher --username Z3EKnCleve --version forge-47.4.16 --gameDir /Users/Isaiah/Documents/curseforge/minecraft/Instances/HeroX Supers/ --assetsDir /Users/Isaiah/Documents/curseforge/minecraft/Install/assets --assetIndex 5 --uuid 5f390ef2a4c34ed2a4fde4d7985b137b --accessToken eyJraWQiOiIwNDkxODEiLCJhbGciOiJSUzI1NiJ9.eyJ4dWlkIjoiMjUzNTQwNjIyNjk3NjIyMCIsImFnZyI6IkFkdWx0Iiwic3ViIjoiNDRjNGUyODYtOGQzMS01MTFjLWEyY2MtMDI4NTE1NDVlYjNhIiwiYXV0aCI6IlhCT1giLCJucyI6ImRlZmF1bHQiLCJyb2xlcyI6W10sImlzcyI6ImF1dGhlbnRpY2F0aW9uIiwiZmxhZ3MiOlsibXVsdGlwbGF5ZXIiLCJ0d29mYWN0b3JhdXRoIiwibXNhbWlncmF0aW9uX3N0YWdlNCIsIm9yZGVyc18yMDIyIl0sInByb2ZpbGVzIjp7Im1jIjoiNWYzOTBlZjItYTRjMy00ZWQyLWE0ZmQtZTRkNzk4NWIxMzdiIn0sInBsYXRmb3JtIjoiUENfTEFVTkNIRVIiLCJwZmQiOlt7InR5cGUiOiJtYyIsImlkIjoiNWYzOTBlZjItYTRjMy00ZWQyLWE0ZmQtZTRkNzk4NWIxMzdiIiwibmFtZSI6IlozRUtuQ2xldmUifV0sIm5iZiI6MTc2OTcyNjE5MywiZXhwIjoxNzY5ODEyNTkzLCJpYXQiOjE3Njk3MjYxOTMsImFpZCI6ImQ1YjJlMDc5LTJjMmMtNGFkZS05ZGFiLTFjMWViMjA0MTYyYSJ9.YgZ9gJAnF_ok3wqRbCvLTSuss_EVPiD5-BJG-Ex0YZ8dh86oUCbpgRGo7HBo9C_OiqgJe3U0AyE3kKKzkoUlwyM3sIRKMAjVOi1BzTKnoyBElLPOiPTK1T1HDQ9cEnqqKx2XBjDBiMHTvnyhiusImmGA-LSwBwHgrkJ6CfD-G55qrdYhzKv1BoFPmjPXy8Ek7xSRAcMoIEFMivjPtTGsh1Zwe2Oybl3jR-MsuWRyN6QPBlfzDNpp0O_JxU6j1GbTtukwHFsuMvgv_4OMzrMYOTuI-gCBrEUc53w7O4935WWnqNv0_oDPTgKGczYHsjwcsayWs3nlvueSGHiNXqkIZw --clientId 66601c-10db8f9-88a07b-3c5667-9910b7 --xuid 2535406226976220 --userType msa --versionType release --width 1512 --height 982 --quickPlayPath /Users/Isaiah/Documents/curseforge/minecraft/Quickplay/4266b565-2bc5-435c-8c4f-cd9773a2125d.json    --launchTarget forgeclient --fml.forgeVersion 47.4.16 --fml.mcVersion 1.20.1 --fml.forgeGroup net.minecraftforge --fml.mcpVersion 20230612.114412
java_class_path (initial): /Users/Isaiah/Documents/curseforge/minecraft/Install/libraries/cpw/mods/securejarhandler/2.1.10/securejarhandler-2.1.10.jar:/Users/Isaiah/Documents/curseforge/minecraft/Install/libraries/org/ow2/asm/asm/9.8/asm-9.8.jar:/Users/Isaiah/Documents/curseforge/minecraft/Install/libraries/org/ow2/asm/asm-commons/9.8/asm-commons-9.8.jar:/Users/Isaiah/Documents/curseforge/minecraft/Install/libraries/org/ow2/asm/asm-tree/9.8/asm-tree-9.8.jar:/Users/Isaiah/Documents/curseforge/minecraft/Install/libraries/org/ow2/asm/asm-util/9.8/asm-util-9.8.jar:/Users/Isaiah/Documents/curseforge/minecraft/Install/libraries/org/ow2/asm/asm-analysis/9.8/asm-analysis-9.8.jar:/Users/Isaiah/Documents/curseforge/minecraft/Install/libraries/net/minecraftforge/accesstransformers/8.0.4/accesstransformers-8.0.4.jar:/Users/Isaiah/Documents/curseforge/minecraft/Install/libraries/org/antlr/antlr4-runtime/4.9.1/antlr4-runtime-4.9.1.jar:/Users/Isaiah/Documents/curseforge/minecraft/Install/libraries/net/minecraftforge/eventbus/6.2.33/eventbus-6.2.33.jar:/Users/Isaiah/Documents/curseforge/minecraft/Install/libraries/net/minecraftforge/forgespi/7.0.1/forgespi-7.0.1.jar:/Users/Isaiah/Documents/curseforge/minecraft/Install/libraries/net/minecraftforge/coremods/5.2.4/coremods-5.2.4.jar:/Users/Isaiah/Documents/curseforge/minecraft/Install/libraries/cpw/mods/modlauncher/10.0.9/modlauncher-10.0.9.jar:/Users/Isaiah/Documents/curseforge/minecraft/Install/libraries/net/minecraftforge/unsafe/0.2.0/unsafe-0.2.0.jar:/Users/Isaiah/Documents/curseforge/minecraft/Install/libraries/net/minecraftforge/mergetool/1.1.5/mergetool-1.1.5-api.jar:/Users/Isaiah/Documents/curseforge/minecraft/Install/libraries/com/electronwill/night-config/core/3.6.4/core-3.6.4.jar:/Users/Isaiah/Documents/curseforge/minecraft/Install/libraries/com/electronwill/night-config/toml/3.6.4/toml-3.6.4.jar:/Users/Isaiah/Documents/curseforge/minecraft/Install/libraries/org/apache/maven/maven-artifact/3.8.5/maven-artifact-3.8.5.jar:/
Launcher Type: SUN_STANDARD

[Global flags]
     intx CICompilerCount                          = 4                                         {product} {ergonomic}
     uint ConcGCThreads                            = 2                                         {product} {ergonomic}
     uint G1ConcRefinementThreads                  = 9                                         {product} {ergonomic}
   size_t G1HeapRegionSize                         = 2097152                                   {product} {ergonomic}
    uintx GCDrainStackTargetSize                   = 64                                        {product} {ergonomic}
   size_t InitialHeapSize                          = 268435456                                 {product} {command line}
   size_t MarkStackSize                            = 4194304                                   {product} {ergonomic}
   size_t MaxHeapSize                              = 4294967296                                {product} {command line}
   size_t MaxNewSize                               = 2575302656                                {product} {ergonomic}
   size_t MinHeapDeltaBytes                        = 2097152                                   {product} {ergonomic}
   size_t MinHeapSize                              = 268435456                                 {product} {command line}
    uintx NonNMethodCodeHeapSize                   = 5839564                                {pd product} {ergonomic}
    uintx NonProfiledCodeHeapSize                  = 122909338                              {pd product} {ergonomic}
    uintx ProfiledCodeHeapSize                     = 122909338                              {pd product} {ergonomic}
    uintx ReservedCodeCacheSize                    = 251658240                              {pd product} {ergonomic}
     bool SegmentedCodeCache                       = true                                      {product} {ergonomic}
   size_t SoftMaxHeapSize                          = 4294967296                             {manageable} {ergonomic}
     intx ThreadStackSize                          = 1024                                   {pd product} {command line}
     bool UseCompressedClassPointers               = true                           {product lp64_product} {ergonomic}
     bool UseCompressedOops                        = true                           {product lp64_product} {ergonomic}
     bool UseG1GC                                  = true                                      {product} {ergonomic}
     bool UseNUMA                                  = false                                     {product} {ergonomic}
     bool UseNUMAInterleaving                      = false                                     {product} {ergonomic}

Logging:
Log output configuration:
 #0: stdout all=warning uptime,level,tags
 #1: stderr all=off uptime,level,tags

Environment Variables:
PATH=/usr/bin:/bin:/usr/sbin:/sbin
SHELL=/bin/bash
TMPDIR=/var/folders/0p/9lzn133s0tqf_07r1n1n2t9w0000gp/T/

Active Locale:
LC_ALL=C
LC_COLLATE=C
LC_CTYPE=C
LC_MESSAGES=C
LC_MONETARY=C
LC_NUMERIC=C
LC_TIME=C

Signal Handlers:
   SIGSEGV: crash_handler in libjvm.dylib, mask=11100110000111110111111111111111, flags=SA_RESTART|SA_SIGINFO, unblocked
    SIGBUS: crash_handler in libjvm.dylib, mask=11100110000111110111111111111111, flags=SA_RESTART|SA_SIGINFO, unblocked
    SIGFPE: crash_handler in libjvm.dylib, mask=11100110000111110111111111111111, flags=SA_RESTART|SA_SIGINFO, unblocked
   SIGPIPE: javaSignalHandler in libjvm.dylib, mask=11100110000111110111111111111111, flags=SA_RESTART|SA_SIGINFO, blocked
   SIGXFSZ: javaSignalHandler in libjvm.dylib, mask=11100110000111110111111111111111, flags=SA_RESTART|SA_SIGINFO, blocked
    SIGILL: crash_handler in libjvm.dylib, mask=11100110000111110111111111111111, flags=SA_RESTART|SA_SIGINFO, unblocked
   SIGUSR2: SR_handler in libjvm.dylib, mask=00000000000000000000000000000000, flags=SA_RESTART|SA_SIGINFO, blocked
    SIGHUP: UserHandler in libjvm.dylib, mask=11100110000111110111111111111111, flags=SA_RESTART|SA_SIGINFO, blocked
    SIGINT: UserHandler in libjvm.dylib, mask=11100110000111110111111111111111, flags=SA_RESTART|SA_SIGINFO, blocked
   SIGTERM: UserHandler in libjvm.dylib, mask=11100110000111110111111111111111, flags=SA_RESTART|SA_SIGINFO, blocked
   SIGQUIT: UserHandler in libjvm.dylib, mask=11100110000111110111111111111111, flags=SA_RESTART|SA_SIGINFO, blocked
   SIGTRAP: crash_handler in libjvm.dylib, mask=11100110000111110111111111111111, flags=SA_RESTART|SA_SIGINFO, unblocked


Periodic native trim disabled


---------------  S Y S T E M  ---------------

OS:
uname: Darwin 25.2.0 Darwin Kernel Version 25.2.0: Tue Nov 18 21:07:05 PST 2025; root:xnu-12377.61.12~1/RELEASE_ARM64_T6020 arm64
OS uptime: 6 days 5:30 hours
rlimit (soft/hard): STACK 8176k/65520k , CORE 0k/infinity , NPROC 2666/4000 , NOFILE 1048576/infinity , AS infinity/infinity , CPU infinity/infinity , DATA infinity/infinity , FSIZE infinity/infinity , MEMLOCK infinity/infinity , RSS infinity/infinity
load average: 17.59 12.63 8.06

CPU: total 10 (initial active 10) 0x61:0x0:0xda33d83d:0, fp, simd, crc, lse
machdep.cpu.brand_string:Apple M2 Pro
hw.cachelinesize:128
hw.l1icachesize:131072
hw.l1dcachesize:65536
hw.l2cachesize:4194304

Memory: 16k page, physical 16777216k(149184k free), swap 7340032k(924480k free)

vm_info: OpenJDK 64-Bit Server VM (17.0.17+10-LTS) for bsd-aarch64 JRE (17.0.17+10-LTS), built on Oct 13 2025 22:02:27 by "MicrosoftCorporation" with clang Apple LLVM 15.0.0 (clang-1500.1.0.2.5)

END.
