#
# A fatal error has been detected by the Java Runtime Environment:
#
#  SIGSEGV (0xb) at pc=0x000000022e79b780, pid=92633, tid=259
#
# JRE version: OpenJDK Runtime Environment Microsoft-12574438 (17.0.17+10) (build 17.0.17+10-LTS)
# Java VM: OpenJDK 64-Bit Server VM Microsoft-12574438 (17.0.17+10-LTS, mixed mode, sharing, tiered, compressed oops, compressed class ptrs, g1 gc, bsd-aarch64)
# Problematic frame:
# C  [libGLProgrammability.dylib+0x7f780]  glpLLVMGetFunctionGlobalVariableUse+0x1ec
#
# No core dump will be written. Core dumps have been disabled. To enable core dumping, try "ulimit -c unlimited" before starting Java again
#
# If you would like to submit a bug report, please visit:
#   https://github.com/microsoft/openjdk/issues
# The crash happened outside the Java Virtual Machine in native code.
# See problematic frame for where to report the bug.
#

---------------  S U M M A R Y ------------

Command Line: -Xss1M -Djava.library.path=/Users/Isaiah/Documents/curseforge/minecraft/Install/natives/forge-47.4.16 -Djna.tmpdir=/Users/Isaiah/Documents/curseforge/minecraft/Install/natives/forge-47.4.16 -Dorg.lwjgl.system.SharedLibraryExtractPath=/Users/Isaiah/Documents/curseforge/minecraft/Install/natives/forge-47.4.16 -Dio.netty.native.workdir=/Users/Isaiah/Documents/curseforge/minecraft/Install/natives/forge-47.4.16 -Dminecraft.launcher.brand=CurseForge -Dminecraft.launcher.version=1.297.3.30829 -Djava.net.preferIPv6Addresses=system -DignoreList=bootstraplauncher,securejarhandler,asm-commons,asm-util,asm-analysis,asm-tree,asm,JarJarFileSystems,client-extra,fmlcore,javafmllanguage,lowcodelanguage,mclanguage,forge-,forge-47.4.16.jar,forge-47.4.16 -DmergeModules=jna-5.10.0.jar,jna-platform-5.10.0.jar -DlibraryDirectory=/Users/Isaiah/Documents/curseforge/minecraft/Install/libraries --module-path=/Users/Isaiah/Documents/curseforge/minecraft/Install/libraries/cpw/mods/bootstraplauncher/1.1.2/bootstraplauncher-1.1.2.jar:/Users/Isaiah/Documents/curseforge/minecraft/Install/libraries/cpw/mods/securejarhandler/2.1.10/securejarhandler-2.1.10.jar:/Users/Isaiah/Documents/curseforge/minecraft/Install/libraries/org/ow2/asm/asm-commons/9.8/asm-commons-9.8.jar:/Users/Isaiah/Documents/curseforge/minecraft/Install/libraries/org/ow2/asm/asm-util/9.8/asm-util-9.8.jar:/Users/Isaiah/Documents/curseforge/minecraft/Install/libraries/org/ow2/asm/asm-analysis/9.8/asm-analysis-9.8.jar:/Users/Isaiah/Documents/curseforge/minecraft/Install/libraries/org/ow2/asm/asm-tree/9.8/asm-tree-9.8.jar:/Users/Isaiah/Documents/curseforge/minecraft/Install/libraries/org/ow2/asm/asm/9.8/asm-9.8.jar:/Users/Isaiah/Documents/curseforge/minecraft/Install/libraries/net/minecraftforge/JarJarFileSystems/0.3.19/JarJarFileSystems-0.3.19.jar --add-modules=ALL-MODULE-PATH --add-opens=java.base/java.util.jar=cpw.mods.securejarhandler --add-opens=java.base/java.lang.invoke=cpw.mods.securejarhandler --add-exports=java.base/sun.security.util=cpw.mods.securejarhandler --add-exports=jdk.naming.dns/com.sun.jndi.dns=java.naming -Xmx4096m -Xms256m -Dfml.ignorePatchDiscrepancies=true -Dfml.ignoreInvalidMinecraftCertificates=true -DlibraryDirectory=/Users/Isaiah/Documents/curseforge/minecraft/Install/libraries -DCFInstanceId=4266b565-2bc5-435c-8c4f-cd9773a2125d -Dlog4j.configurationFile=/Users/Isaiah/Documents/curseforge/minecraft/Install/assets/log_configs/client-1.12.xml cpw.mods.bootstraplauncher.BootstrapLauncher --username Z3EKnCleve --version forge-47.4.16 --gameDir /Users/Isaiah/Documents/curseforge/minecraft/Instances/HeroX Supers/ --assetsDir /Users/Isaiah/Documents/curseforge/minecraft/Install/assets --assetIndex 5 --uuid 5f390ef2a4c34ed2a4fde4d7985b137b --accessToken eyJraWQiOiIwNDkxODEiLCJhbGciOiJSUzI1NiJ9.eyJ4dWlkIjoiMjUzNTQwNjIyNjk3NjIyMCIsImFnZyI6IkFkdWx0Iiwic3ViIjoiNDRjNGUyODYtOGQzMS01MTFjLWEyY2MtMDI4NTE1NDVlYjNhIiwiYXV0aCI6IlhCT1giLCJucyI6ImRlZmF1bHQiLCJyb2xlcyI6W10sImlzcyI6ImF1dGhlbnRpY2F0aW9uIiwiZmxhZ3MiOlsibXVsdGlwbGF5ZXIiLCJ0d29mYWN0b3JhdXRoIiwibXNhbWlncmF0aW9uX3N0YWdlNCIsIm9yZGVyc18yMDIyIl0sInByb2ZpbGVzIjp7Im1jIjoiNWYzOTBlZjItYTRjMy00ZWQyLWE0ZmQtZTRkNzk4NWIxMzdiIn0sInBsYXRmb3JtIjoiUENfTEFVTkNIRVIiLCJwZmQiOlt7InR5cGUiOiJtYyIsImlkIjoiNWYzOTBlZjItYTRjMy00ZWQyLWE0ZmQtZTRkNzk4NWIxMzdiIiwibmFtZSI6IlozRUtuQ2xldmUifV0sIm5iZiI6MTc2OTcyNjE5MywiZXhwIjoxNzY5ODEyNTkzLCJpYXQiOjE3Njk3MjYxOTMsImFpZCI6ImQ1YjJlMDc5LTJjMmMtNGFkZS05ZGFiLTFjMWViMjA0MTYyYSJ9.YgZ9gJAnF_ok3wqRbCvLTSuss_EVPiD5-BJG-Ex0YZ8dh86oUCbpgRGo7HBo9C_OiqgJe3U0AyE3kKKzkoUlwyM3sIRKMAjVOi1BzTKnoyBElLPOiPTK1T1HDQ9cEnqqKx2XBjDBiMHTvnyhiusImmGA-LSwBwHgrkJ6CfD-G55qrdYhzKv1BoFPmjPXy8Ek7xSRAcMoIEFMivjPtTGsh1Zwe2Oybl3jR-MsuWRyN6QPBlfzDNpp0O_JxU6j1GbTtukwHFsuMvgv_4OMzrMYOTuI-gCBrEUc53w7O4935WWnqNv0_oDPTgKGczYHsjwcsayWs3nlvueSGHiNXqkIZw --clientId 66601c-10db8f9-88a07b-3c5667-9910b7 --xuid 2535406226976220 --userType msa --versionType release --width 1512 --height 982 --quickPlayPath /Users/Isaiah/Documents/curseforge/minecraft/Quickplay/4266b565-2bc5-435c-8c4f-cd9773a2125d.json    --launchTarget forgeclient --fml.forgeVersion 47.4.16 --fml.mcVersion 1.20.1 --fml.forgeGroup net.minecraftforge --fml.mcpVersion 20230612.114412

Host: "Mac14,9" arm64, 10 cores, 16G, Darwin 25.2.0, macOS 26.2 (25C56)
Time: Thu Jan 29 22:25:34 2026 CST elapsed time: 22.314207 seconds (0d 0h 0m 22s)

---------------  T H R E A D  ---------------

Current thread (0x00000001011e65e0):  JavaThread "Render thread" [_thread_in_native, id=259, stack(0x000000016ed44000,0x000000016f540000)]

Stack: [0x000000016ed44000,0x000000016f540000],  sp=0x000000016f536220,  free space=8136k
Native frames: (J=compiled Java code, j=interpreted, Vv=VM code, C=native code)
C  [libGLProgrammability.dylib+0x7f780]  glpLLVMGetFunctionGlobalVariableUse+0x1ec
C  [libGLProgrammability.dylib+0x7f81c]  glpLLVMGetFunctionGlobalVariableUse+0x288
C  [libGLProgrammability.dylib+0x7f81c]  glpLLVMGetFunctionGlobalVariableUse+0x288
C  [libGLProgrammability.dylib+0x7f81c]  glpLLVMGetFunctionGlobalVariableUse+0x288
C  [libGLProgrammability.dylib+0x7f81c]  glpLLVMGetFunctionGlobalVariableUse+0x288
C  [libGLProgrammability.dylib+0x7e154]  glpLLVMCGFindSamplersAndBuffers+0x484
C  [libGLProgrammability.dylib+0x7d070]  glpLLVMCGTopLevel+0xb24
C  [libGLProgrammability.dylib+0xa60d8]  glpLinkProgram+0x27d4
C  [libGLProgrammability.dylib+0xbede0]  ShLink+0xd0
C  [GLEngine+0xf8220]  gleLinkProgram+0x474
C  [GLEngine+0x74894]  glLinkProgramARB_Exec+0xb4
j  org.lwjgl.opengl.GL20C.glLinkProgram(I)V+0 org.lwjgl.opengl@3.3.1+7
j  org.lwjgl.opengl.GL20.glLinkProgram(I)V+1 org.lwjgl.opengl@3.3.1+7
j  com.mojang.blaze3d.platform.GlStateManager.glLinkProgram(I)V+4 minecraft@1.20.1
j  com.mojang.blaze3d.shaders.ProgramManager.m_166623_(Lcom/mojang/blaze3d/shaders/Shader;)V+15 minecraft@1.20.1
j  net.minecraft.client.renderer.EffectInstance.<init>(Lnet/minecraft/server/packs/resources/ResourceManager;Ljava/lang/String;)V+487 minecraft@1.20.1
j  net.minecraft.client.renderer.PostPass.<init>(Lnet/minecraft/server/packs/resources/ResourceManager;Ljava/lang/String;Lcom/mojang/blaze3d/pipeline/RenderTarget;Lcom/mojang/blaze3d/pipeline/RenderTarget;)V+39 minecraft@1.20.1
j  net.minecraft.client.renderer.PostChain.m_110042_(Ljava/lang/String;Lcom/mojang/blaze3d/pipeline/RenderTarget;Lcom/mojang/blaze3d/pipeline/RenderTarget;)Lnet/minecraft/client/renderer/PostPass;+11 minecraft@1.20.1
j  net.minecraft.client.renderer.PostChain.m_110030_(Lnet/minecraft/client/renderer/texture/TextureManager;Lcom/google/gson/JsonElement;)V+98 minecraft@1.20.1
j  net.minecraft.client.renderer.PostChain.m_110033_(Lnet/minecraft/client/renderer/texture/TextureManager;Lnet/minecraft/resources/ResourceLocation;)V+169 minecraft@1.20.1
j  net.minecraft.client.renderer.PostChain.<init>(Lnet/minecraft/client/renderer/texture/TextureManager;Lnet/minecraft/server/packs/resources/ResourceManager;Lcom/mojang/blaze3d/pipeline/RenderTarget;Lnet/minecraft/resources/ResourceLocation;)V+78 minecraft@1.20.1
j  net.lointain.cosmos.procedures.BlackHoleRenderer.onRegisterShader(Lnet/minecraftforge/client/event/RegisterShadersEvent;)V+61 cosmos@0.0.7.3
j  net.lointain.cosmos.procedures.__BlackHoleRenderer_onRegisterShader_RegisterShadersEvent.invoke(Lnet/minecraftforge/eventbus/api/Event;)V+5 cosmos@0.0.7.3
J 17572 c1 net.minecraftforge.eventbus.ASMEventHandler.invoke(Lnet/minecraftforge/eventbus/api/Event;)V net.minecraftforge.eventbus (53 bytes) @ 0x0000000115c1c694 [0x0000000115c1c180+0x0000000000000514]
J 17590 c1 net.minecraftforge.eventbus.EventBus.post(Lnet/minecraftforge/eventbus/api/Event;Lnet/minecraftforge/eventbus/api/IEventBusInvokeDispatcher;)Z net.minecraftforge.eventbus (145 bytes) @ 0x0000000115c23a74 [0x0000000115c23500+0x0000000000000574]
J 17591 c1 net.minecraftforge.fml.javafmlmod.FMLModContainer.acceptEvent(Lnet/minecraftforge/eventbus/api/Event;)V javafmllanguage@1.20.1-47.4.16 (97 bytes) @ 0x0000000115c24d58 [0x0000000115c24a00+0x0000000000000358]
J 23269 c1 net.minecraftforge.fml.ModLoader$$Lambda$7387+0x000000900209da50.accept(Ljava/lang/Object;)V fmlcore@1.20.1-47.4.16 (12 bytes) @ 0x0000000115e86838 [0x0000000115e865c0+0x0000000000000278]
J 2263 c1 java.lang.Iterable.forEach(Ljava/util/function/Consumer;)V java.base@17.0.17 (39 bytes) @ 0x00000001146fab64 [0x00000001146fa840+0x0000000000000324]
j  net.minecraftforge.fml.ModList.forEachModInOrder(Ljava/util/function/Consumer;)V+5 fmlcore@1.20.1-47.4.16
j  net.minecraftforge.fml.ModLoader.postEvent(Lnet/minecraftforge/eventbus/api/Event;)V+35 fmlcore@1.20.1-47.4.16
j  net.minecraft.client.renderer.GameRenderer.m_172767_(Lnet/minecraft/server/packs/resources/ResourceProvider;)V+1790 minecraft@1.20.1
j  net.minecraft.client.renderer.GameRenderer$1.m_5787_(Lnet/minecraft/client/renderer/GameRenderer$ResourceCache;Lnet/minecraft/server/packs/resources/ResourceManager;Lnet/minecraft/util/profiling/ProfilerFiller;)V+5 minecraft@1.20.1
j  net.minecraft.client.renderer.GameRenderer$1.m_5787_(Ljava/lang/Object;Lnet/minecraft/server/packs/resources/ResourceManager;Lnet/minecraft/util/profiling/ProfilerFiller;)V+7 minecraft@1.20.1
j  net.minecraft.server.packs.resources.SimplePreparableReloadListener.m_10789_(Lnet/minecraft/server/packs/resources/ResourceManager;Lnet/minecraft/util/profiling/ProfilerFiller;Ljava/lang/Object;)V+25 minecraft@1.20.1
j  net.minecraft.server.packs.resources.SimplePreparableReloadListener$$Lambda$7214+0x00000090022172a8.accept(Ljava/lang/Object;)V+13 minecraft@1.20.1
j  java.util.concurrent.CompletableFuture$UniAccept.tryFire(I)Ljava/util/concurrent/CompletableFuture;+105 java.base@17.0.17
j  java.util.concurrent.CompletableFuture$Completion.run()V+2 java.base@17.0.17
j  net.minecraft.server.packs.resources.SimpleReloadInstance.m_143940_(Ljava/lang/Runnable;)V+1 minecraft@1.20.1
j  net.minecraft.server.packs.resources.SimpleReloadInstance$$Lambda$7245+0x0000009002220210.run()V+8 minecraft@1.20.1
j  net.minecraft.util.thread.BlockableEventLoop.m_6367_(Ljava/lang/Runnable;)V+1 minecraft@1.20.1
j  net.minecraft.util.thread.ReentrantBlockableEventLoop.m_6367_(Ljava/lang/Runnable;)V+12 minecraft@1.20.1
J 21135 c1 net.minecraft.util.thread.BlockableEventLoop.m_7245_()Z minecraft@1.20.1 (54 bytes) @ 0x0000000115fc5a90 [0x0000000115fc5900+0x0000000000000190]
j  net.minecraft.util.thread.BlockableEventLoop.m_18699_()V+1 minecraft@1.20.1
j  net.minecraft.client.Minecraft.m_91383_(Z)V+137 minecraft@1.20.1
j  net.minecraft.client.Minecraft.m_91374_()V+123 minecraft@1.20.1
j  net.minecraft.client.main.Main.main([Ljava/lang/String;)V+1593 minecraft@1.20.1
v  ~StubRoutines::call_stub
V  [libjvm.dylib+0x4610f4]  JavaCalls::call_helper(JavaValue*, methodHandle const&, JavaCallArguments*, JavaThread*)+0x3d8
V  [libjvm.dylib+0x823620]  invoke(InstanceKlass*, methodHandle const&, Handle, bool, objArrayHandle, BasicType, objArrayHandle, bool, JavaThread*)+0x908
V  [libjvm.dylib+0x822cb8]  Reflection::invoke_method(oopDesc*, Handle, objArrayHandle, JavaThread*)+0x160
V  [libjvm.dylib+0x51c878]  JVM_InvokeMethod+0x314
j  jdk.internal.reflect.NativeMethodAccessorImpl.invoke0(Ljava/lang/reflect/Method;Ljava/lang/Object;[Ljava/lang/Object;)Ljava/lang/Object;+0 java.base@17.0.17
j  jdk.internal.reflect.NativeMethodAccessorImpl.invoke(Ljava/lang/Object;[Ljava/lang/Object;)Ljava/lang/Object;+133 java.base@17.0.17
J 6920 c1 jdk.internal.reflect.DelegatingMethodAccessorImpl.invoke(Ljava/lang/Object;[Ljava/lang/Object;)Ljava/lang/Object; java.base@17.0.17 (10 bytes) @ 0x000000011454a850 [0x000000011454a7c0+0x0000000000000090]
J 6919 c1 java.lang.reflect.Method.invoke(Ljava/lang/Object;[Ljava/lang/Object;)Ljava/lang/Object; java.base@17.0.17 (65 bytes) @ 0x00000001143a77a0 [0x00000001143a7680+0x0000000000000120]
j  net.minecraftforge.fml.loading.targets.CommonLaunchHandler.runTarget(Ljava/lang/String;[Ljava/lang/String;Ljava/lang/ModuleLayer;)V+39 fmlloader@1.20.1-47.4.16
j  net.minecraftforge.fml.loading.targets.CommonLaunchHandler.clientService([Ljava/lang/String;Ljava/lang/ModuleLayer;)V+5 fmlloader@1.20.1-47.4.16
j  net.minecraftforge.fml.loading.targets.CommonClientLaunchHandler.lambda$makeService$0([Ljava/lang/String;Ljava/lang/ModuleLayer;)V+3 fmlloader@1.20.1-47.4.16
j  net.minecraftforge.fml.loading.targets.CommonClientLaunchHandler$$Lambda$1050+0x000000900149c468.run()V+12 fmlloader@1.20.1-47.4.16
j  cpw.mods.modlauncher.LaunchServiceHandlerDecorator.launch([Ljava/lang/String;Ljava/lang/ModuleLayer;)V+11 cpw.mods.modlauncher@10.0.9
j  cpw.mods.modlauncher.LaunchServiceHandler.launch(Ljava/lang/String;[Ljava/lang/String;Ljava/lang/ModuleLayer;Lcpw/mods/modlauncher/TransformingClassLoader;Lcpw/mods/modlauncher/LaunchPluginHandler;)V+58 cpw.mods.modlauncher@10.0.9
j  cpw.mods.modlauncher.LaunchServiceHandler.launch(Lcpw/mods/modlauncher/ArgumentHandler;Ljava/lang/ModuleLayer;Lcpw/mods/modlauncher/TransformingClassLoader;Lcpw/mods/modlauncher/LaunchPluginHandler;)V+21 cpw.mods.modlauncher@10.0.9
j  cpw.mods.modlauncher.Launcher.run([Ljava/lang/String;)V+307 cpw.mods.modlauncher@10.0.9
j  cpw.mods.modlauncher.Launcher.main([Ljava/lang/String;)V+78 cpw.mods.modlauncher@10.0.9
j  cpw.mods.modlauncher.BootstrapLaunchConsumer.accept([Ljava/lang/String;)V+1 cpw.mods.modlauncher@10.0.9
j  cpw.mods.modlauncher.BootstrapLaunchConsumer.accept(Ljava/lang/Object;)V+5 cpw.mods.modlauncher@10.0.9
j  cpw.mods.bootstraplauncher.BootstrapLauncher.main([Ljava/lang/String;)V+515 cpw.mods.bootstraplauncher@1.1.2
v  ~StubRoutines::call_stub
V  [libjvm.dylib+0x4610f4]  JavaCalls::call_helper(JavaValue*, methodHandle const&, JavaCallArguments*, JavaThread*)+0x3d8
V  [libjvm.dylib+0x4c8d74]  jni_invoke_static(JNIEnv_*, JavaValue*, _jobject*, JNICallType, _jmethodID*, JNI_ArgumentPusher*, JavaThread*)+0x158
V  [libjvm.dylib+0x4cc4f8]  jni_CallStaticVoidMethod+0x130
C  [libjli.dylib+0xad3c]  JavaMain+0x63c
C  [libjli.dylib+0xdb28]  __JVMInit_block_invoke+0x48
C  [Foundation+0x1d878]  __NSBLOCKOPERATION_IS_CALLING_OUT_TO_A_BLOCK__+0x18
C  [Foundation+0x1d740]  -[NSBlockOperation main]+0x60
C  [Foundation+0x1d6d8]  __NSOPERATION_IS_INVOKING_MAIN__+0x10
C  [Foundation+0x1d308]  -[NSOperation start]+0x280
C  [Foundation+0x38114]  __NSThreadPerformPerform+0x108
C  [CoreFoundation+0x5f9f8]  __CFRUNLOOP_IS_CALLING_OUT_TO_A_SOURCE0_PERFORM_FUNCTION__+0x1c
C  [CoreFoundation+0x5f98c]  __CFRunLoopDoSource0+0xac
C  [CoreFoundation+0x5f6f8]  __CFRunLoopDoSources0+0xe8
C  [CoreFoundation+0x5e388]  __CFRunLoopRun+0x334
C  [CoreFoundation+0x118e34]  _CFRunLoopRunSpecificWithOptions+0x214
C  [libjli.dylib+0xd1d4]  CreateExecutionEnvironment+0x194
C  [libjli.dylib+0x9200]  JLI_Launch+0x4d0
C  [java+0x3b98]  main+0x198
C  [dyld+0x8d54]  start+0x1c10

Java frames: (J=compiled Java code, j=interpreted, Vv=VM code)
j  org.lwjgl.opengl.GL20C.glLinkProgram(I)V+0 org.lwjgl.opengl@3.3.1+7
j  org.lwjgl.opengl.GL20.glLinkProgram(I)V+1 org.lwjgl.opengl@3.3.1+7
j  com.mojang.blaze3d.platform.GlStateManager.glLinkProgram(I)V+4 minecraft@1.20.1
j  com.mojang.blaze3d.shaders.ProgramManager.m_166623_(Lcom/mojang/blaze3d/shaders/Shader;)V+15 minecraft@1.20.1
j  net.minecraft.client.renderer.EffectInstance.<init>(Lnet/minecraft/server/packs/resources/ResourceManager;Ljava/lang/String;)V+487 minecraft@1.20.1
j  net.minecraft.client.renderer.PostPass.<init>(Lnet/minecraft/server/packs/resources/ResourceManager;Ljava/lang/String;Lcom/mojang/blaze3d/pipeline/RenderTarget;Lcom/mojang/blaze3d/pipeline/RenderTarget;)V+39 minecraft@1.20.1
j  net.minecraft.client.renderer.PostChain.m_110042_(Ljava/lang/String;Lcom/mojang/blaze3d/pipeline/RenderTarget;Lcom/mojang/blaze3d/pipeline/RenderTarget;)Lnet/minecraft/client/renderer/PostPass;+11 minecraft@1.20.1
j  net.minecraft.client.renderer.PostChain.m_110030_(Lnet/minecraft/client/renderer/texture/TextureManager;Lcom/google/gson/JsonElement;)V+98 minecraft@1.20.1
j  net.minecraft.client.renderer.PostChain.m_110033_(Lnet/minecraft/client/renderer/texture/TextureManager;Lnet/minecraft/resources/ResourceLocation;)V+169 minecraft@1.20.1
j  net.minecraft.client.renderer.PostChain.<init>(Lnet/minecraft/client/renderer/texture/TextureManager;Lnet/minecraft/server/packs/resources/ResourceManager;Lcom/mojang/blaze3d/pipeline/RenderTarget;Lnet/minecraft/resources/ResourceLocation;)V+78 minecraft@1.20.1
j  net.lointain.cosmos.procedures.BlackHoleRenderer.onRegisterShader(Lnet/minecraftforge/client/event/RegisterShadersEvent;)V+61 cosmos@0.0.7.3
j  net.lointain.cosmos.procedures.__BlackHoleRenderer_onRegisterShader_RegisterShadersEvent.invoke(Lnet/minecraftforge/eventbus/api/Event;)V+5 cosmos@0.0.7.3
J 17572 c1 net.minecraftforge.eventbus.ASMEventHandler.invoke(Lnet/minecraftforge/eventbus/api/Event;)V net.minecraftforge.eventbus (53 bytes) @ 0x0000000115c1c694 [0x0000000115c1c180+0x0000000000000514]
J 17590 c1 net.minecraftforge.eventbus.EventBus.post(Lnet/minecraftforge/eventbus/api/Event;Lnet/minecraftforge/eventbus/api/IEventBusInvokeDispatcher;)Z net.minecraftforge.eventbus (145 bytes) @ 0x0000000115c23a74 [0x0000000115c23500+0x0000000000000574]
J 17591 c1 net.minecraftforge.fml.javafmlmod.FMLModContainer.acceptEvent(Lnet/minecraftforge/eventbus/api/Event;)V javafmllanguage@1.20.1-47.4.16 (97 bytes) @ 0x0000000115c24d58 [0x0000000115c24a00+0x0000000000000358]
J 23269 c1 net.minecraftforge.fml.ModLoader$$Lambda$7387+0x000000900209da50.accept(Ljava/lang/Object;)V fmlcore@1.20.1-47.4.16 (12 bytes) @ 0x0000000115e86838 [0x0000000115e865c0+0x0000000000000278]
J 2263 c1 java.lang.Iterable.forEach(Ljava/util/function/Consumer;)V java.base@17.0.17 (39 bytes) @ 0x00000001146fab64 [0x00000001146fa840+0x0000000000000324]
j  net.minecraftforge.fml.ModList.forEachModInOrder(Ljava/util/function/Consumer;)V+5 fmlcore@1.20.1-47.4.16
j  net.minecraftforge.fml.ModLoader.postEvent(Lnet/minecraftforge/eventbus/api/Event;)V+35 fmlcore@1.20.1-47.4.16
j  net.minecraft.client.renderer.GameRenderer.m_172767_(Lnet/minecraft/server/packs/resources/ResourceProvider;)V+1790 minecraft@1.20.1
j  net.minecraft.client.renderer.GameRenderer$1.m_5787_(Lnet/minecraft/client/renderer/GameRenderer$ResourceCache;Lnet/minecraft/server/packs/resources/ResourceManager;Lnet/minecraft/util/profiling/ProfilerFiller;)V+5 minecraft@1.20.1
j  net.minecraft.client.renderer.GameRenderer$1.m_5787_(Ljava/lang/Object;Lnet/minecraft/server/packs/resources/ResourceManager;Lnet/minecraft/util/profiling/ProfilerFiller;)V+7 minecraft@1.20.1
j  net.minecraft.server.packs.resources.SimplePreparableReloadListener.m_10789_(Lnet/minecraft/server/packs/resources/ResourceManager;Lnet/minecraft/util/profiling/ProfilerFiller;Ljava/lang/Object;)V+25 minecraft@1.20.1
j  net.minecraft.server.packs.resources.SimplePreparableReloadListener$$Lambda$7214+0x00000090022172a8.accept(Ljava/lang/Object;)V+13 minecraft@1.20.1
j  java.util.concurrent.CompletableFuture$UniAccept.tryFire(I)Ljava/util/concurrent/CompletableFuture;+105 java.base@17.0.17
j  java.util.concurrent.CompletableFuture$Completion.run()V+2 java.base@17.0.17
j  net.minecraft.server.packs.resources.SimpleReloadInstance.m_143940_(Ljava/lang/Runnable;)V+1 minecraft@1.20.1
j  net.minecraft.server.packs.resources.SimpleReloadInstance$$Lambda$7245+0x0000009002220210.run()V+8 minecraft@1.20.1
j  net.minecraft.util.thread.BlockableEventLoop.m_6367_(Ljava/lang/Runnable;)V+1 minecraft@1.20.1
j  net.minecraft.util.thread.ReentrantBlockableEventLoop.m_6367_(Ljava/lang/Runnable;)V+12 minecraft@1.20.1
J 21135 c1 net.minecraft.util.thread.BlockableEventLoop.m_7245_()Z minecraft@1.20.1 (54 bytes) @ 0x0000000115fc5a90 [0x0000000115fc5900+0x0000000000000190]
j  net.minecraft.util.thread.BlockableEventLoop.m_18699_()V+1 minecraft@1.20.1
j  net.minecraft.client.Minecraft.m_91383_(Z)V+137 minecraft@1.20.1
j  net.minecraft.client.Minecraft.m_91374_()V+123 minecraft@1.20.1
j  net.minecraft.client.main.Main.main([Ljava/lang/String;)V+1593 minecraft@1.20.1
v  ~StubRoutines::call_stub
j  jdk.internal.reflect.NativeMethodAccessorImpl.invoke0(Ljava/lang/reflect/Method;Ljava/lang/Object;[Ljava/lang/Object;)Ljava/lang/Object;+0 java.base@17.0.17
j  jdk.internal.reflect.NativeMethodAccessorImpl.invoke(Ljava/lang/Object;[Ljava/lang/Object;)Ljava/lang/Object;+133 java.base@17.0.17
J 6920 c1 jdk.internal.reflect.DelegatingMethodAccessorImpl.invoke(Ljava/lang/Object;[Ljava/lang/Object;)Ljava/lang/Object; java.base@17.0.17 (10 bytes) @ 0x000000011454a850 [0x000000011454a7c0+0x0000000000000090]
J 6919 c1 java.lang.reflect.Method.invoke(Ljava/lang/Object;[Ljava/lang/Object;)Ljava/lang/Object; java.base@17.0.17 (65 bytes) @ 0x00000001143a77a0 [0x00000001143a7680+0x0000000000000120]
j  net.minecraftforge.fml.loading.targets.CommonLaunchHandler.runTarget(Ljava/lang/String;[Ljava/lang/String;Ljava/lang/ModuleLayer;)V+39 fmlloader@1.20.1-47.4.16
j  net.minecraftforge.fml.loading.targets.CommonLaunchHandler.clientService([Ljava/lang/String;Ljava/lang/ModuleLayer;)V+5 fmlloader@1.20.1-47.4.16
j  net.minecraftforge.fml.loading.targets.CommonClientLaunchHandler.lambda$makeService$0([Ljava/lang/String;Ljava/lang/ModuleLayer;)V+3 fmlloader@1.20.1-47.4.16
j  net.minecraftforge.fml.loading.targets.CommonClientLaunchHandler$$Lambda$1050+0x000000900149c468.run()V+12 fmlloader@1.20.1-47.4.16
j  cpw.mods.modlauncher.LaunchServiceHandlerDecorator.launch([Ljava/lang/String;Ljava/lang/ModuleLayer;)V+11 cpw.mods.modlauncher@10.0.9
j  cpw.mods.modlauncher.LaunchServiceHandler.launch(Ljava/lang/String;[Ljava/lang/String;Ljava/lang/ModuleLayer;Lcpw/mods/modlauncher/TransformingClassLoader;Lcpw/mods/modlauncher/LaunchPluginHandler;)V+58 cpw.mods.modlauncher@10.0.9
j  cpw.mods.modlauncher.LaunchServiceHandler.launch(Lcpw/mods/modlauncher/ArgumentHandler;Ljava/lang/ModuleLayer;Lcpw/mods/modlauncher/TransformingClassLoader;Lcpw/mods/modlauncher/LaunchPluginHandler;)V+21 cpw.mods.modlauncher@10.0.9
j  cpw.mods.modlauncher.Launcher.run([Ljava/lang/String;)V+307 cpw.mods.modlauncher@10.0.9
j  cpw.mods.modlauncher.Launcher.main([Ljava/lang/String;)V+78 cpw.mods.modlauncher@10.0.9
j  cpw.mods.modlauncher.BootstrapLaunchConsumer.accept([Ljava/lang/String;)V+1 cpw.mods.modlauncher@10.0.9
j  cpw.mods.modlauncher.BootstrapLaunchConsumer.accept(Ljava/lang/Object;)V+5 cpw.mods.modlauncher@10.0.9
j  cpw.mods.bootstraplauncher.BootstrapLauncher.main([Ljava/lang/String;)V+515 cpw.mods.bootstraplauncher@1.1.2
v  ~StubRoutines::call_stub

siginfo: si_signo: 11 (SIGSEGV), si_code: 2 (SEGV_ACCERR), si_addr: 0x0000000000000000

Registers:
 x0=0x000000016a7f17f0  x1=0x000000016a7f5cb0  x2=0x000000016a85bbd0  x3=0x000000016a85bbc8
 x4=0x000000016a85bc80  x5=0x0000000000000000  x6=0xffffffffbfc007ff  x7=0xfffff0003ffff800
 x8=0x000000016a7df7a8  x9=0x0000000086000000 x10=0x000000016a85bc88 x11=0x0000000000000018
x12=0x0000000000000018 x13=0x0000000000000000 x14=0x0000000142132cc8 x15=0x00000009c770c000
x16=0x00000006728ad990 x17=0x00000002a477be88 x18=0x0000000000000000 x19=0x000000016a85bbc8
x20=0x000000016a85bbd0 x21=0x000000016a7f5cb0 x22=0x000000016a85aad0 x23=0x0000000000000000
x24=0x0000000000000000 x25=0x00000009c7693cfc x26=0x0000000000000001 x27=0x0000000000000000
x28=0x00000009be777c00  fp=0x000000016f536270  lr=0x000000022e79b77c  sp=0x000000016f536220
pc=0x000000022e79b780 cpsr=0x0000000060001000

Register to memory mapping:

 x0=0x000000016a7f17f0 points into unknown readable memory: 0x000000016a7f1710 | 10 17 7f 6a 01 00 00 00
 x1=0x000000016a7f5cb0 points into unknown readable memory: 0x0000000000000000 | 00 00 00 00 00 00 00 00
 x2=0x000000016a85bbd0 points into unknown readable memory: 0x00000009bcd03260 | 60 32 d0 bc 09 00 00 00
 x3=0x000000016a85bbc8 points into unknown readable memory: 0x0000000000000009 | 09 00 00 00 00 00 00 00
 x4=0x000000016a85bc80 points into unknown readable memory: 0x0000000000000000 | 00 00 00 00 00 00 00 00
 x5=0x0 is NULL
 x6=0xffffffffbfc007ff is an unknown value
 x7=0xfffff0003ffff800 is an unknown value
 x8=0x000000016a7df7a8 points into unknown readable memory: 0x000000016a7f5cb0 | b0 5c 7f 6a 01 00 00 00
 x9=0x0000000086000000 is an unknown value
x10=0x000000016a85bc88 points into unknown readable memory: 0x0000000000000005 | 05 00 00 00 00 00 00 00
x11=0x0000000000000018 is an unknown value
x12=0x0000000000000018 is an unknown value
x13=0x0 is NULL
x14=0x0000000142132cc8 points into unknown readable memory: 0x004430128083fc00 | 00 fc 83 80 12 30 44 00
x15=0x00000009c770c000 points into unknown readable memory: 0x0000000000000000 | 00 00 00 00 00 00 00 00
x16=0x00000006728ad990 is an unknown value
x17=0x00000002a477be88 points into unknown readable memory: 0x000000018a573030 | 30 30 57 8a 01 00 00 00
x18=0x0 is NULL
x19=0x000000016a85bbc8 points into unknown readable memory: 0x0000000000000009 | 09 00 00 00 00 00 00 00
x20=0x000000016a85bbd0 points into unknown readable memory: 0x00000009bcd03260 | 60 32 d0 bc 09 00 00 00
x21=0x000000016a7f5cb0 points into unknown readable memory: 0x0000000000000000 | 00 00 00 00 00 00 00 00
x22=0x000000016a85aad0 points into unknown readable memory: 0x0000000000000000 | 00 00 00 00 00 00 00 00
x23=0x0 is NULL
x24=0x0 is NULL
x25=0x00000009c7693cfc points into unknown readable memory: 06 00 00 00
x26=0x0000000000000001 is an unknown value
x27=0x0 is NULL
x28=0x00000009be777c00 points into unknown readable memory: 0x00000009bcd03260 | 60 32 d0 bc 09 00 00 00


Top of Stack: (sp=0x000000016f536220)
0x000000016f536220:   00000009be777c00 0000000000000000
0x000000016f536230:   0000000000000001 00000009c7693cfc
0x000000016f536240:   0000000000000000 0000000000000001
0x000000016f536250:   000000016a85aad0 000000016a7df760
0x000000016f536260:   000000016a85bbd0 000000016a85bbc8
0x000000016f536270:   000000016f5362d0 000000022e79b81c
0x000000016f536280:   00000009be777c00 0000000000000000
0x000000016f536290:   0000000000000001 00000009c7693cfc
0x000000016f5362a0:   0000000000000002 0000000000000005
0x000000016f5362b0:   000000016a85aad0 000000016a7f4fe0
0x000000016f5362c0:   000000016a85bbd0 000000016a85bbc8
0x000000016f5362d0:   000000016f536330 000000022e79b81c
0x000000016f5362e0:   00000009be777c00 0000000000000000
0x000000016f5362f0:   0000000000000001 00000009c7693cfc
0x000000016f536300:   0000000000000001 0000000000000002
0x000000016f536310:   000000016a85aad0 000000016a7f4f10
0x000000016f536320:   000000016a85bbd0 000000016a85bbc8
0x000000016f536330:   000000016f536390 000000022e79b81c
0x000000016f536340:   00000009be777c00 0000000000000000
0x000000016f536350:   0000000000000001 00000009c7693cfc
0x000000016f536360:   0000000000000003 0000000000000008
0x000000016f536370:   000000016a85aad0 000000016a7d7e80
0x000000016f536380:   000000016a85bbd0 000000016a85bbc8
0x000000016f536390:   000000016f5363f0 000000022e79b81c
0x000000016f5363a0:   00000009be777c00 0000000000000000
0x000000016f5363b0:   0000000000000001 00000009c7693cfc
0x000000016f5363c0:   00000009c7693c00 0000000000000009
0x000000016f5363d0:   000000016a85bbc0 000000016a7d7d50
0x000000016f5363e0:   000000016a7d7e80 000000016a85aad0
0x000000016f5363f0:   000000016f536490 000000022e79a154
0x000000016f536400:   0000000000004000 0000000000000000
0x000000016f536410:   00000001605b7310 00000009c770e7f0 

Instructions: (pc=0x000000022e79b780)
0x000000022e79b680:   e1 03 17 aa 86 3e 01 94 a0 01 00 b4 f8 03 00 aa
0x000000022e79b690:   8a 3e 01 94 1f cc 00 71 21 01 00 54 e0 03 18 aa
0x000000022e79b6a0:   d9 47 01 94 d4 45 01 94 08 28 40 39 88 00 20 36
0x000000022e79b6b0:   08 a0 40 b9 1f 01 1b 6b 1c 00 9c 9a f7 06 00 11
0x000000022e79b6c0:   c8 42 40 f9 c9 42 41 b9 08 0d 09 8b 00 5d 40 f9
0x000000022e79b6d0:   71 3e 01 94 ff 02 00 6b c3 fc ff 54 97 4f 40 f9
0x000000022e79b6e0:   e1 02 40 f9 e0 03 14 aa d8 02 00 94 e8 0a 40 b9
0x000000022e79b6f0:   69 02 40 b9 28 01 08 2a 68 02 00 b9 5a 07 00 91
0x000000022e79b700:   28 07 40 b9 5f 03 08 eb 23 fa ff 54 37 00 00 14
0x000000022e79b710:   1f 50 01 71 40 04 00 54 1f 44 01 71 61 06 00 54
0x000000022e79b720:   e0 03 15 aa 79 4e 01 94 08 18 40 f9 28 05 00 b7
0x000000022e79b730:   09 c0 b0 52 1f 01 09 ea 80 05 00 54 f7 03 00 aa
0x000000022e79b740:   00 04 40 f9 80 00 00 b4 81 03 80 52 0a 87 00 94
0x000000022e79b750:   c0 04 00 b5 e8 4a 40 f9 68 00 00 b4 08 09 40 f9
0x000000022e79b760:   48 04 00 b5 e0 03 17 aa e1 03 14 aa 9f 02 00 94
0x000000022e79b770:   1e 00 00 14 e0 03 15 aa a4 4d 01 94 17 4c 40 f9
0x000000022e79b780:   e1 02 40 f9 e0 03 14 aa b0 02 00 94 e8 0a 40 b9
0x000000022e79b790:   69 02 40 b9 28 01 08 2a 13 00 00 14 e0 03 15 aa
0x000000022e79b7a0:   e8 4e 01 94 80 00 00 34 68 02 40 b9 08 01 1d 32
0x000000022e79b7b0:   68 02 00 b9 e0 03 15 aa de 4e 01 94 1f 64 02 71
0x000000022e79b7c0:   41 01 00 54 68 02 40 b9 08 01 1e 32 06 00 00 14
0x000000022e79b7d0:   69 02 40 b9 68 00 18 b7 28 01 00 32 02 00 00 14
0x000000022e79b7e0:   28 01 1f 32 68 02 00 b9 e0 03 15 aa 0b 3e 01 94
0x000000022e79b7f0:   c0 01 00 34 f7 03 00 aa 18 00 80 52 e0 03 15 aa
0x000000022e79b800:   e1 03 18 aa 0a 3e 01 94 e1 03 00 aa e0 03 16 aa
0x000000022e79b810:   e2 03 14 aa e3 03 13 aa 5f ff ff 97 18 07 00 11
0x000000022e79b820:   ff 02 18 6b c1 fe ff 54 fd 7b 45 a9 f4 4f 44 a9
0x000000022e79b830:   f6 57 43 a9 f8 5f 42 a9 fa 67 41 a9 fc 6f c6 a8
0x000000022e79b840:   ff 23 03 d5 c0 03 5f d6 7f 23 03 d5 f6 57 bd a9
0x000000022e79b850:   f4 4f 01 a9 fd 7b 02 a9 fd 83 00 91 f4 03 01 aa
0x000000022e79b860:   f3 03 00 aa e0 03 02 aa dc ce 00 94 1f 48 00 71
0x000000022e79b870:   62 03 00 54 08 97 35 b0 08 81 18 91 15 59 60 f8 


Stack slot to memory mapping:
stack at sp + 0 slots: 0x00000009be777c00 points into unknown readable memory: 0x00000009bcd03260 | 60 32 d0 bc 09 00 00 00
stack at sp + 1 slots: 0x0 is NULL
stack at sp + 2 slots: 0x0000000000000001 is an unknown value
stack at sp + 3 slots: 0x00000009c7693cfc points into unknown readable memory: 06 00 00 00
stack at sp + 4 slots: 0x0 is NULL
stack at sp + 5 slots: 0x0000000000000001 is an unknown value
stack at sp + 6 slots: 0x000000016a85aad0 points into unknown readable memory: 0x0000000000000000 | 00 00 00 00 00 00 00 00
stack at sp + 7 slots: 0x000000016a7df760 points into unknown readable memory: 0x0000000100000001 | 01 00 00 00 01 00 00 00


Compiled method (c1) 22340 17572       3       net.minecraftforge.eventbus.ASMEventHandler::invoke (53 bytes)
 total in heap  [0x0000000115c1bf90,0x0000000115c1c970] = 2528
 relocation     [0x0000000115c1c0e8,0x0000000115c1c178] = 144
 main code      [0x0000000115c1c180,0x0000000115c1c740] = 1472
 stub code      [0x0000000115c1c740,0x0000000115c1c7b8] = 120
 oops           [0x0000000115c1c7b8,0x0000000115c1c7c0] = 8
 metadata       [0x0000000115c1c7c0,0x0000000115c1c830] = 112
 scopes data    [0x0000000115c1c830,0x0000000115c1c870] = 64
 scopes pcs     [0x0000000115c1c870,0x0000000115c1c930] = 192
 dependencies   [0x0000000115c1c930,0x0000000115c1c948] = 24
 nul chk table  [0x0000000115c1c948,0x0000000115c1c970] = 40

[Constant Pool (empty)]

[MachCode]
[Entry Point]
  # {method} {0x0000000149961d68} 'invoke' '(Lnet/minecraftforge/eventbus/api/Event;)V' in 'net/minecraftforge/eventbus/ASMEventHandler'
  # this:     c_rarg1:c_rarg1 
                        = 'net/minecraftforge/eventbus/ASMEventHandler'
  # parm0:    c_rarg2:c_rarg2 
                        = 'net/minecraftforge/eventbus/api/Event'
  #           [sp+0x50]  (sp of caller)
  0x0000000115c1c180: 2808 40b9 | 3f01 086b | c001 0054 

  0x0000000115c1c18c: ;   {runtime_call ic_miss_stub}
  0x0000000115c1c18c: 9d12 7315 | 1f20 03d5 | 1f20 03d5 | 1f20 03d5 | 1f20 03d5 | 1f20 03d5 | 1f20 03d5 | 1f20 03d5 
  0x0000000115c1c1ac: 1f20 03d5 | 1f20 03d5 | 1f20 03d5 | 1f20 03d5 | 1f20 03d5 
[Verified Entry Point]
  0x0000000115c1c1c0: 1f20 03d5 | e953 40d1 | 3f01 00f9 | ff43 01d1 | fd7b 04a9 

  0x0000000115c1c1d4: ;   {metadata(method data for {method} {0x0000000149961d68} 'invoke' '(Lnet/minecraftforge/eventbus/api/Event;)V' in 'net/minecraftforge/eventbus/ASMEventHandler')}
  0x0000000115c1c1d4: 00e0 9ad2 | 2061 a9f2 | 2000 c0f2 | 03ac 40b9 | 6308 0011 | 03ac 00b9 | 6324 1f12 | 7f00 0071 
  0x0000000115c1c1f4: c025 0054 

  0x0000000115c1c1f8: ; implicit exception: dispatches to 0x0000000115c1c6cc
  0x0000000115c1c1f8: 5f00 40f9 | e003 02aa 

  0x0000000115c1c200: ;   {metadata(method data for {method} {0x0000000149961d68} 'invoke' '(Lnet/minecraftforge/eventbus/api/Event;)V' in 'net/minecraftforge/eventbus/ASMEventHandler')}
  0x0000000115c1c200: 03e0 9ad2 | 2361 a9f2 | 2300 c0f2 | 0008 40b9 | 0012 c0f2 | 6900 0491 | 2801 40f9 | 1f00 08eb 
  0x0000000115c1c220: a100 0054 | 6884 40f9 | 0805 0091 | 6884 00f9 | 1c00 0014 | 6940 0491 | 2801 40f9 | 1f00 08eb 
  0x0000000115c1c240: a100 0054 | 688c 40f9 | 0805 0091 | 688c 00f9 | 1400 0014 | 6900 0491 | 2801 40f9 | c800 00b5 
  0x0000000115c1c260: 2001 00f9 | e803 40b2 | 6920 0491 | 2801 00f9 | 0c00 0014 | 6940 0491 | 2801 40f9 | c800 00b5 
  0x0000000115c1c280: 2001 00f9 | e803 40b2 | 6960 0491 | 2801 00f9 | 0400 0014 | 6878 40f9 | 0805 0091 | 6878 00f9 
  0x0000000115c1c2a0: 4030 4039 | 0000 0012 | 1f00 0071 

  0x0000000115c1c2ac: ;   {metadata(method data for {method} {0x0000000149961d68} 'invoke' '(Lnet/minecraftforge/eventbus/api/Event;)V' in 'net/minecraftforge/eventbus/ASMEventHandler')}
  0x0000000115c1c2ac: 00e0 9ad2 | 2061 a9f2 | 2000 c0f2 | 0825 80d2 | 0927 80d2 | 0301 899a | 0468 63f8 | 8404 0091 
  0x0000000115c1c2cc: 0468 23f8 | e21b 00f9 | 2005 0054 | 2010 40b9 | 00f0 7dd3 | 2001 00b4 

  0x0000000115c1c2e4: ;   {metadata('jdk/proxy2/$Proxy36')}
  0x0000000115c1c2e4: 0500 80d2 | a539 a0f2 | 0512 c0f2 | 0808 40b9 | 0812 c0f2 | 1f01 05eb | a11e 0054 | 0100 0014 
  0x0000000115c1c304: e303 00aa 

  0x0000000115c1c308: ; implicit exception: dispatches to 0x0000000115c1c6d4
  0x0000000115c1c308: 1f00 40f9 | e303 00aa 

  0x0000000115c1c310: ;   {metadata(method data for {method} {0x0000000149961d68} 'invoke' '(Lnet/minecraftforge/eventbus/api/Event;)V' in 'net/minecraftforge/eventbus/ASMEventHandler')}
  0x0000000115c1c310: 04e0 9ad2 | 2461 a9f2 | 2400 c0f2 

  0x0000000115c1c31c: ;   {metadata('jdk/proxy2/$Proxy36')}
  0x0000000115c1c31c: 0800 80d2 | a839 a0f2 | 0812 c0f2 | 8960 0591 | 2801 00f9 | 88b0 40f9 | 0805 0091 | 88b0 00f9 
  0x0000000115c1c33c: e117 00f9 | e103 00aa 

  0x0000000115c1c344: ; ImmutableOopMap {[40]=Oop [48]=Oop }
                      ;*invokeinterface receiveCanceled {reexecute=0 rethrow=0 return_oop=0}
                      ; - net.minecraftforge.eventbus.ASMEventHandler::invoke@11 (line 53)
                      ;   {optimized virtual_call}
  0x0000000115c1c344: ef12 7395 | 1f00 0071 

  0x0000000115c1c34c: ;   {metadata(method data for {method} {0x0000000149961d68} 'invoke' '(Lnet/minecraftforge/eventbus/api/Event;)V' in 'net/minecraftforge/eventbus/ASMEventHandler')}
  0x0000000115c1c34c: 02e0 9ad2 | 2261 a9f2 | 2200 c0f2 | e807 79b2 | 0932 80d2 | 0101 899a | 4068 61f8 | 0004 0091 
  0x0000000115c1c36c: 4068 21f8 | 2019 0054 | e117 40f9 | 2218 40b9 | 42f0 7dd3 | e003 1faa | 5f00 00eb 

  0x0000000115c1c388: ;   {metadata(method data for {method} {0x0000000149961d68} 'invoke' '(Lnet/minecraftforge/eventbus/api/Event;)V' in 'net/minecraftforge/eventbus/ASMEventHandler')}
  0x0000000115c1c388: 00e0 9ad2 | 2061 a9f2 | 2000 c0f2 | 0834 80d2 | 0936 80d2 | 0301 899a | 0468 63f8 | 8404 0091 
  0x0000000115c1c3a8: 0468 23f8 | e01b 40f9 | 0011 0054 | 0001 00b5 

  0x0000000115c1c3b8: ;   {metadata(method data for {method} {0x0000000149961d68} 'invoke' '(Lnet/minecraftforge/eventbus/api/Event;)V' in 'net/minecraftforge/eventbus/ASMEventHandler')}
  0x0000000115c1c3b8: 06e0 9ad2 | 2661 a9f2 | 2600 c0f2 | c8e4 4639 | 0801 40b2 | c8e4 0639 | 3d00 0014 

  0x0000000115c1c3d4: ;   {metadata('net/minecraftforge/eventbus/api/IGenericEvent')}
  0x0000000115c1c3d4: 054b 9bd2 | 8537 a0f2 | 0512 c0f2 | 0608 40b9 | 0612 c0f2 | c810 40f9 | bf00 08eb | e000 0054 
  0x0000000115c1c3f4: df00 05eb | a000 0054 | e617 bfa9 

  0x0000000115c1c400: ;   {runtime_call slow_subtype_check Runtime1 stub}
  0x0000000115c1c400: 40dd 7595 | e607 41f8 | e604 0034 

  0x0000000115c1c40c: ;   {metadata(method data for {method} {0x0000000149961d68} 'invoke' '(Lnet/minecraftforge/eventbus/api/Event;)V' in 'net/minecraftforge/eventbus/ASMEventHandler')}
  0x0000000115c1c40c: 06e0 9ad2 | 2661 a9f2 | 2600 c0f2 | 0508 40b9 | 0512 c0f2 | c940 0791 | 2801 40f9 | bf00 08eb 
  0x0000000115c1c42c: a100 0054 | c8ec 40f9 | 0805 0091 | c8ec 00f9 | 2200 0014 | c980 0791 | 2801 40f9 | bf00 08eb 
  0x0000000115c1c44c: a100 0054 | c8f4 40f9 | 0805 0091 | c8f4 00f9 | 1a00 0014 | c940 0791 | 2801 40f9 | c800 00b5 
  0x0000000115c1c46c: 2501 00f9 | e803 40b2 | c960 0791 | 2801 00f9 | 1200 0014 | c980 0791 | 2801 40f9 | c800 00b5 
  0x0000000115c1c48c: 2501 00f9 | e803 40b2 | c9a0 0791 | 2801 00f9 | 0a00 0014 | 0900 0014 

  0x0000000115c1c4a4: ;   {metadata(method data for {method} {0x0000000149961d68} 'invoke' '(Lnet/minecraftforge/eventbus/api/Event;)V' in 'net/minecraftforge/eventbus/ASMEventHandler')}
  0x0000000115c1c4a4: 06e0 9ad2 | 2661 a9f2 | 2600 c0f2 | c8e0 40f9 | 0805 00d1 | c8e0 00f9 | 8700 0014 | 0100 0014 
  0x0000000115c1c4c4: e303 00aa | 4301 00b4 

  0x0000000115c1c4cc: ;   {metadata('net/minecraftforge/eventbus/api/GenericEvent')}
  0x0000000115c1c4cc: 068b 9bd2 | 8637 a0f2 | 0612 c0f2 | 6708 40b9 | 0712 c0f2 | e820 40f9 | df00 08eb | c10f 0054 
  0x0000000115c1c4ec: 0100 0014 | e403 03aa 

  0x0000000115c1c4f4: ; implicit exception: dispatches to 0x0000000115c1c6e4
  0x0000000115c1c4f4: 7f00 40f9 | e403 03aa 

  0x0000000115c1c4fc: ;   {metadata(method data for {method} {0x0000000149961d68} 'invoke' '(Lnet/minecraftforge/eventbus/api/Event;)V' in 'net/minecraftforge/eventbus/ASMEventHandler')}
  0x0000000115c1c4fc: 05e0 9ad2 | 2561 a9f2 | 2500 c0f2 | 8408 40b9 | 0412 c0f2 | a920 0891 | 2801 40f9 | 9f00 08eb 
  0x0000000115c1c51c: a100 0054 | a808 41f9 | 0805 0091 | a808 01f9 | 1c00 0014 | a960 0891 | 2801 40f9 | 9f00 08eb 
  0x0000000115c1c53c: a100 0054 | a810 41f9 | 0805 0091 | a810 01f9 | 1400 0014 | a920 0891 | 2801 40f9 | c800 00b5 
  0x0000000115c1c55c: 2401 00f9 | e803 40b2 | a940 0891 | 2801 00f9 | 0c00 0014 | a960 0891 | 2801 40f9 | c800 00b5 
  0x0000000115c1c57c: 2401 00f9 | e803 40b2 | a980 0891 | 2801 00f9 | 0400 0014 | a8fc 40f9 | 0805 0091 | a8fc 00f9 
  0x0000000115c1c59c: 6318 40b9 | 63f0 7dd3 | 5f00 03eb 

  0x0000000115c1c5a8: ;   {metadata(method data for {method} {0x0000000149961d68} 'invoke' '(Lnet/minecraftforge/eventbus/api/Event;)V' in 'net/minecraftforge/eventbus/ASMEventHandler')}
  0x0000000115c1c5a8: 02e0 9ad2 | 2261 a9f2 | 2200 c0f2 | 0846 80d2 | 0948 80d2 | 0311 899a | 4468 63f8 | 8404 0091 
  0x0000000115c1c5c8: 4468 23f8 | 4106 0054 | 210c 40b9 | 21f0 7dd3 

  0x0000000115c1c5d8: ; implicit exception: dispatches to 0x0000000115c1c6e8
  0x0000000115c1c5d8: 3f00 40f9 | e203 01aa 

  0x0000000115c1c5e0: ;   {metadata(method data for {method} {0x0000000149961d68} 'invoke' '(Lnet/minecraftforge/eventbus/api/Event;)V' in 'net/minecraftforge/eventbus/ASMEventHandler')}
  0x0000000115c1c5e0: 03e0 9ad2 | 2361 a9f2 | 2300 c0f2 | 4208 40b9 | 0212 c0f2 | 6980 0991 | 2801 40f9 | 5f00 08eb 
  0x0000000115c1c600: a100 0054 | 6834 41f9 | 0805 0091 | 6834 01f9 | 1c00 0014 | 69c0 0991 | 2801 40f9 | 5f00 08eb 
  0x0000000115c1c620: a100 0054 | 683c 41f9 | 0805 0091 | 683c 01f9 | 1400 0014 | 6980 0991 | 2801 40f9 | c800 00b5 
  0x0000000115c1c640: 2201 00f9 | e803 40b2 | 69a0 0991 | 2801 00f9 | 0c00 0014 | 69c0 0991 | 2801 40f9 | c800 00b5 
  0x0000000115c1c660: 2201 00f9 | e803 40b2 | 69e0 0991 | 2801 00f9 | 0400 0014 | 6828 41f9 | 0805 0091 | 6828 01f9 
  0x0000000115c1c680: e203 00aa | 0924 83d2 | 89b0 b7f2 | 2901 c0f2 

  0x0000000115c1c690: ; ImmutableOopMap {}
                      ;*invokeinterface invoke {reexecute=0 rethrow=0 return_oop=0}
                      ; - net.minecraftforge.eventbus.ASMEventHandler::invoke@47 (line 55)
                      ;   {virtual_call}
  0x0000000115c1c690: ee19 7695 | fd7b 44a9 | ff43 0191 

  0x0000000115c1c69c: ;   {poll_return}
  0x0000000115c1c69c: 88a7 41f9 | ff63 28eb | 4802 0054 | c003 5fd6 

  0x0000000115c1c6ac: ;   {metadata({method} {0x0000000149961d68} 'invoke' '(Lnet/minecraftforge/eventbus/api/Event;)V' in 'net/minecraftforge/eventbus/ASMEventHandler')}
  0x0000000115c1c6ac: 08ad 83d2 | c832 a9f2 | 2800 c0f2 | e807 00f9 | 0800 8092 | e803 00f9 

  0x0000000115c1c6c4: ; ImmutableOopMap {c_rarg1=Oop c_rarg2=Oop }
                      ;*synchronization entry
                      ; - net.minecraftforge.eventbus.ASMEventHandler::invoke@-1 (line 53)
                      ;   {runtime_call counter_overflow Runtime1 stub}
  0x0000000115c1c6c4: cfe4 7595 | ccfe ff17 

  0x0000000115c1c6cc: ; ImmutableOopMap {c_rarg1=Oop c_rarg2=Oop }
                      ;*invokevirtual isCanceled {reexecute=0 rethrow=0 return_oop=0}
                      ; - net.minecraftforge.eventbus.ASMEventHandler::invoke@1 (line 53)
                      ;   {runtime_call throw_null_pointer_exception Runtime1 stub}
  0x0000000115c1c6cc: 0dd2 7595 

  0x0000000115c1c6d0: ; ImmutableOopMap {c_rarg1=Oop [48]=Oop c_rarg0=Oop }
                      ;*invokeinterface receiveCanceled {reexecute=0 rethrow=0 return_oop=0}
                      ; - net.minecraftforge.eventbus.ASMEventHandler::invoke@11 (line 53)
                      ;   {runtime_call throw_incompatible_class_change_error Runtime1 stub}
  0x0000000115c1c6d0: ccdb 7595 

  0x0000000115c1c6d4: ; ImmutableOopMap {c_rarg1=Oop [48]=Oop c_rarg0=Oop }
                      ;*invokeinterface receiveCanceled {reexecute=0 rethrow=0 return_oop=0}
                      ; - net.minecraftforge.eventbus.ASMEventHandler::invoke@11 (line 53)
                      ;   {runtime_call throw_null_pointer_exception Runtime1 stub}
  0x0000000115c1c6d4: 0bd2 7595 | e803 00aa 

  0x0000000115c1c6dc: ; ImmutableOopMap {c_rarg1=Oop c_rarg0=Oop c_rarg2=Oop }
                      ;*checkcast {reexecute=0 rethrow=0 return_oop=0}
                      ; - net.minecraftforge.eventbus.ASMEventHandler::invoke@31 (line 54)
                      ;   {runtime_call throw_class_cast_exception Runtime1 stub}
  0x0000000115c1c6dc: 09db 7595 

  0x0000000115c1c6e0: ; ImmutableOopMap {c_rarg1=Oop c_rarg0=Oop c_rarg2=Oop c_rarg3=Oop }
                      ;*invokeinterface getGenericType {reexecute=0 rethrow=0 return_oop=0}
                      ; - net.minecraftforge.eventbus.ASMEventHandler::invoke@34 (line 54)
                      ;   {runtime_call throw_incompatible_class_change_error Runtime1 stub}
  0x0000000115c1c6e0: c8db 7595 

  0x0000000115c1c6e4: ; ImmutableOopMap {c_rarg1=Oop c_rarg0=Oop c_rarg2=Oop c_rarg3=Oop }
                      ;*invokeinterface getGenericType {reexecute=0 rethrow=0 return_oop=0}
                      ; - net.minecraftforge.eventbus.ASMEventHandler::invoke@34 (line 54)
                      ;   {runtime_call throw_null_pointer_exception Runtime1 stub}
  0x0000000115c1c6e4: 07d2 7595 

  0x0000000115c1c6e8: ; ImmutableOopMap {c_rarg0=Oop c_rarg1=Oop }
                      ;*invokeinterface invoke {reexecute=0 rethrow=0 return_oop=0}
                      ; - net.minecraftforge.eventbus.ASMEventHandler::invoke@47 (line 55)
                      ;   {runtime_call throw_null_pointer_exception Runtime1 stub}
  0x0000000115c1c6e8: 06d2 7595 

  0x0000000115c1c6ec: ;   {internal_word}
  0x0000000115c1c6ec: 88fd ff10 | 88b3 01f9 

  0x0000000115c1c6f4: ;   {runtime_call SafepointBlob}
  0x0000000115c1c6f4: c32a 7315 | 1f20 03d5 | 1f20 03d5 | 80ef 41f9 | 9fef 01f9 | 9ff3 01f9 | fd7b 44a9 | ff43 0191 
  0x0000000115c1c714: ;   {runtime_call unwind_exception Runtime1 stub}
  0x0000000115c1c714: fb95 7315 | 0000 0000 | 0000 0000 | 0000 0000 | 0000 0000 | 0000 0000 | 0000 0000 | 0000 0000 
  0x0000000115c1c734: 0000 0000 | 0000 0000 | 0000 0000 
[Stub Code]
  0x0000000115c1c740: ;   {no_reloc}
  0x0000000115c1c740: df3f 03d5 

  0x0000000115c1c744: ;   {metadata(NULL)}
  0x0000000115c1c744: 0c00 80d2 | 0c00 a0f2 | 0c00 c0f2 | 0800 80d2 | 0800 a0f2 | 0800 c0f2 | 0001 1fd6 

  0x0000000115c1c760: ;   {trampoline_stub}
  0x0000000115c1c760: 4800 0058 | 0001 1fd6 | 000f 8e1b | 0100 0000 

  0x0000000115c1c770: ;   {static_stub}
  0x0000000115c1c770: df3f 03d5 

  0x0000000115c1c774: ;   {metadata(NULL)}
  0x0000000115c1c774: 0c00 80d2 | 0c00 a0f2 | 0c00 c0f2 | 0800 80d2 | 0800 a0f2 | 0800 c0f2 | 0001 1fd6 

  0x0000000115c1c790: ;   {trampoline_stub}
  0x0000000115c1c790: 4800 0058 | 0001 1fd6 | 482e 9a1b | 0100 0000 
[Exception Handler]
  0x0000000115c1c7a0: ;   {runtime_call handle_exception_from_callee Runtime1 stub}
  0x0000000115c1c7a0: 58d9 7595 | c1d5 bbd4 | 649f 2d0c | 0100 0000 
[Deopt Handler Code]
  0x0000000115c1c7b0: 1e00 0010 

  0x0000000115c1c7b4: ;   {runtime_call DeoptimizationBlob}
  0x0000000115c1c7b4: 632b 7315 
[/MachCode]


Compiled method (c1) 22354 17590   !   3       net.minecraftforge.eventbus.EventBus::post (145 bytes)
 total in heap  [0x0000000115c23210,0x0000000115c24718] = 5384
 relocation     [0x0000000115c23368,0x0000000115c234e8] = 384
 main code      [0x0000000115c23500,0x0000000115c23fc0] = 2752
 stub code      [0x0000000115c23fc0,0x0000000115c24158] = 408
 oops           [0x0000000115c24158,0x0000000115c24168] = 16
 metadata       [0x0000000115c24168,0x0000000115c24220] = 184
 scopes data    [0x0000000115c24220,0x0000000115c243e0] = 448
 scopes pcs     [0x0000000115c243e0,0x0000000115c24600] = 544
 dependencies   [0x0000000115c24600,0x0000000115c24618] = 24
 handler table  [0x0000000115c24618,0x0000000115c246a8] = 144
 nul chk table  [0x0000000115c246a8,0x0000000115c24718] = 112

[Constant Pool (empty)]

[MachCode]
[Entry Point]
  # {method} {0x000000014921cc70} 'post' '(Lnet/minecraftforge/eventbus/api/Event;Lnet/minecraftforge/eventbus/api/IEventBusInvokeDispatcher;)Z' in 'net/minecraftforge/eventbus/EventBus'
  # this:     c_rarg1:c_rarg1 
                        = 'net/minecraftforge/eventbus/EventBus'
  # parm0:    c_rarg2:c_rarg2 
                        = 'net/minecraftforge/eventbus/api/Event'
  # parm1:    c_rarg3:c_rarg3 
                        = 'net/minecraftforge/eventbus/api/IEventBusInvokeDispatcher'
  #           [sp+0xc0]  (sp of caller)
  0x0000000115c23500: 2808 40b9 | 3f01 086b | c001 0054 

  0x0000000115c2350c: ;   {runtime_call ic_miss_stub}
  0x0000000115c2350c: bdf5 7215 | 1f20 03d5 | 1f20 03d5 | 1f20 03d5 | 1f20 03d5 | 1f20 03d5 | 1f20 03d5 | 1f20 03d5 
  0x0000000115c2352c: 1f20 03d5 | 1f20 03d5 | 1f20 03d5 | 1f20 03d5 | 1f20 03d5 
[Verified Entry Point]
  0x0000000115c23540: 1f20 03d5 | e953 40d1 | 3f01 00f9 | ff03 03d1 | fd7b 0ba9 | e207 06a9 | e33b 00f9 

  0x0000000115c2355c: ;   {metadata(method data for {method} {0x000000014921cc70} 'post' '(Lnet/minecraftforge/eventbus/api/Event;Lnet/minecraftforge/eventbus/api/IEventBusInvokeDispatcher;)Z' in 'net/minecraftforge/eventbus/EventBus')}
  0x0000000115c2355c: 0026 99d2 | 2061 a9f2 | 2000 c0f2 | 04ac 40b9 | 8408 0011 | 04ac 00b9 | 8424 1f12 | 9f00 0071 
  0x0000000115c2357c: c044 0054 | bf3b 03d5 | 2044 4039 | bf39 03d5 | 1f00 0071 

  0x0000000115c23590: ;   {metadata(method data for {method} {0x000000014921cc70} 'post' '(Lnet/minecraftforge/eventbus/api/Event;Lnet/minecraftforge/eventbus/api/IEventBusInvokeDispatcher;)Z' in 'net/minecraftforge/eventbus/EventBus')}
  0x0000000115c23590: 0026 99d2 | 2061 a9f2 | 2000 c0f2 | e803 78b2 | e90f 7cb2 | 0411 899a | 0568 64f8 | a504 0091 
  0x0000000115c235b0: 0568 24f8 | 2131 0054 | 2048 4039 | 1f00 0071 

  0x0000000115c235c0: ;   {metadata(method data for {method} {0x000000014921cc70} 'post' '(Lnet/minecraftforge/eventbus/api/Event;Lnet/minecraftforge/eventbus/api/IEventBusInvokeDispatcher;)Z' in 'net/minecraftforge/eventbus/EventBus')}
  0x0000000115c235c0: 0026 99d2 | 2061 a9f2 | 2000 c0f2 | 0822 80d2 | 0924 80d2 | 0401 899a | 0568 64f8 | a504 0091 
  0x0000000115c235e0: 0568 24f8 | 8003 0054 | 2020 40b9 | 00f0 7dd3 

  0x0000000115c235f0: ; implicit exception: dispatches to 0x0000000115c23e34
  0x0000000115c235f0: 1f00 40f9 | e403 00aa 

  0x0000000115c235f8: ;   {metadata(method data for {method} {0x000000014921cc70} 'post' '(Lnet/minecraftforge/eventbus/api/Event;Lnet/minecraftforge/eventbus/api/IEventBusInvokeDispatcher;)Z' in 'net/minecraftforge/eventbus/EventBus')}
  0x0000000115c235f8: 0526 99d2 | 2561 a9f2 | 2500 c0f2 | a898 40f9 | 0805 0091 | a898 00f9 | e103 02aa 

  0x0000000115c23614: ;   {runtime_call Runtime1::is_instance_of(oopDesc*, oopDesc*)}
  0x0000000115c23614: 084f 8ed2 | c873 a1f2 | 2800 c0f2 | 0001 3fd6 | 1f00 0071 

  0x0000000115c23628: ;   {metadata(method data for {method} {0x000000014921cc70} 'post' '(Lnet/minecraftforge/eventbus/api/Event;Lnet/minecraftforge/eventbus/api/IEventBusInvokeDispatcher;)Z' in 'net/minecraftforge/eventbus/EventBus')}
  0x0000000115c23628: 0126 99d2 | 2161 a9f2 | 2100 c0f2 | 082f 80d2 | 092d 80d2 | 0001 899a | 2268 60f8 | 4204 0091 
  0x0000000115c23648: 2268 20f8 | 402d 0054 | e233 40f9 

  0x0000000115c23654: ; implicit exception: dispatches to 0x0000000115c23e38
  0x0000000115c23654: 5f00 40f9 | e003 02aa 

  0x0000000115c2365c: ;   {metadata(method data for {method} {0x000000014921cc70} 'post' '(Lnet/minecraftforge/eventbus/api/Event;Lnet/minecraftforge/eventbus/api/IEventBusInvokeDispatcher;)Z' in 'net/minecraftforge/eventbus/EventBus')}
  0x0000000115c2365c: 0326 99d2 | 2361 a9f2 | 2300 c0f2 | 0008 40b9 | 0012 c0f2 | 6940 0a91 | 2801 40f9 | 1f00 08eb 
  0x0000000115c2367c: a100 0054 | 684c 41f9 | 0805 0091 | 684c 01f9 | 1c00 0014 | 6980 0a91 | 2801 40f9 | 1f00 08eb 
  0x0000000115c2369c: a100 0054 | 6854 41f9 | 0805 0091 | 6854 01f9 | 1400 0014 | 6940 0a91 | 2801 40f9 | c800 00b5 
  0x0000000115c236bc: 2001 00f9 | e803 40b2 | 6960 0a91 | 2801 00f9 | 0c00 0014 | 6980 0a91 | 2801 40f9 | c800 00b5 
  0x0000000115c236dc: 2001 00f9 | e803 40b2 | 69a0 0a91 | 2801 00f9 | 0400 0014 | 6840 41f9 | 0805 0091 | 6840 01f9 
  0x0000000115c236fc: e103 02aa | e9ff 9fd2 | e9ff bff2 | e9ff dff2 

  0x0000000115c2370c: ; ImmutableOopMap {[112]=Oop [104]=Oop [96]=Oop }
                      ;*invokevirtual getListenerList {reexecute=0 rethrow=0 return_oop=0}
                      ; - net.minecraftforge.eventbus.EventBus::post@55 (line 307)
                      ;   {virtual_call}
  0x0000000115c2370c: b1fe 7595 | e137 40f9 | 220c 40b9 

  0x0000000115c23718: ; implicit exception: dispatches to 0x0000000115c23e3c
  0x0000000115c23718: 1f00 40f9 | e303 00aa 

  0x0000000115c23720: ;   {metadata(method data for {method} {0x000000014921cc70} 'post' '(Lnet/minecraftforge/eventbus/api/Event;Lnet/minecraftforge/eventbus/api/IEventBusInvokeDispatcher;)Z' in 'net/minecraftforge/eventbus/EventBus')}
  0x0000000115c23720: 0426 99d2 | 2461 a9f2 | 2400 c0f2 | 8868 41f9 | 0805 0091 | 8868 01f9 

  0x0000000115c23738: ;   {metadata(method data for {method} {0x0000000149222a30} 'getListeners' '(I)[Lnet/minecraftforge/eventbus/api/IEventListener;' in 'net/minecraftforge/eventbus/ListenerList')}
  0x0000000115c23738: 03c0 99d2 | 2361 a9f2 | 2300 c0f2 | 64ac 40b9 | 8408 0011 | 64ac 00b9 | 844c 1f12 | 9f00 0071 
  0x0000000115c23758: 4037 0054 | 0010 40b9 | 00f0 7dd3 

  0x0000000115c23764: ; implicit exception: dispatches to 0x0000000115c23e60
  0x0000000115c23764: 030c 40b9 | 5f00 036b | c237 0054 | 427c 4093 | 42f4 7ed3 | 4240 0091 | 0068 62b8 | 00f0 7dd3 
  0x0000000115c23784: ; implicit exception: dispatches to 0x0000000115c23e7c
  0x0000000115c23784: 1f00 40f9 | e203 00aa 

  0x0000000115c2378c: ;   {metadata(method data for {method} {0x0000000149222a30} 'getListeners' '(I)[Lnet/minecraftforge/eventbus/api/IEventListener;' in 'net/minecraftforge/eventbus/ListenerList')}
  0x0000000115c2378c: 03c0 99d2 | 2361 a9f2 | 2300 c0f2 | 6884 40f9 | 0805 0091 | 6884 00f9 

  0x0000000115c237a4: ;   {metadata(method data for {method} {0x0000000149251238} 'getListeners' '()[Lnet/minecraftforge/eventbus/api/IEventListener;' in 'net/minecraftforge/eventbus/ListenerList$ListenerListInst')}
  0x0000000115c237a4: 02ee 99d2 | 2261 a9f2 | 2200 c0f2 | 43ac 40b9 | 6308 0011 | 43ac 00b9 | 634c 1f12 | 7f00 0071 
  0x0000000115c237c4: e035 0054 | bf3b 03d5 | 020c 40b9 | 42f0 7dd3 | bf39 03d5 | e303 1faa | 5f00 03eb 

  0x0000000115c237e0: ;   {metadata(method data for {method} {0x0000000149251238} 'getListeners' '()[Lnet/minecraftforge/eventbus/api/IEventListener;' in 'net/minecraftforge/eventbus/ListenerList$ListenerListInst')}
  0x0000000115c237e0: 03ee 99d2 | 2361 a9f2 | 2300 c0f2 | e803 78b2 | e90f 7cb2 | 0411 899a | 6568 64f8 | a504 0091 
  0x0000000115c23800: 6568 24f8 | 6101 0054 | e203 00aa 

  0x0000000115c2380c: ;   {metadata(method data for {method} {0x0000000149251238} 'getListeners' '()[Lnet/minecraftforge/eventbus/api/IEventListener;' in 'net/minecraftforge/eventbus/ListenerList$ListenerListInst')}
  0x0000000115c2380c: 03ee 99d2 | 2361 a9f2 | 2300 c0f2 | 6888 40f9 | 0805 0091 | 6888 00f9 | e103 00aa 

  0x0000000115c23828: ; ImmutableOopMap {[112]=Oop [96]=Oop [104]=Oop }
                      ;*invokevirtual buildCache {reexecute=0 rethrow=0 return_oop=0}
                      ; - net.minecraftforge.eventbus.ListenerList$ListenerListInst::getListeners@12 (line 187)
                      ; - net.minecraftforge.eventbus.ListenerList::getListeners@6 (line 82)
                      ; - net.minecraftforge.eventbus.EventBus::post@62 (line 307)
                      ;   {optimized virtual_call}
  0x0000000115c23828: f201 0094 | e203 00aa | 0000 a052 | e33b 40f9 | e407 46a9 

  0x0000000115c2383c: ; implicit exception: dispatches to 0x0000000115c23ea0
  0x0000000115c2383c: 450c 40b9 | 1f00 056b 

  0x0000000115c23844: ;   {metadata(method data for {method} {0x000000014921cc70} 'post' '(Lnet/minecraftforge/eventbus/api/Event;Lnet/minecraftforge/eventbus/api/IEventBusInvokeDispatcher;)Z' in 'net/minecraftforge/eventbus/EventBus')}
  0x0000000115c23844: 0526 99d2 | 2561 a9f2 | 2500 c0f2 | 085e 80d2 | e907 78b2 | 06a1 899a | a768 66f8 | e704 0091 
  0x0000000115c23864: a768 26f8 | 6a14 0054 | 2540 4039 | bf00 0071 

  0x0000000115c23874: ;   {metadata(method data for {method} {0x000000014921cc70} 'post' '(Lnet/minecraftforge/eventbus/api/Event;Lnet/minecraftforge/eventbus/api/IEventBusInvokeDispatcher;)Z' in 'net/minecraftforge/eventbus/EventBus')}
  0x0000000115c23874: 0526 99d2 | 2561 a9f2 | 2500 c0f2 | 0862 80d2 | 0964 80d2 | 0611 899a | a768 66f8 | e704 0091 
  0x0000000115c23894: a768 26f8 | 0104 0054 | 057c 4093 | a5f4 7ed3 | a540 0091 | 4568 65b8 | a5f0 7dd3 

  0x0000000115c238b0: ; implicit exception: dispatches to 0x0000000115c23ea4
  0x0000000115c238b0: bf00 40f9 | e603 05aa 

  0x0000000115c238b8: ;   {metadata(method data for {method} {0x000000014921cc70} 'post' '(Lnet/minecraftforge/eventbus/api/Event;Lnet/minecraftforge/eventbus/api/IEventBusInvokeDispatcher;)Z' in 'net/minecraftforge/eventbus/EventBus')}
  0x0000000115c238b8: 0726 99d2 | 2761 a9f2 | 2700 c0f2 | e898 41f9 | 0805 0091 | e898 01f9 | a508 40b9 | 0512 c0f2 
  0x0000000115c238d8: a538 40f9 | a500 40f9 

  0x0000000115c238e0: ;   {oop(a 'java/lang/Class'{0x00000004e6a2da50} = 'net/minecraftforge/eventbus/api/EventPriority')}
  0x0000000115c238e0: 064a 9bd2 | 46d4 bcf2 | 8600 c0f2 | bf00 06eb 

  0x0000000115c238f0: ;   {metadata(method data for {method} {0x000000014921cc70} 'post' '(Lnet/minecraftforge/eventbus/api/Event;Lnet/minecraftforge/eventbus/api/IEventBusInvokeDispatcher;)Z' in 'net/minecraftforge/eventbus/EventBus')}
  0x0000000115c238f0: 0526 99d2 | 2561 a9f2 | 2500 c0f2 | 086f 80d2 | 096d 80d2 | 0601 899a | a768 66f8 | e704 0091 
  0x0000000115c23910: a768 26f8 | 200b 0054 | 057c 4093 | a5f4 7ed3 | a540 0091 | 4568 65b8 | a5f0 7dd3 | 2301 00b4 
  0x0000000115c23930: ;   {metadata('net/minecraftforge/eventbus/EventBus$$Lambda$4856+0x0000009001cd0b38')}
  0x0000000115c23930: 0a67 81d2 | aa39 a0f2 | 0a12 c0f2 | 6808 40b9 | 0812 c0f2 | 1f01 0aeb | 012b 0054 | 0100 0014 
  0x0000000115c23950: e603 03aa 

  0x0000000115c23954: ; implicit exception: dispatches to 0x0000000115c23eac
  0x0000000115c23954: 7f00 40f9 | e603 03aa 

  0x0000000115c2395c: ;   {metadata(method data for {method} {0x000000014921cc70} 'post' '(Lnet/minecraftforge/eventbus/api/Event;Lnet/minecraftforge/eventbus/api/IEventBusInvokeDispatcher;)Z' in 'net/minecraftforge/eventbus/EventBus')}
  0x0000000115c2395c: 0726 99d2 | 2761 a9f2 | 2700 c0f2 

  0x0000000115c23968: ;   {metadata('net/minecraftforge/eventbus/EventBus$$Lambda$4856+0x0000009001cd0b38')}
  0x0000000115c23968: 0867 81d2 | a839 a0f2 | 0812 c0f2 | e9c0 0e91 | 2801 00f9 | e8dc 41f9 | 0805 0091 | e8dc 01f9 
  0x0000000115c23988: ;   {metadata(method data for {method} {0x0000000149963ba0} 'invoke' '(Lnet/minecraftforge/eventbus/api/IEventListener;Lnet/minecraftforge/eventbus/api/Event;)V' in 'net/minecraftforge/eventbus/EventBus$$Lambda$4856+0x0000009001cd0b38')}
  0x0000000115c23988: 06f7 98d2 | 2661 a9f2 | 2600 c0f2 | c7ac 40b9 | e708 0011 | c7ac 00b9 | e74c 1f12 | ff00 0071 
  0x0000000115c239a8: 4028 0054 

  0x0000000115c239ac: ; implicit exception: dispatches to 0x0000000115c23ed0
  0x0000000115c239ac: bf00 40f9 | e603 05aa 

  0x0000000115c239b4: ;   {metadata(method data for {method} {0x0000000149963ba0} 'invoke' '(Lnet/minecraftforge/eventbus/api/IEventListener;Lnet/minecraftforge/eventbus/api/Event;)V' in 'net/minecraftforge/eventbus/EventBus$$Lambda$4856+0x0000009001cd0b38')}
  0x0000000115c239b4: 07f7 98d2 | 2761 a9f2 | 2700 c0f2 | c608 40b9 | 0612 c0f2 | e900 0491 | 2801 40f9 | df00 08eb 
  0x0000000115c239d4: a100 0054 | e884 40f9 | 0805 0091 | e884 00f9 | 1c00 0014 | e940 0491 | 2801 40f9 | df00 08eb 
  0x0000000115c239f4: a100 0054 | e88c 40f9 | 0805 0091 | e88c 00f9 | 1400 0014 | e900 0491 | 2801 40f9 | c800 00b5 
  0x0000000115c23a14: 2601 00f9 | e803 40b2 | e920 0491 | 2801 00f9 | 0c00 0014 | e940 0491 | 2801 40f9 | c800 00b5 
  0x0000000115c23a34: 2601 00f9 | e803 40b2 | e960 0491 | 2801 00f9 | 0400 0014 | e878 40f9 | 0805 0091 | e878 00f9 
  0x0000000115c23a54: e243 00f9 | e203 04aa | e103 05aa | e07b 00b9 | 09f8 83d2 | 89b0 b7f2 | 2901 c0f2 

  0x0000000115c23a70: ; ImmutableOopMap {[112]=Oop [104]=Oop [128]=Oop [96]=Oop }
                      ;*invokeinterface invoke {reexecute=0 rethrow=0 return_oop=0}
                      ; - net.minecraftforge.eventbus.EventBus$$Lambda$4856/0x0000009001cd0b38::invoke@2
                      ; - net.minecraftforge.eventbus.EventBus::post@105 (line 312)
                      ;   {virtual_call}
  0x0000000115c23a70: f6fc 7595 | 0900 0014 | e07b 00b9 | e243 00f9 

  0x0000000115c23a80: ;   {metadata(method data for {method} {0x000000014921cc70} 'post' '(Lnet/minecraftforge/eventbus/api/Event;Lnet/minecraftforge/eventbus/api/IEventBusInvokeDispatcher;)Z' in 'net/minecraftforge/eventbus/EventBus')}
  0x0000000115c23a80: 0026 99d2 | 2061 a9f2 | 2000 c0f2 | 03c4 41f9 | 6304 0091 | 03c4 01f9 | e17b 40b9 | 2004 0011 
  0x0000000115c23aa0: ;   {metadata(method data for {method} {0x000000014921cc70} 'post' '(Lnet/minecraftforge/eventbus/api/Event;Lnet/minecraftforge/eventbus/api/IEventBusInvokeDispatcher;)Z' in 'net/minecraftforge/eventbus/EventBus')}
  0x0000000115c23aa0: 0326 99d2 | 2361 a9f2 | 2300 c0f2 | 64b0 40b9 | 8408 0011 | 64b0 00b9 | 8430 1f12 | 9f00 0071 
  0x0000000115c23ac0: a020 0054 

  0x0000000115c23ac4: ; ImmutableOopMap {[112]=Oop [104]=Oop [128]=Oop [96]=Oop }
                      ;*goto {reexecute=1 rethrow=0 return_oop=0}
                      ; - (reexecute) net.minecraftforge.eventbus.EventBus::post@113 (line 310)
  0x0000000115c23ac4: 88ab 41f9 

  0x0000000115c23ac8: ;   {poll}
  0x0000000115c23ac8: 1f01 40b9 

  0x0000000115c23acc: ;   {metadata(method data for {method} {0x000000014921cc70} 'post' '(Lnet/minecraftforge/eventbus/api/Event;Lnet/minecraftforge/eventbus/api/IEventBusInvokeDispatcher;)Z' in 'net/minecraftforge/eventbus/EventBus')}
  0x0000000115c23acc: 0326 99d2 | 2361 a9f2 | 2300 c0f2 | 64ec 41f9 | 8404 0091 | 64ec 01f9 | e103 00aa | e003 01aa 
  0x0000000115c23aec: e243 40f9 | 51ff ff17 

  0x0000000115c23af4: ;   {metadata(method data for {method} {0x000000014921cc70} 'post' '(Lnet/minecraftforge/eventbus/api/Event;Lnet/minecraftforge/eventbus/api/IEventBusInvokeDispatcher;)Z' in 'net/minecraftforge/eventbus/EventBus')}
  0x0000000115c23af4: 0026 99d2 | 2061 a9f2 | 2000 c0f2 | 03f8 41f9 | 6304 0091 | 03f8 01f9 | e533 40f9 | e203 05aa 
  0x0000000115c23b14: ;   {metadata(method data for {method} {0x000000014921cc70} 'post' '(Lnet/minecraftforge/eventbus/api/Event;Lnet/minecraftforge/eventbus/api/IEventBusInvokeDispatcher;)Z' in 'net/minecraftforge/eventbus/EventBus')}
  0x0000000115c23b14: 0026 99d2 | 2061 a9f2 | 2000 c0f2 | 4208 40b9 | 0212 c0f2 | 0940 1191 | 2801 40f9 | 5f00 08eb 
  0x0000000115c23b34: a100 0054 | 082c 42f9 | 0805 0091 | 082c 02f9 | 1c00 0014 | 0980 1191 | 2801 40f9 | 5f00 08eb 
  0x0000000115c23b54: a100 0054 | 0834 42f9 | 0805 0091 | 0834 02f9 | 1400 0014 | 0940 1191 | 2801 40f9 | c800 00b5 
  0x0000000115c23b74: 2201 00f9 | e803 40b2 | 0960 1191 | 2801 00f9 | 0c00 0014 | 0980 1191 | 2801 40f9 | c800 00b5 
  0x0000000115c23b94: 2201 00f9 | e803 40b2 | 09a0 1191 | 2801 00f9 | 0400 0014 | 0820 42f9 | 0805 0091 | 0820 02f9 
  0x0000000115c23bb4: a030 4039 | 0000 0012 | 0000 0012 | fd7b 4ba9 | ff03 0391 

  0x0000000115c23bc8: ;   {poll_return}
  0x0000000115c23bc8: 88a7 41f9 | ff63 28eb | 2819 0054 | c003 5fd6 | 0000 a052 | fd7b 4ba9 | ff03 0391 

  0x0000000115c23be4: ;   {poll_return}
  0x0000000115c23be4: 88a7 41f9 | ff63 28eb | a818 0054 | c003 5fd6 | e533 40f9 

  0x0000000115c23bf8: ; ImmutableOopMap {[104]=Oop c_rarg5=Oop [96]=Oop }
                      ;*new {reexecute=0 rethrow=0 return_oop=0}
                      ; - net.minecraftforge.eventbus.EventBus::post@27 (line 305)
                      ;   {runtime_call load_mirror_patching Runtime1 stub}
  0x0000000115c23bf8: 42c5 7595 | 8087 40f9 | 0ba0 0091 | 888f 40f9 | 7f01 08eb | 0818 0054 | 8b87 00f9 | ea03 40b2 
  0x0000000115c23c18: 0a00 00f9 | ea03 032a | 0a7c 0129 | 0a40 0091 | 5f01 00f9 | 5ffd 00a9 | bf3a 03d5 

  0x0000000115c23c34: ; implicit exception: dispatches to 0x0000000115c23f14
  0x0000000115c23c34: bf00 40f9 | e203 05aa 

  0x0000000115c23c3c: ;   {metadata(method data for {method} {0x000000014921cc70} 'post' '(Lnet/minecraftforge/eventbus/api/Event;Lnet/minecraftforge/eventbus/api/IEventBusInvokeDispatcher;)Z' in 'net/minecraftforge/eventbus/EventBus')}
  0x0000000115c23c3c: 0326 99d2 | 2361 a9f2 | 2300 c0f2 | 68c4 40f9 | 0805 0091 | 68c4 00f9 | a208 40b9 | 0212 c0f2 
  0x0000000115c23c5c: 4238 40f9 | 4200 40f9 

  0x0000000115c23c64: ; implicit exception: dispatches to 0x0000000115c23f18
  0x0000000115c23c64: 5f00 40f9 | e303 02aa 

  0x0000000115c23c6c: ;   {metadata(method data for {method} {0x000000014921cc70} 'post' '(Lnet/minecraftforge/eventbus/api/Event;Lnet/minecraftforge/eventbus/api/IEventBusInvokeDispatcher;)Z' in 'net/minecraftforge/eventbus/EventBus')}
  0x0000000115c23c6c: 0426 99d2 | 2461 a9f2 | 2400 c0f2 | 88e0 40f9 | 0805 0091 | 88e0 00f9 | e103 02aa | e047 00f9 
  0x0000000115c23c8c: ; ImmutableOopMap {[104]=Oop [136]=Oop }
                      ;*invokevirtual getSimpleName {reexecute=0 rethrow=0 return_oop=0}
                      ; - net.minecraftforge.eventbus.EventBus::post@35 (line 305)
                      ;   {optimized virtual_call}
  0x0000000115c23c8c: 9df4 7295 | e237 40f9 | 4120 40b9 | 21f0 7dd3 

  0x0000000115c23c9c: ; implicit exception: dispatches to 0x0000000115c23f1c
  0x0000000115c23c9c: 3f00 40f9 | e203 01aa 

  0x0000000115c23ca4: ;   {metadata(method data for {method} {0x000000014921cc70} 'post' '(Lnet/minecraftforge/eventbus/api/Event;Lnet/minecraftforge/eventbus/api/IEventBusInvokeDispatcher;)Z' in 'net/minecraftforge/eventbus/EventBus')}
  0x0000000115c23ca4: 0326 99d2 | 2361 a9f2 | 2300 c0f2 | 68fc 40f9 | 0805 0091 | 68fc 00f9 | e04b 00f9 

  0x0000000115c23cc0: ; ImmutableOopMap {[136]=Oop [144]=Oop }
                      ;*invokevirtual getSimpleName {reexecute=0 rethrow=0 return_oop=0}
                      ; - net.minecraftforge.eventbus.EventBus::post@42 (line 305)
                      ;   {optimized virtual_call}
  0x0000000115c23cc0: 90f4 7295 

  0x0000000115c23cc4: ; ImmutableOopMap {[136]=Oop [144]=Oop c_rarg0=Oop }
                      ;*invokedynamic {reexecute=0 rethrow=0 return_oop=0}
                      ; - net.minecraftforge.eventbus.EventBus::post@45 (line 305)
                      ;   {runtime_call load_appendix_patching Runtime1 stub}
  0x0000000115c23cc4: cfc5 7595 | e14b 40f9 | e203 00aa 

  0x0000000115c23cd0: ; ImmutableOopMap {[136]=Oop }
                      ;*invokedynamic {reexecute=0 rethrow=0 return_oop=0}
                      ; - net.minecraftforge.eventbus.EventBus::post@45 (line 305)
                      ;   {static_call}
  0x0000000115c23cd0: 0cf6 7295 

  0x0000000115c23cd4: ;   {metadata(method data for {method} {0x000000014921cc70} 'post' '(Lnet/minecraftforge/eventbus/api/Event;Lnet/minecraftforge/eventbus/api/IEventBusInvokeDispatcher;)Z' in 'net/minecraftforge/eventbus/EventBus')}
  0x0000000115c23cd4: 0226 99d2 | 2261 a9f2 | 2200 c0f2 | 4280 0991 | e103 00aa | 8100 00b5 | 4900 40f9 | 2901 40b2 
  0x0000000115c23cf4: 4900 00f9 | e247 40f9 

  0x0000000115c23cfc: ;   {metadata(method data for {method} {0x000000014921cc70} 'post' '(Lnet/minecraftforge/eventbus/api/Event;Lnet/minecraftforge/eventbus/api/IEventBusInvokeDispatcher;)Z' in 'net/minecraftforge/eventbus/EventBus')}
  0x0000000115c23cfc: 0126 99d2 | 2161 a9f2 | 2100 c0f2 | 2838 41f9 | 0805 0091 | 2838 01f9 | e203 00aa | e147 40f9 
  0x0000000115c23d1c: ; ImmutableOopMap {[136]=Oop }
                      ;*invokespecial <init> {reexecute=0 rethrow=0 return_oop=0}
                      ; - net.minecraftforge.eventbus.EventBus::post@50 (line 305)
                      ;   {optimized virtual_call}
  0x0000000115c23d1c: 79f4 7295 | e047 40f9 | 9700 0014 | e50b 46a9 | 80ef 41f9 | 9fef 01f9 | 9ff3 01f9 | 471c 40b9 
  0x0000000115c23d3c: e7f0 7dd3 

  0x0000000115c23d40: ; implicit exception: dispatches to 0x0000000115c23f20
  0x0000000115c23d40: ff00 40f9 | e303 07aa 

  0x0000000115c23d48: ;   {metadata(method data for {method} {0x000000014921cc70} 'post' '(Lnet/minecraftforge/eventbus/api/Event;Lnet/minecraftforge/eventbus/api/IEventBusInvokeDispatcher;)Z' in 'net/minecraftforge/eventbus/EventBus')}
  0x0000000115c23d48: 0626 99d2 | 2661 a9f2 | 2600 c0f2 | 6308 40b9 | 0312 c0f2 | c960 1091 | 2801 40f9 | 7f00 08eb 
  0x0000000115c23d68: a100 0054 | c810 42f9 | 0805 0091 | c810 02f9 | 1c00 0014 | c9a0 1091 | 2801 40f9 | 7f00 08eb 
  0x0000000115c23d88: a100 0054 | c818 42f9 | 0805 0091 | c818 02f9 | 1400 0014 | c960 1091 | 2801 40f9 | c800 00b5 
  0x0000000115c23da8: 2301 00f9 | e803 40b2 | c980 1091 | 2801 00f9 | 0c00 0014 | c9a0 1091 | 2801 40f9 | c800 00b5 
  0x0000000115c23dc8: 2301 00f9 | e803 40b2 | c9c0 1091 | 2801 00f9 | 0400 0014 | c804 42f9 | 0805 0091 | c804 02f9 
  0x0000000115c23de8: e303 05aa | e503 01aa | e603 00aa | e103 07aa | e04f 00f9 | e9ff 9fd2 | e9ff bff2 | e9ff dff2 
  0x0000000115c23e08: ; ImmutableOopMap {[152]=Oop }
                      ;*invokeinterface handleException {reexecute=0 rethrow=0 return_oop=0}
                      ; - net.minecraftforge.eventbus.EventBus::post@132 (line 315)
                      ;   {virtual_call}
  0x0000000115c23e08: fef4 7295 | e04f 40f9 | 5c00 0014 

  0x0000000115c23e14: ;   {metadata({method} {0x000000014921cc70} 'post' '(Lnet/minecraftforge/eventbus/api/Event;Lnet/minecraftforge/eventbus/api/IEventBusInvokeDispatcher;)Z' in 'net/minecraftforge/eventbus/EventBus')}
  0x0000000115c23e14: 088e 99d2 | 2824 a9f2 | 2800 c0f2 | e807 00f9 | 0800 8092 | e803 00f9 

  0x0000000115c23e2c: ; ImmutableOopMap {c_rarg1=Oop [104]=Oop c_rarg2=Oop [96]=Oop c_rarg3=Oop [112]=Oop }
                      ;*synchronization entry
                      ; - net.minecraftforge.eventbus.EventBus::post@-1 (line 303)
                      ;   {runtime_call counter_overflow Runtime1 stub}
  0x0000000115c23e2c: f5c6 7595 | d4fd ff17 

  0x0000000115c23e34: ; ImmutableOopMap {c_rarg1=Oop [104]=Oop c_rarg2=Oop [96]=Oop [112]=Oop c_rarg0=Oop }
                      ;*invokevirtual isInstance {reexecute=0 rethrow=0 return_oop=0}
                      ; - net.minecraftforge.eventbus.EventBus::post@21 (line 304)
                      ;   {runtime_call throw_null_pointer_exception Runtime1 stub}
  0x0000000115c23e34: 33b4 7595 

  0x0000000115c23e38: ; ImmutableOopMap {[112]=Oop c_rarg2=Oop [96]=Oop [104]=Oop }
                      ;*invokevirtual getListenerList {reexecute=0 rethrow=0 return_oop=0}
                      ; - net.minecraftforge.eventbus.EventBus::post@55 (line 307)
                      ;   {runtime_call throw_null_pointer_exception Runtime1 stub}
  0x0000000115c23e38: 32b4 7595 

  0x0000000115c23e3c: ; ImmutableOopMap {[112]=Oop [96]=Oop c_rarg0=Oop c_rarg1=Oop [104]=Oop }
                      ;*invokevirtual getListeners {reexecute=0 rethrow=0 return_oop=0}
                      ; - net.minecraftforge.eventbus.EventBus::post@62 (line 307)
                      ;   {runtime_call throw_null_pointer_exception Runtime1 stub}
  0x0000000115c23e3c: 31b4 7595 

  0x0000000115c23e40: ;   {metadata({method} {0x0000000149222a30} 'getListeners' '(I)[Lnet/minecraftforge/eventbus/api/IEventListener;' in 'net/minecraftforge/eventbus/ListenerList')}
  0x0000000115c23e40: 0846 85d2 | 4824 a9f2 | 2800 c0f2 | e807 00f9 | 0800 8092 | e803 00f9 

  0x0000000115c23e58: ; ImmutableOopMap {[112]=Oop [96]=Oop c_rarg0=Oop c_rarg1=Oop [104]=Oop }
                      ;*synchronization entry
                      ; - net.minecraftforge.eventbus.ListenerList::getListeners@-1 (line 82)
                      ; - net.minecraftforge.eventbus.EventBus::post@62 (line 307)
                      ;   {runtime_call counter_overflow Runtime1 stub}
  0x0000000115c23e58: eac6 7595 | 40fe ff17 

  0x0000000115c23e60: ; ImmutableOopMap {[112]=Oop [96]=Oop c_rarg1=Oop [104]=Oop c_rarg0=Oop }
                      ;*aaload {reexecute=0 rethrow=0 return_oop=0}
                      ; - net.minecraftforge.eventbus.ListenerList::getListeners@5 (line 82)
                      ; - net.minecraftforge.eventbus.EventBus::post@62 (line 307)
                      ;   {runtime_call throw_null_pointer_exception Runtime1 stub}
  0x0000000115c23e60: 28b4 7595 | e803 02aa | e903 00aa 

  0x0000000115c23e6c: ;   {runtime_call throw_range_check_failed Runtime1 stub}
  0x0000000115c23e6c: 1e60 80d2 | 3e73 a3f2 | 3e00 c0f2 

  0x0000000115c23e78: ; ImmutableOopMap {[112]=Oop [96]=Oop c_rarg1=Oop [104]=Oop c_rarg0=Oop }
                      ;*aaload {reexecute=0 rethrow=0 return_oop=0}
                      ; - net.minecraftforge.eventbus.ListenerList::getListeners@5 (line 82)
                      ; - net.minecraftforge.eventbus.EventBus::post@62 (line 307)
  0x0000000115c23e78: c003 3fd6 

  0x0000000115c23e7c: ; ImmutableOopMap {[112]=Oop [96]=Oop c_rarg1=Oop [104]=Oop c_rarg0=Oop }
                      ;*invokevirtual getListeners {reexecute=0 rethrow=0 return_oop=0}
                      ; - net.minecraftforge.eventbus.ListenerList::getListeners@6 (line 82)
                      ; - net.minecraftforge.eventbus.EventBus::post@62 (line 307)
                      ;   {runtime_call throw_null_pointer_exception Runtime1 stub}
  0x0000000115c23e7c: 21b4 7595 

  0x0000000115c23e80: ;   {metadata({method} {0x0000000149251238} 'getListeners' '()[Lnet/minecraftforge/eventbus/api/IEventListener;' in 'net/minecraftforge/eventbus/ListenerList$ListenerListInst')}
  0x0000000115c23e80: 0847 82d2 | a824 a9f2 | 2800 c0f2 | e807 00f9 | 0800 8092 | e803 00f9 

  0x0000000115c23e98: ; ImmutableOopMap {[112]=Oop [96]=Oop c_rarg1=Oop [104]=Oop c_rarg0=Oop }
                      ;*synchronization entry
                      ; - net.minecraftforge.eventbus.ListenerList$ListenerListInst::getListeners@-1 (line 183)
                      ; - net.minecraftforge.eventbus.ListenerList::getListeners@6 (line 82)
                      ; - net.minecraftforge.eventbus.EventBus::post@62 (line 307)
                      ;   {runtime_call counter_overflow Runtime1 stub}
  0x0000000115c23e98: dac6 7595 | 4bfe ff17 

  0x0000000115c23ea0: ; ImmutableOopMap {c_rarg2=Oop c_rarg1=Oop [104]=Oop c_rarg3=Oop [112]=Oop c_rarg4=Oop [96]=Oop }
                      ;*arraylength {reexecute=0 rethrow=0 return_oop=0}
                      ; - net.minecraftforge.eventbus.EventBus::post@72 (line 310)
                      ;   {runtime_call throw_null_pointer_exception Runtime1 stub}
  0x0000000115c23ea0: 18b4 7595 

  0x0000000115c23ea4: ; ImmutableOopMap {c_rarg2=Oop c_rarg1=Oop [104]=Oop c_rarg3=Oop [112]=Oop c_rarg4=Oop [96]=Oop c_rarg5=Oop }
                      ;*invokevirtual getClass {reexecute=0 rethrow=0 return_oop=0}
                      ; - net.minecraftforge.eventbus.EventBus::post@87 (line 311)
                      ;   {runtime_call throw_null_pointer_exception Runtime1 stub}
  0x0000000115c23ea4: 17b4 7595 

  0x0000000115c23ea8: ; ImmutableOopMap {c_rarg2=Oop c_rarg3=Oop [112]=Oop c_rarg4=Oop [96]=Oop [104]=Oop c_rarg5=Oop }
                      ;*invokeinterface invoke {reexecute=0 rethrow=0 return_oop=0}
                      ; - net.minecraftforge.eventbus.EventBus::post@105 (line 312)
                      ;   {runtime_call throw_incompatible_class_change_error Runtime1 stub}
  0x0000000115c23ea8: d6bd 7595 

  0x0000000115c23eac: ; ImmutableOopMap {c_rarg2=Oop c_rarg3=Oop [112]=Oop c_rarg4=Oop [96]=Oop [104]=Oop c_rarg5=Oop }
                      ;*invokeinterface invoke {reexecute=0 rethrow=0 return_oop=0}
                      ; - net.minecraftforge.eventbus.EventBus::post@105 (line 312)
                      ;   {runtime_call throw_null_pointer_exception Runtime1 stub}
  0x0000000115c23eac: 15b4 7595 

  0x0000000115c23eb0: ;   {metadata({method} {0x0000000149963ba0} 'invoke' '(Lnet/minecraftforge/eventbus/api/IEventListener;Lnet/minecraftforge/eventbus/api/Event;)V' in 'net/minecraftforge/eventbus/EventBus$$Lambda$4856+0x0000009001cd0b38')}
  0x0000000115c23eb0: 0874 87d2 | c832 a9f2 | 2800 c0f2 | e807 00f9 | 0800 8092 | e803 00f9 

  0x0000000115c23ec8: ; ImmutableOopMap {c_rarg2=Oop c_rarg3=Oop [112]=Oop c_rarg4=Oop [96]=Oop [104]=Oop c_rarg5=Oop }
                      ;*synchronization entry
                      ; - net.minecraftforge.eventbus.EventBus$$Lambda$4856/0x0000009001cd0b38::invoke@-1
                      ; - net.minecraftforge.eventbus.EventBus::post@105 (line 312)
                      ;   {runtime_call counter_overflow Runtime1 stub}
  0x0000000115c23ec8: cec6 7595 | b8fe ff17 

  0x0000000115c23ed0: ; ImmutableOopMap {c_rarg2=Oop c_rarg3=Oop [112]=Oop c_rarg4=Oop [96]=Oop [104]=Oop c_rarg5=Oop }
                      ;*invokeinterface invoke {reexecute=0 rethrow=0 return_oop=0}
                      ; - net.minecraftforge.eventbus.EventBus$$Lambda$4856/0x0000009001cd0b38::invoke@2
                      ; - net.minecraftforge.eventbus.EventBus::post@105 (line 312)
                      ;   {runtime_call throw_null_pointer_exception Runtime1 stub}
  0x0000000115c23ed0: 0cb4 7595 

  0x0000000115c23ed4: ;   {metadata({method} {0x000000014921cc70} 'post' '(Lnet/minecraftforge/eventbus/api/Event;Lnet/minecraftforge/eventbus/api/IEventBusInvokeDispatcher;)Z' in 'net/minecraftforge/eventbus/EventBus')}
  0x0000000115c23ed4: 088e 99d2 | 2824 a9f2 | 2800 c0f2 | e807 00f9 | 280e 80d2 | e803 00f9 

  0x0000000115c23eec: ; ImmutableOopMap {[112]=Oop [104]=Oop [128]=Oop [96]=Oop }
                      ;*goto {reexecute=1 rethrow=0 return_oop=0}
                      ; - (reexecute) net.minecraftforge.eventbus.EventBus::post@113 (line 310)
                      ;   {runtime_call counter_overflow Runtime1 stub}
  0x0000000115c23eec: c5c6 7595 | f5fe ff17 

  0x0000000115c23ef4: ;   {internal_word}
  0x0000000115c23ef4: a8e6 ff10 | 88b3 01f9 

  0x0000000115c23efc: ;   {runtime_call SafepointBlob}
  0x0000000115c23efc: c10c 7315 

  0x0000000115c23f00: ;   {internal_word}
  0x0000000115c23f00: 28e7 ff10 | 88b3 01f9 

  0x0000000115c23f08: ;   {runtime_call SafepointBlob}
  0x0000000115c23f08: be0c 7315 

  0x0000000115c23f0c: ; ImmutableOopMap {[104]=Oop c_rarg5=Oop [96]=Oop }
                      ;*new {reexecute=0 rethrow=0 return_oop=0}
                      ; - net.minecraftforge.eventbus.EventBus::post@27 (line 305)
                      ;   {runtime_call fast_new_instance Runtime1 stub}
  0x0000000115c23f0c: 3db6 7595 | 49ff ff17 

  0x0000000115c23f14: ; ImmutableOopMap {[104]=Oop c_rarg5=Oop [96]=Oop c_rarg0=Oop }
                      ;*invokevirtual getClass {reexecute=0 rethrow=0 return_oop=0}
                      ; - net.minecraftforge.eventbus.EventBus::post@32 (line 305)
                      ;   {runtime_call throw_null_pointer_exception Runtime1 stub}
  0x0000000115c23f14: fbb3 7595 

  0x0000000115c23f18: ; ImmutableOopMap {[104]=Oop c_rarg0=Oop c_rarg2=Oop }
                      ;*invokevirtual getSimpleName {reexecute=0 rethrow=0 return_oop=0}
                      ; - net.minecraftforge.eventbus.EventBus::post@35 (line 305)
                      ;   {runtime_call throw_null_pointer_exception Runtime1 stub}
  0x0000000115c23f18: fab3 7595 

  0x0000000115c23f1c: ; ImmutableOopMap {[136]=Oop c_rarg0=Oop c_rarg1=Oop }
                      ;*invokevirtual getSimpleName {reexecute=0 rethrow=0 return_oop=0}
                      ; - net.minecraftforge.eventbus.EventBus::post@42 (line 305)
                      ;   {runtime_call throw_null_pointer_exception Runtime1 stub}
  0x0000000115c23f1c: f9b3 7595 

  0x0000000115c23f20: ; ImmutableOopMap {c_rarg4=Oop c_rarg2=Oop [104]=Oop c_rarg5=Oop [96]=Oop c_rarg0=Oop c_rarg7=Oop }
                      ;*invokeinterface handleException {reexecute=0 rethrow=0 return_oop=0}
                      ; - net.minecraftforge.eventbus.EventBus::post@132 (line 315)
                      ;   {runtime_call throw_null_pointer_exception Runtime1 stub}
  0x0000000115c23f20: f8b3 7595 | e17b 40b9 | e443 40f9 | 7fff ff17 | e103 00aa | e403 02aa | 7cff ff17 | e103 00aa 
  0x0000000115c23f40: e403 02aa | 79ff ff17 | e103 00aa | e403 02aa | 76ff ff17 | e103 00aa | e403 02aa | 73ff ff17 
  0x0000000115c23f60: e103 00aa | e403 02aa | 70ff ff17 | 1f20 03d5 | 1f20 03d5 | 80ef 41f9 | 9fef 01f9 | 9ff3 01f9 
  0x0000000115c23f80: fd7b 4ba9 | ff03 0391 

  0x0000000115c23f88: ;   {runtime_call unwind_exception Runtime1 stub}
  0x0000000115c23f88: de77 7315 | 0000 0000 | 0000 0000 | 0000 0000 | 0000 0000 | 0000 0000 | 0000 0000 | 0000 0000 
  0x0000000115c23fa8: 0000 0000 | 0000 0000 | 0000 0000 | 0000 0000 | 0000 0000 | 0000 0000 
[Stub Code]
  0x0000000115c23fc0: ;   {no_reloc}
  0x0000000115c23fc0: df3f 03d5 

  0x0000000115c23fc4: ;   {metadata(NULL)}
  0x0000000115c23fc4: 0c00 80d2 | 0c00 a0f2 | 0c00 c0f2 | 0800 80d2 | 0800 a0f2 | 0800 c0f2 | 0001 1fd6 

  0x0000000115c23fe0: ;   {trampoline_stub}
  0x0000000115c23fe0: 4800 0058 | 0001 1fd6 | d031 9a1b | 0100 0000 

  0x0000000115c23ff0: ;   {static_stub}
  0x0000000115c23ff0: df3f 03d5 

  0x0000000115c23ff4: ;   {metadata({method} {0x0000000149251560} 'buildCache' '()[Lnet/minecraftforge/eventbus/api/IEventListener;' in 'net/minecraftforge/eventbus/ListenerList$ListenerListInst')}
  0x0000000115c23ff4: 0cac 82d2 | ac24 a9f2 | 2c00 c0f2 | 0857 80d2 | c871 a3f2 | 2800 c0f2 | 0001 1fd6 

  0x0000000115c24010: ;   {trampoline_stub}
  0x0000000115c24010: 4800 0058 | 0001 1fd6 | f03f c215 | 0100 0000 

  0x0000000115c24020: ;   {static_stub}
  0x0000000115c24020: df3f 03d5 

  0x0000000115c24024: ;   {metadata(NULL)}
  0x0000000115c24024: 0c00 80d2 | 0c00 a0f2 | 0c00 c0f2 | 0800 80d2 | 0800 a0f2 | 0800 c0f2 | 0001 1fd6 

  0x0000000115c24040: ;   {trampoline_stub}
  0x0000000115c24040: 4800 0058 | 0001 1fd6 | 482e 9a1b | 0100 0000 

  0x0000000115c24050: ;   {static_stub}
  0x0000000115c24050: df3f 03d5 

  0x0000000115c24054: ;   {metadata(NULL)}
  0x0000000115c24054: 0c00 80d2 | 0c00 a0f2 | 0c00 c0f2 | 0800 80d2 | 0800 a0f2 | 0800 c0f2 | 0001 1fd6 

  0x0000000115c24070: ;   {trampoline_stub}
  0x0000000115c24070: 4800 0058 | 0001 1fd6 | 000f 8e1b | 0100 0000 

  0x0000000115c24080: ;   {static_stub}
  0x0000000115c24080: df3f 03d5 

  0x0000000115c24084: ;   {metadata(NULL)}
  0x0000000115c24084: 0c00 80d2 | 0c00 a0f2 | 0c00 c0f2 | 0800 80d2 | 0800 a0f2 | 0800 c0f2 | 0001 1fd6 

  0x0000000115c240a0: ;   {trampoline_stub}
  0x0000000115c240a0: 4800 0058 | 0001 1fd6 | 000f 8e1b | 0100 0000 

  0x0000000115c240b0: ;   {static_stub}
  0x0000000115c240b0: df3f 03d5 

  0x0000000115c240b4: ;   {metadata(NULL)}
  0x0000000115c240b4: 0c00 80d2 | 0c00 a0f2 | 0c00 c0f2 | 0800 80d2 | 0800 a0f2 | 0800 c0f2 | 0001 1fd6 

  0x0000000115c240d0: ;   {trampoline_stub}
  0x0000000115c240d0: 4800 0058 | 0001 1fd6 | 0015 8e1b | 0100 0000 

  0x0000000115c240e0: ;   {static_stub}
  0x0000000115c240e0: df3f 03d5 

  0x0000000115c240e4: ;   {metadata(NULL)}
  0x0000000115c240e4: 0c00 80d2 | 0c00 a0f2 | 0c00 c0f2 | 0800 80d2 | 0800 a0f2 | 0800 c0f2 | 0001 1fd6 

  0x0000000115c24100: ;   {trampoline_stub}
  0x0000000115c24100: 4800 0058 | 0001 1fd6 | 000f 8e1b | 0100 0000 

  0x0000000115c24110: ;   {static_stub}
  0x0000000115c24110: df3f 03d5 

  0x0000000115c24114: ;   {metadata(NULL)}
  0x0000000115c24114: 0c00 80d2 | 0c00 a0f2 | 0c00 c0f2 | 0800 80d2 | 0800 a0f2 | 0800 c0f2 | 0001 1fd6 

  0x0000000115c24130: ;   {trampoline_stub}
  0x0000000115c24130: 4800 0058 | 0001 1fd6 | 0012 8e1b | 0100 0000 
[Exception Handler]
  0x0000000115c24140: ;   {runtime_call handle_exception_from_callee Runtime1 stub}
  0x0000000115c24140: f0ba 7595 | c1d5 bbd4 | 649f 2d0c | 0100 0000 
[Deopt Handler Code]
  0x0000000115c24150: 1e00 0010 

  0x0000000115c24154: ;   {runtime_call DeoptimizationBlob}
  0x0000000115c24154: fb0c 7315 
[/MachCode]


Compiled method (c1) 22388 17591   !   3       net.minecraftforge.fml.javafmlmod.FMLModContainer::acceptEvent (97 bytes)
 total in heap  [0x0000000115c24790,0x0000000115c25620] = 3728
 relocation     [0x0000000115c248e8,0x0000000115c24a00] = 280
 main code      [0x0000000115c24a00,0x0000000115c251c0] = 1984
 stub code      [0x0000000115c251c0,0x0000000115c252c8] = 264
 oops           [0x0000000115c252c8,0x0000000115c25320] = 88
 metadata       [0x0000000115c25320,0x0000000115c253b8] = 152
 scopes data    [0x0000000115c253b8,0x0000000115c25468] = 176
 scopes pcs     [0x0000000115c25468,0x0000000115c25578] = 272
 dependencies   [0x0000000115c25578,0x0000000115c25590] = 24
 handler table  [0x0000000115c25590,0x0000000115c25608] = 120
 nul chk table  [0x0000000115c25608,0x0000000115c25620] = 24

[Constant Pool (empty)]

[MachCode]
[Entry Point]
  # {method} {0x0000000149910178} 'acceptEvent' '(Lnet/minecraftforge/eventbus/api/Event;)V' in 'net/minecraftforge/fml/javafmlmod/FMLModContainer'
  # this:     c_rarg1:c_rarg1 
                        = 'net/minecraftforge/fml/javafmlmod/FMLModContainer'
  # parm0:    c_rarg2:c_rarg2 
                        = 'net/minecraftforge/eventbus/api/Event'
  #           [sp+0xd0]  (sp of caller)
  0x0000000115c24a00: 2808 40b9 | 3f01 086b | c001 0054 

  0x0000000115c24a0c: ;   {runtime_call ic_miss_stub}
  0x0000000115c24a0c: 7df0 7215 | 1f20 03d5 | 1f20 03d5 | 1f20 03d5 | 1f20 03d5 | 1f20 03d5 | 1f20 03d5 | 1f20 03d5 
  0x0000000115c24a2c: 1f20 03d5 | 1f20 03d5 | 1f20 03d5 | 1f20 03d5 | 1f20 03d5 
[Verified Entry Point]
  0x0000000115c24a40: 1f20 03d5 | e953 40d1 | 3f01 00f9 | ff43 03d1 | fd7b 0ca9 | e143 00f9 

  0x0000000115c24a58: ;   {metadata(method data for {method} {0x0000000149910178} 'acceptEvent' '(Lnet/minecraftforge/eventbus/api/Event;)V' in 'net/minecraftforge/fml/javafmlmod/FMLModContainer')}
  0x0000000115c24a58: 0381 9fd2 | 4350 a9f2 | 2300 c0f2 | 64ac 40b9 | 8408 0011 | 64ac 00b9 | 8424 1f12 | 9f00 0071 
  0x0000000115c24a78: 4032 0054 | e303 01aa 

  0x0000000115c24a80: ;   {metadata(method data for {method} {0x0000000149910178} 'acceptEvent' '(Lnet/minecraftforge/eventbus/api/Event;)V' in 'net/minecraftforge/fml/javafmlmod/FMLModContainer')}
  0x0000000115c24a80: 0481 9fd2 | 4450 a9f2 | 2400 c0f2 | 8878 40f9 | 0805 0091 | 8878 00f9 | 240c 40b9 | 84f0 7dd3 
  0x0000000115c24aa0: ;   {oop(a 'org/apache/logging/log4j/core/Logger'{0x00000004e70865c0})}
  0x0000000115c24aa0: 00b8 8cd2 | 00e1 bcf2 | 8000 c0f2 | e303 00aa 

  0x0000000115c24ab0: ;   {metadata(method data for {method} {0x0000000149910178} 'acceptEvent' '(Lnet/minecraftforge/eventbus/api/Event;)V' in 'net/minecraftforge/fml/javafmlmod/FMLModContainer')}
  0x0000000115c24ab0: 0581 9fd2 | 4550 a9f2 | 2500 c0f2 | 6308 40b9 | 0312 c0f2 | a9e0 0491 | 2801 40f9 | 7f00 08eb 
  0x0000000115c24ad0: a100 0054 | a8a0 40f9 | 0805 0091 | a8a0 00f9 | 1c00 0014 | a920 0591 | 2801 40f9 | 7f00 08eb 
  0x0000000115c24af0: a100 0054 | a8a8 40f9 | 0805 0091 | a8a8 00f9 | 1400 0014 | a9e0 0491 | 2801 40f9 | c800 00b5 
  0x0000000115c24b10: 2301 00f9 | e803 40b2 | a900 0591 | 2801 00f9 | 0c00 0014 | a920 0591 | 2801 40f9 | c800 00b5 
  0x0000000115c24b30: 2301 00f9 | e803 40b2 | a940 0591 | 2801 00f9 | 0400 0014 | a894 40f9 | 0805 0091 | a894 00f9 
  0x0000000115c24b50: ;   {oop(a 'org/apache/logging/log4j/MarkerManager$Log4jMarker'{0x00000004d6f43540})}
  0x0000000115c24b50: 06a8 86d2 | 86de baf2 | 8600 c0f2 | e703 02aa | e203 06aa 

  0x0000000115c24b64: ;   {oop("Firing event for modid {} : {}"{0x00000004e7dd0408})}
  0x0000000115c24b64: 0381 80d2 | a3fb bcf2 | 8300 c0f2 | e503 07aa | e103 00aa | e01b 09a9 | e747 00f9 

  0x0000000115c24b80: ; ImmutableOopMap {[128]=Oop [136]=Oop [152]=Oop [144]=Oop }
                      ;*invokeinterface trace {reexecute=0 rethrow=0 return_oop=0}
                      ; - net.minecraftforge.fml.javafmlmod.FMLModContainer::acceptEvent@13 (line 120)
                      ;   {optimized virtual_call}
  0x0000000115c24b80: 00d5 ff97 | e143 40f9 | 2034 40b9 | 00f0 7dd3 | 4001 00b4 

  0x0000000115c24b94: ;   {metadata('net/minecraftforge/eventbus/EventBus')}
  0x0000000115c24b94: 04fe 90d2 | 8437 a0f2 | 0412 c0f2 | 0508 40b9 | 0512 c0f2 | a81c 40f9 | 9f00 08eb | 8129 0054 
  0x0000000115c24bb4: 0100 0014 | e203 00aa 

  0x0000000115c24bbc: ; implicit exception: dispatches to 0x0000000115c250e4
  0x0000000115c24bbc: 1f00 40f9 | e203 00aa 

  0x0000000115c24bc4: ;   {metadata(method data for {method} {0x0000000149910178} 'acceptEvent' '(Lnet/minecraftforge/eventbus/api/Event;)V' in 'net/minecraftforge/fml/javafmlmod/FMLModContainer')}
  0x0000000115c24bc4: 0381 9fd2 | 4350 a9f2 | 2300 c0f2 

  0x0000000115c24bd0: ;   {metadata('net/minecraftforge/eventbus/EventBus')}
  0x0000000115c24bd0: 08fe 90d2 | 8837 a0f2 | 0812 c0f2 | 69c0 0591 | 2801 00f9 | 68bc 40f9 | 0805 0091 | 68bc 00f9 
  0x0000000115c24bf0: ;   {metadata(method data for {method} {0x000000014921cc18} 'post' '(Lnet/minecraftforge/eventbus/api/Event;)Z' in 'net/minecraftforge/eventbus/EventBus')}
  0x0000000115c24bf0: 02ae 9ad2 | 2261 a9f2 | 2200 c0f2 | 43ac 40b9 | 6308 0011 | 43ac 00b9 | 634c 1f12 | 7f00 0071 
  0x0000000115c24c10: c026 0054 

  0x0000000115c24c14: ;   {metadata(method data for {method} {0x00000090000d6e08} 'linkToTargetMethod' '(Ljava/lang/Object;)Ljava/lang/Object;' in 'java/lang/invoke/Invokers$Holder')}
  0x0000000115c24c14: 02d7 83d2 | e202 a6f2 | 2200 c0f2 | 4220 0791 

  0x0000000115c24c24: ;   {oop(a 'java/lang/invoke/BoundMethodHandle$Species_L'{0x00000004e7de78e0})}
  0x0000000115c24c24: 031c 8fd2 | c3fb bcf2 | 8300 c0f2 | e403 03aa | 8400 00b5 | 4900 40f9 | 2901 40b2 | 4900 00f9 
  0x0000000115c24c44: ;   {metadata(method data for {method} {0x000000014921cc18} 'post' '(Lnet/minecraftforge/eventbus/api/Event;)Z' in 'net/minecraftforge/eventbus/EventBus')}
  0x0000000115c24c44: 02ae 9ad2 | 2261 a9f2 | 2200 c0f2 | 4878 40f9 | 0805 0091 | 4878 00f9 

  0x0000000115c24c5c: ;   {metadata(method data for {method} {0x00000090000d6e08} 'linkToTargetMethod' '(Ljava/lang/Object;)Ljava/lang/Object;' in 'java/lang/invoke/Invokers$Holder')}
  0x0000000115c24c5c: 02d7 83d2 | e202 a6f2 | 2200 c0f2 | 44ac 40b9 | 8408 0011 | 44ac 00b9 | 844c 1f12 | 9f00 0071 
  0x0000000115c24c7c: 6024 0054 

  0x0000000115c24c80: ;   {metadata(method data for {method} {0x0000000130400268} 'invoke' '(Ljava/lang/Object;)Ljava/lang/Object;' in 'java/lang/invoke/LambdaForm$MH+0x0000009001000400')}
  0x0000000115c24c80: 0292 80d2 | 0208 a6f2 | 2200 c0f2 | 4200 0691 | 8300 00b5 | 4900 40f9 | 2901 40b2 | 4900 00f9 
  0x0000000115c24ca0: ;   {metadata(method data for {method} {0x00000090000d6e08} 'linkToTargetMethod' '(Ljava/lang/Object;)Ljava/lang/Object;' in 'java/lang/invoke/Invokers$Holder')}
  0x0000000115c24ca0: 02d7 83d2 | e202 a6f2 | 2200 c0f2 | 4894 40f9 | 0805 0091 | 4894 00f9 

  0x0000000115c24cb8: ;   {metadata(method data for {method} {0x0000000130400268} 'invoke' '(Ljava/lang/Object;)Ljava/lang/Object;' in 'java/lang/invoke/LambdaForm$MH+0x0000009001000400')}
  0x0000000115c24cb8: 0292 80d2 | 0208 a6f2 | 2200 c0f2 | 43ac 40b9 | 6308 0011 | 43ac 00b9 | 634c 1f12 | 7f00 0071 
  0x0000000115c24cd8: 8022 0054 

  0x0000000115c24cdc: ;   {metadata(method data for {method} {0x00000090000d6e08} 'linkToTargetMethod' '(Ljava/lang/Object;)Ljava/lang/Object;' in 'java/lang/invoke/Invokers$Holder')}
  0x0000000115c24cdc: 02d7 83d2 | e202 a6f2 | 2200 c0f2 | 4280 0591 

  0x0000000115c24cec: ;   {oop(a 'net/minecraftforge/eventbus/EventBus$$Lambda$4856+0x0000009001cd0b38'{0x00000004e7de7900})}
  0x0000000115c24cec: 0320 8fd2 | c3fb bcf2 | 8300 c0f2 | e403 03aa | 8400 00b5 | 4900 40f9 | 2901 40b2 | 4900 00f9 
  0x0000000115c24d0c: ;   {metadata(method data for {method} {0x000000014921cc18} 'post' '(Lnet/minecraftforge/eventbus/api/Event;)Z' in 'net/minecraftforge/eventbus/EventBus')}
  0x0000000115c24d0c: 02ae 9ad2 | 2261 a9f2 | 2200 c0f2 | 4200 0491 | e403 03aa | 8400 00b5 | 4900 40f9 | 2901 40b2 
  0x0000000115c24d2c: 4900 00f9 | e203 00aa 

  0x0000000115c24d34: ;   {metadata(method data for {method} {0x000000014921cc18} 'post' '(Lnet/minecraftforge/eventbus/api/Event;)Z' in 'net/minecraftforge/eventbus/EventBus')}
  0x0000000115c24d34: 04ae 9ad2 | 2461 a9f2 | 2400 c0f2 | 8894 40f9 | 0805 0091 | 8894 00f9 | e247 40f9 | e103 00aa 
  0x0000000115c24d54: ; ImmutableOopMap {[136]=Oop [152]=Oop [144]=Oop [128]=Oop }
                      ;*invokevirtual post {reexecute=0 rethrow=0 return_oop=0}
                      ; - net.minecraftforge.eventbus.EventBus::post@7 (line 298)
                      ; - net.minecraftforge.fml.javafmlmod.FMLModContainer::acceptEvent@23 (line 121)
                      ;   {optimized virtual_call}
  0x0000000115c24d54: fbf9 ff97 | e143 40f9 

  0x0000000115c24d5c: ;   {metadata(method data for {method} {0x0000000149910178} 'acceptEvent' '(Lnet/minecraftforge/eventbus/api/Event;)V' in 'net/minecraftforge/fml/javafmlmod/FMLModContainer')}
  0x0000000115c24d5c: 0281 9fd2 | 4250 a9f2 | 2200 c0f2 | 48cc 40f9 | 0805 0091 | 48cc 00f9 | e143 40f9 | 240c 40b9 
  0x0000000115c24d7c: 84f0 7dd3 | e04b 40f9 

  0x0000000115c24d84: ;   {metadata(method data for {method} {0x0000000149910178} 'acceptEvent' '(Lnet/minecraftforge/eventbus/api/Event;)V' in 'net/minecraftforge/fml/javafmlmod/FMLModContainer')}
  0x0000000115c24d84: 0281 9fd2 | 4250 a9f2 | 2200 c0f2 | 0008 40b9 | 0012 c0f2 | 4980 0791 | 2801 40f9 | 1f00 08eb 
  0x0000000115c24da4: a100 0054 | 48f4 40f9 | 0805 0091 | 48f4 00f9 | 1c00 0014 | 49c0 0791 | 2801 40f9 | 1f00 08eb 
  0x0000000115c24dc4: a100 0054 | 48fc 40f9 | 0805 0091 | 48fc 00f9 | 1400 0014 | 4980 0791 | 2801 40f9 | c800 00b5 
  0x0000000115c24de4: 2001 00f9 | e803 40b2 | 49a0 0791 | 2801 00f9 | 0c00 0014 | 49c0 0791 | 2801 40f9 | c800 00b5 
  0x0000000115c24e04: 2001 00f9 | e803 40b2 | 49e0 0791 | 2801 00f9 | 0400 0014 | 48e8 40f9 | 0805 0091 | 48e8 00f9 
  0x0000000115c24e24: e24f 40f9 

  0x0000000115c24e28: ;   {oop("Fired event for modid {} : {}"{0x00000004e7dd03c0})}
  0x0000000115c24e28: 0378 80d2 | a3fb bcf2 | 8300 c0f2 | e587 48a9 

  0x0000000115c24e38: ; ImmutableOopMap {[136]=Oop [128]=Oop }
                      ;*invokeinterface trace {reexecute=0 rethrow=0 return_oop=0}
                      ; - net.minecraftforge.fml.javafmlmod.FMLModContainer::acceptEvent@43 (line 122)
                      ;   {optimized virtual_call}
  0x0000000115c24e38: 52d4 ff97 

  0x0000000115c24e3c: ;   {metadata(method data for {method} {0x0000000149910178} 'acceptEvent' '(Lnet/minecraftforge/eventbus/api/Event;)V' in 'net/minecraftforge/fml/javafmlmod/FMLModContainer')}
  0x0000000115c24e3c: 0081 9fd2 | 4050 a9f2 | 2000 c0f2 | 0204 41f9 | 4204 0091 | 0204 01f9 | fd7b 4ca9 | ff43 0391 
  0x0000000115c24e5c: ;   {poll_return}
  0x0000000115c24e5c: 88a7 41f9 | ff63 28eb | 2817 0054 | c003 5fd6 | e143 40f9 | 80ef 41f9 | 9fef 01f9 | 9ff3 01f9 
  0x0000000115c24e7c: e203 01aa 

  0x0000000115c24e80: ;   {metadata(method data for {method} {0x0000000149910178} 'acceptEvent' '(Lnet/minecraftforge/eventbus/api/Event;)V' in 'net/minecraftforge/fml/javafmlmod/FMLModContainer')}
  0x0000000115c24e80: 0381 9fd2 | 4350 a9f2 | 2300 c0f2 | 6810 41f9 | 0805 0091 | 6810 01f9 | 250c 40b9 | a5f0 7dd3 
  0x0000000115c24ea0: ;   {oop(a 'org/apache/logging/log4j/core/Logger'{0x00000004e70865c0})}
  0x0000000115c24ea0: 07b8 8cd2 | 07e1 bcf2 | 8700 c0f2 | e203 07aa 

  0x0000000115c24eb0: ;   {metadata(method data for {method} {0x0000000149910178} 'acceptEvent' '(Lnet/minecraftforge/eventbus/api/Event;)V' in 'net/minecraftforge/fml/javafmlmod/FMLModContainer')}
  0x0000000115c24eb0: 0381 9fd2 | 4350 a9f2 | 2300 c0f2 | 4208 40b9 | 0212 c0f2 | 69a0 0991 | 2801 40f9 | 5f00 08eb 
  0x0000000115c24ed0: a100 0054 | 6838 41f9 | 0805 0091 | 6838 01f9 | 1c00 0014 | 69e0 0991 | 2801 40f9 | 5f00 08eb 
  0x0000000115c24ef0: a100 0054 | 6840 41f9 | 0805 0091 | 6840 01f9 | 1400 0014 | 69a0 0991 | 2801 40f9 | c800 00b5 
  0x0000000115c24f10: 2201 00f9 | e803 40b2 | 69c0 0991 | 2801 00f9 | 0c00 0014 | 69e0 0991 | 2801 40f9 | c800 00b5 
  0x0000000115c24f30: 2201 00f9 | e803 40b2 | 6900 0a91 | 2801 00f9 | 0400 0014 | 682c 41f9 | 0805 0091 | 682c 01f9 
  0x0000000115c24f50: ;   {oop(a 'org/apache/logging/log4j/MarkerManager$Log4jMarker'{0x00000004d6f43540})}
  0x0000000115c24f50: 02a8 86d2 | 82de baf2 | 8200 c0f2 

  0x0000000115c24f5c: ;   {oop("Caught exception during event {} dispatch for modid {}"{0x00000004eab359c0})}
  0x0000000115c24f5c: 0338 8bd2 | 6356 bdf2 | 8300 c0f2 | e603 00aa | e103 07aa | e053 00f9 

  0x0000000115c24f74: ; ImmutableOopMap {[128]=Oop [160]=Oop }
                      ;*invokeinterface error {reexecute=0 rethrow=0 return_oop=0}
                      ; - net.minecraftforge.fml.javafmlmod.FMLModContainer::acceptEvent@67 (line 124)
                      ;   {optimized virtual_call}
  0x0000000115c24f74: e3ef 7295 

  0x0000000115c24f78: ; ImmutableOopMap {[128]=Oop [160]=Oop }
                      ;*new {reexecute=0 rethrow=0 return_oop=0}
                      ; - net.minecraftforge.fml.javafmlmod.FMLModContainer::acceptEvent@72 (line 125)
                      ;   {runtime_call load_mirror_patching Runtime1 stub}
  0x0000000115c24f78: 62c0 7595 | 68ec 4439 | 1f11 0071 

  0x0000000115c24f84: ; implicit exception: dispatches to 0x0000000115c25154
  0x0000000115c24f84: a10e 0054 | 8087 40f9 | 0be0 0091 | 888f 40f9 | 7f01 08eb | 080e 0054 | 8b87 00f9 | ea03 40b2 
  0x0000000115c24fa4: 0a00 00f9 | ea03 032a | 0a7c 0129 | 0a40 0091 | 5f01 00f9 | 5ffd 00a9 | 5ffd 01a9 | bf3a 03d5 
  0x0000000115c24fc4: e143 40f9 | 2214 40b9 | 42f0 7dd3 | 2418 40b9 | 84f0 7dd3 | 1300 a052 

  0x0000000115c24fdc: ;   {metadata('java/lang/Object'[])}
  0x0000000115c24fdc: 03aa 82d2 | 0300 a0f2 | 0312 c0f2 | e703 00aa | 737e 40d3 | e503 13aa | e85f 40b2 | 7f02 08eb 
  0x0000000115c24ffc: 220b 0054 | eb02 80d2 | 6b49 338b | 6bf1 7d92 | 8087 40f9 | 0b60 2b8b | 888f 40f9 | 7f01 08eb 
  0x0000000115c2501c: 280a 0054 | 8b87 00f9 | 6b01 00cb | ea03 40b2 | 0a00 00f9 | ea03 032a | 0a4c 0129 | 6b41 00f1 
  0x0000000115c2503c: c001 0054 | e803 0baa | 0a40 0091 | 0bfd 43d3 | 6821 00f1 | 4300 0054 

  0x0000000115c25054: ;   {runtime_call StubRoutines (2)}
  0x0000000115c25054: 9b99 7295 | 6b00 1036 | 5f7d 81a8 | 5f7d 81a8 | 4b00 0836 | 5f7d 81a8 | 4b00 0036 | 5f01 00f9 
  0x0000000115c25074: bf3a 03d5 | e303 07aa 

  0x0000000115c2507c: ;   {metadata(method data for {method} {0x0000000149910178} 'acceptEvent' '(Lnet/minecraftforge/eventbus/api/Event;)V' in 'net/minecraftforge/fml/javafmlmod/FMLModContainer')}
  0x0000000115c2507c: 0581 9fd2 | 4550 a9f2 | 2500 c0f2 | a848 41f9 | 0805 0091 | a848 01f9 | e303 04aa 

  0x0000000115c25098: ;   {oop("fml.modloading.errorduringevent"{0x00000004eab359d8})}
  0x0000000115c25098: 043b 8bd2 | 6456 bdf2 | 8400 c0f2 | e553 40f9 | e603 00aa | e103 07aa | e757 00f9 

  0x0000000115c250b4: ; ImmutableOopMap {[168]=Oop }
                      ;*invokespecial <init> {reexecute=0 rethrow=0 return_oop=0}
                      ; - net.minecraftforge.fml.javafmlmod.FMLModContainer::acceptEvent@92 (line 125)
                      ;   {optimized virtual_call}
  0x0000000115c250b4: 93ef 7295 | e057 40f9 | 3a00 0014 

  0x0000000115c250c0: ;   {metadata({method} {0x0000000149910178} 'acceptEvent' '(Lnet/minecraftforge/eventbus/api/Event;)V' in 'net/minecraftforge/fml/javafmlmod/FMLModContainer')}
  0x0000000115c250c0: 082f 80d2 | 2832 a9f2 | 2800 c0f2 | e807 00f9 | 0800 8092 | e803 00f9 

  0x0000000115c250d8: ; ImmutableOopMap {c_rarg1=Oop [128]=Oop c_rarg2=Oop }
                      ;*synchronization entry
                      ; - net.minecraftforge.fml.javafmlmod.FMLModContainer::acceptEvent@-1 (line 120)
                      ;   {runtime_call counter_overflow Runtime1 stub}
  0x0000000115c250d8: 4ac2 7595 | 68fe ff17 

  0x0000000115c250e0: ; ImmutableOopMap {[136]=Oop [152]=Oop [144]=Oop c_rarg1=Oop [128]=Oop c_rarg0=Oop }
                      ;*invokeinterface post {reexecute=0 rethrow=0 return_oop=0}
                      ; - net.minecraftforge.fml.javafmlmod.FMLModContainer::acceptEvent@23 (line 121)
                      ;   {runtime_call throw_incompatible_class_change_error Runtime1 stub}
  0x0000000115c250e0: 48b9 7595 

  0x0000000115c250e4: ; ImmutableOopMap {[136]=Oop [152]=Oop [144]=Oop c_rarg1=Oop [128]=Oop c_rarg0=Oop }
                      ;*invokeinterface post {reexecute=0 rethrow=0 return_oop=0}
                      ; - net.minecraftforge.fml.javafmlmod.FMLModContainer::acceptEvent@23 (line 121)
                      ;   {runtime_call throw_null_pointer_exception Runtime1 stub}
  0x0000000115c250e4: 87af 7595 

  0x0000000115c250e8: ;   {metadata({method} {0x000000014921cc18} 'post' '(Lnet/minecraftforge/eventbus/api/Event;)Z' in 'net/minecraftforge/eventbus/EventBus')}
  0x0000000115c250e8: 0883 99d2 | 2824 a9f2 | 2800 c0f2 | e807 00f9 | 0800 8092 | e803 00f9 

  0x0000000115c25100: ; ImmutableOopMap {[136]=Oop [152]=Oop [144]=Oop c_rarg1=Oop [128]=Oop c_rarg0=Oop }
                      ;*synchronization entry
                      ; - net.minecraftforge.eventbus.EventBus::post@-1 (line 298)
                      ; - net.minecraftforge.fml.javafmlmod.FMLModContainer::acceptEvent@23 (line 121)
                      ;   {runtime_call counter_overflow Runtime1 stub}
  0x0000000115c25100: 40c2 7595 | c4fe ff17 

  0x0000000115c25108: ;   {metadata({method} {0x00000090000d6e08} 'linkToTargetMethod' '(Ljava/lang/Object;)Ljava/lang/Object;' in 'java/lang/invoke/Invokers$Holder')}
  0x0000000115c25108: 08c1 8dd2 | a801 a0f2 | 0812 c0f2 | e807 00f9 | 0800 8092 | e803 00f9 

  0x0000000115c25120: ; ImmutableOopMap {[136]=Oop [152]=Oop [144]=Oop c_rarg1=Oop [128]=Oop c_rarg0=Oop c_rarg3=Oop }
                      ;*synchronization entry
                      ; - java.lang.invoke.Invokers$Holder::linkToTargetMethod@-1
                      ; - net.minecraftforge.eventbus.EventBus::post@2 (line 298)
                      ; - net.minecraftforge.fml.javafmlmod.FMLModContainer::acceptEvent@23 (line 121)
                      ;   {runtime_call counter_overflow Runtime1 stub}
  0x0000000115c25120: 38c2 7595 | d7fe ff17 

  0x0000000115c25128: ;   {metadata({method} {0x0000000130400268} 'invoke' '(Ljava/lang/Object;)Ljava/lang/Object;' in 'java/lang/invoke/LambdaForm$MH+0x0000009001000400')}
  0x0000000115c25128: 084d 80d2 | 0808 a6f2 | 2800 c0f2 | e807 00f9 | 0800 8092 | e803 00f9 

  0x0000000115c25140: ; ImmutableOopMap {[136]=Oop [152]=Oop [144]=Oop c_rarg1=Oop [128]=Oop c_rarg0=Oop }
                      ;*synchronization entry
                      ; - java.lang.invoke.LambdaForm$MH/0x0000009001000400::invoke@-1
                      ; - java.lang.invoke.Invokers$Holder::linkToTargetMethod@4
                      ; - net.minecraftforge.eventbus.EventBus::post@2 (line 298)
                      ; - net.minecraftforge.fml.javafmlmod.FMLModContainer::acceptEvent@23 (line 121)
                      ;   {runtime_call counter_overflow Runtime1 stub}
  0x0000000115c25140: 30c2 7595 | e6fe ff17 

  0x0000000115c25148: ;   {internal_word}
  0x0000000115c25148: a8e8 ff10 | 88b3 01f9 

  0x0000000115c25150: ;   {runtime_call SafepointBlob}
  0x0000000115c25150: 2c08 7315 

  0x0000000115c25154: ; ImmutableOopMap {[128]=Oop [160]=Oop }
                      ;*new {reexecute=0 rethrow=0 return_oop=0}
                      ; - net.minecraftforge.fml.javafmlmod.FMLModContainer::acceptEvent@72 (line 125)
                      ;   {runtime_call throw_null_pointer_exception Runtime1 stub}
  0x0000000115c25154: 6baf 7595 

  0x0000000115c25158: ; ImmutableOopMap {[128]=Oop [160]=Oop }
                      ;*new {reexecute=0 rethrow=0 return_oop=0}
                      ; - net.minecraftforge.fml.javafmlmod.FMLModContainer::acceptEvent@72 (line 125)
                      ;   {runtime_call fast_new_instance_init_check Runtime1 stub}
  0x0000000115c25158: 6ab2 7595 | 9aff ff17 

  0x0000000115c25160: ; ImmutableOopMap {[160]=Oop c_rarg2=Oop c_rarg4=Oop c_rarg7=Oop }
                      ;*anewarray {reexecute=0 rethrow=0 return_oop=0}
                      ; - net.minecraftforge.fml.javafmlmod.FMLModContainer::acceptEvent@89 (line 125)
                      ;   {runtime_call new_object_array Runtime1 stub}
  0x0000000115c25160: e8b3 7595 | c5ff ff17 | e447 40f9 | 40ff ff17 | e447 40f9 | 3eff ff17 | e447 40f9 | 3cff ff17 
  0x0000000115c25180: e447 40f9 | 3aff ff17 | e447 40f9 | 38ff ff17 | 1f20 03d5 | 1f20 03d5 | 80ef 41f9 | 9fef 01f9 
  0x0000000115c251a0: 9ff3 01f9 | fd7b 4ca9 | ff43 0391 

  0x0000000115c251ac: ;   {runtime_call unwind_exception Runtime1 stub}
  0x0000000115c251ac: 5573 7315 | 0000 0000 | 0000 0000 | 0000 0000 | 0000 0000 
[Stub Code]
  0x0000000115c251c0: ;   {no_reloc}
  0x0000000115c251c0: df3f 03d5 

  0x0000000115c251c4: ;   {metadata(NULL)}
  0x0000000115c251c4: 0c00 80d2 | 0c00 a0f2 | 0c00 c0f2 | 0800 80d2 | 0800 a0f2 | 0800 c0f2 | 0001 1fd6 

  0x0000000115c251e0: ;   {trampoline_stub}
  0x0000000115c251e0: 4800 0058 | 0001 1fd6 | 809f c115 | 0100 0000 

  0x0000000115c251f0: ;   {static_stub}
  0x0000000115c251f0: df3f 03d5 

  0x0000000115c251f4: ;   {metadata(NULL)}
  0x0000000115c251f4: 0c00 80d2 | 0c00 a0f2 | 0c00 c0f2 | 0800 80d2 | 0800 a0f2 | 0800 c0f2 | 0001 1fd6 

  0x0000000115c25210: ;   {trampoline_stub}
  0x0000000115c25210: 4800 0058 | 0001 1fd6 | 4035 c215 | 0100 0000 

  0x0000000115c25220: ;   {static_stub}
  0x0000000115c25220: df3f 03d5 

  0x0000000115c25224: ;   {metadata(NULL)}
  0x0000000115c25224: 0c00 80d2 | 0c00 a0f2 | 0c00 c0f2 | 0800 80d2 | 0800 a0f2 | 0800 c0f2 | 0001 1fd6 

  0x0000000115c25240: ;   {trampoline_stub}
  0x0000000115c25240: 4800 0058 | 0001 1fd6 | 809f c115 | 0100 0000 

  0x0000000115c25250: ;   {static_stub}
  0x0000000115c25250: df3f 03d5 

  0x0000000115c25254: ;   {metadata(NULL)}
  0x0000000115c25254: 0c00 80d2 | 0c00 a0f2 | 0c00 c0f2 | 0800 80d2 | 0800 a0f2 | 0800 c0f2 | 0001 1fd6 

  0x0000000115c25270: ;   {trampoline_stub}
  0x0000000115c25270: 4800 0058 | 0001 1fd6 | 000f 8e1b | 0100 0000 

  0x0000000115c25280: ;   {static_stub}
  0x0000000115c25280: df3f 03d5 

  0x0000000115c25284: ;   {metadata(NULL)}
  0x0000000115c25284: 0c00 80d2 | 0c00 a0f2 | 0c00 c0f2 | 0800 80d2 | 0800 a0f2 | 0800 c0f2 | 0001 1fd6 

  0x0000000115c252a0: ;   {trampoline_stub}
  0x0000000115c252a0: 4800 0058 | 0001 1fd6 | 000f 8e1b | 0100 0000 
[Exception Handler]
  0x0000000115c252b0: ;   {runtime_call handle_exception_from_callee Runtime1 stub}
  0x0000000115c252b0: 94b6 7595 | c1d5 bbd4 | 649f 2d0c | 0100 0000 
[Deopt Handler Code]
  0x0000000115c252c0: 1e00 0010 

  0x0000000115c252c4: ;   {runtime_call DeoptimizationBlob}
  0x0000000115c252c4: 9f08 7315 
[/MachCode]


---------------  P R O C E S S  ---------------

Threads class SMR info:
_java_thread_list=0x00000009bd0f14c0, length=49, elements={
0x00000001011e65e0, 0x00000001011f8bb0, 0x00000009c2438000, 0x00000009c2438c00,
0x00000009c2439200, 0x00000009c2439800, 0x00000009c2439e00, 0x00000009c243a400,
0x00000009c243aa00, 0x00000009c243b000, 0x00000009c243b600, 0x00000009c2ec8c00,
0x00000009bf680000, 0x00000009bf681200, 0x00000009bf683000, 0x00000009c2ec9800,
0x00000009c2e50000, 0x00000009c0c54c00, 0x00000009c0c55200, 0x00000009c0c55800,
0x00000009c0c55e00, 0x00000009c0c56400, 0x00000009c0c56a00, 0x00000009c0c57000,
0x00000009c0c57600, 0x00000009c0c64000, 0x00000009c0c64600, 0x00000009c0c66a00,
0x00000009bf74f600, 0x00000009bf74d200, 0x00000009c0c67600, 0x00000009bdd81800,
0x00000009be3fa400, 0x00000009be3f9200, 0x00000009be3f8c00, 0x00000009be3fb600,
0x00000009bd820000, 0x00000009bd820600, 0x00000009bd820c00, 0x00000009bd821200,
0x00000009bd821800, 0x00000009bd823600, 0x00000009bd821e00, 0x00000009c2493000,
0x00000009c0c65200, 0x00000009bdd81200, 0x00000009bdff5e00, 0x00000009bdff7600,
0x00000009bda2c000
}

Java Threads: ( => current thread )
=>0x00000001011e65e0 JavaThread "Render thread" [_thread_in_native, id=259, stack(0x000000016ed44000,0x000000016f540000)]
  0x00000001011f8bb0 JavaThread "Reference Handler" daemon [_thread_blocked, id=22787, stack(0x0000000170218000,0x000000017031b000)]
  0x00000009c2438000 JavaThread "Finalizer" daemon [_thread_blocked, id=31235, stack(0x0000000170324000,0x0000000170427000)]
  0x00000009c2438c00 JavaThread "Signal Dispatcher" daemon [_thread_blocked, id=24835, stack(0x0000000170548000,0x000000017064b000)]
  0x00000009c2439200 JavaThread "Service Thread" daemon [_thread_blocked, id=29443, stack(0x0000000170654000,0x0000000170757000)]
  0x00000009c2439800 JavaThread "Monitor Deflation Thread" daemon [_thread_blocked, id=25347, stack(0x0000000170760000,0x0000000170863000)]
  0x00000009c2439e00 JavaThread "C2 CompilerThread0" daemon [_thread_in_native, id=29187, stack(0x000000017086c000,0x0000000170a6f000)]
  0x00000009c243a400 JavaThread "C1 CompilerThread0" daemon [_thread_blocked, id=26115, stack(0x0000000170a78000,0x0000000170c7b000)]
  0x00000009c243aa00 JavaThread "Sweeper thread" daemon [_thread_blocked, id=26371, stack(0x0000000170c84000,0x0000000170d87000)]
  0x00000009c243b000 JavaThread "Common-Cleaner" daemon [_thread_blocked, id=28419, stack(0x0000000170d90000,0x0000000170e93000)]
  0x00000009c243b600 JavaThread "Notification Thread" daemon [_thread_blocked, id=28163, stack(0x0000000170e9c000,0x0000000170f9f000)]
  0x00000009c2ec8c00 JavaThread "pool-2-thread-1" daemon [_thread_blocked, id=52747, stack(0x00000001721ac000,0x00000001722af000)]
  0x00000009bf680000 JavaThread "HttpClient-1-SelectorManager" daemon [_thread_in_native, id=95503, stack(0x0000000172868000,0x000000017296b000)]
  0x00000009bf681200 JavaThread "JNA Cleaner" daemon [_thread_blocked, id=94983, stack(0x0000000172974000,0x0000000172a77000)]
  0x00000009bf683000 JavaThread "process reaper" daemon [_thread_blocked, id=95283, stack(0x0000000172a80000,0x0000000172ab7000)]
  0x00000009c2ec9800 JavaThread "Timer hack thread" daemon [_thread_blocked, id=86311, stack(0x0000000172ac0000,0x0000000172bc3000)]
  0x00000009c2e50000 JavaThread "Yggdrasil Key Fetcher" daemon [_thread_blocked, id=87383, stack(0x0000000172fe4000,0x00000001730e7000)]
  0x00000009c0c54c00 JavaThread "modloading-worker-0" daemon [_thread_blocked, id=93995, stack(0x000000017275c000,0x000000017285f000)]
  0x00000009c0c55200 JavaThread "modloading-worker-0" daemon [_thread_blocked, id=94251, stack(0x00000001731fc000,0x00000001732ff000)]
  0x00000009c0c55800 JavaThread "modloading-worker-0" daemon [_thread_blocked, id=119711, stack(0x0000000173308000,0x000000017340b000)]
  0x00000009c0c55e00 JavaThread "modloading-worker-0" daemon [_thread_blocked, id=119043, stack(0x0000000173414000,0x0000000173517000)]
  0x00000009c0c56400 JavaThread "modloading-worker-0" daemon [_thread_blocked, id=96771, stack(0x0000000173520000,0x0000000173623000)]
  0x00000009c0c56a00 JavaThread "modloading-worker-0" daemon [_thread_blocked, id=118531, stack(0x000000017362c000,0x000000017372f000)]
  0x00000009c0c57000 JavaThread "modloading-worker-0" daemon [_thread_blocked, id=118019, stack(0x0000000173738000,0x000000017383b000)]
  0x00000009c0c57600 JavaThread "modloading-worker-0" daemon [_thread_blocked, id=97283, stack(0x0000000173844000,0x0000000173947000)]
  0x00000009c0c64000 JavaThread "modloading-worker-0" daemon [_thread_blocked, id=117251, stack(0x0000000173950000,0x0000000173a53000)]
  0x00000009c0c64600 JavaThread "modloading-worker-0" daemon [_thread_blocked, id=116483, stack(0x0000000173a5c000,0x0000000173b5f000)]
  0x00000009c0c66a00 JavaThread "KubeJS Background Thread" daemon [_thread_blocked, id=116747, stack(0x0000000173b68000,0x0000000173c6b000)]
  0x00000009bf74f600 JavaThread "JEI Config File Watcher" daemon [_thread_blocked, id=98307, stack(0x0000000173e80000,0x0000000173f83000)]
  0x00000009bf74d200 JavaThread "FileSystemWatcher" daemon [_thread_blocked, id=98819, stack(0x0000000173f8c000,0x000000017408f000)]
  0x00000009c0c67600 JavaThread "pool-7-thread-1" [_thread_blocked, id=115719, stack(0x0000000174098000,0x000000017419b000)]
  0x00000009bdd81800 JavaThread "pool-9-thread-1" [_thread_blocked, id=99331, stack(0x00000001741a4000,0x00000001742a7000)]
  0x00000009be3fa400 JavaThread "Worker-Main-1" daemon [_thread_blocked, id=99587, stack(0x00000001742b0000,0x00000001743b3000)]
  0x00000009be3f9200 JavaThread "Worker-Main-2" daemon [_thread_blocked, id=99843, stack(0x00000001743bc000,0x00000001744bf000)]
  0x00000009be3f8c00 JavaThread "Worker-Main-3" daemon [_thread_blocked, id=114691, stack(0x00000001744c8000,0x00000001745cb000)]
  0x00000009be3fb600 JavaThread "Worker-Main-4" daemon [_thread_blocked, id=100611, stack(0x00000001745d4000,0x00000001746d7000)]
  0x00000009bd820000 JavaThread "Worker-Main-5" daemon [_thread_blocked, id=114435, stack(0x00000001746e0000,0x00000001747e3000)]
  0x00000009bd820600 JavaThread "Worker-Main-6" daemon [_thread_blocked, id=101123, stack(0x00000001747ec000,0x00000001748ef000)]
  0x00000009bd820c00 JavaThread "Worker-Main-7" daemon [_thread_blocked, id=113923, stack(0x00000001748f8000,0x00000001749fb000)]
  0x00000009bd821200 JavaThread "Worker-Main-8" daemon [_thread_blocked, id=113411, stack(0x0000000174a04000,0x0000000174b07000)]
  0x00000009bd821800 JavaThread "Worker-Main-9" daemon [_thread_blocked, id=101891, stack(0x0000000174b10000,0x0000000174c13000)]
  0x00000009bd823600 JavaThread "Sound engine" daemon [_thread_blocked, id=112899, stack(0x0000000174c1c000,0x0000000174d1f000)]
  0x00000009bd821e00 JavaThread "pool-12-thread-1" [_thread_blocked, id=143643, stack(0x0000000174e40000,0x0000000174f43000)]
  0x00000009c2493000 JavaThread "IO-Worker-10" [_thread_blocked, id=160515, stack(0x0000000174f4c000,0x000000017504f000)]
  0x00000009c0c65200 JavaThread "Thread-4" daemon [_thread_blocked, id=160259, stack(0x0000000175058000,0x000000017515b000)]
  0x00000009bdd81200 JavaThread "FileSystemWatcher" daemon [_thread_blocked, id=144387, stack(0x0000000175164000,0x0000000175267000)]
  0x00000009bdff5e00 JavaThread "HttpClient-2-SelectorManager" daemon [_thread_in_native, id=159235, stack(0x000000017537c000,0x000000017547f000)]
  0x00000009bdff7600 JavaThread "HttpClient-2-Worker-0" daemon [_thread_blocked, id=144899, stack(0x0000000175488000,0x000000017558b000)]
  0x00000009bda2c000 JavaThread "HttpClient-2-Worker-1" daemon [_thread_blocked, id=145155, stack(0x0000000175594000,0x0000000175697000)]

Other Threads:
  0x00000001011f7f30 VMThread "VM Thread" [stack: 0x000000017000c000,0x000000017020f000] [id=16899]
  0x00000001011e7820 WatcherThread [stack: 0x0000000170fa8000,0x00000001711ab000] [id=27651]
  0x00000001011f0d60 GCTaskThread "GC Thread#0" [stack: 0x000000016f5d0000,0x000000016f7d3000] [id=14851]
  0x00000009c3918f00 GCTaskThread "GC Thread#1" [stack: 0x00000001711b4000,0x00000001713b7000] [id=27395]
  0x00000009c3919200 GCTaskThread "GC Thread#2" [stack: 0x00000001713c0000,0x00000001715c3000] [id=32771]
  0x00000009c3919500 GCTaskThread "GC Thread#3" [stack: 0x00000001715cc000,0x00000001717cf000] [id=33283]
  0x00000009c3919800 GCTaskThread "GC Thread#4" [stack: 0x00000001717d8000,0x00000001719db000] [id=43267]
  0x00000009c3919b00 GCTaskThread "GC Thread#5" [stack: 0x00000001719e4000,0x0000000171be7000] [id=34051]
  0x00000009c4062400 GCTaskThread "GC Thread#6" [stack: 0x0000000171bf0000,0x0000000171df3000] [id=34323]
  0x00000009c4063900 GCTaskThread "GC Thread#7" [stack: 0x0000000171dfc000,0x0000000171fff000] [id=42755]
  0x00000009c40f8600 GCTaskThread "GC Thread#8" [stack: 0x0000000172344000,0x0000000172547000] [id=83759]
  0x00000001011f1a50 ConcurrentGCThread "G1 Main Marker" [stack: 0x000000016f7dc000,0x000000016f9df000] [id=12803]
  0x00000001011f2490 ConcurrentGCThread "G1 Conc#0" [stack: 0x000000016f9e8000,0x000000016fbeb000] [id=13827]
  0x00000009c40f8300 ConcurrentGCThread "G1 Conc#1" [stack: 0x0000000172550000,0x0000000172753000] [id=94507]
  0x00000001011f4050 ConcurrentGCThread "G1 Refine#0" [stack: 0x000000016fbf4000,0x000000016fdf7000] [id=13315]
  0x00000009c6425800 ConcurrentGCThread "G1 Refine#1" [stack: 0x0000000172bcc000,0x0000000172dcf000] [id=121091]
  0x00000009c6425b00 ConcurrentGCThread "G1 Refine#2" [stack: 0x0000000172dd8000,0x0000000172fdb000] [id=120323]
  0x00000009c5f30600 ConcurrentGCThread "G1 Refine#3" [stack: 0x0000000173c74000,0x0000000173e77000] [id=115971]
  0x00000009c7768300 ConcurrentGCThread "G1 Refine#4" [stack: 0x0000000175b68000,0x0000000175d6b000] [id=71083]
  0x00000009c7768600 ConcurrentGCThread "G1 Refine#5" [stack: 0x0000000175d74000,0x0000000175f77000] [id=152835]
  0x00000009c7768900 ConcurrentGCThread "G1 Refine#6" [stack: 0x0000000175f80000,0x0000000176183000] [id=152579]
  0x00000009c7768f00 ConcurrentGCThread "G1 Refine#7" [stack: 0x000000017618c000,0x000000017638f000] [id=150787]
  0x00000009c7769200 ConcurrentGCThread "G1 Refine#8" [stack: 0x0000000176398000,0x000000017659b000] [id=151811]
  0x00000001011f4750 ConcurrentGCThread "G1 Service" [stack: 0x000000016fe00000,0x0000000170003000] [id=21507]

Threads with active compile tasks:
C2 CompilerThread0  22413 14545       4       org.spongepowered.asm.mixin.injection.struct.MemberInfo::match (27 bytes)

VM state: not at safepoint (normal execution)

VM Mutex/Monitor currently owned by a thread: None

Heap address: 0x00000004d5000000, size: 4096 MB, Compressed Oops mode: Zero based, Oop shift amount: 3

CDS archive(s) mapped at: [0x0000009000000000-0x0000009000bc0000-0x0000009000bc0000), size 12320768, SharedBaseAddress: 0x0000009000000000, ArchiveRelocationMode: 1.
Compressed class space mapped at: 0x0000009001000000-0x0000009041000000, reserved size: 1073741824
Narrow klass base: 0x0000009000000000, Narrow klass shift: 0, Narrow klass range: 0x100000000

GC Precious Log:
 CPUs: 10 total, 10 available
 Memory: 16384M
 Large Page Support: Disabled
 NUMA Support: Disabled
 Compressed Oops: Enabled (Zero based)
 Heap Region Size: 2M
 Heap Min Capacity: 256M
 Heap Initial Capacity: 256M
 Heap Max Capacity: 4G
 Pre-touch: Disabled
 Parallel Workers: 9
 Concurrent Workers: 2
 Concurrent Refinement Workers: 9
 Periodic GC: Disabled

Heap:
 garbage-first heap   total 1681408K, used 675744K [0x00000004d5000000, 0x00000005d5000000)
  region size 2048K, 55 young (112640K), 52 survivors (106496K)
 Metaspace       used 133849K, committed 135616K, reserved 1179648K
  class space    used 20969K, committed 21760K, reserved 1048576K

Heap Regions: E=young(eden), S=young(survivor), O=old, HS=humongous(starts), HC=humongous(continues), CS=collection set, F=free, OA=open archive, CA=closed archive, TAMS=top-at-mark-start (previous, next)
|   0|0x00000004d5000000, 0x00000004d5200000, 0x00000004d5200000|100%|HS|  |TAMS 0x00000004d5200000, 0x00000004d5000000| Complete 
|   1|0x00000004d5200000, 0x00000004d5400000, 0x00000004d5400000|100%|HS|  |TAMS 0x00000004d5400000, 0x00000004d5200000| Complete 
|   2|0x00000004d5400000, 0x00000004d5600000, 0x00000004d5600000|100%| O|  |TAMS 0x00000004d5600000, 0x00000004d5400000| Untracked 
|   3|0x00000004d5600000, 0x00000004d5800000, 0x00000004d5800000|100%| O|  |TAMS 0x00000004d5800000, 0x00000004d5600000| Untracked 
|   4|0x00000004d5800000, 0x00000004d5a00000, 0x00000004d5a00000|100%| O|  |TAMS 0x00000004d5a00000, 0x00000004d5800000| Untracked 
|   5|0x00000004d5a00000, 0x00000004d5c00000, 0x00000004d5c00000|100%|HS|  |TAMS 0x00000004d5c00000, 0x00000004d5a00000| Complete 
|   6|0x00000004d5c00000, 0x00000004d5e00000, 0x00000004d5e00000|100%|HS|  |TAMS 0x00000004d5e00000, 0x00000004d5c00000| Complete 
|   7|0x00000004d5e00000, 0x00000004d6000000, 0x00000004d6000000|100%| O|  |TAMS 0x00000004d6000000, 0x00000004d5e00000| Untracked 
|   8|0x00000004d6000000, 0x00000004d6200000, 0x00000004d6200000|100%| O|  |TAMS 0x00000004d6200000, 0x00000004d6000000| Untracked 
|   9|0x00000004d6200000, 0x00000004d6400000, 0x00000004d6400000|100%| O|  |TAMS 0x00000004d6400000, 0x00000004d6200000| Untracked 
|  10|0x00000004d6400000, 0x00000004d6600000, 0x00000004d6600000|100%|HS|  |TAMS 0x00000004d6600000, 0x00000004d6400000| Complete 
|  11|0x00000004d6600000, 0x00000004d6800000, 0x00000004d6800000|100%|HS|  |TAMS 0x00000004d6800000, 0x00000004d6600000| Complete 
|  12|0x00000004d6800000, 0x00000004d6a00000, 0x00000004d6a00000|100%| O|  |TAMS 0x00000004d6a00000, 0x00000004d6800000| Untracked 
|  13|0x00000004d6a00000, 0x00000004d6c00000, 0x00000004d6c00000|100%| O|  |TAMS 0x00000004d6c00000, 0x00000004d6a00000| Untracked 
|  14|0x00000004d6c00000, 0x00000004d6e00000, 0x00000004d6e00000|100%| O|  |TAMS 0x00000004d6e00000, 0x00000004d6c00000| Untracked 
|  15|0x00000004d6e00000, 0x00000004d7000000, 0x00000004d7000000|100%| O|  |TAMS 0x00000004d7000000, 0x00000004d6e00000| Untracked 
|  16|0x00000004d7000000, 0x00000004d7200000, 0x00000004d7200000|100%|HS|  |TAMS 0x00000004d7200000, 0x00000004d7000000| Complete 
|  17|0x00000004d7200000, 0x00000004d7400000, 0x00000004d7400000|100%|HS|  |TAMS 0x00000004d7400000, 0x00000004d7200000| Complete 
|  18|0x00000004d7400000, 0x00000004d7600000, 0x00000004d7600000|100%|HS|  |TAMS 0x00000004d7600000, 0x00000004d7400000| Complete 
|  19|0x00000004d7600000, 0x00000004d7800000, 0x00000004d7800000|100%| O|  |TAMS 0x00000004d7800000, 0x00000004d7600000| Untracked 
|  20|0x00000004d7800000, 0x00000004d7a00000, 0x00000004d7a00000|100%| O|  |TAMS 0x00000004d7a00000, 0x00000004d7800000| Untracked 
|  21|0x00000004d7a00000, 0x00000004d7c00000, 0x00000004d7c00000|100%| O|  |TAMS 0x00000004d7c00000, 0x00000004d7a00000| Untracked 
|  22|0x00000004d7c00000, 0x00000004d7e00000, 0x00000004d7e00000|100%| O|  |TAMS 0x00000004d7e00000, 0x00000004d7c00000| Untracked 
|  23|0x00000004d7e00000, 0x00000004d8000000, 0x00000004d8000000|100%| O|  |TAMS 0x00000004d8000000, 0x00000004d7e00000| Untracked 
|  24|0x00000004d8000000, 0x00000004d8200000, 0x00000004d8200000|100%| O|  |TAMS 0x00000004d8200000, 0x00000004d8000000| Untracked 
|  25|0x00000004d8200000, 0x00000004d8400000, 0x00000004d8400000|100%| O|  |TAMS 0x00000004d8400000, 0x00000004d8200000| Untracked 
|  26|0x00000004d8400000, 0x00000004d8600000, 0x00000004d8600000|100%| O|  |TAMS 0x00000004d8600000, 0x00000004d8400000| Untracked 
|  27|0x00000004d8600000, 0x00000004d8800000, 0x00000004d8800000|100%| O|  |TAMS 0x00000004d8800000, 0x00000004d8600000| Untracked 
|  28|0x00000004d8800000, 0x00000004d8a00000, 0x00000004d8a00000|100%| O|  |TAMS 0x00000004d8a00000, 0x00000004d8800000| Untracked 
|  29|0x00000004d8a00000, 0x00000004d8c00000, 0x00000004d8c00000|100%| O|  |TAMS 0x00000004d8c00000, 0x00000004d8a00000| Untracked 
|  30|0x00000004d8c00000, 0x00000004d8e00000, 0x00000004d8e00000|100%| O|  |TAMS 0x00000004d8e00000, 0x00000004d8c00000| Untracked 
|  31|0x00000004d8e00000, 0x00000004d9000000, 0x00000004d9000000|100%| O|  |TAMS 0x00000004d9000000, 0x00000004d8e00000| Untracked 
|  32|0x00000004d9000000, 0x00000004d9200000, 0x00000004d9200000|100%| O|  |TAMS 0x00000004d9200000, 0x00000004d9000000| Untracked 
|  33|0x00000004d9200000, 0x00000004d9400000, 0x00000004d9400000|100%| O|  |TAMS 0x00000004d9400000, 0x00000004d9200000| Untracked 
|  34|0x00000004d9400000, 0x00000004d9600000, 0x00000004d9600000|100%| O|  |TAMS 0x00000004d9600000, 0x00000004d9400000| Untracked 
|  35|0x00000004d9600000, 0x00000004d9800000, 0x00000004d9800000|100%| O|  |TAMS 0x00000004d9800000, 0x00000004d9600000| Untracked 
|  36|0x00000004d9800000, 0x00000004d9a00000, 0x00000004d9a00000|100%| O|  |TAMS 0x00000004d9a00000, 0x00000004d9800000| Untracked 
|  37|0x00000004d9a00000, 0x00000004d9c00000, 0x00000004d9c00000|100%| O|  |TAMS 0x00000004d9c00000, 0x00000004d9a00000| Untracked 
|  38|0x00000004d9c00000, 0x00000004d9e00000, 0x00000004d9e00000|100%| O|  |TAMS 0x00000004d9e00000, 0x00000004d9c00000| Untracked 
|  39|0x00000004d9e00000, 0x00000004da000000, 0x00000004da000000|100%| O|  |TAMS 0x00000004da000000, 0x00000004d9e00000| Untracked 
|  40|0x00000004da000000, 0x00000004da200000, 0x00000004da200000|100%| O|  |TAMS 0x00000004da200000, 0x00000004da000000| Untracked 
|  41|0x00000004da200000, 0x00000004da400000, 0x00000004da400000|100%| O|  |TAMS 0x00000004da400000, 0x00000004da200000| Untracked 
|  42|0x00000004da400000, 0x00000004da600000, 0x00000004da600000|100%| O|  |TAMS 0x00000004da600000, 0x00000004da400000| Untracked 
|  43|0x00000004da600000, 0x00000004da800000, 0x00000004da800000|100%| O|  |TAMS 0x00000004da800000, 0x00000004da600000| Untracked 
|  44|0x00000004da800000, 0x00000004daa00000, 0x00000004daa00000|100%| O|  |TAMS 0x00000004daa00000, 0x00000004da800000| Untracked 
|  45|0x00000004daa00000, 0x00000004dac00000, 0x00000004dac00000|100%| O|  |TAMS 0x00000004dac00000, 0x00000004daa00000| Untracked 
|  46|0x00000004dac00000, 0x00000004dae00000, 0x00000004dae00000|100%| O|  |TAMS 0x00000004dae00000, 0x00000004dac00000| Untracked 
|  47|0x00000004dae00000, 0x00000004db000000, 0x00000004db000000|100%| O|  |TAMS 0x00000004db000000, 0x00000004dae00000| Untracked 
|  48|0x00000004db000000, 0x00000004db200000, 0x00000004db200000|100%| O|  |TAMS 0x00000004db200000, 0x00000004db000000| Untracked 
|  49|0x00000004db200000, 0x00000004db400000, 0x00000004db400000|100%| O|  |TAMS 0x00000004db400000, 0x00000004db200000| Untracked 
|  50|0x00000004db400000, 0x00000004db600000, 0x00000004db600000|100%| O|  |TAMS 0x00000004db600000, 0x00000004db400000| Untracked 
|  51|0x00000004db600000, 0x00000004db800000, 0x00000004db800000|100%| O|  |TAMS 0x00000004db800000, 0x00000004db600000| Untracked 
|  52|0x00000004db800000, 0x00000004dba00000, 0x00000004dba00000|100%| O|  |TAMS 0x00000004dba00000, 0x00000004db800000| Untracked 
|  53|0x00000004dba00000, 0x00000004dbc00000, 0x00000004dbc00000|100%| O|  |TAMS 0x00000004dbc00000, 0x00000004dba00000| Untracked 
|  54|0x00000004dbc00000, 0x00000004dbe00000, 0x00000004dbe00000|100%| O|  |TAMS 0x00000004dbe00000, 0x00000004dbc00000| Untracked 
|  55|0x00000004dbe00000, 0x00000004dc000000, 0x00000004dc000000|100%| O|  |TAMS 0x00000004dc000000, 0x00000004dbe00000| Untracked 
|  56|0x00000004dc000000, 0x00000004dc200000, 0x00000004dc200000|100%| O|  |TAMS 0x00000004dc200000, 0x00000004dc000000| Untracked 
|  57|0x00000004dc200000, 0x00000004dc400000, 0x00000004dc400000|100%| O|  |TAMS 0x00000004dc400000, 0x00000004dc200000| Untracked 
|  58|0x00000004dc400000, 0x00000004dc600000, 0x00000004dc600000|100%| O|  |TAMS 0x00000004dc600000, 0x00000004dc400000| Untracked 
|  59|0x00000004dc600000, 0x00000004dc800000, 0x00000004dc800000|100%| O|  |TAMS 0x00000004dc800000, 0x00000004dc600000| Untracked 
|  60|0x00000004dc800000, 0x00000004dca00000, 0x00000004dca00000|100%| O|  |TAMS 0x00000004dca00000, 0x00000004dc800000| Untracked 
|  61|0x00000004dca00000, 0x00000004dcc00000, 0x00000004dcc00000|100%| O|  |TAMS 0x00000004dcc00000, 0x00000004dca00000| Untracked 
|  62|0x00000004dcc00000, 0x00000004dce00000, 0x00000004dce00000|100%| O|  |TAMS 0x00000004dce00000, 0x00000004dcc00000| Untracked 
|  63|0x00000004dce00000, 0x00000004dd000000, 0x00000004dd000000|100%| O|  |TAMS 0x00000004dd000000, 0x00000004dce00000| Untracked 
|  64|0x00000004dd000000, 0x00000004dd200000, 0x00000004dd200000|100%| O|  |TAMS 0x00000004dd200000, 0x00000004dd000000| Untracked 
|  65|0x00000004dd200000, 0x00000004dd400000, 0x00000004dd400000|100%|HS|  |TAMS 0x00000004dd400000, 0x00000004dd200000| Complete 
|  66|0x00000004dd400000, 0x00000004dd600000, 0x00000004dd600000|100%|HC|  |TAMS 0x00000004dd600000, 0x00000004dd400000| Complete 
|  67|0x00000004dd600000, 0x00000004dd800000, 0x00000004dd800000|100%|HC|  |TAMS 0x00000004dd800000, 0x00000004dd600000| Complete 
|  68|0x00000004dd800000, 0x00000004dda00000, 0x00000004dda00000|100%|HC|  |TAMS 0x00000004dda00000, 0x00000004dd800000| Complete 
|  69|0x00000004dda00000, 0x00000004ddc00000, 0x00000004ddc00000|100%|HC|  |TAMS 0x00000004ddc00000, 0x00000004dda00000| Complete 
|  70|0x00000004ddc00000, 0x00000004dde00000, 0x00000004dde00000|100%|HC|  |TAMS 0x00000004dde00000, 0x00000004ddc00000| Complete 
|  71|0x00000004dde00000, 0x00000004de000000, 0x00000004de000000|100%| O|  |TAMS 0x00000004de000000, 0x00000004dde00000| Untracked 
|  72|0x00000004de000000, 0x00000004de200000, 0x00000004de200000|100%| O|  |TAMS 0x00000004de200000, 0x00000004de000000| Untracked 
|  73|0x00000004de200000, 0x00000004de400000, 0x00000004de400000|100%| O|  |TAMS 0x00000004de400000, 0x00000004de200000| Untracked 
|  74|0x00000004de400000, 0x00000004de600000, 0x00000004de600000|100%| O|  |TAMS 0x00000004de600000, 0x00000004de400000| Untracked 
|  75|0x00000004de600000, 0x00000004de800000, 0x00000004de800000|100%| O|  |TAMS 0x00000004de800000, 0x00000004de600000| Untracked 
|  76|0x00000004de800000, 0x00000004dea00000, 0x00000004dea00000|100%| O|  |TAMS 0x00000004dea00000, 0x00000004de800000| Untracked 
|  77|0x00000004dea00000, 0x00000004dec00000, 0x00000004dec00000|100%| O|  |TAMS 0x00000004dec00000, 0x00000004dea00000| Untracked 
|  78|0x00000004dec00000, 0x00000004dee00000, 0x00000004dee00000|100%| O|  |TAMS 0x00000004dee00000, 0x00000004dec00000| Untracked 
|  79|0x00000004dee00000, 0x00000004df000000, 0x00000004df000000|100%| O|  |TAMS 0x00000004df000000, 0x00000004dee00000| Untracked 
|  80|0x00000004df000000, 0x00000004df200000, 0x00000004df200000|100%| O|  |TAMS 0x00000004df200000, 0x00000004df000000| Untracked 
|  81|0x00000004df200000, 0x00000004df400000, 0x00000004df400000|100%| O|  |TAMS 0x00000004df400000, 0x00000004df200000| Untracked 
|  82|0x00000004df400000, 0x00000004df600000, 0x00000004df600000|100%| O|  |TAMS 0x00000004df600000, 0x00000004df400000| Untracked 
|  83|0x00000004df600000, 0x00000004df800000, 0x00000004df800000|100%| O|  |TAMS 0x00000004df800000, 0x00000004df600000| Untracked 
|  84|0x00000004df800000, 0x00000004dfa00000, 0x00000004dfa00000|100%| O|  |TAMS 0x00000004dfa00000, 0x00000004df800000| Untracked 
|  85|0x00000004dfa00000, 0x00000004dfc00000, 0x00000004dfc00000|100%| O|  |TAMS 0x00000004dfc00000, 0x00000004dfa00000| Untracked 
|  86|0x00000004dfc00000, 0x00000004dfe00000, 0x00000004dfe00000|100%| O|  |TAMS 0x00000004dfe00000, 0x00000004dfc00000| Untracked 
|  87|0x00000004dfe00000, 0x00000004e0000000, 0x00000004e0000000|100%| O|  |TAMS 0x00000004e0000000, 0x00000004dfe00000| Untracked 
|  88|0x00000004e0000000, 0x00000004e0200000, 0x00000004e0200000|100%| O|  |TAMS 0x00000004e0200000, 0x00000004e0000000| Untracked 
|  89|0x00000004e0200000, 0x00000004e0400000, 0x00000004e0400000|100%| O|  |TAMS 0x00000004e0400000, 0x00000004e0200000| Untracked 
|  90|0x00000004e0400000, 0x00000004e0600000, 0x00000004e0600000|100%| O|  |TAMS 0x00000004e0600000, 0x00000004e0400000| Untracked 
|  91|0x00000004e0600000, 0x00000004e0800000, 0x00000004e0800000|100%| O|  |TAMS 0x00000004e0800000, 0x00000004e0600000| Untracked 
|  92|0x00000004e0800000, 0x00000004e0a00000, 0x00000004e0a00000|100%| O|  |TAMS 0x00000004e0a00000, 0x00000004e0800000| Untracked 
|  93|0x00000004e0a00000, 0x00000004e0c00000, 0x00000004e0c00000|100%| O|  |TAMS 0x00000004e0c00000, 0x00000004e0a00000| Untracked 
|  94|0x00000004e0c00000, 0x00000004e0e00000, 0x00000004e0e00000|100%| O|  |TAMS 0x00000004e0e00000, 0x00000004e0c00000| Untracked 
|  95|0x00000004e0e00000, 0x00000004e1000000, 0x00000004e1000000|100%| O|  |TAMS 0x00000004e1000000, 0x00000004e0e00000| Untracked 
|  96|0x00000004e1000000, 0x00000004e1200000, 0x00000004e1200000|100%| O|  |TAMS 0x00000004e1200000, 0x00000004e1000000| Untracked 
|  97|0x00000004e1200000, 0x00000004e1400000, 0x00000004e1400000|100%| O|  |TAMS 0x00000004e1400000, 0x00000004e1200000| Untracked 
|  98|0x00000004e1400000, 0x00000004e1600000, 0x00000004e1600000|100%| O|  |TAMS 0x00000004e1600000, 0x00000004e1400000| Untracked 
|  99|0x00000004e1600000, 0x00000004e1800000, 0x00000004e1800000|100%| O|  |TAMS 0x00000004e1800000, 0x00000004e1600000| Untracked 
| 100|0x00000004e1800000, 0x00000004e1a00000, 0x00000004e1a00000|100%| O|  |TAMS 0x00000004e1a00000, 0x00000004e1800000| Untracked 
| 101|0x00000004e1a00000, 0x00000004e1c00000, 0x00000004e1c00000|100%| O|  |TAMS 0x00000004e1c00000, 0x00000004e1a00000| Untracked 
| 102|0x00000004e1c00000, 0x00000004e1e00000, 0x00000004e1e00000|100%| O|  |TAMS 0x00000004e1c00000, 0x00000004e1c00000| Untracked 
| 103|0x00000004e1e00000, 0x00000004e2000000, 0x00000004e2000000|100%| O|  |TAMS 0x00000004e2000000, 0x00000004e1e00000| Untracked 
| 104|0x00000004e2000000, 0x00000004e2200000, 0x00000004e2200000|100%| O|  |TAMS 0x00000004e2200000, 0x00000004e2000000| Untracked 
| 105|0x00000004e2200000, 0x00000004e2400000, 0x00000004e2400000|100%| O|  |TAMS 0x00000004e2400000, 0x00000004e2200000| Untracked 
| 106|0x00000004e2400000, 0x00000004e2600000, 0x00000004e2600000|100%| O|  |TAMS 0x00000004e2600000, 0x00000004e2400000| Untracked 
| 107|0x00000004e2600000, 0x00000004e2800000, 0x00000004e2800000|100%| O|  |TAMS 0x00000004e2800000, 0x00000004e2600000| Untracked 
| 108|0x00000004e2800000, 0x00000004e2a00000, 0x00000004e2a00000|100%| O|  |TAMS 0x00000004e2a00000, 0x00000004e2800000| Untracked 
| 109|0x00000004e2a00000, 0x00000004e2c00000, 0x00000004e2c00000|100%| O|  |TAMS 0x00000004e2c00000, 0x00000004e2a00000| Untracked 
| 110|0x00000004e2c00000, 0x00000004e2e00000, 0x00000004e2e00000|100%| O|  |TAMS 0x00000004e2e00000, 0x00000004e2c00000| Untracked 
| 111|0x00000004e2e00000, 0x00000004e3000000, 0x00000004e3000000|100%| O|  |TAMS 0x00000004e3000000, 0x00000004e2e00000| Untracked 
| 112|0x00000004e3000000, 0x00000004e3200000, 0x00000004e3200000|100%| O|  |TAMS 0x00000004e3200000, 0x00000004e3000000| Untracked 
| 113|0x00000004e3200000, 0x00000004e3400000, 0x00000004e3400000|100%| O|  |TAMS 0x00000004e3400000, 0x00000004e3200000| Untracked 
| 114|0x00000004e3400000, 0x00000004e3600000, 0x00000004e3600000|100%| O|  |TAMS 0x00000004e3600000, 0x00000004e3400000| Untracked 
| 115|0x00000004e3600000, 0x00000004e3800000, 0x00000004e3800000|100%| O|  |TAMS 0x00000004e3800000, 0x00000004e3600000| Untracked 
| 116|0x00000004e3800000, 0x00000004e3a00000, 0x00000004e3a00000|100%| O|  |TAMS 0x00000004e3a00000, 0x00000004e3800000| Untracked 
| 117|0x00000004e3a00000, 0x00000004e3c00000, 0x00000004e3c00000|100%| O|  |TAMS 0x00000004e3c00000, 0x00000004e3a00000| Untracked 
| 118|0x00000004e3c00000, 0x00000004e3e00000, 0x00000004e3e00000|100%| O|  |TAMS 0x00000004e3e00000, 0x00000004e3c00000| Untracked 
| 119|0x00000004e3e00000, 0x00000004e4000000, 0x00000004e4000000|100%| O|  |TAMS 0x00000004e4000000, 0x00000004e3e00000| Untracked 
| 120|0x00000004e4000000, 0x00000004e4200000, 0x00000004e4200000|100%| O|  |TAMS 0x00000004e4200000, 0x00000004e4000000| Untracked 
| 121|0x00000004e4200000, 0x00000004e4400000, 0x00000004e4400000|100%| O|  |TAMS 0x00000004e4400000, 0x00000004e4200000| Untracked 
| 122|0x00000004e4400000, 0x00000004e4600000, 0x00000004e4600000|100%| O|  |TAMS 0x00000004e4600000, 0x00000004e4400000| Untracked 
| 123|0x00000004e4600000, 0x00000004e4800000, 0x00000004e4800000|100%| O|  |TAMS 0x00000004e4800000, 0x00000004e4600000| Untracked 
| 124|0x00000004e4800000, 0x00000004e4a00000, 0x00000004e4a00000|100%| O|  |TAMS 0x00000004e4a00000, 0x00000004e4800000| Untracked 
| 125|0x00000004e4a00000, 0x00000004e4c00000, 0x00000004e4c00000|100%| O|  |TAMS 0x00000004e4c00000, 0x00000004e4a00000| Untracked 
| 126|0x00000004e4c00000, 0x00000004e4e00000, 0x00000004e4e00000|100%| O|  |TAMS 0x00000004e4e00000, 0x00000004e4c00000| Untracked 
| 127|0x00000004e4e00000, 0x00000004e5000000, 0x00000004e5000000|100%| O|  |TAMS 0x00000004e5000000, 0x00000004e4e00000| Untracked 
| 128|0x00000004e5000000, 0x00000004e5200000, 0x00000004e5200000|100%| O|  |TAMS 0x00000004e5200000, 0x00000004e5000000| Untracked 
| 129|0x00000004e5200000, 0x00000004e5400000, 0x00000004e5400000|100%| O|  |TAMS 0x00000004e5400000, 0x00000004e5200000| Untracked 
| 130|0x00000004e5400000, 0x00000004e5600000, 0x00000004e5600000|100%| O|  |TAMS 0x00000004e5600000, 0x00000004e5400000| Untracked 
| 131|0x00000004e5600000, 0x00000004e5800000, 0x00000004e5800000|100%| O|  |TAMS 0x00000004e5800000, 0x00000004e5600000| Untracked 
| 132|0x00000004e5800000, 0x00000004e5a00000, 0x00000004e5a00000|100%| O|  |TAMS 0x00000004e5a00000, 0x00000004e5800000| Untracked 
| 133|0x00000004e5a00000, 0x00000004e5c00000, 0x00000004e5c00000|100%| O|  |TAMS 0x00000004e5c00000, 0x00000004e5a00000| Untracked 
| 134|0x00000004e5c00000, 0x00000004e5e00000, 0x00000004e5e00000|100%| O|  |TAMS 0x00000004e5e00000, 0x00000004e5c00000| Untracked 
| 135|0x00000004e5e00000, 0x00000004e6000000, 0x00000004e6000000|100%| O|  |TAMS 0x00000004e6000000, 0x00000004e5e00000| Untracked 
| 136|0x00000004e6000000, 0x00000004e6200000, 0x00000004e6200000|100%| O|  |TAMS 0x00000004e6200000, 0x00000004e6000000| Untracked 
| 137|0x00000004e6200000, 0x00000004e6400000, 0x00000004e6400000|100%| O|  |TAMS 0x00000004e6400000, 0x00000004e6200000| Untracked 
| 138|0x00000004e6400000, 0x00000004e6600000, 0x00000004e6600000|100%| O|  |TAMS 0x00000004e6600000, 0x00000004e6400000| Untracked 
| 139|0x00000004e6600000, 0x00000004e6800000, 0x00000004e6800000|100%| O|  |TAMS 0x00000004e6800000, 0x00000004e6600000| Untracked 
| 140|0x00000004e6800000, 0x00000004e6a00000, 0x00000004e6a00000|100%| O|  |TAMS 0x00000004e6a00000, 0x00000004e6800000| Untracked 
| 141|0x00000004e6a00000, 0x00000004e6c00000, 0x00000004e6c00000|100%| O|  |TAMS 0x00000004e6c00000, 0x00000004e6a00000| Untracked 
| 142|0x00000004e6c00000, 0x00000004e6e00000, 0x00000004e6e00000|100%| O|  |TAMS 0x00000004e6e00000, 0x00000004e6c00000| Untracked 
| 143|0x00000004e6e00000, 0x00000004e7000000, 0x00000004e7000000|100%| O|  |TAMS 0x00000004e7000000, 0x00000004e6e00000| Untracked 
| 144|0x00000004e7000000, 0x00000004e7200000, 0x00000004e7200000|100%| O|  |TAMS 0x00000004e7200000, 0x00000004e7000000| Untracked 
| 145|0x00000004e7200000, 0x00000004e7400000, 0x00000004e7400000|100%| O|  |TAMS 0x00000004e7400000, 0x00000004e7200000| Untracked 
| 146|0x00000004e7400000, 0x00000004e7600000, 0x00000004e7600000|100%| O|  |TAMS 0x00000004e7600000, 0x00000004e7400000| Untracked 
| 147|0x00000004e7600000, 0x00000004e7800000, 0x00000004e7800000|100%| O|  |TAMS 0x00000004e7800000, 0x00000004e7600000| Untracked 
| 148|0x00000004e7800000, 0x00000004e7a00000, 0x00000004e7a00000|100%| O|  |TAMS 0x00000004e7a00000, 0x00000004e7800000| Untracked 
| 149|0x00000004e7a00000, 0x00000004e7c00000, 0x00000004e7c00000|100%| O|  |TAMS 0x00000004e7c00000, 0x00000004e7a00000| Untracked 
| 150|0x00000004e7c00000, 0x00000004e7e00000, 0x00000004e7e00000|100%| O|  |TAMS 0x00000004e7e00000, 0x00000004e7c00000| Untracked 
| 151|0x00000004e7e00000, 0x00000004e8000000, 0x00000004e8000000|100%| O|  |TAMS 0x00000004e8000000, 0x00000004e7e00000| Untracked 
| 152|0x00000004e8000000, 0x00000004e8200000, 0x00000004e8200000|100%| O|  |TAMS 0x00000004e8200000, 0x00000004e8000000| Untracked 
| 153|0x00000004e8200000, 0x00000004e8400000, 0x00000004e8400000|100%| O|  |TAMS 0x00000004e8200000, 0x00000004e8200000| Untracked 
| 154|0x00000004e8400000, 0x00000004e8600000, 0x00000004e8600000|100%| O|  |TAMS 0x00000004e8400000, 0x00000004e8400000| Untracked 
| 155|0x00000004e8600000, 0x00000004e8800000, 0x00000004e8800000|100%| O|  |TAMS 0x00000004e8700000, 0x00000004e8600000| Untracked 
| 156|0x00000004e8800000, 0x00000004e8a00000, 0x00000004e8a00000|100%| O|  |TAMS 0x00000004e8800000, 0x00000004e8800000| Untracked 
| 157|0x00000004e8a00000, 0x00000004e8c00000, 0x00000004e8c00000|100%| O|  |TAMS 0x00000004e8a00000, 0x00000004e8a00000| Untracked 
| 158|0x00000004e8c00000, 0x00000004e8e00000, 0x00000004e8e00000|100%| O|  |TAMS 0x00000004e8c00000, 0x00000004e8c00000| Untracked 
| 159|0x00000004e8e00000, 0x00000004e9000000, 0x00000004e9000000|100%| O|  |TAMS 0x00000004e8e00000, 0x00000004e8e00000| Untracked 
| 160|0x00000004e9000000, 0x00000004e9200000, 0x00000004e9200000|100%| O|  |TAMS 0x00000004e9000000, 0x00000004e9000000| Untracked 
| 161|0x00000004e9200000, 0x00000004e9400000, 0x00000004e9400000|100%| O|  |TAMS 0x00000004e9200000, 0x00000004e9200000| Untracked 
| 162|0x00000004e9400000, 0x00000004e9600000, 0x00000004e9600000|100%| O|  |TAMS 0x00000004e9400000, 0x00000004e9400000| Untracked 
| 163|0x00000004e9600000, 0x00000004e9800000, 0x00000004e9800000|100%| O|  |TAMS 0x00000004e9600000, 0x00000004e9600000| Untracked 
| 164|0x00000004e9800000, 0x00000004e9a00000, 0x00000004e9a00000|100%| O|  |TAMS 0x00000004e9800000, 0x00000004e9800000| Untracked 
| 165|0x00000004e9a00000, 0x00000004e9c00000, 0x00000004e9c00000|100%| O|  |TAMS 0x00000004e9a00000, 0x00000004e9a00000| Untracked 
| 166|0x00000004e9c00000, 0x00000004e9e00000, 0x00000004e9e00000|100%| O|  |TAMS 0x00000004e9c00000, 0x00000004e9c00000| Untracked 
| 167|0x00000004e9e00000, 0x00000004ea000000, 0x00000004ea000000|100%| O|  |TAMS 0x00000004e9e00000, 0x00000004e9e00000| Untracked 
| 168|0x00000004ea000000, 0x00000004ea200000, 0x00000004ea200000|100%| O|  |TAMS 0x00000004ea000000, 0x00000004ea000000| Untracked 
| 169|0x00000004ea200000, 0x00000004ea400000, 0x00000004ea400000|100%| O|  |TAMS 0x00000004ea200000, 0x00000004ea200000| Untracked 
| 170|0x00000004ea400000, 0x00000004ea600000, 0x00000004ea600000|100%| O|  |TAMS 0x00000004ea400000, 0x00000004ea400000| Untracked 
| 171|0x00000004ea600000, 0x00000004ea800000, 0x00000004ea800000|100%| O|  |TAMS 0x00000004ea600000, 0x00000004ea600000| Untracked 
| 172|0x00000004ea800000, 0x00000004eaa00000, 0x00000004eaa00000|100%| O|  |TAMS 0x00000004ea800000, 0x00000004ea800000| Untracked 
| 173|0x00000004eaa00000, 0x00000004eac00000, 0x00000004eac00000|100%| O|  |TAMS 0x00000004eaa00000, 0x00000004eaa00000| Untracked 
| 174|0x00000004eac00000, 0x00000004eae00000, 0x00000004eae00000|100%| O|  |TAMS 0x00000004eac00000, 0x00000004eac00000| Untracked 
| 175|0x00000004eae00000, 0x00000004eb000000, 0x00000004eb000000|100%| O|  |TAMS 0x00000004eae00000, 0x00000004eae00000| Untracked 
| 176|0x00000004eb000000, 0x00000004eb200000, 0x00000004eb200000|100%| O|  |TAMS 0x00000004eb000000, 0x00000004eb000000| Untracked 
| 177|0x00000004eb200000, 0x00000004eb400000, 0x00000004eb400000|100%| O|  |TAMS 0x00000004eb200000, 0x00000004eb200000| Untracked 
| 178|0x00000004eb400000, 0x00000004eb600000, 0x00000004eb600000|100%| O|  |TAMS 0x00000004eb400000, 0x00000004eb400000| Untracked 
| 179|0x00000004eb600000, 0x00000004eb800000, 0x00000004eb800000|100%| O|  |TAMS 0x00000004eb600000, 0x00000004eb600000| Untracked 
| 180|0x00000004eb800000, 0x00000004eba00000, 0x00000004eba00000|100%| O|  |TAMS 0x00000004eb800000, 0x00000004eb800000| Untracked 
| 181|0x00000004eba00000, 0x00000004ebc00000, 0x00000004ebc00000|100%| O|  |TAMS 0x00000004eba00000, 0x00000004eba00000| Untracked 
| 182|0x00000004ebc00000, 0x00000004ebe00000, 0x00000004ebe00000|100%| O|  |TAMS 0x00000004ebc00000, 0x00000004ebc00000| Untracked 
| 183|0x00000004ebe00000, 0x00000004ec000000, 0x00000004ec000000|100%| O|  |TAMS 0x00000004ebe00000, 0x00000004ebe00000| Untracked 
| 184|0x00000004ec000000, 0x00000004ec200000, 0x00000004ec200000|100%| O|  |TAMS 0x00000004ec000000, 0x00000004ec000000| Untracked 
| 185|0x00000004ec200000, 0x00000004ec400000, 0x00000004ec400000|100%| O|  |TAMS 0x00000004ec200000, 0x00000004ec200000| Untracked 
| 186|0x00000004ec400000, 0x00000004ec600000, 0x00000004ec600000|100%| O|  |TAMS 0x00000004ec400000, 0x00000004ec400000| Untracked 
| 187|0x00000004ec600000, 0x00000004ec800000, 0x00000004ec800000|100%| O|  |TAMS 0x00000004ec600000, 0x00000004ec600000| Untracked 
| 188|0x00000004ec800000, 0x00000004eca00000, 0x00000004eca00000|100%| O|  |TAMS 0x00000004ec800000, 0x00000004ec800000| Untracked 
| 189|0x00000004eca00000, 0x00000004ecc00000, 0x00000004ecc00000|100%| O|  |TAMS 0x00000004eca00000, 0x00000004eca00000| Untracked 
| 190|0x00000004ecc00000, 0x00000004ece00000, 0x00000004ece00000|100%| O|  |TAMS 0x00000004ecc00000, 0x00000004ecc00000| Untracked 
| 191|0x00000004ece00000, 0x00000004ed000000, 0x00000004ed000000|100%| O|  |TAMS 0x00000004ece00000, 0x00000004ece00000| Untracked 
| 192|0x00000004ed000000, 0x00000004ed200000, 0x00000004ed200000|100%| O|  |TAMS 0x00000004ed000000, 0x00000004ed000000| Untracked 
| 193|0x00000004ed200000, 0x00000004ed400000, 0x00000004ed400000|100%| O|  |TAMS 0x00000004ed200000, 0x00000004ed200000| Untracked 
| 194|0x00000004ed400000, 0x00000004ed600000, 0x00000004ed600000|100%| O|  |TAMS 0x00000004ed400000, 0x00000004ed400000| Untracked 
| 195|0x00000004ed600000, 0x00000004ed800000, 0x00000004ed800000|100%| O|  |TAMS 0x00000004ed600000, 0x00000004ed600000| Untracked 
| 196|0x00000004ed800000, 0x00000004eda00000, 0x00000004eda00000|100%| O|  |TAMS 0x00000004ed800000, 0x00000004ed800000| Untracked 
| 197|0x00000004eda00000, 0x00000004edc00000, 0x00000004edc00000|100%| O|  |TAMS 0x00000004eda00000, 0x00000004eda00000| Untracked 
| 198|0x00000004edc00000, 0x00000004ede00000, 0x00000004ede00000|100%| O|  |TAMS 0x00000004edc00000, 0x00000004edc00000| Untracked 
| 199|0x00000004ede00000, 0x00000004ee000000, 0x00000004ee000000|100%| O|  |TAMS 0x00000004ede00000, 0x00000004ede00000| Untracked 
| 200|0x00000004ee000000, 0x00000004ee200000, 0x00000004ee200000|100%| O|  |TAMS 0x00000004ee000000, 0x00000004ee000000| Untracked 
| 201|0x00000004ee200000, 0x00000004ee400000, 0x00000004ee400000|100%| O|  |TAMS 0x00000004ee200000, 0x00000004ee200000| Untracked 
| 202|0x00000004ee400000, 0x00000004ee600000, 0x00000004ee600000|100%| O|  |TAMS 0x00000004ee400000, 0x00000004ee400000| Untracked 
| 203|0x00000004ee600000, 0x00000004ee800000, 0x00000004ee800000|100%| O|  |TAMS 0x00000004ee600000, 0x00000004ee600000| Untracked 
| 204|0x00000004ee800000, 0x00000004eea00000, 0x00000004eea00000|100%| O|  |TAMS 0x00000004ee800000, 0x00000004ee800000| Untracked 
| 205|0x00000004eea00000, 0x00000004eec00000, 0x00000004eec00000|100%| O|  |TAMS 0x00000004eea00000, 0x00000004eea00000| Untracked 
| 206|0x00000004eec00000, 0x00000004eee00000, 0x00000004eee00000|100%| O|  |TAMS 0x00000004eec00000, 0x00000004eec00000| Untracked 
| 207|0x00000004eee00000, 0x00000004ef000000, 0x00000004ef000000|100%| O|  |TAMS 0x00000004eee00000, 0x00000004eee00000| Untracked 
| 208|0x00000004ef000000, 0x00000004ef200000, 0x00000004ef200000|100%| O|  |TAMS 0x00000004ef000000, 0x00000004ef000000| Untracked 
| 209|0x00000004ef200000, 0x00000004ef400000, 0x00000004ef400000|100%| O|  |TAMS 0x00000004ef200000, 0x00000004ef200000| Untracked 
| 210|0x00000004ef400000, 0x00000004ef600000, 0x00000004ef600000|100%| O|  |TAMS 0x00000004ef400000, 0x00000004ef400000| Untracked 
| 211|0x00000004ef600000, 0x00000004ef800000, 0x00000004ef800000|100%| O|  |TAMS 0x00000004ef600000, 0x00000004ef600000| Untracked 
| 212|0x00000004ef800000, 0x00000004efa00000, 0x00000004efa00000|100%| O|  |TAMS 0x00000004ef800000, 0x00000004ef800000| Untracked 
| 213|0x00000004efa00000, 0x00000004efc00000, 0x00000004efc00000|100%| O|  |TAMS 0x00000004efa00000, 0x00000004efa00000| Untracked 
| 214|0x00000004efc00000, 0x00000004efe00000, 0x00000004efe00000|100%| O|  |TAMS 0x00000004efc00000, 0x00000004efc00000| Untracked 
| 215|0x00000004efe00000, 0x00000004f0000000, 0x00000004f0000000|100%| O|  |TAMS 0x00000004efe00000, 0x00000004efe00000| Untracked 
| 216|0x00000004f0000000, 0x00000004f0200000, 0x00000004f0200000|100%| O|  |TAMS 0x00000004f0000000, 0x00000004f0000000| Untracked 
| 217|0x00000004f0200000, 0x00000004f0400000, 0x00000004f0400000|100%| O|  |TAMS 0x00000004f0200000, 0x00000004f0200000| Untracked 
| 218|0x00000004f0400000, 0x00000004f0600000, 0x00000004f0600000|100%| O|  |TAMS 0x00000004f0400000, 0x00000004f0400000| Untracked 
| 219|0x00000004f0600000, 0x00000004f0800000, 0x00000004f0800000|100%| O|  |TAMS 0x00000004f0600000, 0x00000004f0600000| Untracked 
| 220|0x00000004f0800000, 0x00000004f0a00000, 0x00000004f0a00000|100%| O|  |TAMS 0x00000004f0800000, 0x00000004f0800000| Untracked 
| 221|0x00000004f0a00000, 0x00000004f0c00000, 0x00000004f0c00000|100%| O|  |TAMS 0x00000004f0a00000, 0x00000004f0a00000| Untracked 
| 222|0x00000004f0c00000, 0x00000004f0e00000, 0x00000004f0e00000|100%| O|  |TAMS 0x00000004f0c00000, 0x00000004f0c00000| Untracked 
| 223|0x00000004f0e00000, 0x00000004f1000000, 0x00000004f1000000|100%| O|  |TAMS 0x00000004f0e00000, 0x00000004f0e00000| Untracked 
| 224|0x00000004f1000000, 0x00000004f1200000, 0x00000004f1200000|100%| O|  |TAMS 0x00000004f1000000, 0x00000004f1000000| Untracked 
| 225|0x00000004f1200000, 0x00000004f1400000, 0x00000004f1400000|100%| O|  |TAMS 0x00000004f1200000, 0x00000004f1200000| Untracked 
| 226|0x00000004f1400000, 0x00000004f1600000, 0x00000004f1600000|100%| O|  |TAMS 0x00000004f1400000, 0x00000004f1400000| Untracked 
| 227|0x00000004f1600000, 0x00000004f1800000, 0x00000004f1800000|100%| O|  |TAMS 0x00000004f1600000, 0x00000004f1600000| Untracked 
| 228|0x00000004f1800000, 0x00000004f1a00000, 0x00000004f1a00000|100%| O|  |TAMS 0x00000004f1800000, 0x00000004f1800000| Untracked 
| 229|0x00000004f1a00000, 0x00000004f1c00000, 0x00000004f1c00000|100%| O|  |TAMS 0x00000004f1a00000, 0x00000004f1a00000| Untracked 
| 230|0x00000004f1c00000, 0x00000004f1e00000, 0x00000004f1e00000|100%| O|  |TAMS 0x00000004f1c00000, 0x00000004f1c00000| Untracked 
| 231|0x00000004f1e00000, 0x00000004f2000000, 0x00000004f2000000|100%| O|  |TAMS 0x00000004f1e00000, 0x00000004f1e00000| Untracked 
| 232|0x00000004f2000000, 0x00000004f2200000, 0x00000004f2200000|100%| O|  |TAMS 0x00000004f2000000, 0x00000004f2000000| Untracked 
| 233|0x00000004f2200000, 0x00000004f2400000, 0x00000004f2400000|100%| O|  |TAMS 0x00000004f2200000, 0x00000004f2200000| Untracked 
| 234|0x00000004f2400000, 0x00000004f2600000, 0x00000004f2600000|100%| O|  |TAMS 0x00000004f2400000, 0x00000004f2400000| Untracked 
| 235|0x00000004f2600000, 0x00000004f2800000, 0x00000004f2800000|100%| O|  |TAMS 0x00000004f2600000, 0x00000004f2600000| Untracked 
| 236|0x00000004f2800000, 0x00000004f2a00000, 0x00000004f2a00000|100%| O|  |TAMS 0x00000004f2800000, 0x00000004f2800000| Untracked 
| 237|0x00000004f2a00000, 0x00000004f2c00000, 0x00000004f2c00000|100%| O|  |TAMS 0x00000004f2a00000, 0x00000004f2a00000| Untracked 
| 238|0x00000004f2c00000, 0x00000004f2e00000, 0x00000004f2e00000|100%| O|  |TAMS 0x00000004f2c00000, 0x00000004f2c00000| Untracked 
| 239|0x00000004f2e00000, 0x00000004f3000000, 0x00000004f3000000|100%| O|  |TAMS 0x00000004f2e00000, 0x00000004f2e00000| Untracked 
| 240|0x00000004f3000000, 0x00000004f3200000, 0x00000004f3200000|100%| O|  |TAMS 0x00000004f3000000, 0x00000004f3000000| Untracked 
| 241|0x00000004f3200000, 0x00000004f3400000, 0x00000004f3400000|100%| O|  |TAMS 0x00000004f3200000, 0x00000004f3200000| Untracked 
| 242|0x00000004f3400000, 0x00000004f3600000, 0x00000004f3600000|100%| O|  |TAMS 0x00000004f3400000, 0x00000004f3400000| Untracked 
| 243|0x00000004f3600000, 0x00000004f3800000, 0x00000004f3800000|100%| O|  |TAMS 0x00000004f3600000, 0x00000004f3600000| Untracked 
| 244|0x00000004f3800000, 0x00000004f3a00000, 0x00000004f3a00000|100%| O|  |TAMS 0x00000004f3800000, 0x00000004f3800000| Untracked 
| 245|0x00000004f3a00000, 0x00000004f3c00000, 0x00000004f3c00000|100%| O|  |TAMS 0x00000004f3a00000, 0x00000004f3a00000| Untracked 
| 246|0x00000004f3c00000, 0x00000004f3e00000, 0x00000004f3e00000|100%| O|  |TAMS 0x00000004f3c00000, 0x00000004f3c00000| Untracked 
| 247|0x00000004f3e00000, 0x00000004f4000000, 0x00000004f4000000|100%| O|  |TAMS 0x00000004f3e00000, 0x00000004f3e00000| Untracked 
| 248|0x00000004f4000000, 0x00000004f4200000, 0x00000004f4200000|100%| O|  |TAMS 0x00000004f4000000, 0x00000004f4000000| Untracked 
| 249|0x00000004f4200000, 0x00000004f4400000, 0x00000004f4400000|100%| O|  |TAMS 0x00000004f4200000, 0x00000004f4200000| Untracked 
| 250|0x00000004f4400000, 0x00000004f4600000, 0x00000004f4600000|100%| O|  |TAMS 0x00000004f4400000, 0x00000004f4400000| Untracked 
| 251|0x00000004f4600000, 0x00000004f4800000, 0x00000004f4800000|100%| O|  |TAMS 0x00000004f4600000, 0x00000004f4600000| Untracked 
| 252|0x00000004f4800000, 0x00000004f4a00000, 0x00000004f4a00000|100%| O|  |TAMS 0x00000004f4800000, 0x00000004f4800000| Untracked 
| 253|0x00000004f4a00000, 0x00000004f4c00000, 0x00000004f4c00000|100%| O|  |TAMS 0x00000004f4a00000, 0x00000004f4a00000| Untracked 
| 254|0x00000004f4c00000, 0x00000004f4e00000, 0x00000004f4e00000|100%| O|  |TAMS 0x00000004f4c00000, 0x00000004f4c00000| Untracked 
| 255|0x00000004f4e00000, 0x00000004f5000000, 0x00000004f5000000|100%| O|  |TAMS 0x00000004f4e00000, 0x00000004f4e00000| Untracked 
| 256|0x00000004f5000000, 0x00000004f5000000, 0x00000004f5200000|  0%| F|  |TAMS 0x00000004f5000000, 0x00000004f5000000| Untracked 
| 257|0x00000004f5200000, 0x00000004f5200000, 0x00000004f5400000|  0%| F|  |TAMS 0x00000004f5200000, 0x00000004f5200000| Untracked 
| 258|0x00000004f5400000, 0x00000004f5400000, 0x00000004f5600000|  0%| F|  |TAMS 0x00000004f5400000, 0x00000004f5400000| Untracked 
| 259|0x00000004f5600000, 0x00000004f5600000, 0x00000004f5800000|  0%| F|  |TAMS 0x00000004f5600000, 0x00000004f5600000| Untracked 
| 260|0x00000004f5800000, 0x00000004f5800000, 0x00000004f5a00000|  0%| F|  |TAMS 0x00000004f5800000, 0x00000004f5800000| Untracked 
| 261|0x00000004f5a00000, 0x00000004f5a00000, 0x00000004f5c00000|  0%| F|  |TAMS 0x00000004f5a00000, 0x00000004f5a00000| Untracked 
| 262|0x00000004f5c00000, 0x00000004f5e00000, 0x00000004f5e00000|100%| O|  |TAMS 0x00000004f5c00000, 0x00000004f5c00000| Untracked 
| 263|0x00000004f5e00000, 0x00000004f6000000, 0x00000004f6000000|100%| O|  |TAMS 0x00000004f5e00000, 0x00000004f5e00000| Untracked 
| 264|0x00000004f6000000, 0x00000004f6200000, 0x00000004f6200000|100%| O|  |TAMS 0x00000004f6000000, 0x00000004f6000000| Untracked 
| 265|0x00000004f6200000, 0x00000004f6400000, 0x00000004f6400000|100%| O|  |TAMS 0x00000004f6200000, 0x00000004f6200000| Untracked 
| 266|0x00000004f6400000, 0x00000004f6600000, 0x00000004f6600000|100%| O|  |TAMS 0x00000004f6400000, 0x00000004f6400000| Untracked 
| 267|0x00000004f6600000, 0x00000004f6800000, 0x00000004f6800000|100%| O|  |TAMS 0x00000004f6600000, 0x00000004f6600000| Untracked 
| 268|0x00000004f6800000, 0x00000004f6a00000, 0x00000004f6a00000|100%| O|  |TAMS 0x00000004f6800000, 0x00000004f6800000| Untracked 
| 269|0x00000004f6a00000, 0x00000004f6c00000, 0x00000004f6c00000|100%| O|  |TAMS 0x00000004f6a00000, 0x00000004f6a00000| Untracked 
| 270|0x00000004f6c00000, 0x00000004f6e00000, 0x00000004f6e00000|100%| O|  |TAMS 0x00000004f6c00000, 0x00000004f6c00000| Untracked 
| 271|0x00000004f6e00000, 0x00000004f7000000, 0x00000004f7000000|100%| O|  |TAMS 0x00000004f6e00000, 0x00000004f6e00000| Untracked 
| 272|0x00000004f7000000, 0x00000004f7200000, 0x00000004f7200000|100%| O|  |TAMS 0x00000004f7000000, 0x00000004f7000000| Untracked 
| 273|0x00000004f7200000, 0x00000004f7400000, 0x00000004f7400000|100%| O|  |TAMS 0x00000004f7200000, 0x00000004f7200000| Untracked 
| 274|0x00000004f7400000, 0x00000004f7600000, 0x00000004f7600000|100%| O|  |TAMS 0x00000004f7400000, 0x00000004f7400000| Untracked 
| 275|0x00000004f7600000, 0x00000004f7800000, 0x00000004f7800000|100%| O|  |TAMS 0x00000004f7600000, 0x00000004f7600000| Untracked 
| 276|0x00000004f7800000, 0x00000004f7a00000, 0x00000004f7a00000|100%| O|  |TAMS 0x00000004f7800000, 0x00000004f7800000| Untracked 
| 277|0x00000004f7a00000, 0x00000004f7c00000, 0x00000004f7c00000|100%| O|  |TAMS 0x00000004f7a00000, 0x00000004f7a00000| Untracked 
| 278|0x00000004f7c00000, 0x00000004f7e00000, 0x00000004f7e00000|100%| O|  |TAMS 0x00000004f7c00000, 0x00000004f7c00000| Untracked 
| 279|0x00000004f7e00000, 0x00000004f8000000, 0x00000004f8000000|100%| O|  |TAMS 0x00000004f7e00000, 0x00000004f7e00000| Untracked 
| 280|0x00000004f8000000, 0x00000004f8200000, 0x00000004f8200000|100%| O|  |TAMS 0x00000004f8000000, 0x00000004f8000000| Untracked 
| 281|0x00000004f8200000, 0x00000004f8200000, 0x00000004f8400000|  0%| F|  |TAMS 0x00000004f8200000, 0x00000004f8200000| Untracked 
| 282|0x00000004f8400000, 0x00000004f8400000, 0x00000004f8600000|  0%| F|  |TAMS 0x00000004f8400000, 0x00000004f8400000| Untracked 
| 283|0x00000004f8600000, 0x00000004f8600000, 0x00000004f8800000|  0%| F|  |TAMS 0x00000004f8600000, 0x00000004f8600000| Untracked 
| 284|0x00000004f8800000, 0x00000004f8800000, 0x00000004f8a00000|  0%| F|  |TAMS 0x00000004f8800000, 0x00000004f8800000| Untracked 
| 285|0x00000004f8a00000, 0x00000004f8a00000, 0x00000004f8c00000|  0%| F|  |TAMS 0x00000004f8a00000, 0x00000004f8a00000| Untracked 
| 286|0x00000004f8c00000, 0x00000004f8c00000, 0x00000004f8e00000|  0%| F|  |TAMS 0x00000004f8c00000, 0x00000004f8c00000| Untracked 
| 287|0x00000004f8e00000, 0x00000004f8e00000, 0x00000004f9000000|  0%| F|  |TAMS 0x00000004f8e00000, 0x00000004f8e00000| Untracked 
| 288|0x00000004f9000000, 0x00000004f9000000, 0x00000004f9200000|  0%| F|  |TAMS 0x00000004f9000000, 0x00000004f9000000| Untracked 
| 289|0x00000004f9200000, 0x00000004f9200000, 0x00000004f9400000|  0%| F|  |TAMS 0x00000004f9200000, 0x00000004f9200000| Untracked 
| 290|0x00000004f9400000, 0x00000004f9400000, 0x00000004f9600000|  0%| F|  |TAMS 0x00000004f9400000, 0x00000004f9400000| Untracked 
| 291|0x00000004f9600000, 0x00000004f9600000, 0x00000004f9800000|  0%| F|  |TAMS 0x00000004f9600000, 0x00000004f9600000| Untracked 
| 292|0x00000004f9800000, 0x00000004f9800000, 0x00000004f9a00000|  0%| F|  |TAMS 0x00000004f9800000, 0x00000004f9800000| Untracked 
| 293|0x00000004f9a00000, 0x00000004f9a00000, 0x00000004f9c00000|  0%| F|  |TAMS 0x00000004f9a00000, 0x00000004f9a00000| Untracked 
| 294|0x00000004f9c00000, 0x00000004f9c00000, 0x00000004f9e00000|  0%| F|  |TAMS 0x00000004f9c00000, 0x00000004f9c00000| Untracked 
| 295|0x00000004f9e00000, 0x00000004f9e00000, 0x00000004fa000000|  0%| F|  |TAMS 0x00000004f9e00000, 0x00000004f9e00000| Untracked 
| 296|0x00000004fa000000, 0x00000004fa000000, 0x00000004fa200000|  0%| F|  |TAMS 0x00000004fa000000, 0x00000004fa000000| Untracked 
| 297|0x00000004fa200000, 0x00000004fa200000, 0x00000004fa400000|  0%| F|  |TAMS 0x00000004fa200000, 0x00000004fa200000| Untracked 
| 298|0x00000004fa400000, 0x00000004fa400000, 0x00000004fa600000|  0%| F|  |TAMS 0x00000004fa400000, 0x00000004fa400000| Untracked 
| 299|0x00000004fa600000, 0x00000004fa600000, 0x00000004fa800000|  0%| F|  |TAMS 0x00000004fa600000, 0x00000004fa600000| Untracked 
| 300|0x00000004fa800000, 0x00000004fa800000, 0x00000004faa00000|  0%| F|  |TAMS 0x00000004fa800000, 0x00000004fa800000| Untracked 
| 301|0x00000004faa00000, 0x00000004faa00000, 0x00000004fac00000|  0%| F|  |TAMS 0x00000004faa00000, 0x00000004faa00000| Untracked 
| 302|0x00000004fac00000, 0x00000004fac00000, 0x00000004fae00000|  0%| F|  |TAMS 0x00000004fac00000, 0x00000004fac00000| Untracked 
| 303|0x00000004fae00000, 0x00000004fae00000, 0x00000004fb000000|  0%| F|  |TAMS 0x00000004fae00000, 0x00000004fae00000| Untracked 
| 304|0x00000004fb000000, 0x00000004fb000000, 0x00000004fb200000|  0%| F|  |TAMS 0x00000004fb000000, 0x00000004fb000000| Untracked 
| 305|0x00000004fb200000, 0x00000004fb200000, 0x00000004fb400000|  0%| F|  |TAMS 0x00000004fb200000, 0x00000004fb200000| Untracked 
| 306|0x00000004fb400000, 0x00000004fb400000, 0x00000004fb600000|  0%| F|  |TAMS 0x00000004fb400000, 0x00000004fb400000| Untracked 
| 307|0x00000004fb600000, 0x00000004fb600000, 0x00000004fb800000|  0%| F|  |TAMS 0x00000004fb600000, 0x00000004fb600000| Untracked 
| 308|0x00000004fb800000, 0x00000004fb800000, 0x00000004fba00000|  0%| F|  |TAMS 0x00000004fb800000, 0x00000004fb800000| Untracked 
| 309|0x00000004fba00000, 0x00000004fba00000, 0x00000004fbc00000|  0%| F|  |TAMS 0x00000004fba00000, 0x00000004fba00000| Untracked 
| 310|0x00000004fbc00000, 0x00000004fbc00000, 0x00000004fbe00000|  0%| F|  |TAMS 0x00000004fbc00000, 0x00000004fbc00000| Untracked 
| 311|0x00000004fbe00000, 0x00000004fbe00000, 0x00000004fc000000|  0%| F|  |TAMS 0x00000004fbe00000, 0x00000004fbe00000| Untracked 
| 312|0x00000004fc000000, 0x00000004fc000000, 0x00000004fc200000|  0%| F|  |TAMS 0x00000004fc000000, 0x00000004fc000000| Untracked 
| 313|0x00000004fc200000, 0x00000004fc200000, 0x00000004fc400000|  0%| F|  |TAMS 0x00000004fc200000, 0x00000004fc200000| Untracked 
| 314|0x00000004fc400000, 0x00000004fc400000, 0x00000004fc600000|  0%| F|  |TAMS 0x00000004fc400000, 0x00000004fc400000| Untracked 
| 315|0x00000004fc600000, 0x00000004fc600000, 0x00000004fc800000|  0%| F|  |TAMS 0x00000004fc600000, 0x00000004fc600000| Untracked 
| 316|0x00000004fc800000, 0x00000004fc800000, 0x00000004fca00000|  0%| F|  |TAMS 0x00000004fc800000, 0x00000004fc800000| Untracked 
| 317|0x00000004fca00000, 0x00000004fca00000, 0x00000004fcc00000|  0%| F|  |TAMS 0x00000004fca00000, 0x00000004fca00000| Untracked 
| 318|0x00000004fcc00000, 0x00000004fcc00000, 0x00000004fce00000|  0%| F|  |TAMS 0x00000004fcc00000, 0x00000004fcc00000| Untracked 
| 319|0x00000004fce00000, 0x00000004fce00000, 0x00000004fd000000|  0%| F|  |TAMS 0x00000004fce00000, 0x00000004fce00000| Untracked 
| 320|0x00000004fd000000, 0x00000004fd000000, 0x00000004fd200000|  0%| F|  |TAMS 0x00000004fd000000, 0x00000004fd000000| Untracked 
| 321|0x00000004fd200000, 0x00000004fd200000, 0x00000004fd400000|  0%| F|  |TAMS 0x00000004fd200000, 0x00000004fd200000| Untracked 
| 322|0x00000004fd400000, 0x00000004fd400000, 0x00000004fd600000|  0%| F|  |TAMS 0x00000004fd400000, 0x00000004fd400000| Untracked 
| 323|0x00000004fd600000, 0x00000004fd600000, 0x00000004fd800000|  0%| F|  |TAMS 0x00000004fd600000, 0x00000004fd600000| Untracked 
| 324|0x00000004fd800000, 0x00000004fd800000, 0x00000004fda00000|  0%| F|  |TAMS 0x00000004fd800000, 0x00000004fd800000| Untracked 
| 325|0x00000004fda00000, 0x00000004fda00000, 0x00000004fdc00000|  0%| F|  |TAMS 0x00000004fda00000, 0x00000004fda00000| Untracked 
| 326|0x00000004fdc00000, 0x00000004fdc00000, 0x00000004fde00000|  0%| F|  |TAMS 0x00000004fdc00000, 0x00000004fdc00000| Untracked 
| 327|0x00000004fde00000, 0x00000004fde00000, 0x00000004fe000000|  0%| F|  |TAMS 0x00000004fde00000, 0x00000004fde00000| Untracked 
| 328|0x00000004fe000000, 0x00000004fe000000, 0x00000004fe200000|  0%| F|  |TAMS 0x00000004fe000000, 0x00000004fe000000| Untracked 
| 329|0x00000004fe200000, 0x00000004fe200000, 0x00000004fe400000|  0%| F|  |TAMS 0x00000004fe200000, 0x00000004fe200000| Untracked 
| 330|0x00000004fe400000, 0x00000004fe400000, 0x00000004fe600000|  0%| F|  |TAMS 0x00000004fe400000, 0x00000004fe400000| Untracked 
| 331|0x00000004fe600000, 0x00000004fe600000, 0x00000004fe800000|  0%| F|  |TAMS 0x00000004fe600000, 0x00000004fe600000| Untracked 
| 332|0x00000004fe800000, 0x00000004fe800000, 0x00000004fea00000|  0%| F|  |TAMS 0x00000004fe800000, 0x00000004fe800000| Untracked 
| 333|0x00000004fea00000, 0x00000004fea00000, 0x00000004fec00000|  0%| F|  |TAMS 0x00000004fea00000, 0x00000004fea00000| Untracked 
| 334|0x00000004fec00000, 0x00000004fec00000, 0x00000004fee00000|  0%| F|  |TAMS 0x00000004fec00000, 0x00000004fec00000| Untracked 
| 335|0x00000004fee00000, 0x00000004fee00000, 0x00000004ff000000|  0%| F|  |TAMS 0x00000004fee00000, 0x00000004fee00000| Untracked 
| 336|0x00000004ff000000, 0x00000004ff000000, 0x00000004ff200000|  0%| F|  |TAMS 0x00000004ff000000, 0x00000004ff000000| Untracked 
| 337|0x00000004ff200000, 0x00000004ff200000, 0x00000004ff400000|  0%| F|  |TAMS 0x00000004ff200000, 0x00000004ff200000| Untracked 
| 338|0x00000004ff400000, 0x00000004ff400000, 0x00000004ff600000|  0%| F|  |TAMS 0x00000004ff400000, 0x00000004ff400000| Untracked 
| 339|0x00000004ff600000, 0x00000004ff600000, 0x00000004ff800000|  0%| F|  |TAMS 0x00000004ff600000, 0x00000004ff600000| Untracked 
| 340|0x00000004ff800000, 0x00000004ff800000, 0x00000004ffa00000|  0%| F|  |TAMS 0x00000004ff800000, 0x00000004ff800000| Untracked 
| 341|0x00000004ffa00000, 0x00000004ffa00000, 0x00000004ffc00000|  0%| F|  |TAMS 0x00000004ffa00000, 0x00000004ffa00000| Untracked 
| 342|0x00000004ffc00000, 0x00000004ffc00000, 0x00000004ffe00000|  0%| F|  |TAMS 0x00000004ffc00000, 0x00000004ffc00000| Untracked 
| 343|0x00000004ffe00000, 0x00000004ffe00000, 0x0000000500000000|  0%| F|  |TAMS 0x00000004ffe00000, 0x00000004ffe00000| Untracked 
| 344|0x0000000500000000, 0x0000000500000000, 0x0000000500200000|  0%| F|  |TAMS 0x0000000500000000, 0x0000000500000000| Untracked 
| 345|0x0000000500200000, 0x0000000500200000, 0x0000000500400000|  0%| F|  |TAMS 0x0000000500200000, 0x0000000500200000| Untracked 
| 346|0x0000000500400000, 0x0000000500400000, 0x0000000500600000|  0%| F|  |TAMS 0x0000000500400000, 0x0000000500400000| Untracked 
| 347|0x0000000500600000, 0x0000000500600000, 0x0000000500800000|  0%| F|  |TAMS 0x0000000500600000, 0x0000000500600000| Untracked 
| 348|0x0000000500800000, 0x0000000500800000, 0x0000000500a00000|  0%| F|  |TAMS 0x0000000500800000, 0x0000000500800000| Untracked 
| 349|0x0000000500a00000, 0x0000000500a00000, 0x0000000500c00000|  0%| F|  |TAMS 0x0000000500a00000, 0x0000000500a00000| Untracked 
| 350|0x0000000500c00000, 0x0000000500c00000, 0x0000000500e00000|  0%| F|  |TAMS 0x0000000500c00000, 0x0000000500c00000| Untracked 
| 351|0x0000000500e00000, 0x0000000500e00000, 0x0000000501000000|  0%| F|  |TAMS 0x0000000500e00000, 0x0000000500e00000| Untracked 
| 352|0x0000000501000000, 0x0000000501000000, 0x0000000501200000|  0%| F|  |TAMS 0x0000000501000000, 0x0000000501000000| Untracked 
| 353|0x0000000501200000, 0x0000000501200000, 0x0000000501400000|  0%| F|  |TAMS 0x0000000501200000, 0x0000000501200000| Untracked 
| 354|0x0000000501400000, 0x0000000501400000, 0x0000000501600000|  0%| F|  |TAMS 0x0000000501400000, 0x0000000501400000| Untracked 
| 355|0x0000000501600000, 0x0000000501800000, 0x0000000501800000|100%| S|CS|TAMS 0x0000000501600000, 0x0000000501600000| Complete 
| 356|0x0000000501800000, 0x0000000501a00000, 0x0000000501a00000|100%| S|CS|TAMS 0x0000000501800000, 0x0000000501800000| Complete 
| 357|0x0000000501a00000, 0x0000000501c00000, 0x0000000501c00000|100%| S|CS|TAMS 0x0000000501a00000, 0x0000000501a00000| Complete 
| 358|0x0000000501c00000, 0x0000000501e00000, 0x0000000501e00000|100%| S|CS|TAMS 0x0000000501c00000, 0x0000000501c00000| Complete 
| 359|0x0000000501e00000, 0x0000000502000000, 0x0000000502000000|100%| S|CS|TAMS 0x0000000501e00000, 0x0000000501e00000| Complete 
| 360|0x0000000502000000, 0x0000000502200000, 0x0000000502200000|100%| S|CS|TAMS 0x0000000502000000, 0x0000000502000000| Complete 
| 361|0x0000000502200000, 0x0000000502400000, 0x0000000502400000|100%| S|CS|TAMS 0x0000000502200000, 0x0000000502200000| Complete 
| 362|0x0000000502400000, 0x0000000502600000, 0x0000000502600000|100%| S|CS|TAMS 0x0000000502400000, 0x0000000502400000| Complete 
| 363|0x0000000502600000, 0x0000000502800000, 0x0000000502800000|100%| S|CS|TAMS 0x0000000502600000, 0x0000000502600000| Complete 
| 364|0x0000000502800000, 0x0000000502a00000, 0x0000000502a00000|100%| S|CS|TAMS 0x0000000502800000, 0x0000000502800000| Complete 
| 365|0x0000000502a00000, 0x0000000502c00000, 0x0000000502c00000|100%| S|CS|TAMS 0x0000000502a00000, 0x0000000502a00000| Complete 
| 366|0x0000000502c00000, 0x0000000502e00000, 0x0000000502e00000|100%| S|CS|TAMS 0x0000000502c00000, 0x0000000502c00000| Complete 
| 367|0x0000000502e00000, 0x0000000503000000, 0x0000000503000000|100%| S|CS|TAMS 0x0000000502e00000, 0x0000000502e00000| Complete 
| 368|0x0000000503000000, 0x0000000503200000, 0x0000000503200000|100%| S|CS|TAMS 0x0000000503000000, 0x0000000503000000| Complete 
| 369|0x0000000503200000, 0x0000000503400000, 0x0000000503400000|100%| S|CS|TAMS 0x0000000503200000, 0x0000000503200000| Complete 
| 370|0x0000000503400000, 0x0000000503600000, 0x0000000503600000|100%| S|CS|TAMS 0x0000000503400000, 0x0000000503400000| Complete 
| 371|0x0000000503600000, 0x0000000503800000, 0x0000000503800000|100%| S|CS|TAMS 0x0000000503600000, 0x0000000503600000| Complete 
| 372|0x0000000503800000, 0x0000000503a00000, 0x0000000503a00000|100%| S|CS|TAMS 0x0000000503800000, 0x0000000503800000| Complete 
| 373|0x0000000503a00000, 0x0000000503c00000, 0x0000000503c00000|100%| S|CS|TAMS 0x0000000503a00000, 0x0000000503a00000| Complete 
| 374|0x0000000503c00000, 0x0000000503e00000, 0x0000000503e00000|100%| S|CS|TAMS 0x0000000503c00000, 0x0000000503c00000| Complete 
| 375|0x0000000503e00000, 0x0000000504000000, 0x0000000504000000|100%| S|CS|TAMS 0x0000000503e00000, 0x0000000503e00000| Complete 
| 376|0x0000000504000000, 0x0000000504200000, 0x0000000504200000|100%| S|CS|TAMS 0x0000000504000000, 0x0000000504000000| Complete 
| 377|0x0000000504200000, 0x0000000504400000, 0x0000000504400000|100%| S|CS|TAMS 0x0000000504200000, 0x0000000504200000| Complete 
| 378|0x0000000504400000, 0x0000000504600000, 0x0000000504600000|100%| S|CS|TAMS 0x0000000504400000, 0x0000000504400000| Complete 
| 379|0x0000000504600000, 0x0000000504800000, 0x0000000504800000|100%| S|CS|TAMS 0x0000000504600000, 0x0000000504600000| Complete 
| 380|0x0000000504800000, 0x0000000504a00000, 0x0000000504a00000|100%| S|CS|TAMS 0x0000000504800000, 0x0000000504800000| Complete 
| 381|0x0000000504a00000, 0x0000000504c00000, 0x0000000504c00000|100%| S|CS|TAMS 0x0000000504a00000, 0x0000000504a00000| Complete 
| 382|0x0000000504c00000, 0x0000000504e00000, 0x0000000504e00000|100%| S|CS|TAMS 0x0000000504c00000, 0x0000000504c00000| Complete 
| 383|0x0000000504e00000, 0x0000000505000000, 0x0000000505000000|100%| S|CS|TAMS 0x0000000504e00000, 0x0000000504e00000| Complete 
| 384|0x0000000505000000, 0x0000000505200000, 0x0000000505200000|100%| S|CS|TAMS 0x0000000505000000, 0x0000000505000000| Complete 
| 385|0x0000000505200000, 0x0000000505400000, 0x0000000505400000|100%| S|CS|TAMS 0x0000000505200000, 0x0000000505200000| Complete 
| 386|0x0000000505400000, 0x0000000505600000, 0x0000000505600000|100%| S|CS|TAMS 0x0000000505400000, 0x0000000505400000| Complete 
| 387|0x0000000505600000, 0x0000000505800000, 0x0000000505800000|100%| S|CS|TAMS 0x0000000505600000, 0x0000000505600000| Complete 
| 388|0x0000000505800000, 0x0000000505a00000, 0x0000000505a00000|100%| S|CS|TAMS 0x0000000505800000, 0x0000000505800000| Complete 
| 389|0x0000000505a00000, 0x0000000505c00000, 0x0000000505c00000|100%| S|CS|TAMS 0x0000000505a00000, 0x0000000505a00000| Complete 
| 390|0x0000000505c00000, 0x0000000505e00000, 0x0000000505e00000|100%| S|CS|TAMS 0x0000000505c00000, 0x0000000505c00000| Complete 
| 391|0x0000000505e00000, 0x0000000506000000, 0x0000000506000000|100%| S|CS|TAMS 0x0000000505e00000, 0x0000000505e00000| Complete 
| 392|0x0000000506000000, 0x0000000506000000, 0x0000000506200000|  0%| F|  |TAMS 0x0000000506000000, 0x0000000506000000| Untracked 
| 393|0x0000000506200000, 0x0000000506200000, 0x0000000506400000|  0%| F|  |TAMS 0x0000000506200000, 0x0000000506200000| Untracked 
| 394|0x0000000506400000, 0x0000000506400000, 0x0000000506600000|  0%| F|  |TAMS 0x0000000506400000, 0x0000000506400000| Untracked 
| 395|0x0000000506600000, 0x0000000506600000, 0x0000000506800000|  0%| F|  |TAMS 0x0000000506600000, 0x0000000506600000| Untracked 
| 396|0x0000000506800000, 0x0000000506800000, 0x0000000506a00000|  0%| F|  |TAMS 0x0000000506800000, 0x0000000506800000| Untracked 
| 397|0x0000000506a00000, 0x0000000506a00000, 0x0000000506c00000|  0%| F|  |TAMS 0x0000000506a00000, 0x0000000506a00000| Untracked 
| 398|0x0000000506c00000, 0x0000000506c00000, 0x0000000506e00000|  0%| F|  |TAMS 0x0000000506c00000, 0x0000000506c00000| Untracked 
| 399|0x0000000506e00000, 0x0000000506e00000, 0x0000000507000000|  0%| F|  |TAMS 0x0000000506e00000, 0x0000000506e00000| Untracked 
| 400|0x0000000507000000, 0x0000000507000000, 0x0000000507200000|  0%| F|  |TAMS 0x0000000507000000, 0x0000000507000000| Untracked 
| 401|0x0000000507200000, 0x0000000507200000, 0x0000000507400000|  0%| F|  |TAMS 0x0000000507200000, 0x0000000507200000| Untracked 
| 402|0x0000000507400000, 0x0000000507400000, 0x0000000507600000|  0%| F|  |TAMS 0x0000000507400000, 0x0000000507400000| Untracked 
| 403|0x0000000507600000, 0x0000000507600000, 0x0000000507800000|  0%| F|  |TAMS 0x0000000507600000, 0x0000000507600000| Untracked 
| 404|0x0000000507800000, 0x0000000507800000, 0x0000000507a00000|  0%| F|  |TAMS 0x0000000507800000, 0x0000000507800000| Untracked 
| 405|0x0000000507a00000, 0x0000000507a00000, 0x0000000507c00000|  0%| F|  |TAMS 0x0000000507a00000, 0x0000000507a00000| Untracked 
| 406|0x0000000507c00000, 0x0000000507c00000, 0x0000000507e00000|  0%| F|  |TAMS 0x0000000507c00000, 0x0000000507c00000| Untracked 
| 407|0x0000000507e00000, 0x0000000507e00000, 0x0000000508000000|  0%| F|  |TAMS 0x0000000507e00000, 0x0000000507e00000| Untracked 
| 408|0x0000000508000000, 0x0000000508000000, 0x0000000508200000|  0%| F|  |TAMS 0x0000000508000000, 0x0000000508000000| Untracked 
| 409|0x0000000508200000, 0x0000000508200000, 0x0000000508400000|  0%| F|  |TAMS 0x0000000508200000, 0x0000000508200000| Untracked 
| 410|0x0000000508400000, 0x0000000508400000, 0x0000000508600000|  0%| F|  |TAMS 0x0000000508400000, 0x0000000508400000| Untracked 
| 411|0x0000000508600000, 0x0000000508600000, 0x0000000508800000|  0%| F|  |TAMS 0x0000000508600000, 0x0000000508600000| Untracked 
| 412|0x0000000508800000, 0x0000000508800000, 0x0000000508a00000|  0%| F|  |TAMS 0x0000000508800000, 0x0000000508800000| Untracked 
| 413|0x0000000508a00000, 0x0000000508a00000, 0x0000000508c00000|  0%| F|  |TAMS 0x0000000508a00000, 0x0000000508a00000| Untracked 
| 414|0x0000000508c00000, 0x0000000508c00000, 0x0000000508e00000|  0%| F|  |TAMS 0x0000000508c00000, 0x0000000508c00000| Untracked 
| 415|0x0000000508e00000, 0x0000000508e00000, 0x0000000509000000|  0%| F|  |TAMS 0x0000000508e00000, 0x0000000508e00000| Untracked 
| 416|0x0000000509000000, 0x0000000509000000, 0x0000000509200000|  0%| F|  |TAMS 0x0000000509000000, 0x0000000509000000| Untracked 
| 417|0x0000000509200000, 0x0000000509200000, 0x0000000509400000|  0%| F|  |TAMS 0x0000000509200000, 0x0000000509200000| Untracked 
| 418|0x0000000509400000, 0x0000000509400000, 0x0000000509600000|  0%| F|  |TAMS 0x0000000509400000, 0x0000000509400000| Untracked 
| 419|0x0000000509600000, 0x0000000509600000, 0x0000000509800000|  0%| F|  |TAMS 0x0000000509600000, 0x0000000509600000| Untracked 
| 420|0x0000000509800000, 0x0000000509800000, 0x0000000509a00000|  0%| F|  |TAMS 0x0000000509800000, 0x0000000509800000| Untracked 
| 421|0x0000000509a00000, 0x0000000509a00000, 0x0000000509c00000|  0%| F|  |TAMS 0x0000000509a00000, 0x0000000509a00000| Untracked 
| 422|0x0000000509c00000, 0x0000000509c00000, 0x0000000509e00000|  0%| F|  |TAMS 0x0000000509c00000, 0x0000000509c00000| Untracked 
| 423|0x0000000509e00000, 0x0000000509e00000, 0x000000050a000000|  0%| F|  |TAMS 0x0000000509e00000, 0x0000000509e00000| Untracked 
| 424|0x000000050a000000, 0x000000050a000000, 0x000000050a200000|  0%| F|  |TAMS 0x000000050a000000, 0x000000050a000000| Untracked 
| 425|0x000000050a200000, 0x000000050a200000, 0x000000050a400000|  0%| F|  |TAMS 0x000000050a200000, 0x000000050a200000| Untracked 
| 426|0x000000050a400000, 0x000000050a400000, 0x000000050a600000|  0%| F|  |TAMS 0x000000050a400000, 0x000000050a400000| Untracked 
| 427|0x000000050a600000, 0x000000050a600000, 0x000000050a800000|  0%| F|  |TAMS 0x000000050a600000, 0x000000050a600000| Untracked 
| 428|0x000000050a800000, 0x000000050a800000, 0x000000050aa00000|  0%| F|  |TAMS 0x000000050a800000, 0x000000050a800000| Untracked 
| 429|0x000000050aa00000, 0x000000050ac00000, 0x000000050ac00000|100%| S|CS|TAMS 0x000000050aa00000, 0x000000050aa00000| Complete 
| 430|0x000000050ac00000, 0x000000050ae00000, 0x000000050ae00000|100%| S|CS|TAMS 0x000000050ac00000, 0x000000050ac00000| Complete 
| 431|0x000000050ae00000, 0x000000050b000000, 0x000000050b000000|100%| S|CS|TAMS 0x000000050ae00000, 0x000000050ae00000| Complete 
| 432|0x000000050b000000, 0x000000050b200000, 0x000000050b200000|100%| S|CS|TAMS 0x000000050b000000, 0x000000050b000000| Complete 
| 433|0x000000050b200000, 0x000000050b400000, 0x000000050b400000|100%| S|CS|TAMS 0x000000050b200000, 0x000000050b200000| Complete 
| 434|0x000000050b400000, 0x000000050b600000, 0x000000050b600000|100%| S|CS|TAMS 0x000000050b400000, 0x000000050b400000| Complete 
| 435|0x000000050b600000, 0x000000050b800000, 0x000000050b800000|100%| S|CS|TAMS 0x000000050b600000, 0x000000050b600000| Complete 
| 436|0x000000050b800000, 0x000000050ba00000, 0x000000050ba00000|100%| S|CS|TAMS 0x000000050b800000, 0x000000050b800000| Complete 
| 437|0x000000050ba00000, 0x000000050bc00000, 0x000000050bc00000|100%| S|CS|TAMS 0x000000050ba00000, 0x000000050ba00000| Complete 
| 438|0x000000050bc00000, 0x000000050be00000, 0x000000050be00000|100%| S|CS|TAMS 0x000000050bc00000, 0x000000050bc00000| Complete 
| 439|0x000000050be00000, 0x000000050c000000, 0x000000050c000000|100%| S|CS|TAMS 0x000000050be00000, 0x000000050be00000| Complete 
| 440|0x000000050c000000, 0x000000050c200000, 0x000000050c200000|100%| S|CS|TAMS 0x000000050c000000, 0x000000050c000000| Complete 
| 441|0x000000050c200000, 0x000000050c400000, 0x000000050c400000|100%| S|CS|TAMS 0x000000050c200000, 0x000000050c200000| Complete 
| 442|0x000000050c400000, 0x000000050c600000, 0x000000050c600000|100%| S|CS|TAMS 0x000000050c400000, 0x000000050c400000| Complete 
| 443|0x000000050c600000, 0x000000050c800000, 0x000000050c800000|100%| S|CS|TAMS 0x000000050c600000, 0x000000050c600000| Complete 
| 444|0x000000050c800000, 0x000000050c800000, 0x000000050ca00000|  0%| F|  |TAMS 0x000000050c800000, 0x000000050c800000| Untracked 
| 445|0x000000050ca00000, 0x000000050ca00000, 0x000000050cc00000|  0%| F|  |TAMS 0x000000050ca00000, 0x000000050ca00000| Untracked 
| 446|0x000000050cc00000, 0x000000050cc00000, 0x000000050ce00000|  0%| F|  |TAMS 0x000000050cc00000, 0x000000050cc00000| Untracked 
| 447|0x000000050ce00000, 0x000000050ce00000, 0x000000050d000000|  0%| F|  |TAMS 0x000000050ce00000, 0x000000050ce00000| Untracked 
| 448|0x000000050d000000, 0x000000050d000000, 0x000000050d200000|  0%| F|  |TAMS 0x000000050d000000, 0x000000050d000000| Untracked 
| 449|0x000000050d200000, 0x000000050d200000, 0x000000050d400000|  0%| F|  |TAMS 0x000000050d200000, 0x000000050d200000| Untracked 
| 450|0x000000050d400000, 0x000000050d400000, 0x000000050d600000|  0%| F|  |TAMS 0x000000050d400000, 0x000000050d400000| Untracked 
| 451|0x000000050d600000, 0x000000050d600000, 0x000000050d800000|  0%| F|  |TAMS 0x000000050d600000, 0x000000050d600000| Untracked 
| 452|0x000000050d800000, 0x000000050d800000, 0x000000050da00000|  0%| F|  |TAMS 0x000000050d800000, 0x000000050d800000| Untracked 
| 453|0x000000050da00000, 0x000000050da00000, 0x000000050dc00000|  0%| F|  |TAMS 0x000000050da00000, 0x000000050da00000| Untracked 
| 454|0x000000050dc00000, 0x000000050dc00000, 0x000000050de00000|  0%| F|  |TAMS 0x000000050dc00000, 0x000000050dc00000| Untracked 
| 455|0x000000050de00000, 0x000000050de00000, 0x000000050e000000|  0%| F|  |TAMS 0x000000050de00000, 0x000000050de00000| Untracked 
| 456|0x000000050e000000, 0x000000050e000000, 0x000000050e200000|  0%| F|  |TAMS 0x000000050e000000, 0x000000050e000000| Untracked 
| 457|0x000000050e200000, 0x000000050e200000, 0x000000050e400000|  0%| F|  |TAMS 0x000000050e200000, 0x000000050e200000| Untracked 
| 458|0x000000050e400000, 0x000000050e400000, 0x000000050e600000|  0%| F|  |TAMS 0x000000050e400000, 0x000000050e400000| Untracked 
| 459|0x000000050e600000, 0x000000050e600000, 0x000000050e800000|  0%| F|  |TAMS 0x000000050e600000, 0x000000050e600000| Untracked 
| 460|0x000000050e800000, 0x000000050e800000, 0x000000050ea00000|  0%| F|  |TAMS 0x000000050e800000, 0x000000050e800000| Untracked 
| 461|0x000000050ea00000, 0x000000050ea00000, 0x000000050ec00000|  0%| F|  |TAMS 0x000000050ea00000, 0x000000050ea00000| Untracked 
| 462|0x000000050ec00000, 0x000000050ec00000, 0x000000050ee00000|  0%| F|  |TAMS 0x000000050ec00000, 0x000000050ec00000| Untracked 
| 463|0x000000050ee00000, 0x000000050ee00000, 0x000000050f000000|  0%| F|  |TAMS 0x000000050ee00000, 0x000000050ee00000| Untracked 
| 464|0x000000050f000000, 0x000000050f000000, 0x000000050f200000|  0%| F|  |TAMS 0x000000050f000000, 0x000000050f000000| Untracked 
| 465|0x000000050f200000, 0x000000050f200000, 0x000000050f400000|  0%| F|  |TAMS 0x000000050f200000, 0x000000050f200000| Untracked 
| 466|0x000000050f400000, 0x000000050f400000, 0x000000050f600000|  0%| F|  |TAMS 0x000000050f400000, 0x000000050f400000| Untracked 
| 467|0x000000050f600000, 0x000000050f600000, 0x000000050f800000|  0%| F|  |TAMS 0x000000050f600000, 0x000000050f600000| Untracked 
| 468|0x000000050f800000, 0x000000050f800000, 0x000000050fa00000|  0%| F|  |TAMS 0x000000050f800000, 0x000000050f800000| Untracked 
| 469|0x000000050fa00000, 0x000000050fa00000, 0x000000050fc00000|  0%| F|  |TAMS 0x000000050fa00000, 0x000000050fa00000| Untracked 
| 470|0x000000050fc00000, 0x000000050fc00000, 0x000000050fe00000|  0%| F|  |TAMS 0x000000050fc00000, 0x000000050fc00000| Untracked 
| 471|0x000000050fe00000, 0x000000050fe00000, 0x0000000510000000|  0%| F|  |TAMS 0x000000050fe00000, 0x000000050fe00000| Untracked 
| 472|0x0000000510000000, 0x0000000510000000, 0x0000000510200000|  0%| F|  |TAMS 0x0000000510000000, 0x0000000510000000| Untracked 
| 473|0x0000000510200000, 0x0000000510200000, 0x0000000510400000|  0%| F|  |TAMS 0x0000000510200000, 0x0000000510200000| Untracked 
| 474|0x0000000510400000, 0x0000000510400000, 0x0000000510600000|  0%| F|  |TAMS 0x0000000510400000, 0x0000000510400000| Untracked 
| 475|0x0000000510600000, 0x0000000510600000, 0x0000000510800000|  0%| F|  |TAMS 0x0000000510600000, 0x0000000510600000| Untracked 
| 476|0x0000000510800000, 0x0000000510800000, 0x0000000510a00000|  0%| F|  |TAMS 0x0000000510800000, 0x0000000510800000| Untracked 
| 477|0x0000000510a00000, 0x0000000510a00000, 0x0000000510c00000|  0%| F|  |TAMS 0x0000000510a00000, 0x0000000510a00000| Untracked 
| 478|0x0000000510c00000, 0x0000000510c00000, 0x0000000510e00000|  0%| F|  |TAMS 0x0000000510c00000, 0x0000000510c00000| Untracked 
| 479|0x0000000510e00000, 0x0000000510e00000, 0x0000000511000000|  0%| F|  |TAMS 0x0000000510e00000, 0x0000000510e00000| Untracked 
| 480|0x0000000511000000, 0x0000000511000000, 0x0000000511200000|  0%| F|  |TAMS 0x0000000511000000, 0x0000000511000000| Untracked 
| 481|0x0000000511200000, 0x0000000511200000, 0x0000000511400000|  0%| F|  |TAMS 0x0000000511200000, 0x0000000511200000| Untracked 
| 482|0x0000000511400000, 0x0000000511400000, 0x0000000511600000|  0%| F|  |TAMS 0x0000000511400000, 0x0000000511400000| Untracked 
| 483|0x0000000511600000, 0x0000000511600000, 0x0000000511800000|  0%| F|  |TAMS 0x0000000511600000, 0x0000000511600000| Untracked 
| 484|0x0000000511800000, 0x0000000511800000, 0x0000000511a00000|  0%| F|  |TAMS 0x0000000511800000, 0x0000000511800000| Untracked 
| 485|0x0000000511a00000, 0x0000000511a00000, 0x0000000511c00000|  0%| F|  |TAMS 0x0000000511a00000, 0x0000000511a00000| Untracked 
| 486|0x0000000511c00000, 0x0000000511c00000, 0x0000000511e00000|  0%| F|  |TAMS 0x0000000511c00000, 0x0000000511c00000| Untracked 
| 487|0x0000000511e00000, 0x0000000511e00000, 0x0000000512000000|  0%| F|  |TAMS 0x0000000511e00000, 0x0000000511e00000| Untracked 
| 488|0x0000000512000000, 0x0000000512000000, 0x0000000512200000|  0%| F|  |TAMS 0x0000000512000000, 0x0000000512000000| Untracked 
| 489|0x0000000512200000, 0x0000000512200000, 0x0000000512400000|  0%| F|  |TAMS 0x0000000512200000, 0x0000000512200000| Untracked 
| 490|0x0000000512400000, 0x0000000512400000, 0x0000000512600000|  0%| F|  |TAMS 0x0000000512400000, 0x0000000512400000| Untracked 
| 491|0x0000000512600000, 0x0000000512600000, 0x0000000512800000|  0%| F|  |TAMS 0x0000000512600000, 0x0000000512600000| Untracked 
| 492|0x0000000512800000, 0x0000000512800000, 0x0000000512a00000|  0%| F|  |TAMS 0x0000000512800000, 0x0000000512800000| Untracked 
| 493|0x0000000512a00000, 0x0000000512a00000, 0x0000000512c00000|  0%| F|  |TAMS 0x0000000512a00000, 0x0000000512a00000| Untracked 
| 494|0x0000000512c00000, 0x0000000512c00000, 0x0000000512e00000|  0%| F|  |TAMS 0x0000000512c00000, 0x0000000512c00000| Untracked 
| 495|0x0000000512e00000, 0x0000000512e00000, 0x0000000513000000|  0%| F|  |TAMS 0x0000000512e00000, 0x0000000512e00000| Untracked 
| 496|0x0000000513000000, 0x0000000513000000, 0x0000000513200000|  0%| F|  |TAMS 0x0000000513000000, 0x0000000513000000| Untracked 
| 497|0x0000000513200000, 0x0000000513200000, 0x0000000513400000|  0%| F|  |TAMS 0x0000000513200000, 0x0000000513200000| Untracked 
| 498|0x0000000513400000, 0x0000000513400000, 0x0000000513600000|  0%| F|  |TAMS 0x0000000513400000, 0x0000000513400000| Untracked 
| 499|0x0000000513600000, 0x0000000513600000, 0x0000000513800000|  0%| F|  |TAMS 0x0000000513600000, 0x0000000513600000| Untracked 
| 500|0x0000000513800000, 0x0000000513800000, 0x0000000513a00000|  0%| F|  |TAMS 0x0000000513800000, 0x0000000513800000| Untracked 
| 501|0x0000000513a00000, 0x0000000513a00000, 0x0000000513c00000|  0%| F|  |TAMS 0x0000000513a00000, 0x0000000513a00000| Untracked 
| 502|0x0000000513c00000, 0x0000000513c00000, 0x0000000513e00000|  0%| F|  |TAMS 0x0000000513c00000, 0x0000000513c00000| Untracked 
| 503|0x0000000513e00000, 0x0000000513e00000, 0x0000000514000000|  0%| F|  |TAMS 0x0000000513e00000, 0x0000000513e00000| Untracked 
| 504|0x0000000514000000, 0x0000000514000000, 0x0000000514200000|  0%| F|  |TAMS 0x0000000514000000, 0x0000000514000000| Untracked 
| 505|0x0000000514200000, 0x0000000514200000, 0x0000000514400000|  0%| F|  |TAMS 0x0000000514200000, 0x0000000514200000| Untracked 
| 506|0x0000000514400000, 0x0000000514400000, 0x0000000514600000|  0%| F|  |TAMS 0x0000000514400000, 0x0000000514400000| Untracked 
| 507|0x0000000514600000, 0x0000000514600000, 0x0000000514800000|  0%| F|  |TAMS 0x0000000514600000, 0x0000000514600000| Untracked 
| 508|0x0000000514800000, 0x0000000514800000, 0x0000000514a00000|  0%| F|  |TAMS 0x0000000514800000, 0x0000000514800000| Untracked 
| 509|0x0000000514a00000, 0x0000000514a00000, 0x0000000514c00000|  0%| F|  |TAMS 0x0000000514a00000, 0x0000000514a00000| Untracked 
| 510|0x0000000514c00000, 0x0000000514c00000, 0x0000000514e00000|  0%| F|  |TAMS 0x0000000514c00000, 0x0000000514c00000| Untracked 
| 511|0x0000000514e00000, 0x0000000514e00000, 0x0000000515000000|  0%| F|  |TAMS 0x0000000514e00000, 0x0000000514e00000| Untracked 
| 512|0x0000000515000000, 0x0000000515000000, 0x0000000515200000|  0%| F|  |TAMS 0x0000000515000000, 0x0000000515000000| Untracked 
| 513|0x0000000515200000, 0x0000000515200000, 0x0000000515400000|  0%| F|  |TAMS 0x0000000515200000, 0x0000000515200000| Untracked 
| 514|0x0000000515400000, 0x0000000515400000, 0x0000000515600000|  0%| F|  |TAMS 0x0000000515400000, 0x0000000515400000| Untracked 
| 515|0x0000000515600000, 0x0000000515600000, 0x0000000515800000|  0%| F|  |TAMS 0x0000000515600000, 0x0000000515600000| Untracked 
| 516|0x0000000515800000, 0x0000000515800000, 0x0000000515a00000|  0%| F|  |TAMS 0x0000000515800000, 0x0000000515800000| Untracked 
| 517|0x0000000515a00000, 0x0000000515a00000, 0x0000000515c00000|  0%| F|  |TAMS 0x0000000515a00000, 0x0000000515a00000| Untracked 
| 518|0x0000000515c00000, 0x0000000515c00000, 0x0000000515e00000|  0%| F|  |TAMS 0x0000000515c00000, 0x0000000515c00000| Untracked 
| 519|0x0000000515e00000, 0x0000000515e00000, 0x0000000516000000|  0%| F|  |TAMS 0x0000000515e00000, 0x0000000515e00000| Untracked 
| 520|0x0000000516000000, 0x0000000516000000, 0x0000000516200000|  0%| F|  |TAMS 0x0000000516000000, 0x0000000516000000| Untracked 
| 521|0x0000000516200000, 0x0000000516200000, 0x0000000516400000|  0%| F|  |TAMS 0x0000000516200000, 0x0000000516200000| Untracked 
| 522|0x0000000516400000, 0x0000000516400000, 0x0000000516600000|  0%| F|  |TAMS 0x0000000516400000, 0x0000000516400000| Untracked 
| 523|0x0000000516600000, 0x0000000516600000, 0x0000000516800000|  0%| F|  |TAMS 0x0000000516600000, 0x0000000516600000| Untracked 
| 524|0x0000000516800000, 0x0000000516800000, 0x0000000516a00000|  0%| F|  |TAMS 0x0000000516800000, 0x0000000516800000| Untracked 
| 525|0x0000000516a00000, 0x0000000516a00000, 0x0000000516c00000|  0%| F|  |TAMS 0x0000000516a00000, 0x0000000516a00000| Untracked 
| 526|0x0000000516c00000, 0x0000000516c00000, 0x0000000516e00000|  0%| F|  |TAMS 0x0000000516c00000, 0x0000000516c00000| Untracked 
| 527|0x0000000516e00000, 0x0000000516e00000, 0x0000000517000000|  0%| F|  |TAMS 0x0000000516e00000, 0x0000000516e00000| Untracked 
| 528|0x0000000517000000, 0x0000000517000000, 0x0000000517200000|  0%| F|  |TAMS 0x0000000517000000, 0x0000000517000000| Untracked 
| 529|0x0000000517200000, 0x0000000517200000, 0x0000000517400000|  0%| F|  |TAMS 0x0000000517200000, 0x0000000517200000| Untracked 
| 530|0x0000000517400000, 0x0000000517400000, 0x0000000517600000|  0%| F|  |TAMS 0x0000000517400000, 0x0000000517400000| Untracked 
| 531|0x0000000517600000, 0x0000000517600000, 0x0000000517800000|  0%| F|  |TAMS 0x0000000517600000, 0x0000000517600000| Untracked 
| 532|0x0000000517800000, 0x0000000517800000, 0x0000000517a00000|  0%| F|  |TAMS 0x0000000517800000, 0x0000000517800000| Untracked 
| 533|0x0000000517a00000, 0x0000000517a00000, 0x0000000517c00000|  0%| F|  |TAMS 0x0000000517a00000, 0x0000000517a00000| Untracked 
| 534|0x0000000517c00000, 0x0000000517c00000, 0x0000000517e00000|  0%| F|  |TAMS 0x0000000517c00000, 0x0000000517c00000| Untracked 
| 535|0x0000000517e00000, 0x0000000517e00000, 0x0000000518000000|  0%| F|  |TAMS 0x0000000517e00000, 0x0000000517e00000| Untracked 
| 536|0x0000000518000000, 0x0000000518000000, 0x0000000518200000|  0%| F|  |TAMS 0x0000000518000000, 0x0000000518000000| Untracked 
| 537|0x0000000518200000, 0x0000000518200000, 0x0000000518400000|  0%| F|  |TAMS 0x0000000518200000, 0x0000000518200000| Untracked 
| 538|0x0000000518400000, 0x0000000518400000, 0x0000000518600000|  0%| F|  |TAMS 0x0000000518400000, 0x0000000518400000| Untracked 
| 539|0x0000000518600000, 0x0000000518600000, 0x0000000518800000|  0%| F|  |TAMS 0x0000000518600000, 0x0000000518600000| Untracked 
| 540|0x0000000518800000, 0x0000000518800000, 0x0000000518a00000|  0%| F|  |TAMS 0x0000000518800000, 0x0000000518800000| Untracked 
| 541|0x0000000518a00000, 0x0000000518a00000, 0x0000000518c00000|  0%| F|  |TAMS 0x0000000518a00000, 0x0000000518a00000| Untracked 
| 542|0x0000000518c00000, 0x0000000518c00000, 0x0000000518e00000|  0%| F|  |TAMS 0x0000000518c00000, 0x0000000518c00000| Untracked 
| 543|0x0000000518e00000, 0x0000000518e00000, 0x0000000519000000|  0%| F|  |TAMS 0x0000000518e00000, 0x0000000518e00000| Untracked 
| 544|0x0000000519000000, 0x0000000519000000, 0x0000000519200000|  0%| F|  |TAMS 0x0000000519000000, 0x0000000519000000| Untracked 
| 545|0x0000000519200000, 0x0000000519200000, 0x0000000519400000|  0%| F|  |TAMS 0x0000000519200000, 0x0000000519200000| Untracked 
| 546|0x0000000519400000, 0x0000000519400000, 0x0000000519600000|  0%| F|  |TAMS 0x0000000519400000, 0x0000000519400000| Untracked 
| 547|0x0000000519600000, 0x0000000519600000, 0x0000000519800000|  0%| F|  |TAMS 0x0000000519600000, 0x0000000519600000| Untracked 
| 548|0x0000000519800000, 0x0000000519800000, 0x0000000519a00000|  0%| F|  |TAMS 0x0000000519800000, 0x0000000519800000| Untracked 
| 549|0x0000000519a00000, 0x0000000519a00000, 0x0000000519c00000|  0%| F|  |TAMS 0x0000000519a00000, 0x0000000519a00000| Untracked 
| 550|0x0000000519c00000, 0x0000000519c00000, 0x0000000519e00000|  0%| F|  |TAMS 0x0000000519c00000, 0x0000000519c00000| Untracked 
| 551|0x0000000519e00000, 0x0000000519e00000, 0x000000051a000000|  0%| F|  |TAMS 0x0000000519e00000, 0x0000000519e00000| Untracked 
| 552|0x000000051a000000, 0x000000051a000000, 0x000000051a200000|  0%| F|  |TAMS 0x000000051a000000, 0x000000051a000000| Untracked 
| 553|0x000000051a200000, 0x000000051a200000, 0x000000051a400000|  0%| F|  |TAMS 0x000000051a200000, 0x000000051a200000| Untracked 
| 554|0x000000051a400000, 0x000000051a400000, 0x000000051a600000|  0%| F|  |TAMS 0x000000051a400000, 0x000000051a400000| Untracked 
| 555|0x000000051a600000, 0x000000051a600000, 0x000000051a800000|  0%| F|  |TAMS 0x000000051a600000, 0x000000051a600000| Untracked 
| 556|0x000000051a800000, 0x000000051a800000, 0x000000051aa00000|  0%| F|  |TAMS 0x000000051a800000, 0x000000051a800000| Untracked 
| 557|0x000000051aa00000, 0x000000051aa00000, 0x000000051ac00000|  0%| F|  |TAMS 0x000000051aa00000, 0x000000051aa00000| Untracked 
| 558|0x000000051ac00000, 0x000000051ac00000, 0x000000051ae00000|  0%| F|  |TAMS 0x000000051ac00000, 0x000000051ac00000| Untracked 
| 559|0x000000051ae00000, 0x000000051ae00000, 0x000000051b000000|  0%| F|  |TAMS 0x000000051ae00000, 0x000000051ae00000| Untracked 
| 560|0x000000051b000000, 0x000000051b000000, 0x000000051b200000|  0%| F|  |TAMS 0x000000051b000000, 0x000000051b000000| Untracked 
| 561|0x000000051b200000, 0x000000051b200000, 0x000000051b400000|  0%| F|  |TAMS 0x000000051b200000, 0x000000051b200000| Untracked 
| 562|0x000000051b400000, 0x000000051b400000, 0x000000051b600000|  0%| F|  |TAMS 0x000000051b400000, 0x000000051b400000| Untracked 
| 563|0x000000051b600000, 0x000000051b600000, 0x000000051b800000|  0%| F|  |TAMS 0x000000051b600000, 0x000000051b600000| Untracked 
| 564|0x000000051b800000, 0x000000051b800000, 0x000000051ba00000|  0%| F|  |TAMS 0x000000051b800000, 0x000000051b800000| Untracked 
| 565|0x000000051ba00000, 0x000000051ba00000, 0x000000051bc00000|  0%| F|  |TAMS 0x000000051ba00000, 0x000000051ba00000| Untracked 
| 566|0x000000051bc00000, 0x000000051bc00000, 0x000000051be00000|  0%| F|  |TAMS 0x000000051bc00000, 0x000000051bc00000| Untracked 
| 567|0x000000051be00000, 0x000000051be00000, 0x000000051c000000|  0%| F|  |TAMS 0x000000051be00000, 0x000000051be00000| Untracked 
| 568|0x000000051c000000, 0x000000051c000000, 0x000000051c200000|  0%| F|  |TAMS 0x000000051c000000, 0x000000051c000000| Untracked 
| 569|0x000000051c200000, 0x000000051c200000, 0x000000051c400000|  0%| F|  |TAMS 0x000000051c200000, 0x000000051c200000| Untracked 
| 570|0x000000051c400000, 0x000000051c400000, 0x000000051c600000|  0%| F|  |TAMS 0x000000051c400000, 0x000000051c400000| Untracked 
| 571|0x000000051c600000, 0x000000051c600000, 0x000000051c800000|  0%| F|  |TAMS 0x000000051c600000, 0x000000051c600000| Untracked 
| 572|0x000000051c800000, 0x000000051c800000, 0x000000051ca00000|  0%| F|  |TAMS 0x000000051c800000, 0x000000051c800000| Untracked 
| 573|0x000000051ca00000, 0x000000051ca00000, 0x000000051cc00000|  0%| F|  |TAMS 0x000000051ca00000, 0x000000051ca00000| Untracked 
| 574|0x000000051cc00000, 0x000000051cc00000, 0x000000051ce00000|  0%| F|  |TAMS 0x000000051cc00000, 0x000000051cc00000| Untracked 
| 575|0x000000051ce00000, 0x000000051ce00000, 0x000000051d000000|  0%| F|  |TAMS 0x000000051ce00000, 0x000000051ce00000| Untracked 
| 576|0x000000051d000000, 0x000000051d000000, 0x000000051d200000|  0%| F|  |TAMS 0x000000051d000000, 0x000000051d000000| Untracked 
| 577|0x000000051d200000, 0x000000051d200000, 0x000000051d400000|  0%| F|  |TAMS 0x000000051d200000, 0x000000051d200000| Untracked 
| 578|0x000000051d400000, 0x000000051d400000, 0x000000051d600000|  0%| F|  |TAMS 0x000000051d400000, 0x000000051d400000| Untracked 
| 579|0x000000051d600000, 0x000000051d600000, 0x000000051d800000|  0%| F|  |TAMS 0x000000051d600000, 0x000000051d600000| Untracked 
| 580|0x000000051d800000, 0x000000051d800000, 0x000000051da00000|  0%| F|  |TAMS 0x000000051d800000, 0x000000051d800000| Untracked 
| 581|0x000000051da00000, 0x000000051da00000, 0x000000051dc00000|  0%| F|  |TAMS 0x000000051da00000, 0x000000051da00000| Untracked 
| 582|0x000000051dc00000, 0x000000051dc00000, 0x000000051de00000|  0%| F|  |TAMS 0x000000051dc00000, 0x000000051dc00000| Untracked 
| 583|0x000000051de00000, 0x000000051de00000, 0x000000051e000000|  0%| F|  |TAMS 0x000000051de00000, 0x000000051de00000| Untracked 
| 584|0x000000051e000000, 0x000000051e000000, 0x000000051e200000|  0%| F|  |TAMS 0x000000051e000000, 0x000000051e000000| Untracked 
| 585|0x000000051e200000, 0x000000051e200000, 0x000000051e400000|  0%| F|  |TAMS 0x000000051e200000, 0x000000051e200000| Untracked 
| 586|0x000000051e400000, 0x000000051e400000, 0x000000051e600000|  0%| F|  |TAMS 0x000000051e400000, 0x000000051e400000| Untracked 
| 587|0x000000051e600000, 0x000000051e600000, 0x000000051e800000|  0%| F|  |TAMS 0x000000051e600000, 0x000000051e600000| Untracked 
| 588|0x000000051e800000, 0x000000051e800000, 0x000000051ea00000|  0%| F|  |TAMS 0x000000051e800000, 0x000000051e800000| Untracked 
| 589|0x000000051ea00000, 0x000000051ea00000, 0x000000051ec00000|  0%| F|  |TAMS 0x000000051ea00000, 0x000000051ea00000| Untracked 
| 590|0x000000051ec00000, 0x000000051ec00000, 0x000000051ee00000|  0%| F|  |TAMS 0x000000051ec00000, 0x000000051ec00000| Untracked 
| 591|0x000000051ee00000, 0x000000051ee00000, 0x000000051f000000|  0%| F|  |TAMS 0x000000051ee00000, 0x000000051ee00000| Untracked 
| 592|0x000000051f000000, 0x000000051f000000, 0x000000051f200000|  0%| F|  |TAMS 0x000000051f000000, 0x000000051f000000| Untracked 
| 593|0x000000051f200000, 0x000000051f200000, 0x000000051f400000|  0%| F|  |TAMS 0x000000051f200000, 0x000000051f200000| Untracked 
| 594|0x000000051f400000, 0x000000051f400000, 0x000000051f600000|  0%| F|  |TAMS 0x000000051f400000, 0x000000051f400000| Untracked 
| 595|0x000000051f600000, 0x000000051f600000, 0x000000051f800000|  0%| F|  |TAMS 0x000000051f600000, 0x000000051f600000| Untracked 
| 596|0x000000051f800000, 0x000000051f800000, 0x000000051fa00000|  0%| F|  |TAMS 0x000000051f800000, 0x000000051f800000| Untracked 
| 597|0x000000051fa00000, 0x000000051fa00000, 0x000000051fc00000|  0%| F|  |TAMS 0x000000051fa00000, 0x000000051fa00000| Untracked 
| 598|0x000000051fc00000, 0x000000051fc00000, 0x000000051fe00000|  0%| F|  |TAMS 0x000000051fc00000, 0x000000051fc00000| Untracked 
| 599|0x000000051fe00000, 0x000000051fe00000, 0x0000000520000000|  0%| F|  |TAMS 0x000000051fe00000, 0x000000051fe00000| Untracked 
| 600|0x0000000520000000, 0x0000000520000000, 0x0000000520200000|  0%| F|  |TAMS 0x0000000520000000, 0x0000000520000000| Untracked 
| 601|0x0000000520200000, 0x0000000520200000, 0x0000000520400000|  0%| F|  |TAMS 0x0000000520200000, 0x0000000520200000| Untracked 
| 602|0x0000000520400000, 0x0000000520400000, 0x0000000520600000|  0%| F|  |TAMS 0x0000000520400000, 0x0000000520400000| Untracked 
| 603|0x0000000520600000, 0x0000000520600000, 0x0000000520800000|  0%| F|  |TAMS 0x0000000520600000, 0x0000000520600000| Untracked 
| 604|0x0000000520800000, 0x0000000520800000, 0x0000000520a00000|  0%| F|  |TAMS 0x0000000520800000, 0x0000000520800000| Untracked 
| 605|0x0000000520a00000, 0x0000000520a00000, 0x0000000520c00000|  0%| F|  |TAMS 0x0000000520a00000, 0x0000000520a00000| Untracked 
| 606|0x0000000520c00000, 0x0000000520c00000, 0x0000000520e00000|  0%| F|  |TAMS 0x0000000520c00000, 0x0000000520c00000| Untracked 
| 607|0x0000000520e00000, 0x0000000520e00000, 0x0000000521000000|  0%| F|  |TAMS 0x0000000520e00000, 0x0000000520e00000| Untracked 
| 608|0x0000000521000000, 0x0000000521000000, 0x0000000521200000|  0%| F|  |TAMS 0x0000000521000000, 0x0000000521000000| Untracked 
| 609|0x0000000521200000, 0x0000000521200000, 0x0000000521400000|  0%| F|  |TAMS 0x0000000521200000, 0x0000000521200000| Untracked 
| 610|0x0000000521400000, 0x0000000521400000, 0x0000000521600000|  0%| F|  |TAMS 0x0000000521400000, 0x0000000521400000| Untracked 
| 611|0x0000000521600000, 0x0000000521600000, 0x0000000521800000|  0%| F|  |TAMS 0x0000000521600000, 0x0000000521600000| Untracked 
| 612|0x0000000521800000, 0x0000000521800000, 0x0000000521a00000|  0%| F|  |TAMS 0x0000000521800000, 0x0000000521800000| Untracked 
| 613|0x0000000521a00000, 0x0000000521a00000, 0x0000000521c00000|  0%| F|  |TAMS 0x0000000521a00000, 0x0000000521a00000| Untracked 
| 614|0x0000000521c00000, 0x0000000521c00000, 0x0000000521e00000|  0%| F|  |TAMS 0x0000000521c00000, 0x0000000521c00000| Untracked 
| 615|0x0000000521e00000, 0x0000000521e00000, 0x0000000522000000|  0%| F|  |TAMS 0x0000000521e00000, 0x0000000521e00000| Untracked 
| 616|0x0000000522000000, 0x0000000522000000, 0x0000000522200000|  0%| F|  |TAMS 0x0000000522000000, 0x0000000522000000| Untracked 
| 617|0x0000000522200000, 0x0000000522200000, 0x0000000522400000|  0%| F|  |TAMS 0x0000000522200000, 0x0000000522200000| Untracked 
| 618|0x0000000522400000, 0x0000000522400000, 0x0000000522600000|  0%| F|  |TAMS 0x0000000522400000, 0x0000000522400000| Untracked 
| 619|0x0000000522600000, 0x0000000522600000, 0x0000000522800000|  0%| F|  |TAMS 0x0000000522600000, 0x0000000522600000| Untracked 
| 620|0x0000000522800000, 0x0000000522800000, 0x0000000522a00000|  0%| F|  |TAMS 0x0000000522800000, 0x0000000522800000| Untracked 
| 621|0x0000000522a00000, 0x0000000522a00000, 0x0000000522c00000|  0%| F|  |TAMS 0x0000000522a00000, 0x0000000522a00000| Untracked 
| 622|0x0000000522c00000, 0x0000000522c00000, 0x0000000522e00000|  0%| F|  |TAMS 0x0000000522c00000, 0x0000000522c00000| Untracked 
| 623|0x0000000522e00000, 0x0000000522e00000, 0x0000000523000000|  0%| F|  |TAMS 0x0000000522e00000, 0x0000000522e00000| Untracked 
| 624|0x0000000523000000, 0x0000000523000000, 0x0000000523200000|  0%| F|  |TAMS 0x0000000523000000, 0x0000000523000000| Untracked 
| 625|0x0000000523200000, 0x0000000523200000, 0x0000000523400000|  0%| F|  |TAMS 0x0000000523200000, 0x0000000523200000| Untracked 
| 626|0x0000000523400000, 0x0000000523400000, 0x0000000523600000|  0%| F|  |TAMS 0x0000000523400000, 0x0000000523400000| Untracked 
| 627|0x0000000523600000, 0x0000000523600000, 0x0000000523800000|  0%| F|  |TAMS 0x0000000523600000, 0x0000000523600000| Untracked 
| 628|0x0000000523800000, 0x0000000523800000, 0x0000000523a00000|  0%| F|  |TAMS 0x0000000523800000, 0x0000000523800000| Untracked 
| 629|0x0000000523a00000, 0x0000000523a00000, 0x0000000523c00000|  0%| F|  |TAMS 0x0000000523a00000, 0x0000000523a00000| Untracked 
| 630|0x0000000523c00000, 0x0000000523c00000, 0x0000000523e00000|  0%| F|  |TAMS 0x0000000523c00000, 0x0000000523c00000| Untracked 
| 631|0x0000000523e00000, 0x0000000523e00000, 0x0000000524000000|  0%| F|  |TAMS 0x0000000523e00000, 0x0000000523e00000| Untracked 
| 632|0x0000000524000000, 0x0000000524000000, 0x0000000524200000|  0%| F|  |TAMS 0x0000000524000000, 0x0000000524000000| Untracked 
| 633|0x0000000524200000, 0x0000000524200000, 0x0000000524400000|  0%| F|  |TAMS 0x0000000524200000, 0x0000000524200000| Untracked 
| 634|0x0000000524400000, 0x0000000524400000, 0x0000000524600000|  0%| F|  |TAMS 0x0000000524400000, 0x0000000524400000| Untracked 
| 635|0x0000000524600000, 0x0000000524600000, 0x0000000524800000|  0%| F|  |TAMS 0x0000000524600000, 0x0000000524600000| Untracked 
| 636|0x0000000524800000, 0x0000000524800000, 0x0000000524a00000|  0%| F|  |TAMS 0x0000000524800000, 0x0000000524800000| Untracked 
| 637|0x0000000524a00000, 0x0000000524a00000, 0x0000000524c00000|  0%| F|  |TAMS 0x0000000524a00000, 0x0000000524a00000| Untracked 
| 638|0x0000000524c00000, 0x0000000524c00000, 0x0000000524e00000|  0%| F|  |TAMS 0x0000000524c00000, 0x0000000524c00000| Untracked 
| 639|0x0000000524e00000, 0x0000000524e00000, 0x0000000525000000|  0%| F|  |TAMS 0x0000000524e00000, 0x0000000524e00000| Untracked 
| 640|0x0000000525000000, 0x0000000525000000, 0x0000000525200000|  0%| F|  |TAMS 0x0000000525000000, 0x0000000525000000| Untracked 
| 641|0x0000000525200000, 0x0000000525200000, 0x0000000525400000|  0%| F|  |TAMS 0x0000000525200000, 0x0000000525200000| Untracked 
| 642|0x0000000525400000, 0x0000000525400000, 0x0000000525600000|  0%| F|  |TAMS 0x0000000525400000, 0x0000000525400000| Untracked 
| 643|0x0000000525600000, 0x0000000525600000, 0x0000000525800000|  0%| F|  |TAMS 0x0000000525600000, 0x0000000525600000| Untracked 
| 644|0x0000000525800000, 0x0000000525800000, 0x0000000525a00000|  0%| F|  |TAMS 0x0000000525800000, 0x0000000525800000| Untracked 
| 645|0x0000000525a00000, 0x0000000525a00000, 0x0000000525c00000|  0%| F|  |TAMS 0x0000000525a00000, 0x0000000525a00000| Untracked 
| 646|0x0000000525c00000, 0x0000000525c00000, 0x0000000525e00000|  0%| F|  |TAMS 0x0000000525c00000, 0x0000000525c00000| Untracked 
| 647|0x0000000525e00000, 0x0000000525e00000, 0x0000000526000000|  0%| F|  |TAMS 0x0000000525e00000, 0x0000000525e00000| Untracked 
| 648|0x0000000526000000, 0x0000000526000000, 0x0000000526200000|  0%| F|  |TAMS 0x0000000526000000, 0x0000000526000000| Untracked 
| 649|0x0000000526200000, 0x0000000526200000, 0x0000000526400000|  0%| F|  |TAMS 0x0000000526200000, 0x0000000526200000| Untracked 
| 650|0x0000000526400000, 0x0000000526400000, 0x0000000526600000|  0%| F|  |TAMS 0x0000000526400000, 0x0000000526400000| Untracked 
| 651|0x0000000526600000, 0x0000000526600000, 0x0000000526800000|  0%| F|  |TAMS 0x0000000526600000, 0x0000000526600000| Untracked 
| 652|0x0000000526800000, 0x0000000526800000, 0x0000000526a00000|  0%| F|  |TAMS 0x0000000526800000, 0x0000000526800000| Untracked 
| 653|0x0000000526a00000, 0x0000000526a00000, 0x0000000526c00000|  0%| F|  |TAMS 0x0000000526a00000, 0x0000000526a00000| Untracked 
| 654|0x0000000526c00000, 0x0000000526c00000, 0x0000000526e00000|  0%| F|  |TAMS 0x0000000526c00000, 0x0000000526c00000| Untracked 
| 655|0x0000000526e00000, 0x0000000526e00000, 0x0000000527000000|  0%| F|  |TAMS 0x0000000526e00000, 0x0000000526e00000| Untracked 
| 656|0x0000000527000000, 0x0000000527000000, 0x0000000527200000|  0%| F|  |TAMS 0x0000000527000000, 0x0000000527000000| Untracked 
| 657|0x0000000527200000, 0x0000000527200000, 0x0000000527400000|  0%| F|  |TAMS 0x0000000527200000, 0x0000000527200000| Untracked 
| 658|0x0000000527400000, 0x0000000527400000, 0x0000000527600000|  0%| F|  |TAMS 0x0000000527400000, 0x0000000527400000| Untracked 
| 659|0x0000000527600000, 0x0000000527600000, 0x0000000527800000|  0%| F|  |TAMS 0x0000000527600000, 0x0000000527600000| Untracked 
| 660|0x0000000527800000, 0x0000000527800000, 0x0000000527a00000|  0%| F|  |TAMS 0x0000000527800000, 0x0000000527800000| Untracked 
| 661|0x0000000527a00000, 0x0000000527a00000, 0x0000000527c00000|  0%| F|  |TAMS 0x0000000527a00000, 0x0000000527a00000| Untracked 
| 662|0x0000000527c00000, 0x0000000527c00000, 0x0000000527e00000|  0%| F|  |TAMS 0x0000000527c00000, 0x0000000527c00000| Untracked 
| 663|0x0000000527e00000, 0x0000000527e00000, 0x0000000528000000|  0%| F|  |TAMS 0x0000000527e00000, 0x0000000527e00000| Untracked 
| 664|0x0000000528000000, 0x0000000528000000, 0x0000000528200000|  0%| F|  |TAMS 0x0000000528000000, 0x0000000528000000| Untracked 
| 665|0x0000000528200000, 0x0000000528200000, 0x0000000528400000|  0%| F|  |TAMS 0x0000000528200000, 0x0000000528200000| Untracked 
| 666|0x0000000528400000, 0x0000000528400000, 0x0000000528600000|  0%| F|  |TAMS 0x0000000528400000, 0x0000000528400000| Untracked 
| 667|0x0000000528600000, 0x0000000528600000, 0x0000000528800000|  0%| F|  |TAMS 0x0000000528600000, 0x0000000528600000| Untracked 
| 668|0x0000000528800000, 0x0000000528800000, 0x0000000528a00000|  0%| F|  |TAMS 0x0000000528800000, 0x0000000528800000| Untracked 
| 669|0x0000000528a00000, 0x0000000528a00000, 0x0000000528c00000|  0%| F|  |TAMS 0x0000000528a00000, 0x0000000528a00000| Untracked 
| 670|0x0000000528c00000, 0x0000000528c00000, 0x0000000528e00000|  0%| F|  |TAMS 0x0000000528c00000, 0x0000000528c00000| Untracked 
| 671|0x0000000528e00000, 0x0000000528e00000, 0x0000000529000000|  0%| F|  |TAMS 0x0000000528e00000, 0x0000000528e00000| Untracked 
| 672|0x0000000529000000, 0x0000000529000000, 0x0000000529200000|  0%| F|  |TAMS 0x0000000529000000, 0x0000000529000000| Untracked 
| 673|0x0000000529200000, 0x0000000529200000, 0x0000000529400000|  0%| F|  |TAMS 0x0000000529200000, 0x0000000529200000| Untracked 
| 674|0x0000000529400000, 0x0000000529400000, 0x0000000529600000|  0%| F|  |TAMS 0x0000000529400000, 0x0000000529400000| Untracked 
| 675|0x0000000529600000, 0x0000000529600000, 0x0000000529800000|  0%| F|  |TAMS 0x0000000529600000, 0x0000000529600000| Untracked 
| 676|0x0000000529800000, 0x0000000529800000, 0x0000000529a00000|  0%| F|  |TAMS 0x0000000529800000, 0x0000000529800000| Untracked 
| 677|0x0000000529a00000, 0x0000000529a00000, 0x0000000529c00000|  0%| F|  |TAMS 0x0000000529a00000, 0x0000000529a00000| Untracked 
| 678|0x0000000529c00000, 0x0000000529c00000, 0x0000000529e00000|  0%| F|  |TAMS 0x0000000529c00000, 0x0000000529c00000| Untracked 
| 679|0x0000000529e00000, 0x0000000529e00000, 0x000000052a000000|  0%| F|  |TAMS 0x0000000529e00000, 0x0000000529e00000| Untracked 
| 680|0x000000052a000000, 0x000000052a000000, 0x000000052a200000|  0%| F|  |TAMS 0x000000052a000000, 0x000000052a000000| Untracked 
| 681|0x000000052a200000, 0x000000052a200000, 0x000000052a400000|  0%| F|  |TAMS 0x000000052a200000, 0x000000052a200000| Untracked 
| 682|0x000000052a400000, 0x000000052a400000, 0x000000052a600000|  0%| F|  |TAMS 0x000000052a400000, 0x000000052a400000| Untracked 
| 683|0x000000052a600000, 0x000000052a600000, 0x000000052a800000|  0%| F|  |TAMS 0x000000052a600000, 0x000000052a600000| Untracked 
| 684|0x000000052a800000, 0x000000052a800000, 0x000000052aa00000|  0%| F|  |TAMS 0x000000052a800000, 0x000000052a800000| Untracked 
| 685|0x000000052aa00000, 0x000000052aa00000, 0x000000052ac00000|  0%| F|  |TAMS 0x000000052aa00000, 0x000000052aa00000| Untracked 
| 686|0x000000052ac00000, 0x000000052ac00000, 0x000000052ae00000|  0%| F|  |TAMS 0x000000052ac00000, 0x000000052ac00000| Untracked 
| 687|0x000000052ae00000, 0x000000052ae00000, 0x000000052b000000|  0%| F|  |TAMS 0x000000052ae00000, 0x000000052ae00000| Untracked 
| 688|0x000000052b000000, 0x000000052b000000, 0x000000052b200000|  0%| F|  |TAMS 0x000000052b000000, 0x000000052b000000| Untracked 
| 689|0x000000052b200000, 0x000000052b200000, 0x000000052b400000|  0%| F|  |TAMS 0x000000052b200000, 0x000000052b200000| Untracked 
| 690|0x000000052b400000, 0x000000052b400000, 0x000000052b600000|  0%| F|  |TAMS 0x000000052b400000, 0x000000052b400000| Untracked 
| 691|0x000000052b600000, 0x000000052b600000, 0x000000052b800000|  0%| F|  |TAMS 0x000000052b600000, 0x000000052b600000| Untracked 
| 692|0x000000052b800000, 0x000000052b800000, 0x000000052ba00000|  0%| F|  |TAMS 0x000000052b800000, 0x000000052b800000| Untracked 
| 693|0x000000052ba00000, 0x000000052ba00000, 0x000000052bc00000|  0%| F|  |TAMS 0x000000052ba00000, 0x000000052ba00000| Untracked 
| 694|0x000000052bc00000, 0x000000052bc00000, 0x000000052be00000|  0%| F|  |TAMS 0x000000052bc00000, 0x000000052bc00000| Untracked 
| 695|0x000000052be00000, 0x000000052be00000, 0x000000052c000000|  0%| F|  |TAMS 0x000000052be00000, 0x000000052be00000| Untracked 
| 696|0x000000052c000000, 0x000000052c000000, 0x000000052c200000|  0%| F|  |TAMS 0x000000052c000000, 0x000000052c000000| Untracked 
| 697|0x000000052c200000, 0x000000052c200000, 0x000000052c400000|  0%| F|  |TAMS 0x000000052c200000, 0x000000052c200000| Untracked 
| 698|0x000000052c400000, 0x000000052c400000, 0x000000052c600000|  0%| F|  |TAMS 0x000000052c400000, 0x000000052c400000| Untracked 
| 699|0x000000052c600000, 0x000000052c600000, 0x000000052c800000|  0%| F|  |TAMS 0x000000052c600000, 0x000000052c600000| Untracked 
| 700|0x000000052c800000, 0x000000052c800000, 0x000000052ca00000|  0%| F|  |TAMS 0x000000052c800000, 0x000000052c800000| Untracked 
| 701|0x000000052ca00000, 0x000000052ca00000, 0x000000052cc00000|  0%| F|  |TAMS 0x000000052ca00000, 0x000000052ca00000| Untracked 
| 702|0x000000052cc00000, 0x000000052cc00000, 0x000000052ce00000|  0%| F|  |TAMS 0x000000052cc00000, 0x000000052cc00000| Untracked 
| 703|0x000000052ce00000, 0x000000052ce00000, 0x000000052d000000|  0%| F|  |TAMS 0x000000052ce00000, 0x000000052ce00000| Untracked 
| 704|0x000000052d000000, 0x000000052d000000, 0x000000052d200000|  0%| F|  |TAMS 0x000000052d000000, 0x000000052d000000| Untracked 
| 705|0x000000052d200000, 0x000000052d200000, 0x000000052d400000|  0%| F|  |TAMS 0x000000052d200000, 0x000000052d200000| Untracked 
| 706|0x000000052d400000, 0x000000052d400000, 0x000000052d600000|  0%| F|  |TAMS 0x000000052d400000, 0x000000052d400000| Untracked 
| 707|0x000000052d600000, 0x000000052d600000, 0x000000052d800000|  0%| F|  |TAMS 0x000000052d600000, 0x000000052d600000| Untracked 
| 708|0x000000052d800000, 0x000000052d800000, 0x000000052da00000|  0%| F|  |TAMS 0x000000052d800000, 0x000000052d800000| Untracked 
| 709|0x000000052da00000, 0x000000052da00000, 0x000000052dc00000|  0%| F|  |TAMS 0x000000052da00000, 0x000000052da00000| Untracked 
| 710|0x000000052dc00000, 0x000000052dc00000, 0x000000052de00000|  0%| F|  |TAMS 0x000000052dc00000, 0x000000052dc00000| Untracked 
| 711|0x000000052de00000, 0x000000052de00000, 0x000000052e000000|  0%| F|  |TAMS 0x000000052de00000, 0x000000052de00000| Untracked 
| 712|0x000000052e000000, 0x000000052e000000, 0x000000052e200000|  0%| F|  |TAMS 0x000000052e000000, 0x000000052e000000| Untracked 
| 713|0x000000052e200000, 0x000000052e200000, 0x000000052e400000|  0%| F|  |TAMS 0x000000052e200000, 0x000000052e200000| Untracked 
| 714|0x000000052e400000, 0x000000052e400000, 0x000000052e600000|  0%| F|  |TAMS 0x000000052e400000, 0x000000052e400000| Untracked 
| 715|0x000000052e600000, 0x000000052e600000, 0x000000052e800000|  0%| F|  |TAMS 0x000000052e600000, 0x000000052e600000| Untracked 
| 716|0x000000052e800000, 0x000000052e800000, 0x000000052ea00000|  0%| F|  |TAMS 0x000000052e800000, 0x000000052e800000| Untracked 
| 717|0x000000052ea00000, 0x000000052ea00000, 0x000000052ec00000|  0%| F|  |TAMS 0x000000052ea00000, 0x000000052ea00000| Untracked 
| 718|0x000000052ec00000, 0x000000052ec00000, 0x000000052ee00000|  0%| F|  |TAMS 0x000000052ec00000, 0x000000052ec00000| Untracked 
| 719|0x000000052ee00000, 0x000000052ee00000, 0x000000052f000000|  0%| F|  |TAMS 0x000000052ee00000, 0x000000052ee00000| Untracked 
| 720|0x000000052f000000, 0x000000052f000000, 0x000000052f200000|  0%| F|  |TAMS 0x000000052f000000, 0x000000052f000000| Untracked 
| 721|0x000000052f200000, 0x000000052f200000, 0x000000052f400000|  0%| F|  |TAMS 0x000000052f200000, 0x000000052f200000| Untracked 
| 722|0x000000052f400000, 0x000000052f400000, 0x000000052f600000|  0%| F|  |TAMS 0x000000052f400000, 0x000000052f400000| Untracked 
| 723|0x000000052f600000, 0x000000052f600000, 0x000000052f800000|  0%| F|  |TAMS 0x000000052f600000, 0x000000052f600000| Untracked 
| 724|0x000000052f800000, 0x000000052f800000, 0x000000052fa00000|  0%| F|  |TAMS 0x000000052f800000, 0x000000052f800000| Untracked 
| 725|0x000000052fa00000, 0x000000052fa00000, 0x000000052fc00000|  0%| F|  |TAMS 0x000000052fa00000, 0x000000052fa00000| Untracked 
| 726|0x000000052fc00000, 0x000000052fc00000, 0x000000052fe00000|  0%| F|  |TAMS 0x000000052fc00000, 0x000000052fc00000| Untracked 
| 727|0x000000052fe00000, 0x000000052fe00000, 0x0000000530000000|  0%| F|  |TAMS 0x000000052fe00000, 0x000000052fe00000| Untracked 
| 728|0x0000000530000000, 0x0000000530000000, 0x0000000530200000|  0%| F|  |TAMS 0x0000000530000000, 0x0000000530000000| Untracked 
| 729|0x0000000530200000, 0x0000000530200000, 0x0000000530400000|  0%| F|  |TAMS 0x0000000530200000, 0x0000000530200000| Untracked 
| 730|0x0000000530400000, 0x0000000530400000, 0x0000000530600000|  0%| F|  |TAMS 0x0000000530400000, 0x0000000530400000| Untracked 
| 731|0x0000000530600000, 0x0000000530600000, 0x0000000530800000|  0%| F|  |TAMS 0x0000000530600000, 0x0000000530600000| Untracked 
| 732|0x0000000530800000, 0x0000000530800000, 0x0000000530a00000|  0%| F|  |TAMS 0x0000000530800000, 0x0000000530800000| Untracked 
| 733|0x0000000530a00000, 0x0000000530a00000, 0x0000000530c00000|  0%| F|  |TAMS 0x0000000530a00000, 0x0000000530a00000| Untracked 
| 734|0x0000000530c00000, 0x0000000530c00000, 0x0000000530e00000|  0%| F|  |TAMS 0x0000000530c00000, 0x0000000530c00000| Untracked 
| 735|0x0000000530e00000, 0x0000000530e00000, 0x0000000531000000|  0%| F|  |TAMS 0x0000000530e00000, 0x0000000530e00000| Untracked 
| 736|0x0000000531000000, 0x0000000531000000, 0x0000000531200000|  0%| F|  |TAMS 0x0000000531000000, 0x0000000531000000| Untracked 
| 737|0x0000000531200000, 0x0000000531200000, 0x0000000531400000|  0%| F|  |TAMS 0x0000000531200000, 0x0000000531200000| Untracked 
| 738|0x0000000531400000, 0x0000000531400000, 0x0000000531600000|  0%| F|  |TAMS 0x0000000531400000, 0x0000000531400000| Untracked 
| 739|0x0000000531600000, 0x0000000531600000, 0x0000000531800000|  0%| F|  |TAMS 0x0000000531600000, 0x0000000531600000| Untracked 
| 740|0x0000000531800000, 0x0000000531800000, 0x0000000531a00000|  0%| F|  |TAMS 0x0000000531800000, 0x0000000531800000| Untracked 
| 741|0x0000000531a00000, 0x0000000531a00000, 0x0000000531c00000|  0%| F|  |TAMS 0x0000000531a00000, 0x0000000531a00000| Untracked 
| 742|0x0000000531c00000, 0x0000000531c00000, 0x0000000531e00000|  0%| F|  |TAMS 0x0000000531c00000, 0x0000000531c00000| Untracked 
| 743|0x0000000531e00000, 0x0000000531e00000, 0x0000000532000000|  0%| F|  |TAMS 0x0000000531e00000, 0x0000000531e00000| Untracked 
| 744|0x0000000532000000, 0x0000000532000000, 0x0000000532200000|  0%| F|  |TAMS 0x0000000532000000, 0x0000000532000000| Untracked 
| 745|0x0000000532200000, 0x0000000532200000, 0x0000000532400000|  0%| F|  |TAMS 0x0000000532200000, 0x0000000532200000| Untracked 
| 746|0x0000000532400000, 0x0000000532400000, 0x0000000532600000|  0%| F|  |TAMS 0x0000000532400000, 0x0000000532400000| Untracked 
| 747|0x0000000532600000, 0x0000000532600000, 0x0000000532800000|  0%| F|  |TAMS 0x0000000532600000, 0x0000000532600000| Untracked 
| 748|0x0000000532800000, 0x0000000532800000, 0x0000000532a00000|  0%| F|  |TAMS 0x0000000532800000, 0x0000000532800000| Untracked 
| 749|0x0000000532a00000, 0x0000000532a00000, 0x0000000532c00000|  0%| F|  |TAMS 0x0000000532a00000, 0x0000000532a00000| Untracked 
| 750|0x0000000532c00000, 0x0000000532c00000, 0x0000000532e00000|  0%| F|  |TAMS 0x0000000532c00000, 0x0000000532c00000| Untracked 
| 751|0x0000000532e00000, 0x0000000532e00000, 0x0000000533000000|  0%| F|  |TAMS 0x0000000532e00000, 0x0000000532e00000| Untracked 
| 752|0x0000000533000000, 0x0000000533000000, 0x0000000533200000|  0%| F|  |TAMS 0x0000000533000000, 0x0000000533000000| Untracked 
| 753|0x0000000533200000, 0x0000000533200000, 0x0000000533400000|  0%| F|  |TAMS 0x0000000533200000, 0x0000000533200000| Untracked 
| 754|0x0000000533400000, 0x0000000533400000, 0x0000000533600000|  0%| F|  |TAMS 0x0000000533400000, 0x0000000533400000| Untracked 
| 755|0x0000000533600000, 0x0000000533600000, 0x0000000533800000|  0%| F|  |TAMS 0x0000000533600000, 0x0000000533600000| Untracked 
| 756|0x0000000533800000, 0x0000000533800000, 0x0000000533a00000|  0%| F|  |TAMS 0x0000000533800000, 0x0000000533800000| Untracked 
| 757|0x0000000533a00000, 0x0000000533a00000, 0x0000000533c00000|  0%| F|  |TAMS 0x0000000533a00000, 0x0000000533a00000| Untracked 
| 758|0x0000000533c00000, 0x0000000533c00000, 0x0000000533e00000|  0%| F|  |TAMS 0x0000000533c00000, 0x0000000533c00000| Untracked 
| 759|0x0000000533e00000, 0x0000000533e00000, 0x0000000534000000|  0%| F|  |TAMS 0x0000000533e00000, 0x0000000533e00000| Untracked 
| 760|0x0000000534000000, 0x0000000534000000, 0x0000000534200000|  0%| F|  |TAMS 0x0000000534000000, 0x0000000534000000| Untracked 
| 761|0x0000000534200000, 0x0000000534200000, 0x0000000534400000|  0%| F|  |TAMS 0x0000000534200000, 0x0000000534200000| Untracked 
| 762|0x0000000534400000, 0x0000000534400000, 0x0000000534600000|  0%| F|  |TAMS 0x0000000534400000, 0x0000000534400000| Untracked 
| 763|0x0000000534600000, 0x0000000534600000, 0x0000000534800000|  0%| F|  |TAMS 0x0000000534600000, 0x0000000534600000| Untracked 
| 764|0x0000000534800000, 0x0000000534800000, 0x0000000534a00000|  0%| F|  |TAMS 0x0000000534800000, 0x0000000534800000| Untracked 
| 765|0x0000000534a00000, 0x0000000534a00000, 0x0000000534c00000|  0%| F|  |TAMS 0x0000000534a00000, 0x0000000534a00000| Untracked 
| 766|0x0000000534c00000, 0x0000000534c00000, 0x0000000534e00000|  0%| F|  |TAMS 0x0000000534c00000, 0x0000000534c00000| Untracked 
| 767|0x0000000534e00000, 0x0000000534e00000, 0x0000000535000000|  0%| F|  |TAMS 0x0000000534e00000, 0x0000000534e00000| Untracked 
| 768|0x0000000535000000, 0x0000000535000000, 0x0000000535200000|  0%| F|  |TAMS 0x0000000535000000, 0x0000000535000000| Untracked 
| 769|0x0000000535200000, 0x0000000535200000, 0x0000000535400000|  0%| F|  |TAMS 0x0000000535200000, 0x0000000535200000| Untracked 
| 770|0x0000000535400000, 0x0000000535400000, 0x0000000535600000|  0%| F|  |TAMS 0x0000000535400000, 0x0000000535400000| Untracked 
| 771|0x0000000535600000, 0x0000000535600000, 0x0000000535800000|  0%| F|  |TAMS 0x0000000535600000, 0x0000000535600000| Untracked 
| 772|0x0000000535800000, 0x0000000535800000, 0x0000000535a00000|  0%| F|  |TAMS 0x0000000535800000, 0x0000000535800000| Untracked 
| 773|0x0000000535a00000, 0x0000000535a00000, 0x0000000535c00000|  0%| F|  |TAMS 0x0000000535a00000, 0x0000000535a00000| Untracked 
| 774|0x0000000535c00000, 0x0000000535c00000, 0x0000000535e00000|  0%| F|  |TAMS 0x0000000535c00000, 0x0000000535c00000| Untracked 
| 775|0x0000000535e00000, 0x0000000535e00000, 0x0000000536000000|  0%| F|  |TAMS 0x0000000535e00000, 0x0000000535e00000| Untracked 
| 776|0x0000000536000000, 0x0000000536000000, 0x0000000536200000|  0%| F|  |TAMS 0x0000000536000000, 0x0000000536000000| Untracked 
| 777|0x0000000536200000, 0x0000000536200000, 0x0000000536400000|  0%| F|  |TAMS 0x0000000536200000, 0x0000000536200000| Untracked 
| 778|0x0000000536400000, 0x0000000536400000, 0x0000000536600000|  0%| F|  |TAMS 0x0000000536400000, 0x0000000536400000| Untracked 
| 779|0x0000000536600000, 0x0000000536600000, 0x0000000536800000|  0%| F|  |TAMS 0x0000000536600000, 0x0000000536600000| Untracked 
| 780|0x0000000536800000, 0x0000000536800000, 0x0000000536a00000|  0%| F|  |TAMS 0x0000000536800000, 0x0000000536800000| Untracked 
| 781|0x0000000536a00000, 0x0000000536a00000, 0x0000000536c00000|  0%| F|  |TAMS 0x0000000536a00000, 0x0000000536a00000| Untracked 
| 782|0x0000000536c00000, 0x0000000536c00000, 0x0000000536e00000|  0%| F|  |TAMS 0x0000000536c00000, 0x0000000536c00000| Untracked 
| 783|0x0000000536e00000, 0x0000000536e00000, 0x0000000537000000|  0%| F|  |TAMS 0x0000000536e00000, 0x0000000536e00000| Untracked 
| 784|0x0000000537000000, 0x0000000537000000, 0x0000000537200000|  0%| F|  |TAMS 0x0000000537000000, 0x0000000537000000| Untracked 
| 785|0x0000000537200000, 0x0000000537200000, 0x0000000537400000|  0%| F|  |TAMS 0x0000000537200000, 0x0000000537200000| Untracked 
| 786|0x0000000537400000, 0x0000000537400000, 0x0000000537600000|  0%| F|  |TAMS 0x0000000537400000, 0x0000000537400000| Untracked 
| 787|0x0000000537600000, 0x0000000537600000, 0x0000000537800000|  0%| F|  |TAMS 0x0000000537600000, 0x0000000537600000| Untracked 
| 788|0x0000000537800000, 0x0000000537800000, 0x0000000537a00000|  0%| F|  |TAMS 0x0000000537800000, 0x0000000537800000| Untracked 
| 789|0x0000000537a00000, 0x0000000537a00000, 0x0000000537c00000|  0%| F|  |TAMS 0x0000000537a00000, 0x0000000537a00000| Untracked 
| 790|0x0000000537c00000, 0x0000000537c00000, 0x0000000537e00000|  0%| F|  |TAMS 0x0000000537c00000, 0x0000000537c00000| Untracked 
| 791|0x0000000537e00000, 0x0000000537e00000, 0x0000000538000000|  0%| F|  |TAMS 0x0000000537e00000, 0x0000000537e00000| Untracked 
| 792|0x0000000538000000, 0x0000000538000000, 0x0000000538200000|  0%| F|  |TAMS 0x0000000538000000, 0x0000000538000000| Untracked 
| 793|0x0000000538200000, 0x0000000538200000, 0x0000000538400000|  0%| F|  |TAMS 0x0000000538200000, 0x0000000538200000| Untracked 
| 794|0x0000000538400000, 0x0000000538400000, 0x0000000538600000|  0%| F|  |TAMS 0x0000000538400000, 0x0000000538400000| Untracked 
| 795|0x0000000538600000, 0x0000000538600000, 0x0000000538800000|  0%| F|  |TAMS 0x0000000538600000, 0x0000000538600000| Untracked 
| 796|0x0000000538800000, 0x0000000538800000, 0x0000000538a00000|  0%| F|  |TAMS 0x0000000538800000, 0x0000000538800000| Untracked 
| 797|0x0000000538a00000, 0x0000000538a00000, 0x0000000538c00000|  0%| F|  |TAMS 0x0000000538a00000, 0x0000000538a00000| Untracked 
| 798|0x0000000538c00000, 0x0000000538c00000, 0x0000000538e00000|  0%| F|  |TAMS 0x0000000538c00000, 0x0000000538c00000| Untracked 
| 799|0x0000000538e00000, 0x0000000538e00000, 0x0000000539000000|  0%| F|  |TAMS 0x0000000538e00000, 0x0000000538e00000| Untracked 
| 800|0x0000000539000000, 0x0000000539000000, 0x0000000539200000|  0%| F|  |TAMS 0x0000000539000000, 0x0000000539000000| Untracked 
| 801|0x0000000539200000, 0x0000000539200000, 0x0000000539400000|  0%| F|  |TAMS 0x0000000539200000, 0x0000000539200000| Untracked 
| 802|0x0000000539400000, 0x0000000539400000, 0x0000000539600000|  0%| F|  |TAMS 0x0000000539400000, 0x0000000539400000| Untracked 
| 803|0x0000000539600000, 0x0000000539600000, 0x0000000539800000|  0%| F|  |TAMS 0x0000000539600000, 0x0000000539600000| Untracked 
| 804|0x0000000539800000, 0x0000000539800000, 0x0000000539a00000|  0%| F|  |TAMS 0x0000000539800000, 0x0000000539800000| Untracked 
| 805|0x0000000539a00000, 0x0000000539a00000, 0x0000000539c00000|  0%| F|  |TAMS 0x0000000539a00000, 0x0000000539a00000| Untracked 
| 806|0x0000000539c00000, 0x0000000539c00000, 0x0000000539e00000|  0%| F|  |TAMS 0x0000000539c00000, 0x0000000539c00000| Untracked 
| 807|0x0000000539e00000, 0x0000000539e00000, 0x000000053a000000|  0%| F|  |TAMS 0x0000000539e00000, 0x0000000539e00000| Untracked 
| 808|0x000000053a000000, 0x000000053a000000, 0x000000053a200000|  0%| F|  |TAMS 0x000000053a000000, 0x000000053a000000| Untracked 
| 828|0x000000053c800000, 0x000000053c800000, 0x000000053ca00000|  0%| F|  |TAMS 0x000000053c800000, 0x000000053c800000| Untracked 
| 829|0x000000053ca00000, 0x000000053ca00000, 0x000000053cc00000|  0%| F|  |TAMS 0x000000053ca00000, 0x000000053ca00000| Untracked 
| 830|0x000000053cc00000, 0x000000053cc00000, 0x000000053ce00000|  0%| F|  |TAMS 0x000000053cc00000, 0x000000053cc00000| Untracked 
| 831|0x000000053ce00000, 0x000000053ce00000, 0x000000053d000000|  0%| F|  |TAMS 0x000000053ce00000, 0x000000053ce00000| Untracked 
| 832|0x000000053d000000, 0x000000053d000000, 0x000000053d200000|  0%| F|  |TAMS 0x000000053d000000, 0x000000053d000000| Untracked 
| 833|0x000000053d200000, 0x000000053d200000, 0x000000053d400000|  0%| F|  |TAMS 0x000000053d200000, 0x000000053d200000| Untracked 
| 834|0x000000053d400000, 0x000000053d400000, 0x000000053d600000|  0%| F|  |TAMS 0x000000053d400000, 0x000000053d400000| Untracked 
| 835|0x000000053d600000, 0x000000053d7144a0, 0x000000053d800000| 53%| E|  |TAMS 0x000000053d600000, 0x000000053d600000| Complete 
| 836|0x000000053d800000, 0x000000053da00000, 0x000000053da00000|100%| E|CS|TAMS 0x000000053d800000, 0x000000053d800000| Complete 
| 837|0x000000053da00000, 0x000000053dc00000, 0x000000053dc00000|100%| E|CS|TAMS 0x000000053da00000, 0x000000053da00000| Complete 
|2046|0x00000005d4c00000, 0x00000005d4d74000, 0x00000005d4e00000| 72%|OA|  |TAMS 0x00000005d4d74000, 0x00000005d4c00000| Untracked 
|2047|0x00000005d4e00000, 0x00000005d4e74000, 0x00000005d5000000| 22%|CA|  |TAMS 0x00000005d4e74000, 0x00000005d4e00000| Untracked 

Card table byte_map: [0x000000010b000000,0x000000010b800000] _byte_map_base: 0x0000000108958000

Marking Bits (Prev, Next): (CMBitMap*) 0x00000001011f12b0, (CMBitMap*) 0x00000001011f1270
 Prev Bits: [0x000000012b604000, 0x000000012f604000)
 Next Bits: [0x0000000123b6c000, 0x0000000127b6c000)

Polling page: 0x00000001008ec000

Metaspace:

Usage:
  Non-class:    110.23 MB used.
      Class:     20.48 MB used.
       Both:    130.71 MB used.

Virtual space:
  Non-class space:      128.00 MB reserved,     111.19 MB ( 87%) committed,  2 nodes.
      Class space:        1.00 GB reserved,      21.25 MB (  2%) committed,  1 nodes.
             Both:        1.12 GB reserved,     132.44 MB ( 11%) committed. 

Chunk freelists:
   Non-Class:  128.00 KB
       Class:  10.77 MB
        Both:  10.89 MB

MaxMetaspaceSize: unlimited
CompressedClassSpaceSize: 1.00 GB
Initial GC threshold: 21.00 MB
Current GC threshold: 185.62 MB
CDS: on
MetaspaceReclaimPolicy: balanced
 - commit_granule_bytes: 65536.
 - commit_granule_words: 8192.
 - virtual_space_node_default_size: 8388608.
 - enlarge_chunks_in_place: 1.
 - new_chunks_are_fully_committed: 0.
 - uncommit_free_chunks: 1.
 - use_allocation_guard: 0.
 - handle_deallocations: 1.


Internal statistics:

num_allocs_failed_limit: 27.
num_arena_births: 2870.
num_arena_deaths: 0.
num_vsnodes_births: 3.
num_vsnodes_deaths: 0.
num_space_committed: 2114.
num_space_uncommitted: 0.
num_chunks_returned_to_freelist: 27.
num_chunks_taken_from_freelist: 8617.
num_chunk_merges: 24.
num_chunk_splits: 5636.
num_chunks_enlarged: 3722.
num_inconsistent_stats: 0.

CodeHeap 'non-profiled nmethods': size=120032Kb used=7838Kb max_used=7838Kb free=112193Kb
 bounds [0x000000011be34000, 0x000000011c5e4000, 0x000000012336c000]
CodeHeap 'profiled nmethods': size=120016Kb used=30693Kb max_used=30693Kb free=89322Kb
 bounds [0x000000011436c000, 0x000000011617c000, 0x000000011b8a0000]
CodeHeap 'non-nmethods': size=5712Kb used=2375Kb max_used=2492Kb free=3337Kb
 bounds [0x000000011b8a0000, 0x000000011bb20000, 0x000000011be34000]
 total_blobs=16966 nmethods=14907 adapters=1974
 compilation: enabled
              stopped_count=0, restarted_count=0
 full_count=0

Compilation events (20 events):
Event: 21.888 Thread 0x00000009c243a400 23376       2       java.text.DecimalFormatSymbols::initialize (330 bytes)
Event: 21.891 Thread 0x00000009c243a400 nmethod 23376 0x0000000114c93f90 code [0x0000000114c94480, 0x0000000114c95da8]
Event: 21.891 Thread 0x00000009c243a400 23377       2       sun.util.locale.provider.LocaleResources::getDecimalFormatSymbolsData (90 bytes)
Event: 21.893 Thread 0x00000009c243a400 nmethod 23377 0x0000000114ddb710 code [0x0000000114ddba00, 0x0000000114ddc508]
Event: 21.893 Thread 0x00000009c243a400 23383       1       com.mojang.blaze3d.shaders.Program::m_166618_ (5 bytes)
Event: 21.893 Thread 0x00000009c243a400 nmethod 23383 0x000000011c5b6790 code [0x000000011c5b6900, 0x000000011c5b6998]
Event: 21.893 Thread 0x00000009c243a400 23384       1       com.mojang.blaze3d.shaders.Program$Type::m_85571_ (5 bytes)
Event: 21.893 Thread 0x00000009c243a400 nmethod 23384 0x000000011c5b6a90 code [0x000000011c5b6c00, 0x000000011c5b6c98]
Event: 21.893 Thread 0x00000009c243a400 23385       1       org.lwjgl.system.CustomBuffer::address0 (5 bytes)
Event: 21.893 Thread 0x00000009c243a400 nmethod 23385 0x000000011c5b6d90 code [0x000000011c5b6f00, 0x000000011c5b6f98]
Event: 21.908 Thread 0x00000009c243a400 23386       3       java.lang.invoke.MemberName::equals (69 bytes)
Event: 21.909 Thread 0x00000009c243a400 nmethod 23386 0x0000000114dda290 code [0x0000000114dda5c0, 0x0000000114ddb338]
Event: 22.296 Thread 0x00000009c243a400 23387       2       org.spongepowered.asm.service.modlauncher.MixinServiceModLauncher::getAuditTrail (23 bytes)
Event: 22.296 Thread 0x00000009c243a400 nmethod 23387 0x0000000114c93b10 code [0x0000000114c93cc0, 0x0000000114c93e98]
Event: 22.297 Thread 0x00000009c243a400 23388       2       javax.crypto.spec.SecretKeySpec::getEncoded (11 bytes)
Event: 22.297 Thread 0x00000009c243a400 nmethod 23388 0x0000000114c93710 code [0x0000000114c938c0, 0x0000000114c93a48]
Event: 22.297 Thread 0x00000009c243a400 23389       3       java.util.concurrent.ConcurrentHashMap::values (25 bytes)
Event: 22.298 Thread 0x00000009c243a400 nmethod 23389 0x0000000114dd9c10 code [0x0000000114dd9e00, 0x0000000114dda158]
Event: 22.298 Thread 0x00000009c243a400 23390       2       jdk.internal.net.http.common.SequentialScheduler::runOrSchedule (10 bytes)
Event: 22.298 Thread 0x00000009c243a400 nmethod 23390 0x0000000114c93390 code [0x0000000114c93540, 0x0000000114c93688]

GC Heap History (20 events):
Event: 15.038 GC heap before
{Heap before GC invocations=34 (full 0):
 garbage-first heap   total 1052672K, used 833811K [0x00000004d5000000, 0x00000005d5000000)
  region size 2048K, 252 young (516096K), 18 survivors (36864K)
 Metaspace       used 121389K, committed 123072K, reserved 1179648K
  class space    used 19040K, committed 19776K, reserved 1048576K
}
Event: 15.052 GC heap after
{Heap after GC invocations=35 (full 0):
 garbage-first heap   total 1052672K, used 383110K [0x00000004d5000000, 0x00000005d5000000)
  region size 2048K, 15 young (30720K), 15 survivors (30720K)
 Metaspace       used 121389K, committed 123072K, reserved 1179648K
  class space    used 19040K, committed 19776K, reserved 1048576K
}
Event: 15.098 GC heap before
{Heap before GC invocations=35 (full 0):
 garbage-first heap   total 1052672K, used 403590K [0x00000004d5000000, 0x00000005d5000000)
  region size 2048K, 25 young (51200K), 15 survivors (30720K)
 Metaspace       used 122315K, committed 124032K, reserved 1179648K
  class space    used 19192K, committed 19968K, reserved 1048576K
}
Event: 15.105 GC heap after
{Heap after GC invocations=36 (full 0):
 garbage-first heap   total 1052672K, used 384092K [0x00000004d5000000, 0x00000005d5000000)
  region size 2048K, 3 young (6144K), 3 survivors (6144K)
 Metaspace       used 122315K, committed 124032K, reserved 1179648K
  class space    used 19192K, committed 19968K, reserved 1048576K
}
Event: 16.458 GC heap before
{Heap before GC invocations=36 (full 0):
 garbage-first heap   total 1052672K, used 840796K [0x00000004d5000000, 0x00000005d5000000)
  region size 2048K, 226 young (462848K), 3 survivors (6144K)
 Metaspace       used 125820K, committed 127552K, reserved 1179648K
  class space    used 19790K, committed 20544K, reserved 1048576K
}
Event: 16.467 GC heap after
{Heap after GC invocations=37 (full 0):
 garbage-first heap   total 1052672K, used 412636K [0x00000004d5000000, 0x00000005d5000000)
  region size 2048K, 17 young (34816K), 17 survivors (34816K)
 Metaspace       used 125820K, committed 127552K, reserved 1179648K
  class space    used 19790K, committed 20544K, reserved 1048576K
}
Event: 16.692 GC heap before
{Heap before GC invocations=37 (full 0):
 garbage-first heap   total 1052672K, used 844764K [0x00000004d5000000, 0x00000005d5000000)
  region size 2048K, 228 young (466944K), 17 survivors (34816K)
 Metaspace       used 126084K, committed 127808K, reserved 1179648K
  class space    used 19819K, committed 20608K, reserved 1048576K
}
Event: 16.710 GC heap after
{Heap after GC invocations=38 (full 0):
 garbage-first heap   total 1052672K, used 431293K [0x00000004d5000000, 0x00000005d5000000)
  region size 2048K, 14 young (28672K), 14 survivors (28672K)
 Metaspace       used 126084K, committed 127808K, reserved 1179648K
  class space    used 19819K, committed 20608K, reserved 1048576K
}
Event: 16.924 GC heap before
{Heap before GC invocations=38 (full 0):
 garbage-first heap   total 1052672K, used 869565K [0x00000004d5000000, 0x00000005d5000000)
  region size 2048K, 221 young (452608K), 14 survivors (28672K)
 Metaspace       used 126238K, committed 128064K, reserved 1179648K
  class space    used 19839K, committed 20672K, reserved 1048576K
}
Event: 16.944 GC heap after
{Heap after GC invocations=39 (full 0):
 garbage-first heap   total 1052672K, used 476738K [0x00000004d5000000, 0x00000005d5000000)
  region size 2048K, 28 young (57344K), 28 survivors (57344K)
 Metaspace       used 126238K, committed 128064K, reserved 1179648K
  class space    used 19839K, committed 20672K, reserved 1048576K
}
Event: 17.108 GC heap before
{Heap before GC invocations=39 (full 0):
 garbage-first heap   total 1052672K, used 855618K [0x00000004d5000000, 0x00000005d5000000)
  region size 2048K, 212 young (434176K), 28 survivors (57344K)
 Metaspace       used 126280K, committed 128064K, reserved 1179648K
  class space    used 19839K, committed 20672K, reserved 1048576K
}
Event: 17.136 GC heap after
{Heap after GC invocations=40 (full 0):
 garbage-first heap   total 1681408K, used 498102K [0x00000004d5000000, 0x00000005d5000000)
  region size 2048K, 18 young (36864K), 18 survivors (36864K)
 Metaspace       used 126280K, committed 128064K, reserved 1179648K
  class space    used 19839K, committed 20672K, reserved 1048576K
}
Event: 17.572 GC heap before
{Heap before GC invocations=40 (full 0):
 garbage-first heap   total 1681408K, used 1313206K [0x00000004d5000000, 0x00000005d5000000)
  region size 2048K, 411 young (841728K), 18 survivors (36864K)
 Metaspace       used 128400K, committed 130176K, reserved 1179648K
  class space    used 20176K, committed 20992K, reserved 1048576K
}
Event: 17.619 GC heap after
{Heap after GC invocations=41 (full 0):
 garbage-first heap   total 1681408K, used 525750K [0x00000004d5000000, 0x00000005d5000000)
  region size 2048K, 31 young (63488K), 31 survivors (63488K)
 Metaspace       used 128400K, committed 130176K, reserved 1179648K
  class space    used 20176K, committed 20992K, reserved 1048576K
}
Event: 18.090 GC heap before
{Heap before GC invocations=41 (full 0):
 garbage-first heap   total 1681408K, used 1334710K [0x00000004d5000000, 0x00000005d5000000)
  region size 2048K, 427 young (874496K), 31 survivors (63488K)
 Metaspace       used 130560K, committed 132352K, reserved 1179648K
  class space    used 20536K, committed 21312K, reserved 1048576K
}
Event: 18.160 GC heap after
{Heap after GC invocations=42 (full 0):
 garbage-first heap   total 1681408K, used 560040K [0x00000004d5000000, 0x00000005d5000000)
  region size 2048K, 33 young (67584K), 33 survivors (67584K)
 Metaspace       used 130560K, committed 132352K, reserved 1179648K
  class space    used 20536K, committed 21312K, reserved 1048576K
}
Event: 19.100 GC heap before
{Heap before GC invocations=42 (full 0):
 garbage-first heap   total 1681408K, used 1358760K [0x00000004d5000000, 0x00000005d5000000)
  region size 2048K, 423 young (866304K), 33 survivors (67584K)
 Metaspace       used 131277K, committed 132992K, reserved 1179648K
  class space    used 20604K, committed 21376K, reserved 1048576K
}
Event: 19.134 GC heap after
{Heap after GC invocations=43 (full 0):
 garbage-first heap   total 1681408K, used 600506K [0x00000004d5000000, 0x00000005d5000000)
  region size 2048K, 37 young (75776K), 37 survivors (75776K)
 Metaspace       used 131277K, committed 132992K, reserved 1179648K
  class space    used 20604K, committed 21376K, reserved 1048576K
}
Event: 21.922 GC heap before
{Heap before GC invocations=43 (full 0):
 garbage-first heap   total 1681408K, used 1378746K [0x00000004d5000000, 0x00000005d5000000)
  region size 2048K, 412 young (843776K), 37 survivors (75776K)
 Metaspace       used 133796K, committed 135616K, reserved 1179648K
  class space    used 20961K, committed 21760K, reserved 1048576K
}
Event: 22.283 GC heap after
{Heap after GC invocations=44 (full 0):
 garbage-first heap   total 1681408K, used 671648K [0x00000004d5000000, 0x00000005d5000000)
  region size 2048K, 52 young (106496K), 52 survivors (106496K)
 Metaspace       used 133796K, committed 135616K, reserved 1179648K
  class space    used 20961K, committed 21760K, reserved 1048576K
}

Dll operation events (16 events):
Event: 0.005 Loaded shared library /Library/Java/JavaVirtualMachines/microsoft-17.jdk/Contents/Home/lib/libjava.dylib
Event: 0.028 Loaded shared library /Library/Java/JavaVirtualMachines/microsoft-17.jdk/Contents/Home/lib/libnio.dylib
Event: 0.053 Loaded shared library /Library/Java/JavaVirtualMachines/microsoft-17.jdk/Contents/Home/lib/libzip.dylib
Event: 0.110 Loaded shared library /Library/Java/JavaVirtualMachines/microsoft-17.jdk/Contents/Home/lib/libjimage.dylib
Event: 0.205 Loaded shared library /Library/Java/JavaVirtualMachines/microsoft-17.jdk/Contents/Home/lib/libnet.dylib
Event: 0.285 Loaded shared library /Library/Java/JavaVirtualMachines/microsoft-17.jdk/Contents/Home/lib/libverify.dylib
Event: 1.415 Loaded shared library /Library/Java/JavaVirtualMachines/microsoft-17.jdk/Contents/Home/lib/libmanagement.dylib
Event: 1.418 Loaded shared library /Library/Java/JavaVirtualMachines/microsoft-17.jdk/Contents/Home/lib/libmanagement_ext.dylib
Event: 2.152 Loaded shared library /Users/Isaiah/Documents/curseforge/minecraft/Install/natives/forge-47.4.16/liblwjgl.dylib
Event: 2.637 Loaded shared library /Users/Isaiah/Documents/curseforge/minecraft/Install/natives/forge-47.4.16/liblwjgl_opengl.dylib
Event: 2.695 Loaded shared library /Users/Isaiah/Documents/curseforge/minecraft/Install/natives/forge-47.4.16/liblwjgl_stb.dylib
Event: 6.383 Loaded shared library /Users/Isaiah/Documents/curseforge/minecraft/Install/natives/forge-47.4.16/jna12547214291420480066.tmp
Event: 11.378 Loaded shared library /Library/Java/JavaVirtualMachines/microsoft-17.jdk/Contents/Home/lib/libextnet.dylib
Event: 11.948 Loaded shared library /private/var/folders/0p/9lzn133s0tqf_07r1n1n2t9w0000gp/T/libjcocoa4283966344186867795.dylib
Event: 14.691 Loaded shared library /Library/Java/JavaVirtualMachines/microsoft-17.jdk/Contents/Home/lib/libawt.dylib
Event: 14.707 Loaded shared library /Library/Java/JavaVirtualMachines/microsoft-17.jdk/Contents/Home/lib/libawt_lwawt.dylib

Deoptimization events (20 events):
Event: 21.792 Thread 0x00000001011e65e0 DEOPT PACKING pc=0x000000011436de2c sp=0x000000016f537130
Event: 21.792 Thread 0x00000001011e65e0 DEOPT UNPACKING pc=0x000000011b8e777c sp=0x000000016f536de0 mode 0
Event: 21.797 Thread 0x00000001011e65e0 DEOPT PACKING pc=0x000000011436de2c sp=0x000000016f537000
Event: 21.797 Thread 0x00000001011e65e0 DEOPT UNPACKING pc=0x000000011b8e777c sp=0x000000016f536cb0 mode 0
Event: 21.804 Thread 0x00000001011e65e0 DEOPT PACKING pc=0x000000011436de2c sp=0x000000016f537130
Event: 21.804 Thread 0x00000001011e65e0 DEOPT UNPACKING pc=0x000000011b8e777c sp=0x000000016f536de0 mode 0
Event: 21.809 Thread 0x00000001011e65e0 DEOPT PACKING pc=0x000000011436de2c sp=0x000000016f537000
Event: 21.809 Thread 0x00000001011e65e0 DEOPT UNPACKING pc=0x000000011b8e777c sp=0x000000016f536cb0 mode 0
Event: 21.815 Thread 0x00000001011e65e0 DEOPT PACKING pc=0x0000000115733308 sp=0x000000016f536780
Event: 21.815 Thread 0x00000001011e65e0 DEOPT UNPACKING pc=0x000000011b8e777c sp=0x000000016f536400 mode 0
Event: 21.815 Thread 0x00000001011e65e0 DEOPT PACKING pc=0x000000011436de2c sp=0x000000016f537000
Event: 21.815 Thread 0x00000001011e65e0 DEOPT UNPACKING pc=0x000000011b8e777c sp=0x000000016f536cb0 mode 0
Event: 21.897 Thread 0x00000001011e65e0 DEOPT PACKING pc=0x000000011584adf0 sp=0x000000016f537070
Event: 21.897 Thread 0x00000001011e65e0 DEOPT UNPACKING pc=0x000000011b8e777c sp=0x000000016f536db0 mode 0
Event: 22.284 Thread 0x00000001011e65e0 DEOPT PACKING pc=0x0000000115242494 sp=0x000000016f535e70
Event: 22.284 Thread 0x00000001011e65e0 DEOPT UNPACKING pc=0x000000011b8e777c sp=0x000000016f535b20 mode 0
Event: 22.296 Thread 0x00000009bd05b600 Uncommon trap: trap_request=0xffffff45 fr.pc=0x000000011c4e9dd8 relative=0x0000000000000058
Event: 22.296 Thread 0x00000009bd05b600 Uncommon trap: reason=unstable_if action=reinterpret pc=0x000000011c4e9dd8 method=java.util.concurrent.ConcurrentHashMap.values()Ljava/util/Collection; @ 6 c2
Event: 22.296 Thread 0x00000009bd05b600 DEOPT PACKING pc=0x000000011c4e9dd8 sp=0x00000001757a2790
Event: 22.296 Thread 0x00000009bd05b600 DEOPT UNPACKING pc=0x000000011b8e791c sp=0x00000001757a2710 mode 2

Classes loaded (20 events):
Event: 18.191 Loading class java/nio/HeapByteBufferR
Event: 18.191 Loading class java/nio/HeapByteBufferR done
Event: 18.216 Loading class java/io/SequenceInputStream
Event: 18.216 Loading class java/io/SequenceInputStream done
Event: 18.216 Loading class java/util/zip/GZIPInputStream$1
Event: 18.216 Loading class java/util/zip/GZIPInputStream$1 done
Event: 18.796 Loading class java/util/EnumMap$KeySet
Event: 18.796 Loading class java/util/EnumMap$KeySet done
Event: 18.796 Loading class java/util/EnumMap$KeyIterator
Event: 18.796 Loading class java/util/EnumMap$KeyIterator done
Event: 18.825 Loading class java/util/stream/Streams$IntStreamBuilderImpl
Event: 18.825 Loading class java/util/stream/IntStream$Builder
Event: 18.825 Loading class java/util/stream/IntStream$Builder done
Event: 18.825 Loading class java/util/stream/Streams$IntStreamBuilderImpl done
Event: 19.058 Loading class java/util/stream/ForEachOps$ForEachOp$OfInt
Event: 19.058 Loading class java/util/stream/ForEachOps$ForEachOp$OfInt done
Event: 19.764 Loading class java/util/concurrent/ConcurrentLinkedQueue$Itr
Event: 19.764 Loading class java/util/concurrent/ConcurrentLinkedQueue$Itr done
Event: 19.828 Loading class java/net/URLEncoder
Event: 19.828 Loading class java/net/URLEncoder done

Classes unloaded (0 events):
No events

Classes redefined (0 events):
No events

Internal exceptions (20 events):
Event: 17.337 Thread 0x00000009bd820600 Exception <a 'java/lang/NullPointerException'{0x0000000525c42428}> (0x0000000525c42428) 
thrown [src/hotspot/share/runtime/sharedRuntime.cpp, line 631]
Event: 17.629 Thread 0x00000009bd821800 Exception <a 'java/lang/NoSuchMethodError'{0x0000000539f121e8}: 'float java.lang.invoke.DirectMethodHandle$Holder.invokeStaticInit(java.lang.Object, java.lang.Object, java.lang.Object, java.lang.Object, int)'> (0x0000000539f121e8) 
thrown [src/hotspot/share/interpreter/linkResolver.cpp, line 759]
Event: 17.744 Thread 0x00000001011e65e0 Exception <a 'java/lang/IllegalArgumentException'{0x000000053d65b578}: Wrong type at constant pool index> (0x000000053d65b578) 
thrown [src/hotspot/share/prims/jvm.cpp, line 2095]
Event: 17.744 Thread 0x00000001011e65e0 Exception <a 'java/lang/IllegalArgumentException'{0x000000053d65c0d0}: Wrong type at constant pool index> (0x000000053d65c0d0) 
thrown [src/hotspot/share/prims/jvm.cpp, line 2095]
Event: 17.744 Thread 0x00000001011e65e0 Exception <a 'java/lang/IllegalArgumentException'{0x000000053d65d380}: Wrong type at constant pool index> (0x000000053d65d380) 
thrown [src/hotspot/share/prims/jvm.cpp, line 2095]
Event: 17.745 Thread 0x00000001011e65e0 Exception <a 'java/lang/IllegalArgumentException'{0x000000053d65ded8}: Wrong type at constant pool index> (0x000000053d65ded8) 
thrown [src/hotspot/share/prims/jvm.cpp, line 2095]
Event: 17.835 Thread 0x00000009bd821800 Exception <a 'sun/nio/fs/UnixException'{0x0000000522c0d068}> (0x0000000522c0d068) 
thrown [src/hotspot/share/prims/jni.cpp, line 516]
Event: 17.882 Thread 0x00000009bd821800 Exception <a 'java/lang/NoSuchMethodError'{0x000000051f1b2a38}: 'java.lang.Object java.lang.invoke.DirectMethodHandle$Holder.invokeInterface(java.lang.Object, java.lang.Object, java.lang.Object, java.lang.Object, java.lang.Object)'> (0x000000051f1b2a38) 
thrown [src/hotspot/share/interpreter/linkResolver.cpp, line 759]
Event: 17.951 Thread 0x00000009bd820c00 Exception <a 'java/lang/NoSuchMethodError'{0x0000000518983eb8}: 'void java.lang.invoke.DirectMethodHandle$Holder.invokeSpecial(java.lang.Object, java.lang.Object, java.lang.Object, java.lang.Object, java.lang.Object, java.lang.Object, java.lang.Object, java.lang.Object)'> (0x0000000518983eb8) 
thrown [src/hotspot/share/interpreter/linkResolver.cpp, line 759]
Event: 18.795 Thread 0x00000009bd820c00 Exception <a 'java/lang/NoSuchMethodError'{0x000000051479b660}: 'void java.lang.invoke.DirectMethodHandle$Holder.invokeStaticInit(java.lang.Object, int, java.lang.Object)'> (0x000000051479b660) 
thrown [src/hotspot/share/interpreter/linkResolver.cpp, line 759]
Event: 19.328 Thread 0x00000009bd820c00 Exception <a 'java/lang/NoSuchMethodError'{0x0000000532b26e58}: 'int java.lang.invoke.DirectMethodHandle$Holder.invokeInterface(java.lang.Object, java.lang.Object, java.lang.Object, int)'> (0x0000000532b26e58) 
thrown [src/hotspot/share/interpreter/linkResolver.cpp, line 759]
Event: 19.331 Thread 0x00000009bd820c00 Exception <a 'java/lang/NoSuchMethodError'{0x0000000532bbc170}: 'java.lang.Object java.lang.invoke.DirectMethodHandle$Holder.newInvokeSpecial(java.lang.Object, int, int, java.lang.Object, java.lang.Object)'> (0x0000000532bbc170) 
thrown [src/hotspot/share/interpreter/linkResolver.cpp, line 759]
Event: 19.331 Thread 0x00000009bd820c00 Exception <a 'java/lang/NoSuchMethodError'{0x0000000532bbffb0}: 'java.lang.Object java.lang.invoke.DirectMethodHandle$Holder.invokeSpecial(java.lang.Object, java.lang.Object, int, int, java.lang.Object, java.lang.Object)'> (0x0000000532bbffb0) 
thrown [src/hotspot/share/interpreter/linkResolver.cpp, line 759]
Event: 19.835 Thread 0x00000009c0c55e00 Implicit null exception at 0x000000011c1ffa8c to 0x000000011c1ffd68
Event: 19.889 Thread 0x00000009c0c55e00 Exception <a 'java/lang/NoSuchMethodError'{0x00000005248ec550}: 'java.lang.Object java.lang.invoke.DirectMethodHandle$Holder.newInvokeSpecial(java.lang.Object, java.lang.Object, java.lang.Object, java.lang.Object, int, java.lang.Object, int)'> (0x00000005248ec550) 
thrown [src/hotspot/share/interpreter/linkResolver.cpp, line 759]
Event: 19.889 Thread 0x00000009c0c55e00 Exception <a 'java/lang/NoSuchMethodError'{0x00000005248f0c38}: 'java.lang.Object java.lang.invoke.DirectMethodHandle$Holder.invokeSpecial(java.lang.Object, java.lang.Object, java.lang.Object, java.lang.Object, java.lang.Object, int, java.lang.Object, int)'> (0x00000005248f0c38) 
thrown [src/hotspot/share/interpreter/linkResolver.cpp, line 759]
Event: 19.969 Thread 0x00000009c0c55e00 Exception <a 'java/lang/NoSuchMethodError'{0x000000052374aea8}: 'java.lang.Object java.lang.invoke.DirectMethodHandle$Holder.newInvokeSpecial(java.lang.Object, java.lang.Object, double, java.lang.Object)'> (0x000000052374aea8) 
thrown [src/hotspot/share/interpreter/linkResolver.cpp, line 759]
Event: 19.970 Thread 0x00000009c0c55e00 Exception <a 'java/lang/NoSuchMethodError'{0x000000052374efc0}: 'java.lang.Object java.lang.invoke.DirectMethodHandle$Holder.invokeSpecial(java.lang.Object, java.lang.Object, java.lang.Object, double, java.lang.Object)'> (0x000000052374efc0) 
thrown [src/hotspot/share/interpreter/linkResolver.cpp, line 759]
Event: 20.867 Thread 0x00000001011e65e0 Exception <a 'sun/nio/fs/UnixException'{0x0000000512929c78}> (0x0000000512929c78) 
thrown [src/hotspot/share/prims/jni.cpp, line 516]
Event: 20.946 Thread 0x00000001011e65e0 Exception <a 'java/lang/IncompatibleClassChangeError'{0x0000000511f443b0}: Found class java.lang.Object, but interface was expected> (0x0000000511f443b0) 
thrown [src/hotspot/share/interpreter/linkResolver.cpp, line 826]

VM Operations (20 events):
Event: 20.601 Executing VM operation: HandshakeAllThreads
Event: 20.601 Executing VM operation: HandshakeAllThreads done
Event: 20.816 Executing VM operation: ICBufferFull
Event: 20.816 Executing VM operation: ICBufferFull done
Event: 21.042 Executing VM operation: HandshakeAllThreads
Event: 21.042 Executing VM operation: HandshakeAllThreads done
Event: 21.048 Executing VM operation: ICBufferFull
Event: 21.048 Executing VM operation: ICBufferFull done
Event: 21.061 Executing VM operation: ICBufferFull
Event: 21.061 Executing VM operation: ICBufferFull done
Event: 21.135 Executing VM operation: HandshakeAllThreads
Event: 21.135 Executing VM operation: HandshakeAllThreads done
Event: 21.139 Executing VM operation: HandshakeAllThreads
Event: 21.139 Executing VM operation: HandshakeAllThreads done
Event: 21.749 Executing VM operation: ICBufferFull
Event: 21.749 Executing VM operation: ICBufferFull done
Event: 21.921 Executing VM operation: G1CollectForAllocation
Event: 22.283 Executing VM operation: G1CollectForAllocation done
Event: 22.295 Executing VM operation: HandshakeAllThreads
Event: 22.295 Executing VM operation: HandshakeAllThreads done

Memory protections (20 events):
Event: 14.368 Protecting memory [0x0000000174b10000,0x0000000174b1c000] with protection modes 0
Event: 14.819 Protecting memory [0x0000000174c1c000,0x0000000174c28000] with protection modes 0
Event: 16.133 Protecting memory [0x0000000174e40000,0x0000000174e4c000] with protection modes 0
Event: 16.135 Protecting memory [0x0000000174f4c000,0x0000000174f58000] with protection modes 0
Event: 16.170 Protecting memory [0x0000000175058000,0x0000000175064000] with protection modes 0
Event: 16.170 Protecting memory [0x0000000175164000,0x0000000175170000] with protection modes 0
Event: 17.275 Protecting memory [0x0000000175270000,0x000000017527c000] with protection modes 0
Event: 17.277 Protecting memory [0x000000017537c000,0x0000000175388000] with protection modes 0
Event: 17.529 Protecting memory [0x0000000175488000,0x0000000175494000] with protection modes 0
Event: 17.539 Protecting memory [0x0000000175594000,0x00000001755a0000] with protection modes 0
Event: 18.980 Protecting memory [0x0000000175270000,0x000000017527c000] with protection modes 3
Event: 19.829 Protecting memory [0x0000000175270000,0x000000017527c000] with protection modes 0
Event: 19.829 Protecting memory [0x00000001756a0000,0x00000001756ac000] with protection modes 0
Event: 19.885 Protecting memory [0x00000001757ac000,0x00000001757b8000] with protection modes 0
Event: 19.885 Protecting memory [0x00000001758b8000,0x00000001758c4000] with protection modes 0
Event: 20.150 Protecting memory [0x0000000175270000,0x000000017527c000] with protection modes 3
Event: 21.558 Protecting memory [0x00000001730f0000,0x00000001730fc000] with protection modes 3
Event: 22.299 Protecting memory [0x00000001756a0000,0x00000001756ac000] with protection modes 3
Event: 22.299 Protecting memory [0x00000001758b8000,0x00000001758c4000] with protection modes 3
Event: 22.299 Protecting memory [0x00000001757ac000,0x00000001757b8000] with protection modes 3

Nmethod flushes (20 events):
Event: 19.156 Thread 0x00000009c243aa00 flushing  nmethod 0x00000001160d7010
Event: 19.156 Thread 0x00000009c243aa00 flushing  nmethod 0x00000001160d8d90
Event: 19.156 Thread 0x00000009c243aa00 flushing  nmethod 0x00000001160da590
Event: 19.156 Thread 0x00000009c243aa00 flushing  nmethod 0x00000001160daa10
Event: 19.156 Thread 0x00000009c243aa00 flushing  nmethod 0x00000001160e2210
Event: 19.156 Thread 0x00000009c243aa00 flushing  nmethod 0x00000001160e2790
Event: 19.156 Thread 0x00000009c243aa00 flushing  nmethod 0x00000001160f5410
Event: 19.156 Thread 0x00000009c243aa00 flushing  nmethod 0x00000001160f7690
Event: 19.156 Thread 0x00000009c243aa00 flushing  nmethod 0x000000011611ab10
Event: 21.046 Thread 0x00000009c243aa00 flushing  nmethod 0x0000000114727410
Event: 21.050 Thread 0x00000009c243aa00 flushing  nmethod 0x0000000114d74290
Event: 21.051 Thread 0x00000009c243aa00 flushing  nmethod 0x0000000114f68290
Event: 21.051 Thread 0x00000009c243aa00 flushing  nmethod 0x0000000114fe6490
Event: 21.051 Thread 0x00000009c243aa00 flushing  nmethod 0x0000000114fe6a90
Event: 21.052 Thread 0x00000009c243aa00 flushing  nmethod 0x00000001152bc810
Event: 21.052 Thread 0x00000009c243aa00 flushing  nmethod 0x0000000115365f10
Event: 21.053 Thread 0x00000009c243aa00 flushing  nmethod 0x0000000115402510
Event: 21.056 Thread 0x00000009c243aa00 flushing  nmethod 0x0000000115af6990
Event: 21.061 Thread 0x00000009c243aa00 flushing  nmethod 0x00000001160fd210
Event: 21.061 Thread 0x00000009c243aa00 flushing  nmethod 0x00000001160fdd90

Events (20 events):
Event: 14.368 Thread 0x00000009bd821200 Thread added: 0x00000009bd821800
Event: 14.819 Thread 0x00000001011e65e0 Thread added: 0x00000009bd823600
Event: 16.133 Thread 0x00000009bd820600 Thread added: 0x00000009bd821e00
Event: 16.135 Thread 0x00000001011e65e0 Thread added: 0x00000009c2493000
Event: 16.170 Thread 0x00000009c0c55e00 Thread added: 0x00000009c0c65200
Event: 16.170 Thread 0x00000009c0c55e00 Thread added: 0x00000009bdd81200
Event: 17.275 Thread 0x00000009be3f9200 Thread added: 0x00000009bdff5800
Event: 17.276 Thread 0x00000009bdff5800 Thread added: 0x00000009bdff5e00
Event: 17.529 Thread 0x00000009bdff5e00 Thread added: 0x00000009bdff7600
Event: 17.539 Thread 0x00000009bdff5e00 Thread added: 0x00000009bda2c000
Event: 18.980 Thread 0x00000009bdff5800 Thread exited: 0x00000009bdff5800
Event: 19.829 Thread 0x00000009bd821200 Thread added: 0x00000009bd05b000
Event: 19.829 Thread 0x00000009bd05b000 Thread added: 0x00000009bd05b600
Event: 19.885 Thread 0x00000009bd05b600 Thread added: 0x00000009be3f8000
Event: 19.885 Thread 0x00000009bd05b600 Thread added: 0x00000009bde77000
Event: 20.150 Thread 0x00000009bd05b000 Thread exited: 0x00000009bd05b000
Event: 21.558 Thread 0x00000009bf574c00 Thread exited: 0x00000009bf574c00
Event: 22.299 Thread 0x00000009bd05b600 Thread exited: 0x00000009bd05b600
Event: 22.299 Thread 0x00000009bde77000 Thread exited: 0x00000009bde77000
Event: 22.299 Thread 0x00000009be3f8000 Thread exited: 0x00000009be3f8000


Dynamic libraries:
0x0000000100904000 	/Library/Java/JavaVirtualMachines/microsoft-17.jdk/Contents/Home/lib/libjli.dylib
0x00000001a94b2000 	/System/Library/Frameworks/Cocoa.framework/Versions/A/Cocoa
0x000000018e9fb000 	/System/Library/Frameworks/AppKit.framework/Versions/C/AppKit
0x0000000192044000 	/System/Library/Frameworks/CoreData.framework/Versions/A/CoreData
0x000000018bdfb000 	/System/Library/Frameworks/Foundation.framework/Versions/C/Foundation
0x0000000199f83000 	/usr/lib/libSystem.B.dylib
0x000000019012b000 	/System/Library/PrivateFrameworks/UIFoundation.framework/Versions/A/UIFoundation
0x0000000240a0f000 	/System/Library/PrivateFrameworks/CollectionViewCore.framework/Versions/A/CollectionViewCore
0x000000019734f000 	/System/Library/PrivateFrameworks/XCTTargetBootstrap.framework/Versions/A/XCTTargetBootstrap
0x000000019c900000 	/System/Library/PrivateFrameworks/InternationalSupport.framework/Versions/A/InternationalSupport
0x000000019cc5a000 	/System/Library/PrivateFrameworks/UserActivity.framework/Versions/A/UserActivity
0x00000001926d4000 	/System/Library/PrivateFrameworks/BaseBoard.framework/Versions/A/BaseBoard
0x00000002491b3000 	/System/Library/PrivateFrameworks/FrontBoard.framework/Versions/A/FrontBoard
0x00000001a4306000 	/System/Library/PrivateFrameworks/FrontBoardServices.framework/Versions/A/FrontBoardServices
0x0000000284a30000 	/usr/lib/libRosetta.dylib
0x0000000278335000 	/System/Library/PrivateFrameworks/UIIntelligenceSupport.framework/Versions/A/UIIntelligenceSupport
0x00000002359b2000 	/System/Library/Frameworks/SwiftUICore.framework/Versions/A/SwiftUICore
0x000000027e8af000 	/System/Library/PrivateFrameworks/WritingTools.framework/Versions/A/WritingTools
0x000000027d705000 	/System/Library/PrivateFrameworks/WindowManagement.framework/Versions/A/WindowManagement
0x000000018ba5a000 	/System/Library/Frameworks/SystemConfiguration.framework/Versions/A/SystemConfiguration
0x000000019bc1d000 	/usr/lib/libspindump.dylib
0x00000001902e6000 	/System/Library/Frameworks/UniformTypeIdentifiers.framework/Versions/A/UniformTypeIdentifiers
0x000000019922e000 	/usr/lib/libbsm.0.dylib
0x0000000194a5c000 	/usr/lib/libapp_launch_measurement.dylib
0x0000000193d62000 	/System/Library/PrivateFrameworks/CoreAnalytics.framework/Versions/A/CoreAnalytics
0x0000000194a60000 	/System/Library/PrivateFrameworks/CoreAutoLayout.framework/Versions/A/CoreAutoLayout
0x000000019689a000 	/System/Library/Frameworks/Metal.framework/Versions/A/Metal
0x0000000197c9a000 	/usr/lib/liblangid.dylib
0x0000000197355000 	/System/Library/PrivateFrameworks/CoreSVG.framework/Versions/A/CoreSVG
0x0000000190d47000 	/System/Library/PrivateFrameworks/SkyLight.framework/Versions/A/SkyLight
0x0000000248eec000 	/System/Library/PrivateFrameworks/FocusEngine.framework/Versions/A/FocusEngine
0x00000001912e0000 	/System/Library/Frameworks/CoreGraphics.framework/Versions/A/CoreGraphics
0x0000000246afb000 	/System/Library/PrivateFrameworks/DesignLibrary.framework/Versions/A/DesignLibrary
0x00000001a25cc000 	/System/Library/Frameworks/Accelerate.framework/Versions/A/Accelerate
0x000000019ba13000 	/System/Library/PrivateFrameworks/IconServices.framework/Versions/A/IconServices
0x0000000196872000 	/System/Library/Frameworks/IOSurface.framework/Versions/A/IOSurface
0x0000000193d92000 	/usr/lib/libDiagnosticMessagesClient.dylib
0x0000000199ecc000 	/usr/lib/libz.1.dylib
0x00000001a68ef000 	/System/Library/Frameworks/ApplicationServices.framework/Versions/A/ApplicationServices
0x000000019733a000 	/System/Library/PrivateFrameworks/DFRFoundation.framework/Versions/A/DFRFoundation
0x000000018e24a000 	/usr/lib/libicucore.A.dylib
0x000000019de96000 	/System/Library/Frameworks/AudioToolbox.framework/Versions/A/AudioToolbox
0x000000019cc08000 	/System/Library/PrivateFrameworks/DataDetectorsCore.framework/Versions/A/DataDetectorsCore
0x0000000278f1b000 	/System/Library/PrivateFrameworks/UpdateCycle.framework/Versions/A/UpdateCycle
0x00000001baac0000 	/System/Library/PrivateFrameworks/TextInput.framework/Versions/A/TextInput
0x0000000190c89000 	/usr/lib/libMobileGestalt.dylib
0x0000000197036000 	/System/Library/Frameworks/Carbon.framework/Versions/A/Frameworks/HIToolbox.framework/Versions/A/HIToolbox
0x00000001942c7000 	/System/Library/Frameworks/QuartzCore.framework/Versions/A/QuartzCore
0x000000018de25000 	/System/Library/Frameworks/Security.framework/Versions/A/Security
0x00000001a1f4b000 	/System/Library/Frameworks/Carbon.framework/Versions/A/Frameworks/SpeechRecognition.framework/Versions/A/SpeechRecognition
0x000000019472b000 	/System/Library/PrivateFrameworks/CoreUI.framework/Versions/A/CoreUI
0x000000018d679000 	/System/Library/Frameworks/CoreAudio.framework/Versions/A/CoreAudio
0x0000000193e86000 	/System/Library/Frameworks/DiskArbitration.framework/Versions/A/DiskArbitration
0x000000019c0da000 	/System/Library/PrivateFrameworks/MultitouchSupport.framework/Versions/A/MultitouchSupport
0x0000000190c87000 	/usr/lib/libenergytrace.dylib
0x00000001adfed000 	/System/Library/PrivateFrameworks/RenderBox.framework/Versions/A/RenderBox
0x000000018e8a2000 	/System/Library/Frameworks/IOKit.framework/Versions/A/IOKit
0x00000001a2355000 	/System/Library/Frameworks/CoreServices.framework/Versions/A/CoreServices
0x00000001949ed000 	/System/Library/PrivateFrameworks/PerformanceAnalysis.framework/Versions/A/PerformanceAnalysis
0x00000001f0748000 	/System/Library/Frameworks/OpenGL.framework/Versions/A/OpenGL
0x0000000194aaa000 	/usr/lib/libxml2.2.dylib
0x000000019910f000 	/System/Library/PrivateFrameworks/MobileKeyBag.framework/Versions/A/MobileKeyBag
0x000000018a114000 	/usr/lib/libobjc.A.dylib
0x000000018a478000 	/usr/lib/libc++.1.dylib
0x00000001a22d2000 	/System/Library/Frameworks/Accessibility.framework/Versions/A/Accessibility
0x0000000191a3a000 	/System/Library/Frameworks/ColorSync.framework/Versions/A/ColorSync
0x000000018a5a9000 	/System/Library/Frameworks/CoreFoundation.framework/Versions/A/CoreFoundation
0x00000001976dc000 	/System/Library/Frameworks/CoreImage.framework/Versions/A/CoreImage
0x000000018d44c000 	/System/Library/Frameworks/CoreText.framework/Versions/A/CoreText
0x000000022ff99000 	/System/Library/Frameworks/CoreTransferable.framework/Versions/A/CoreTransferable
0x00000002304d5000 	/System/Library/Frameworks/DataDetection.framework/Versions/A/DataDetection
0x00000002304ea000 	/System/Library/Frameworks/DeveloperToolsSupport.framework/Versions/A/DeveloperToolsSupport
0x0000000197393000 	/System/Library/Frameworks/ImageIO.framework/Versions/A/ImageIO
0x0000000236927000 	/System/Library/Frameworks/Symbols.framework/Versions/A/Symbols
0x00000001bfc94000 	/System/Library/PrivateFrameworks/AttributeGraph.framework/Versions/A/AttributeGraph
0x00000001a43e5000 	/System/Library/PrivateFrameworks/BoardServices.framework/Versions/A/BoardServices
0x00000001e4329000 	/System/Library/PrivateFrameworks/FeatureFlags.framework/Versions/A/FeatureFlags
0x00000002520d3000 	/System/Library/PrivateFrameworks/Gestures.framework/Versions/A/Gestures
0x0000000199f88000 	/System/Library/PrivateFrameworks/SoftLinking.framework/Versions/A/SoftLinking
0x00000001ce495000 	/usr/lib/swift/libswiftAccelerate.dylib
0x00000001c4977000 	/usr/lib/swift/libswiftCompression.dylib
0x000000019d7fe000 	/usr/lib/swift/libswiftCore.dylib
0x00000001b6da4000 	/usr/lib/swift/libswiftCoreFoundation.dylib
0x00000001b6dfd000 	/usr/lib/swift/libswiftCoreImage.dylib
0x00000001a4081000 	/usr/lib/swift/libswiftDispatch.dylib
0x00000001b6dfe000 	/usr/lib/swift/libswiftIOKit.dylib
0x00000001c496a000 	/usr/lib/swift/libswiftMetal.dylib
0x00000001d3c78000 	/usr/lib/swift/libswiftOSLog.dylib
0x00000001a6f3f000 	/usr/lib/swift/libswiftObjectiveC.dylib
0x0000000285c6e000 	/usr/lib/swift/libswiftObservation.dylib
0x00000001c9c2d000 	/usr/lib/swift/libswiftQuartzCore.dylib
0x0000000285dad000 	/usr/lib/swift/libswiftSynchronization.dylib
0x00000001ce486000 	/usr/lib/swift/libswiftUniformTypeIdentifiers.dylib
0x00000001b6db6000 	/usr/lib/swift/libswiftXPC.dylib
0x0000000285de7000 	/usr/lib/swift/libswift_Builtin_float.dylib
0x0000000285dea000 	/usr/lib/swift/libswift_Concurrency.dylib
0x00000001a6f43000 	/usr/lib/swift/libswiftos.dylib
0x00000001ba855000 	/usr/lib/swift/libswiftsimd.dylib
0x000000019a1af000 	/usr/lib/libcompression.dylib
0x000000019c860000 	/System/Library/PrivateFrameworks/TextureIO.framework/Versions/A/TextureIO
0x0000000191be6000 	/System/Library/Frameworks/ApplicationServices.framework/Versions/A/Frameworks/HIServices.framework/Versions/A/HIServices
0x000000019b69c000 	/usr/lib/libate.dylib
0x0000000199f7d000 	/usr/lib/system/libcache.dylib
0x0000000199f38000 	/usr/lib/system/libcommonCrypto.dylib
0x0000000199f63000 	/usr/lib/system/libcompiler_rt.dylib
0x0000000199f58000 	/usr/lib/system/libcopyfile.dylib
0x000000018a2b2000 	/usr/lib/system/libcorecrypto.dylib
0x000000018a3ab000 	/usr/lib/system/libdispatch.dylib
0x000000018a168000 	/usr/lib/system/libdyld.dylib
0x0000000199f73000 	/usr/lib/system/libkeymgr.dylib
0x0000000199f1b000 	/usr/lib/system/libmacho.dylib
0x0000000199206000 	/usr/lib/system/libquarantine.dylib
0x0000000199f70000 	/usr/lib/system/libremovefile.dylib
0x0000000190d0a000 	/usr/lib/system/libsystem_asl.dylib
0x000000018a238000 	/usr/lib/system/libsystem_blocks.dylib
0x000000018a3f5000 	/usr/lib/system/libsystem_c.dylib
0x0000000199f67000 	/usr/lib/system/libsystem_collections.dylib
0x0000000197c87000 	/usr/lib/system/libsystem_configuration.dylib
0x0000000196839000 	/usr/lib/system/libsystem_containermanager.dylib
0x0000000199989000 	/usr/lib/system/libsystem_coreservices.dylib
0x000000018e51c000 	/usr/lib/system/libsystem_darwin.dylib
0x000000028613d000 	/usr/lib/system/libsystem_darwindirectory.dylib
0x0000000199f74000 	/usr/lib/system/libsystem_dnssd.dylib
0x0000000286141000 	/usr/lib/system/libsystem_eligibility.dylib
0x000000018a3f2000 	/usr/lib/system/libsystem_featureflags.dylib
0x000000018a579000 	/usr/lib/system/libsystem_info.dylib
0x0000000199edc000 	/usr/lib/system/libsystem_m.dylib
0x000000018a35f000 	/usr/lib/system/libsystem_malloc.dylib
0x0000000190c6c000 	/usr/lib/system/libsystem_networkextension.dylib
0x000000018e98d000 	/usr/lib/system/libsystem_notify.dylib
0x0000000197c8c000 	/usr/lib/system/libsystem_sandbox.dylib
0x000000028614b000 	/usr/lib/system/libsystem_sanitizers.dylib
0x0000000199f6c000 	/usr/lib/system/libsystem_secinit.dylib
0x000000018a526000 	/usr/lib/system/libsystem_kernel.dylib
0x000000018a570000 	/usr/lib/system/libsystem_platform.dylib
0x000000018a563000 	/usr/lib/system/libsystem_pthread.dylib
0x00000001928b7000 	/usr/lib/system/libsystem_symptoms.dylib
0x000000018a291000 	/usr/lib/system/libsystem_trace.dylib
0x0000000286153000 	/usr/lib/system/libsystem_trial.dylib
0x0000000199f46000 	/usr/lib/system/libunwind.dylib
0x000000018a23c000 	/usr/lib/system/libxpc.dylib
0x000000018a50b000 	/usr/lib/libc++abi.dylib
0x000000028597e000 	/usr/lib/libswiftPrespecialized.dylib
0x0000000199f85000 	/usr/lib/libfakelink.dylib
0x00000001908b0000 	/System/Library/Frameworks/CFNetwork.framework/Versions/A/CFNetwork
0x0000000199fd9000 	/usr/lib/libarchive.2.dylib
0x00000001a0060000 	/System/Library/Frameworks/Combine.framework/Versions/A/Combine
0x0000000240a34000 	/System/Library/PrivateFrameworks/CollectionsInternal.framework/Versions/A/CollectionsInternal
0x000000026756f000 	/System/Library/PrivateFrameworks/ReflectionInternal.framework/Versions/A/ReflectionInternal
0x00000002683fb000 	/System/Library/PrivateFrameworks/RuntimeInternal.framework/Versions/A/RuntimeInternal
0x00000001b3c5e000 	/usr/lib/swift/libswiftDarwin.dylib
0x0000000285db5000 	/usr/lib/swift/libswiftSystem.dylib
0x0000000285e74000 	/usr/lib/swift/libswift_DarwinFoundation1.dylib
0x0000000285f55000 	/usr/lib/swift/libswift_StringProcessing.dylib
0x000000018e821000 	/System/Library/PrivateFrameworks/CoreServicesInternal.framework/Versions/A/CoreServicesInternal
0x0000000199f50000 	/usr/lib/liboah.dylib
0x00000001a638d000 	/System/Library/PrivateFrameworks/DiskImages.framework/Versions/A/DiskImages
0x00000001b3721000 	/System/Library/Frameworks/NetFS.framework/Versions/A/NetFS
0x0000000194a24000 	/System/Library/Frameworks/CoreServices.framework/Versions/A/Frameworks/FSEvents.framework/Versions/A/FSEvents
0x000000018e527000 	/System/Library/Frameworks/CoreServices.framework/Versions/A/Frameworks/CarbonCore.framework/Versions/A/CarbonCore
0x0000000193dfa000 	/System/Library/Frameworks/CoreServices.framework/Versions/A/Frameworks/Metadata.framework/Versions/A/Metadata
0x0000000199990000 	/System/Library/Frameworks/CoreServices.framework/Versions/A/Frameworks/OSServices.framework/Versions/A/OSServices
0x000000019a0d1000 	/System/Library/Frameworks/CoreServices.framework/Versions/A/Frameworks/SearchKit.framework/Versions/A/SearchKit
0x0000000192831000 	/System/Library/Frameworks/CoreServices.framework/Versions/A/Frameworks/AE.framework/Versions/A/AE
0x000000018aaf2000 	/System/Library/Frameworks/CoreServices.framework/Versions/A/Frameworks/LaunchServices.framework/Versions/A/LaunchServices
0x000000019b4f2000 	/System/Library/Frameworks/CoreServices.framework/Versions/A/Frameworks/DictionaryServices.framework/Versions/A/DictionaryServices
0x0000000194a32000 	/System/Library/Frameworks/CoreServices.framework/Versions/A/Frameworks/SharedFileList.framework/Versions/A/SharedFileList
0x000000019a166000 	/usr/lib/libapple_nghttp2.dylib
0x000000019244b000 	/usr/lib/libsqlite3.dylib
0x00000001a65d5000 	/System/Library/PrivateFrameworks/AppSupport.framework/Versions/A/AppSupport
0x000000019e52f000 	/System/Library/Frameworks/GSS.framework/Versions/A/GSS
0x00000001927c5000 	/System/Library/PrivateFrameworks/RunningBoardServices.framework/Versions/A/RunningBoardServices
0x00000001a6ecd000 	/System/Library/PrivateFrameworks/StreamingZip.framework/Versions/A/StreamingZip
0x00000001928c0000 	/System/Library/Frameworks/Network.framework/Versions/A/Network
0x0000000199f1f000 	/usr/lib/system/libkxld.dylib
0x000000023c2de000 	/System/Library/PrivateFrameworks/AppleKeyStore.framework/Versions/A/AppleKeyStore
0x0000000284714000 	/usr/lib/libCoreEntitlements.dylib
0x000000025d4ca000 	/System/Library/PrivateFrameworks/MessageSecurity.framework/Versions/A/MessageSecurity
0x000000019242f000 	/System/Library/PrivateFrameworks/ProtocolBuffer.framework/Versions/A/ProtocolBuffer
0x00000001a3487000 	/System/Library/PrivateFrameworks/SymptomDiagnosticReporter.framework/Versions/A/SymptomDiagnosticReporter
0x000000019b736000 	/System/Library/PrivateFrameworks/CrashReporterSupport.framework/Versions/A/CrashReporterSupport
0x0000000199970000 	/System/Library/PrivateFrameworks/AppleFSCompression.framework/Versions/A/AppleFSCompression
0x0000000199216000 	/usr/lib/libcoretls.dylib
0x000000019b569000 	/usr/lib/libcoretls_cfhelpers.dylib
0x000000019a1a8000 	/usr/lib/libpam.2.dylib
0x000000019b5db000 	/usr/lib/libxar.1.dylib
0x000000019b56b000 	/System/Library/PrivateFrameworks/APFS.framework/Versions/A/APFS
0x0000000272e27000 	/System/Library/PrivateFrameworks/SwiftASN1Internal.framework/Versions/A/SwiftASN1Internal
0x000000019b5ea000 	/usr/lib/libutil.dylib
0x0000000197c95000 	/System/Library/PrivateFrameworks/AppleSystemInfo.framework/Versions/A/AppleSystemInfo
0x0000000198efe000 	/System/Library/PrivateFrameworks/IOMobileFramebuffer.framework/Versions/A/IOMobileFramebuffer
0x00000001b6c6a000 	/System/Library/PrivateFrameworks/LoggingSupport.framework/Versions/A/LoggingSupport
0x000000019e592000 	/System/Library/PrivateFrameworks/MobileAsset.framework/Versions/A/MobileAsset
0x00000001a3497000 	/System/Library/PrivateFrameworks/PowerLog.framework/Versions/A/PowerLog
0x0000000235850000 	/System/Library/Frameworks/SwiftData.framework/Versions/A/SwiftData
0x0000000194c56000 	/System/Library/PrivateFrameworks/UserManagement.framework/Versions/A/UserManagement
0x00000001907db000 	/usr/lib/libboringssl.dylib
0x00000001928a5000 	/usr/lib/libdns_services.dylib
0x00000001b5ca3000 	/usr/lib/libquic.dylib
0x000000019d78e000 	/usr/lib/libusrtcp.dylib
0x000000023d0d1000 	/System/Library/PrivateFrameworks/AtomicsInternal.framework/Versions/A/AtomicsInternal
0x00000001dc4b0000 	/System/Library/PrivateFrameworks/InternalSwiftProtobuf.framework/Versions/A/InternalSwiftProtobuf
0x0000000285c45000 	/usr/lib/swift/libswiftDistributed.dylib
0x0000000197c93000 	/System/Library/PrivateFrameworks/AggregateDictionary.framework/Versions/A/AggregateDictionary
0x000000023d861000 	/System/Library/PrivateFrameworks/BiomeLibrary.framework/Versions/A/BiomeLibrary
0x00000001c593e000 	/System/Library/PrivateFrameworks/BiomeStreams.framework/Versions/A/BiomeStreams
0x00000001c1b75000 	/System/Library/PrivateFrameworks/BiomeFoundation.framework/Versions/A/BiomeFoundation
0x00000001cb9f2000 	/System/Library/PrivateFrameworks/BiomePubSub.framework/Versions/A/BiomePubSub
0x00000001a7ef1000 	/System/Library/PrivateFrameworks/ProactiveSupport.framework/Versions/A/ProactiveSupport
0x000000019b54a000 	/usr/lib/liblzma.5.dylib
0x00000001a68f0000 	/System/Library/PrivateFrameworks/InternationalTextSearch.framework/Versions/A/InternationalTextSearch
0x00000001be092000 	/System/Library/PrivateFrameworks/SoftwareUpdateCoreSupport.framework/Versions/A/SoftwareUpdateCoreSupport
0x00000001c63c0000 	/System/Library/PrivateFrameworks/SoftwareUpdateCoreConnect.framework/Versions/A/SoftwareUpdateCoreConnect
0x00000001a648b000 	/System/Library/PrivateFrameworks/RemoteServiceDiscovery.framework/Versions/A/RemoteServiceDiscovery
0x00000001bdc89000 	/System/Library/PrivateFrameworks/MSUDataAccessor.framework/Versions/A/MSUDataAccessor
0x00000001b8dc2000 	/usr/lib/libbootpolicy.dylib
0x00000001a64a2000 	/System/Library/PrivateFrameworks/RemoteXPC.framework/Versions/A/RemoteXPC
0x00000001c580a000 	/usr/lib/libFDR.dylib
0x00000001cb613000 	/usr/lib/libamsupport.dylib
0x0000000284a28000 	/usr/lib/libReverseProxyDevice.dylib
0x000000023bc38000 	/System/Library/PrivateFrameworks/AppleDeviceQuerySupport.framework/Versions/A/AppleDeviceQuerySupport
0x00000001ce695000 	/usr/lib/libpartition2_dynamic.dylib
0x000000019a142000 	/System/Library/PrivateFrameworks/AppleSauce.framework/Versions/A/AppleSauce
0x00000002845b5000 	/usr/lib/libAppleArchive.dylib
0x000000019997c000 	/usr/lib/libbz2.1.0.dylib
0x0000000193e90000 	/System/Library/Frameworks/Accelerate.framework/Versions/A/Frameworks/vImage.framework/Versions/A/vImage
0x00000001a232f000 	/System/Library/Frameworks/Accelerate.framework/Versions/A/Frameworks/vecLib.framework/Versions/A/vecLib
0x000000019b621000 	/System/Library/Frameworks/Accelerate.framework/Versions/A/Frameworks/vecLib.framework/Versions/A/libvMisc.dylib
0x000000018aff2000 	/System/Library/Frameworks/Accelerate.framework/Versions/A/Frameworks/vecLib.framework/Versions/A/libBLAS.dylib
0x0000000194b91000 	/System/Library/Frameworks/CoreVideo.framework/Versions/A/CoreVideo
0x000000019e137000 	/System/Library/Frameworks/ApplicationServices.framework/Versions/A/Frameworks/ATS.framework/Versions/A/ATS
0x000000019c7e9000 	/System/Library/Frameworks/ApplicationServices.framework/Versions/A/Frameworks/PrintCore.framework/Versions/A/PrintCore
0x000000019e4f8000 	/System/Library/Frameworks/ApplicationServices.framework/Versions/A/Frameworks/QD.framework/Versions/A/QD
0x000000019e4f3000 	/System/Library/Frameworks/ApplicationServices.framework/Versions/A/Frameworks/ColorSyncLegacy.framework/Versions/A/ColorSyncLegacy
0x000000019e109000 	/System/Library/Frameworks/ApplicationServices.framework/Versions/A/Frameworks/SpeechSynthesis.framework/Versions/A/SpeechSynthesis
0x0000000196d64000 	/System/Library/PrivateFrameworks/FontServices.framework/libFontParser.dylib
0x00000001a61b1000 	/System/Library/PrivateFrameworks/BackBoardServices.framework/Versions/A/BackBoardServices
0x000000023d77d000 	/System/Library/PrivateFrameworks/BackBoardHIDEventFoundation.framework/Versions/A/BackBoardHIDEventFoundation
0x000000018cf5d000 	/System/Library/Frameworks/CoreDisplay.framework/Versions/A/CoreDisplay
0x000000019c120000 	/System/Library/Frameworks/VideoToolbox.framework/Versions/A/VideoToolbox
0x000000019a1a6000 	/System/Library/Frameworks/MetalPerformanceShaders.framework/Versions/A/MetalPerformanceShaders
0x000000026664c000 	/System/Library/PrivateFrameworks/ProDisplayLibrary.framework/Versions/A/ProDisplayLibrary
0x00000001a9f7b000 	/System/Library/PrivateFrameworks/IOSurfaceAccelerator.framework/Versions/A/IOSurfaceAccelerator
0x000000019688f000 	/System/Library/PrivateFrameworks/IOAccelerator.framework/Versions/A/IOAccelerator
0x0000000196ba7000 	/System/Library/Frameworks/CoreMedia.framework/Versions/A/CoreMedia
0x0000000190d22000 	/System/Library/PrivateFrameworks/TCC.framework/Versions/A/TCC
0x000000019c0d8000 	/System/Library/PrivateFrameworks/WatchdogClient.framework/Versions/A/WatchdogClient
0x00000001cba50000 	/System/Library/PrivateFrameworks/BiomeStorage.framework/Versions/A/BiomeStorage
0x0000000258072000 	/System/Library/PrivateFrameworks/IntelligencePlatformLibrary.framework/Versions/A/IntelligencePlatformLibrary
0x0000000265959000 	/System/Library/PrivateFrameworks/PoirotSchematizer.framework/Versions/A/PoirotSchematizer
0x000000023e0a6000 	/System/Library/PrivateFrameworks/BiomeSync.framework/Versions/A/BiomeSync
0x000000023d847000 	/System/Library/PrivateFrameworks/BiomeDSL.framework/Versions/A/BiomeDSL
0x00000002659c3000 	/System/Library/PrivateFrameworks/PoirotUDFs.framework/Versions/A/PoirotUDFs
0x0000000265928000 	/System/Library/PrivateFrameworks/PoirotSQLite.framework/Versions/A/PoirotSQLite
0x00000001a4902000 	/System/Library/PrivateFrameworks/CoreTime.framework/Versions/A/CoreTime
0x0000000199fbe000 	/usr/lib/libiconv.2.dylib
0x0000000199f1a000 	/usr/lib/libcharset.1.dylib
0x0000000285eb5000 	/usr/lib/swift/libswift_RegexParser.dylib
0x000000023f6af000 	/System/Library/PrivateFrameworks/CascadeSets.framework/Versions/A/CascadeSets
0x000000019e6ff000 	/System/Library/PrivateFrameworks/CorePhoneNumbers.framework/Versions/A/CorePhoneNumbers
0x000000019bfa2000 	/System/Library/PrivateFrameworks/AppleJPEG.framework/Versions/A/AppleJPEG
0x000000019b98e000 	/usr/lib/libexpat.1.dylib
0x000000019c6bc000 	/System/Library/Frameworks/ImageIO.framework/Versions/A/Resources/libPng.dylib
0x000000019c6e8000 	/System/Library/Frameworks/ImageIO.framework/Versions/A/Resources/libTIFF.dylib
0x000000019c7d2000 	/System/Library/Frameworks/ImageIO.framework/Versions/A/Resources/libGIF.dylib
0x000000019bfe7000 	/System/Library/Frameworks/ImageIO.framework/Versions/A/Resources/libJP2.dylib
0x000000019c778000 	/System/Library/Frameworks/ImageIO.framework/Versions/A/Resources/libJPEG.dylib
0x000000019c76f000 	/System/Library/Frameworks/ImageIO.framework/Versions/A/Resources/libRadiance.dylib
0x000000024e89a000 	/System/Library/PrivateFrameworks/GPUCompiler.framework/Versions/32023/Libraries/libllvm-flatbuffers.dylib
0x00000002491a6000 	/System/Library/PrivateFrameworks/FramePacing.framework/Versions/A/FramePacing
0x00000001f073a000 	/System/Library/Frameworks/OpenGL.framework/Versions/A/Libraries/libCoreFSCache.dylib
0x000000024a2e7000 	/System/Library/PrivateFrameworks/GPUCompiler.framework/Versions/32023/Libraries/libGPUCompilerUtils.dylib
0x00000001a44b2000 	/System/Library/PrivateFrameworks/GraphicsServices.framework/Versions/A/GraphicsServices
0x00000001a807d000 	/System/Library/PrivateFrameworks/ASEProcessing.framework/Versions/A/ASEProcessing
0x00000001d7ccc000 	/System/Library/PrivateFrameworks/Symbolication.framework/Versions/A/Symbolication
0x0000000265549000 	/System/Library/PrivateFrameworks/PhotosensitivityProcessing.framework/Versions/A/PhotosensitivityProcessing
0x000000019bbbf000 	/System/Library/PrivateFrameworks/GraphVisualizer.framework/Versions/A/GraphVisualizer
0x00000001f0799000 	/System/Library/Frameworks/OpenGL.framework/Versions/A/Libraries/libGLU.dylib
0x00000001f075c000 	/System/Library/Frameworks/OpenGL.framework/Versions/A/Libraries/libGFXShared.dylib
0x000000022e870000 	/System/Library/Frameworks/OpenGL.framework/Versions/A/Libraries/libGL.dylib
0x00000001f0765000 	/System/Library/Frameworks/OpenGL.framework/Versions/A/Libraries/libGLImage.dylib
0x00000001f0759000 	/System/Library/Frameworks/OpenGL.framework/Versions/A/Libraries/libCVMSPluginSupport.dylib
0x00000001f0742000 	/System/Library/Frameworks/OpenGL.framework/Versions/A/Libraries/libCoreVMClient.dylib
0x00000002490b1000 	/System/Library/PrivateFrameworks/FontServices.framework/Versions/A/FontServices
0x000000019bbcf000 	/System/Library/PrivateFrameworks/OTSVG.framework/Versions/A/OTSVG
0x00000001946d8000 	/System/Library/Frameworks/ApplicationServices.framework/Versions/A/Frameworks/ATS.framework/Versions/A/Resources/libFontRegistry.dylib
0x0000000284f38000 	/usr/lib/libhvf.dylib
0x000000026237e000 	/System/Library/PrivateFrameworks/ParsingInternal.framework/Versions/A/ParsingInternal
0x00000002490b5000 	/System/Library/PrivateFrameworks/FontServices.framework/libXTFontStaticRegistryData.dylib
0x0000000197bd4000 	/System/Library/Frameworks/MetalPerformanceShaders.framework/Versions/A/Frameworks/MPSCore.framework/Versions/A/MPSCore
0x00000001998db000 	/System/Library/Frameworks/MetalPerformanceShaders.framework/Versions/A/Frameworks/MPSImage.framework/Versions/A/MPSImage
0x00000001992b9000 	/System/Library/Frameworks/MetalPerformanceShaders.framework/Versions/A/Frameworks/MPSNeuralNetwork.framework/Versions/A/MPSNeuralNetwork
0x00000001996f1000 	/System/Library/Frameworks/MetalPerformanceShaders.framework/Versions/A/Frameworks/MPSMatrix.framework/Versions/A/MPSMatrix
0x0000000199506000 	/System/Library/Frameworks/MetalPerformanceShaders.framework/Versions/A/Frameworks/MPSRayIntersector.framework/Versions/A/MPSRayIntersector
0x0000000199723000 	/System/Library/Frameworks/MetalPerformanceShaders.framework/Versions/A/Frameworks/MPSNDArray.framework/Versions/A/MPSNDArray
0x0000000232814000 	/System/Library/Frameworks/MetalPerformanceShaders.framework/Versions/A/Frameworks/MPSFunctions.framework/Versions/A/MPSFunctions
0x00000002327f5000 	/System/Library/Frameworks/MetalPerformanceShaders.framework/Versions/A/Frameworks/MPSBenchmarkLoop.framework/Versions/A/MPSBenchmarkLoop
0x000000018ae0d000 	/System/Library/PrivateFrameworks/MetalTools.framework/Versions/A/MetalTools
0x00000001bbefa000 	/System/Library/PrivateFrameworks/IOAccelMemoryInfo.framework/Versions/A/IOAccelMemoryInfo
0x00000001ca023000 	/System/Library/PrivateFrameworks/kperf.framework/Versions/A/kperf
0x00000001b6d80000 	/System/Library/PrivateFrameworks/GPURawCounter.framework/Versions/A/GPURawCounter
0x00000001a47eb000 	/System/Library/PrivateFrameworks/CoreSymbolication.framework/Versions/A/CoreSymbolication
0x00000001b6cf7000 	/System/Library/PrivateFrameworks/MallocStackLogging.framework/Versions/A/MallocStackLogging
0x00000001a47c8000 	/System/Library/PrivateFrameworks/DebugSymbols.framework/Versions/A/DebugSymbols
0x00000001c888c000 	/System/Library/PrivateFrameworks/OSAnalytics.framework/Versions/A/OSAnalytics
0x0000000246fad000 	/System/Library/PrivateFrameworks/DeviceRecovery.framework/Versions/A/DeviceRecovery
0x000000023062f000 	/System/Library/Frameworks/ExtensionFoundation.framework/Versions/A/ExtensionFoundation
0x000000019bc10000 	/System/Library/PrivateFrameworks/AppServerSupport.framework/Versions/A/AppServerSupport
0x000000019b88d000 	/System/Library/PrivateFrameworks/PlugInKit.framework/Versions/A/PlugInKit
0x0000000199127000 	/System/Library/PrivateFrameworks/AssertionServices.framework/Versions/A/AssertionServices
0x000000019b9b3000 	/System/Library/PrivateFrameworks/IconFoundation.framework/Versions/A/IconFoundation
0x0000000254f76000 	/System/Library/PrivateFrameworks/IconRendering.framework/Versions/A/IconRendering
0x00000002685ac000 	/System/Library/PrivateFrameworks/SFSymbols.framework/Versions/A/SFSymbols
0x000000018d081000 	/System/Library/PrivateFrameworks/AudioToolboxCore.framework/Versions/A/AudioToolboxCore
0x000000019e071000 	/System/Library/PrivateFrameworks/AudioSession.framework/Versions/A/AudioSession
0x00000001a92c5000 	/System/Library/Frameworks/CoreMIDI.framework/Versions/A/CoreMIDI
0x000000019e0f0000 	/usr/lib/libAudioStatistics.dylib
0x0000000196b7e000 	/System/Library/PrivateFrameworks/caulk.framework/Versions/A/caulk
0x000000019c696000 	/usr/lib/libAudioToolboxUtility.dylib
0x00000001b6d84000 	/usr/lib/swift/libswiftCoreAudio.dylib
0x00000001bd4eb000 	/usr/lib/swift/libswiftCoreMIDI.dylib
0x000000019e501000 	/System/Library/PrivateFrameworks/perfdata.framework/Versions/A/perfdata
0x00000001b5da1000 	/System/Library/PrivateFrameworks/SystemPolicy.framework/Versions/A/SystemPolicy
0x000000019e3a6000 	/usr/lib/libSMC.dylib
0x000000019e50f000 	/usr/lib/libperfcheck.dylib
0x000000023d191000 	/System/Library/PrivateFrameworks/AudioAnalytics.framework/Versions/A/AudioAnalytics
0x0000000285e78000 	/usr/lib/swift/libswift_DarwinFoundation2.dylib
0x0000000285e79000 	/usr/lib/swift/libswift_DarwinFoundation3.dylib
0x00000001dc1b1000 	/System/Library/Frameworks/OSLog.framework/Versions/A/OSLog
0x00000001b6d29000 	/usr/lib/libmis.dylib
0x000000019bad0000 	/System/Library/PrivateFrameworks/MediaExperience.framework/Versions/A/MediaExperience
0x000000019de3f000 	/System/Library/PrivateFrameworks/AudioSession.framework/libSessionUtility.dylib
0x000000019c7d8000 	/System/Library/PrivateFrameworks/CMCaptureCore.framework/Versions/A/CMCaptureCore
0x00000001a3376000 	/System/Library/Frameworks/CoreBluetooth.framework/Versions/A/CoreBluetooth
0x0000000198f93000 	/System/Library/PrivateFrameworks/CoreUtils.framework/Versions/A/CoreUtils
0x00000001aed13000 	/System/Library/PrivateFrameworks/HID.framework/Versions/A/HID
0x00000002463af000 	/System/Library/PrivateFrameworks/CoreUtilsExtras.framework/Versions/A/CoreUtilsExtras
0x0000000254ed8000 	/System/Library/PrivateFrameworks/IO80211.framework/Versions/A/IO80211
0x000000019fdb9000 	/System/Library/Frameworks/IOBluetooth.framework/Versions/A/IOBluetooth
0x000000023cd7f000 	/System/Library/PrivateFrameworks/ArgumentParserInternal.framework/Versions/A/ArgumentParserInternal
0x000000019b72d000 	/usr/lib/libIOReport.dylib
0x0000000199136000 	/System/Library/Frameworks/SecurityFoundation.framework/Versions/A/SecurityFoundation
0x000000018b7d1000 	/System/Library/PrivateFrameworks/Lexicon.framework/Versions/A/Lexicon
0x00000001992a1000 	/usr/lib/libgermantok.dylib
0x0000000197dbe000 	/System/Library/PrivateFrameworks/LinguisticData.framework/Versions/A/LinguisticData
0x00000001a3589000 	/System/Library/PrivateFrameworks/MediaKit.framework/Versions/A/MediaKit
0x00000001a34d4000 	/System/Library/Frameworks/DiscRecording.framework/Versions/A/DiscRecording
0x000000019b9a9000 	/usr/lib/libheimdal-asn1.dylib
0x00000001a6ea3000 	/System/Library/Frameworks/AudioUnit.framework/Versions/A/AudioUnit
0x00000001949f7000 	/System/Library/Frameworks/OpenDirectory.framework/Versions/A/OpenDirectory
0x0000000194a05000 	/System/Library/Frameworks/OpenDirectory.framework/Versions/A/Frameworks/CFOpenDirectory.framework/Versions/A/CFOpenDirectory
0x000000022ebf4000 	/System/Library/Frameworks/AVFAudio.framework/Versions/A/AVFAudio
0x00000001afcdd000 	/usr/lib/libAccessibility.dylib
0x0000000258c06000 	/System/Library/PrivateFrameworks/IsolatedCoreAudioClient.framework/Versions/A/IsolatedCoreAudioClient
0x00000001d24d2000 	/usr/lib/swift/libswiftCoreMedia.dylib
0x00000002763cf000 	/System/Library/PrivateFrameworks/Tightbeam.framework/Versions/A/Tightbeam
0x00000002422bf000 	/System/Library/PrivateFrameworks/CoreAudioOrchestration.framework/Versions/A/CoreAudioOrchestration
0x00000001cebe1000 	/System/Library/PrivateFrameworks/AFKUser.framework/Versions/A/AFKUser
0x00000001a261c000 	/System/Library/Frameworks/MediaAccessibility.framework/Versions/A/MediaAccessibility
0x000000027a5bb000 	/System/Library/PrivateFrameworks/VideoToolboxParavirtualizationSupport.framework/Versions/A/VideoToolboxParavirtualizationSupport
0x000000019b945000 	/System/Library/PrivateFrameworks/AppleVA.framework/Versions/A/AppleVA
0x000000019c76a000 	/System/Library/PrivateFrameworks/GPUWrangler.framework/Versions/A/GPUWrangler
0x000000019c74a000 	/System/Library/PrivateFrameworks/IOPresentment.framework/Versions/A/IOPresentment
0x000000019c772000 	/System/Library/PrivateFrameworks/DSExternalDisplay.framework/Versions/A/DSExternalDisplay
0x000000023cbd6000 	/System/Library/PrivateFrameworks/AppleMobileFileIntegrity.framework/Versions/A/AppleMobileFileIntegrity
0x0000000284ab5000 	/usr/lib/libTLE.dylib
0x00000001ed479000 	/System/Library/PrivateFrameworks/ConfigProfileHelper.framework/Versions/A/ConfigProfileHelper
0x00000001e2299000 	/usr/lib/libedit.3.dylib
0x000000025a187000 	/System/Library/PrivateFrameworks/MIL.framework/Versions/A/MIL
0x00000001bbebd000 	/usr/lib/libncurses.5.4.dylib
0x0000000198ec8000 	/System/Library/PrivateFrameworks/CoreEmoji.framework/Versions/A/CoreEmoji
0x000000018baee000 	/usr/lib/libCRFSuite.dylib
0x0000000197c9c000 	/System/Library/PrivateFrameworks/CoreNLP.framework/Versions/A/CoreNLP
0x0000000199240000 	/usr/lib/libmecab.dylib
0x000000019a139000 	/usr/lib/libThaiTokenizer.dylib
0x00000001dc670000 	/System/Library/PrivateFrameworks/HIDDisplay.framework/Versions/A/HIDDisplay
0x000000019c7a4000 	/System/Library/Frameworks/ApplicationServices.framework/Versions/A/Frameworks/ATSUI.framework/Versions/A/ATSUI
0x000000019e487000 	/usr/lib/libcups.2.dylib
0x000000019e51d000 	/System/Library/Frameworks/Kerberos.framework/Versions/A/Kerberos
0x000000019e17f000 	/usr/lib/libresolv.9.dylib
0x000000019bc24000 	/System/Library/PrivateFrameworks/Heimdal.framework/Versions/A/Heimdal
0x00000001a6ea2000 	/System/Library/Frameworks/Kerberos.framework/Versions/A/Libraries/libHeimdalProxy.dylib
0x000000019e581000 	/System/Library/PrivateFrameworks/CommonAuth.framework/Versions/A/CommonAuth
0x00000001afbd8000 	/System/Library/PrivateFrameworks/AXCoreUtilities.framework/Versions/A/AXCoreUtilities
0x00000002844cf000 	/usr/lib/libAXSafeCategoryBundle.dylib
0x0000000198dad000 	/System/Library/Frameworks/Accelerate.framework/Versions/A/Frameworks/vecLib.framework/Versions/A/libvDSP.dylib
0x000000019a286000 	/System/Library/Frameworks/Accelerate.framework/Versions/A/Frameworks/vecLib.framework/Versions/A/libLAPACK.dylib
0x00000001992a4000 	/System/Library/Frameworks/Accelerate.framework/Versions/A/Frameworks/vecLib.framework/Versions/A/libLinearAlgebra.dylib
0x000000019a17f000 	/System/Library/Frameworks/Accelerate.framework/Versions/A/Frameworks/vecLib.framework/Versions/A/libSparseBLAS.dylib
0x000000019a281000 	/System/Library/Frameworks/Accelerate.framework/Versions/A/Frameworks/vecLib.framework/Versions/A/libQuadrature.dylib
0x0000000197dc5000 	/System/Library/Frameworks/Accelerate.framework/Versions/A/Frameworks/vecLib.framework/Versions/A/libBNNS.dylib
0x000000018b8e7000 	/System/Library/Frameworks/Accelerate.framework/Versions/A/Frameworks/vecLib.framework/Versions/A/libSparse.dylib
0x000000019e4e6000 	/System/Library/PrivateFrameworks/NetAuth.framework/Versions/A/NetAuth
0x0000000194c15000 	/System/Library/PrivateFrameworks/login.framework/Versions/A/Frameworks/loginsupport.framework/Versions/A/loginsupport
0x000000019920a000 	/usr/lib/libCheckFix.dylib
0x0000000193d94000 	/System/Library/PrivateFrameworks/MetadataUtilities.framework/Versions/A/MetadataUtilities
0x0000000255991000 	/System/Library/PrivateFrameworks/InstalledContentLibrary.framework/Versions/A/InstalledContentLibrary
0x000000018e862000 	/System/Library/PrivateFrameworks/CoreServicesStore.framework/Versions/A/CoreServicesStore
0x00000001ca12a000 	/System/Library/PrivateFrameworks/MobileSystemServices.framework/Versions/A/MobileSystemServices
0x000000019b5ee000 	/usr/lib/libxslt.1.dylib
0x00000001991c9000 	/System/Library/PrivateFrameworks/BackgroundTaskManagement.framework/Versions/A/BackgroundTaskManagement
0x00000001a654d000 	/usr/lib/libcurl.4.dylib
0x0000000284cee000 	/usr/lib/libcrypto.46.dylib
0x000000028590b000 	/usr/lib/libssl.48.dylib
0x00000001a6223000 	/System/Library/Frameworks/LDAP.framework/Versions/A/LDAP
0x00000001a625f000 	/System/Library/PrivateFrameworks/TrustEvaluationAgent.framework/Versions/A/TrustEvaluationAgent
0x000000019e19c000 	/usr/lib/libsasl2.2.dylib
0x00000001b3c5d000 	/usr/lib/swift/libswiftCoreGraphics.dylib
0x00000001a2d18000 	/usr/lib/swift/libswiftFoundation.dylib
0x00000001ece36000 	/usr/lib/swift/libswiftSwiftOnoneSupport.dylib
0x0000000285fea000 	/usr/lib/swift/libswiftsys_time.dylib
0x00000001d8489000 	/System/Library/PrivateFrameworks/CoreMaterial.framework/Versions/A/CoreMaterial
0x0000000285d30000 	/usr/lib/swift/libswiftSpatial.dylib
0x0000000284ab2000 	/usr/lib/libSpatial.dylib
0x00000002843ed000 	/System/Library/SubFrameworks/UIUtilities.framework/Versions/A/UIUtilities
0x000000010b820000 	/Library/Java/JavaVirtualMachines/microsoft-17.jdk/Contents/Home/lib/server/libjvm.dylib
0x000000010092c000 	/Library/Java/JavaVirtualMachines/microsoft-17.jdk/Contents/Home/lib/libjimage.dylib
0x00000001009bc000 	/Library/Java/JavaVirtualMachines/microsoft-17.jdk/Contents/Home/lib/libjava.dylib
0x00000001055c0000 	/Library/Java/JavaVirtualMachines/microsoft-17.jdk/Contents/Home/lib/libnio.dylib
0x00000001055e4000 	/Library/Java/JavaVirtualMachines/microsoft-17.jdk/Contents/Home/lib/libnet.dylib
0x000000010560c000 	/Library/Java/JavaVirtualMachines/microsoft-17.jdk/Contents/Home/lib/libzip.dylib
0x0000000101158000 	/Library/Java/JavaVirtualMachines/microsoft-17.jdk/Contents/Home/lib/libverify.dylib
0x0000000105638000 	/Library/Java/JavaVirtualMachines/microsoft-17.jdk/Contents/Home/lib/libmanagement.dylib
0x0000000105650000 	/Library/Java/JavaVirtualMachines/microsoft-17.jdk/Contents/Home/lib/libmanagement_ext.dylib
0x00000001056b0000 	/Users/Isaiah/Documents/curseforge/minecraft/Install/natives/forge-47.4.16/liblwjgl.dylib
0x00000001056f8000 	/Users/Isaiah/Documents/curseforge/minecraft/Install/natives/forge-47.4.16/libglfw.dylib
0x0000000129b6c000 	/Users/Isaiah/Documents/curseforge/minecraft/Install/natives/forge-47.4.16/libjemalloc.dylib
0x000000022eec4000 	/System/Library/Frameworks/AppIntents.framework/Versions/A/AppIntents
0x00000002350c8000 	/System/Library/Frameworks/RelevanceKit.framework/Versions/A/RelevanceKit
0x0000000199d7e000 	/System/Library/Frameworks/CoreSpotlight.framework/Versions/A/CoreSpotlight
0x0000000259c9a000 	/System/Library/PrivateFrameworks/LinkServices.framework/Versions/A/LinkServices
0x00000002474c8000 	/System/Library/PrivateFrameworks/DoNotDisturb.framework/Versions/A/DoNotDisturb
0x0000000259af5000 	/System/Library/PrivateFrameworks/LinkMetadata.framework/Versions/A/LinkMetadata
0x00000001b6dab000 	/usr/lib/swift/libswiftIntents.dylib
0x00000001bc017000 	/System/Library/PrivateFrameworks/IntentsCore.framework/Versions/A/IntentsCore
0x000000023d66b000 	/System/Library/PrivateFrameworks/AvailabilityKit.framework/Versions/A/AvailabilityKit
0x000000023a9df000 	/System/Library/PrivateFrameworks/AppIntentSchemas.framework/Versions/A/AppIntentSchemas
0x000000024ee08000 	/System/Library/PrivateFrameworks/GRDBInternal.framework/Versions/A/GRDBInternal
0x00000002725da000 	/System/Library/PrivateFrameworks/StatusKit.framework/Versions/A/StatusKit
0x00000001a38b8000 	/System/Library/PrivateFrameworks/GenerationalStorage.framework/Versions/A/GenerationalStorage
0x00000001a36e0000 	/System/Library/Frameworks/FileProvider.framework/Versions/A/FileProvider
0x00000001902fd000 	/System/Library/PrivateFrameworks/DesktopServicesPriv.framework/Versions/A/DesktopServicesPriv
0x0000000192633000 	/System/Library/Frameworks/Accounts.framework/Versions/A/Accounts
0x00000001b6817000 	/System/Library/PrivateFrameworks/FTServices.framework/Versions/A/FTServices
0x00000001aecd2000 	/System/Library/PrivateFrameworks/CloudServices.framework/Versions/A/CloudServices
0x00000001a5d72000 	/System/Library/PrivateFrameworks/CoreWiFi.framework/Versions/A/CoreWiFi
0x00000001965b9000 	/System/Library/Frameworks/CoreLocation.framework/Versions/A/CoreLocation
0x00000001a5709000 	/System/Library/Frameworks/Intents.framework/Versions/A/Intents
0x0000000237882000 	/System/Library/Frameworks/_LocationEssentials.framework/Versions/A/_LocationEssentials
0x0000000199d2d000 	/System/Library/Frameworks/UserNotifications.framework/Versions/A/UserNotifications
0x000000019f9c4000 	/System/Library/PrivateFrameworks/Sharing.framework/Versions/A/Sharing
0x000000019f545000 	/System/Library/PrivateFrameworks/IDSFoundation.framework/Versions/A/IDSFoundation
0x00000001a5d71000 	/System/Library/PrivateFrameworks/Apple80211.framework/Versions/A/Apple80211
0x00000001999c3000 	/System/Library/PrivateFrameworks/AuthKit.framework/Versions/A/AuthKit
0x0000000198f10000 	/System/Library/Frameworks/CoreWLAN.framework/Versions/A/CoreWLAN
0x00000001bd4cc000 	/usr/lib/swift/libswiftCoreLocation.dylib
0x000000019dd8d000 	/System/Library/PrivateFrameworks/IMFoundation.framework/Versions/A/IMFoundation
0x00000001af027000 	/System/Library/PrivateFrameworks/Marco.framework/Versions/A/Marco
0x00000001926bd000 	/System/Library/PrivateFrameworks/CommonUtilities.framework/Versions/A/CommonUtilities
0x00000001aba50000 	/System/Library/PrivateFrameworks/Engram.framework/Versions/A/Engram
0x0000000285c8f000 	/usr/lib/swift/libswiftRegexBuilder.dylib
0x00000001ab9ee000 	/usr/lib/libtidy.A.dylib
0x000000019bf2c000 	/System/Library/PrivateFrameworks/Bom.framework/Versions/A/Bom
0x000000019e1bd000 	/usr/lib/libParallelCompression.dylib
0x00000001e43ae000 	/System/Library/PrivateFrameworks/WiFiPeerToPeer.framework/Versions/A/WiFiPeerToPeer
0x0000000285420000 	/usr/lib/libmrc.dylib
0x0000000254f42000 	/System/Library/PrivateFrameworks/IPConfiguration.framework/Versions/A/IPConfiguration
0x00000001d844b000 	/System/Library/PrivateFrameworks/Netrb.framework/Versions/A/Netrb
0x000000019e1af000 	/System/Library/PrivateFrameworks/MultiverseSupport.framework/Versions/A/MultiverseSupport
0x00000001a35bb000 	/System/Library/PrivateFrameworks/DiskManagement.framework/Versions/A/DiskManagement
0x00000001a34c7000 	/System/Library/PrivateFrameworks/AppleIDAuthSupport.framework/Versions/A/AppleIDAuthSupport
0x0000000238162000 	/System/Library/PrivateFrameworks/AAAFoundation.framework/Versions/A/AAAFoundation
0x000000019e6bd000 	/System/Library/PrivateFrameworks/KeychainCircle.framework/Versions/A/KeychainCircle
0x00000001afbce000 	/System/Library/PrivateFrameworks/URLFormatting.framework/Versions/A/URLFormatting
0x00000001a6541000 	/usr/lib/libcsfde.dylib
0x000000019b8d7000 	/usr/lib/libCoreStorage.dylib
0x000000019fe90000 	/System/Library/PrivateFrameworks/ProtectedCloudStorage.framework/Versions/A/ProtectedCloudStorage
0x00000001a653c000 	/System/Library/PrivateFrameworks/EFILogin.framework/Versions/A/EFILogin
0x00000001a38df000 	/System/Library/PrivateFrameworks/OctagonTrust.framework/Versions/A/OctagonTrust
0x00000001a0157000 	/System/Library/PrivateFrameworks/GeoServices.framework/Versions/A/GeoServices
0x000000019de06000 	/System/Library/PrivateFrameworks/LocationSupport.framework/Versions/A/LocationSupport
0x0000000251f2d000 	/System/Library/PrivateFrameworks/GeoServicesCore.framework/Versions/A/GeoServicesCore
0x00000001afbcc000 	/System/Library/PrivateFrameworks/PhoneNumbers.framework/Versions/A/PhoneNumbers
0x000000025a078000 	/System/Library/PrivateFrameworks/LocationLogEncryption.framework/Versions/A/LocationLogEncryption
0x000000019f366000 	/System/Library/PrivateFrameworks/IDS.framework/Versions/A/IDS
0x00000001df06f000 	/System/Library/Frameworks/CryptoKit.framework/Versions/A/CryptoKit
0x00000001a6e9e000 	/System/Library/PrivateFrameworks/CryptoKitCBridging.framework/Versions/A/CryptoKitCBridging
0x00000001a44c4000 	/System/Library/Frameworks/CryptoTokenKit.framework/Versions/A/CryptoTokenKit
0x00000001c5363000 	/System/Library/PrivateFrameworks/FTAWD.framework/Versions/A/FTAWD
0x000000018e99f000 	/usr/lib/libsandbox.1.dylib
0x000000019b8cf000 	/usr/lib/libMatch.1.dylib
0x00000001a6f61000 	/System/Library/PrivateFrameworks/IntentsFoundation.framework/Versions/A/IntentsFoundation
0x00000001948b4000 	/System/Library/PrivateFrameworks/ViewBridge.framework/Versions/A/ViewBridge
0x000000023778c000 	/System/Library/Frameworks/_AppIntents_AppKit.framework/Versions/A/_AppIntents_AppKit
0x00000002844d3000 	/usr/lib/libAccessibilityBaseImplementations.dylib
0x0000000129dc0000 	/usr/lib/libobjc-trampolines.dylib
0x000000027e8b4000 	/System/Library/PrivateFrameworks/WritingToolsUI.framework/Versions/A/WritingToolsUI
0x0000000251913000 	/System/Library/PrivateFrameworks/GenerativeAssistantSettings.framework/Versions/A/GenerativeAssistantSettings
0x000000027434e000 	/System/Library/PrivateFrameworks/TextComposer.framework/Versions/A/TextComposer
0x00000002518ea000 	/System/Library/PrivateFrameworks/GenerativeAssistantCommon.framework/Versions/A/GenerativeAssistantCommon
0x00000001be54d000 	/System/Library/Frameworks/SwiftUI.framework/Versions/A/SwiftUI
0x00000002377cb000 	/System/Library/Frameworks/_AuthenticationServices_SwiftUI.framework/Versions/A/_AuthenticationServices_SwiftUI
0x000000023a714000 	/System/Library/PrivateFrameworks/Anvil.framework/Versions/A/Anvil
0x00000001bdafb000 	/System/Library/PrivateFrameworks/AppStoreDaemon.framework/Versions/A/AppStoreDaemon
0x00000001a9506000 	/System/Library/PrivateFrameworks/AppleMediaServices.framework/Versions/A/AppleMediaServices
0x0000000251db8000 	/System/Library/PrivateFrameworks/GenerativePartnerServiceUI.framework/Versions/A/GenerativePartnerServiceUI
0x00000001ec3a7000 	/System/Library/PrivateFrameworks/JetEngine.framework/Versions/A/JetEngine
0x000000027422b000 	/System/Library/PrivateFrameworks/TextAnimationSupport.framework/Versions/A/TextAnimationSupport
0x00000002674e2000 	/System/Library/PrivateFrameworks/RecapPerformanceTesting.framework/Versions/A/RecapPerformanceTesting
0x00000001b767c000 	/System/Library/PrivateFrameworks/SignpostCollection.framework/Versions/A/SignpostCollection
0x000000023d523000 	/System/Library/PrivateFrameworks/AuthenticationServicesCore.framework/Versions/A/AuthenticationServicesCore
0x00000001c0ed9000 	/System/Library/Frameworks/AuthenticationServices.framework/Versions/A/AuthenticationServices
0x000000019b869000 	/System/Library/PrivateFrameworks/SharedWebCredentials.framework/Versions/A/SharedWebCredentials
0x00000001b851a000 	/System/Library/PrivateFrameworks/SafariCore.framework/Versions/A/SafariCore
0x00000001c0a04000 	/System/Library/PrivateFrameworks/SafariFoundation.framework/Versions/A/SafariFoundation
0x00000001a2fd8000 	/System/Library/Frameworks/Contacts.framework/Versions/A/Contacts
0x000000023e76b000 	/System/Library/PrivateFrameworks/CBORLibrary.framework/Versions/A/CBORLibrary
0x000000023f752000 	/System/Library/PrivateFrameworks/Chirp.framework/Versions/A/Chirp
0x000000024034f000 	/System/Library/PrivateFrameworks/CloudSubscriptionFeatures.framework/Versions/A/CloudSubscriptionFeatures
0x00000001a2d19000 	/System/Library/PrivateFrameworks/ContactsFoundation.framework/Versions/A/ContactsFoundation
0x00000001ed7a9000 	/System/Library/PrivateFrameworks/RemoteManagement.framework/Versions/A/RemoteManagement
0x0000000267870000 	/System/Library/PrivateFrameworks/RemoteManagementModel.framework/Versions/A/RemoteManagementModel
0x0000000267901000 	/System/Library/PrivateFrameworks/RemoteManagementStore.framework/Versions/A/RemoteManagementStore
0x000000019ff9f000 	/usr/lib/libxcselect.dylib
0x00000001c0973000 	/System/Library/PrivateFrameworks/DifferentialPrivacy.framework/Versions/A/DifferentialPrivacy
0x000000025c3d1000 	/System/Library/PrivateFrameworks/ManagedSettingsObjC.framework/Versions/A/ManagedSettingsObjC
0x000000025a07d000 	/System/Library/PrivateFrameworks/LockdownMode.framework/Versions/A/LockdownMode
0x000000027920f000 	/System/Library/PrivateFrameworks/VDAF.framework/Versions/A/VDAF
0x00000001a2df1000 	/System/Library/PrivateFrameworks/ContactsPersistence.framework/Versions/A/ContactsPersistence
0x00000001a1f4f000 	/System/Library/PrivateFrameworks/AppleLDAP.framework/Versions/A/AppleLDAP
0x00000001a68f3000 	/System/Library/Frameworks/ClassKit.framework/Versions/A/ClassKit
0x00000001a8b99000 	/System/Library/PrivateFrameworks/CoreSuggestions.framework/Versions/A/CoreSuggestions
0x00000001a4472000 	/System/Library/PrivateFrameworks/vCard.framework/Versions/A/vCard
0x0000000240fd8000 	/System/Library/PrivateFrameworks/ContactsMetrics.framework/Versions/A/ContactsMetrics
0x000000019bce5000 	/System/Library/PrivateFrameworks/login.framework/Versions/A/login
0x000000025c3cb000 	/System/Library/PrivateFrameworks/ManagedOrganizationContacts.framework/Versions/A/ManagedOrganizationContacts
0x0000000195098000 	/System/Library/PrivateFrameworks/CloudDocs.framework/Versions/A/CloudDocs
0x00000001af58e000 	/System/Library/PrivateFrameworks/ProactiveEventTracker.framework/Versions/A/ProactiveEventTracker
0x000000019e25f000 	/System/Library/PrivateFrameworks/CoreFollowUp.framework/Versions/A/CoreFollowUp
0x00000001a80b8000 	/System/Library/PrivateFrameworks/ConfigurationProfiles.framework/Versions/A/ConfigurationProfiles
0x0000000246633000 	/System/Library/PrivateFrameworks/DMCUtilities.framework/Versions/A/DMCUtilities
0x000000025a0fe000 	/System/Library/PrivateFrameworks/MDMClientLibrary.framework/Versions/A/MDMClientLibrary
0x00000002678f5000 	/System/Library/PrivateFrameworks/RemoteManagementProtocol.framework/Versions/A/RemoteManagementProtocol
0x000000028488d000 	/usr/lib/libEndpointSecuritySystem.dylib
0x00000001a2634000 	/System/Library/PrivateFrameworks/SystemAdministration.framework/Versions/A/SystemAdministration
0x00000001ad520000 	/System/Library/PrivateFrameworks/PowerlogControl.framework/Versions/A/PowerlogControl
0x00000001ad522000 	/usr/lib/libUniversalAccess.dylib
0x00000001a9f86000 	/System/Library/PrivateFrameworks/FamilyControls.framework/Versions/A/FamilyControls
0x00000001a1f24000 	/System/Library/Frameworks/DirectoryService.framework/Versions/A/DirectoryService
0x00000001a65cf000 	/System/Library/PrivateFrameworks/LoginUIKit.framework/Versions/A/Frameworks/LoginUICore.framework/Versions/A/LoginUICore
0x000000019bf2a000 	/usr/lib/libodfde.dylib
0x00000001a9f80000 	/System/Library/PrivateFrameworks/UniversalAccess.framework/Versions/A/Libraries/libUAPreferences.dylib
0x00000001a9faa000 	/System/Library/PrivateFrameworks/CommerceKit.framework/Versions/A/Frameworks/CommerceCore.framework/Versions/A/CommerceCore
0x000000024659f000 	/System/Library/PrivateFrameworks/DEPClientLibrary.framework/Versions/A/DEPClientLibrary
0x00000002465c8000 	/System/Library/PrivateFrameworks/DMCEnrollmentLibrary.framework/Versions/A/DMCEnrollmentLibrary
0x00000001ad604000 	/System/Library/PrivateFrameworks/SetupAssistantFramework.framework/Versions/A/SetupAssistantFramework
0x00000001a6cda000 	/System/Library/PrivateFrameworks/AuthKitUI.framework/Versions/A/AuthKitUI
0x00000001a6619000 	/System/Library/PrivateFrameworks/AppSSO.framework/Versions/A/AppSSO
0x00000001bd857000 	/System/Library/PrivateFrameworks/LocalAuthenticationUI.framework/Versions/A/LocalAuthenticationUI
0x00000002655a5000 	/System/Library/PrivateFrameworks/PlatformSSO.framework/Versions/A/PlatformSSO
0x0000000265692000 	/System/Library/PrivateFrameworks/PlatformSSOCore.framework/Versions/A/PlatformSSOCore
0x0000000231a1c000 	/System/Library/Frameworks/LocalAuthenticationEmbeddedUI.framework/Versions/A/LocalAuthenticationEmbeddedUI
0x00000001be312000 	/System/Library/PrivateFrameworks/AOSUI.framework/Versions/A/AOSUI
0x00000001af356000 	/System/Library/Frameworks/ContactsUI.framework/Versions/A/ContactsUI
0x00000001a3267000 	/System/Library/PrivateFrameworks/FamilyCircle.framework/Versions/A/FamilyCircle
0x00000001cc149000 	/System/Library/Frameworks/LinkPresentation.framework/Versions/A/LinkPresentation
0x00000001aef0e000 	/System/Library/PrivateFrameworks/IASUtilities.framework/Versions/A/IASUtilities
0x0000000254e0b000 	/System/Library/PrivateFrameworks/IASUtilitiesCore.framework/Versions/A/IASUtilitiesCore
0x00000001b768c000 	/System/Library/PrivateFrameworks/OnBoardingKit.framework/Versions/A/OnBoardingKit
0x000000026796b000 	/System/Library/PrivateFrameworks/RemoteUI.framework/Versions/A/RemoteUI
0x00000001b3d3d000 	/System/Library/Frameworks/WebKit.framework/Versions/A/WebKit
0x00000001aba90000 	/System/Library/Frameworks/JavaScriptCore.framework/Versions/A/JavaScriptCore
0x000000025948c000 	/System/Library/PrivateFrameworks/LiftUI.framework/Versions/A/LiftUI
0x0000000269fa8000 	/System/Library/PrivateFrameworks/Settings.framework/Versions/A/Settings
0x000000027eec1000 	/System/Library/PrivateFrameworks/_IconServices_SwiftUI.framework/Versions/A/_IconServices_SwiftUI
0x000000022f938000 	/System/Library/Frameworks/BrowserEngineCore.framework/Versions/A/BrowserEngineCore
0x00000001a8e99000 	/System/Library/Frameworks/WebKit.framework/Versions/A/Frameworks/WebKitLegacy.framework/Versions/A/WebKitLegacy
0x00000001b5771000 	/System/Library/Frameworks/Carbon.framework/Versions/A/Carbon
0x00000001a6c82000 	/System/Library/PrivateFrameworks/CorePrediction.framework/Versions/A/CorePrediction
0x00000001959a3000 	/System/Library/Frameworks/WebKit.framework/Versions/A/Frameworks/WebCore.framework/Versions/A/Frameworks/libwebrtc.dylib
0x00000001b3cc7000 	/System/Library/PrivateFrameworks/SafariSafeBrowsing.framework/Versions/A/SafariSafeBrowsing
0x000000019e225000 	/System/Library/Frameworks/SecurityInterface.framework/Versions/A/SecurityInterface
0x00000001b768b000 	/System/Library/PrivateFrameworks/WebInspectorUI.framework/Versions/A/WebInspectorUI
0x00000001afd13000 	/System/Library/Frameworks/WebKit.framework/Versions/A/Frameworks/WebCore.framework/Versions/A/WebCore
0x00000001aba89000 	/System/Library/Frameworks/Carbon.framework/Versions/A/Frameworks/CommonPanels.framework/Versions/A/CommonPanels
0x00000001a6538000 	/System/Library/Frameworks/Carbon.framework/Versions/A/Frameworks/Help.framework/Versions/A/Help
0x00000001aba8d000 	/System/Library/Frameworks/Carbon.framework/Versions/A/Frameworks/ImageCapture.framework/Versions/A/ImageCapture
0x00000001aba68000 	/System/Library/Frameworks/Carbon.framework/Versions/A/Frameworks/OpenScripting.framework/Versions/A/OpenScripting
0x00000001aba88000 	/System/Library/Frameworks/Carbon.framework/Versions/A/Frameworks/Ink.framework/Versions/A/Ink
0x00000001aba85000 	/System/Library/Frameworks/Carbon.framework/Versions/A/Frameworks/SecurityHI.framework/Versions/A/SecurityHI
0x0000000284910000 	/usr/lib/libInterpreterSecurity.dylib
0x00000001cbd60000 	/System/Library/PrivateFrameworks/XprotectFramework.framework/Versions/A/XprotectFramework
0x00000001af028000 	/System/Library/PrivateFrameworks/yara.framework/Versions/A/yara
0x0000000237349000 	/System/Library/Frameworks/WebKit.framework/Versions/A/Frameworks/WebCore.framework/Versions/A/Frameworks/libANGLE-shared.dylib
0x000000027d15d000 	/System/Library/PrivateFrameworks/WebGPU.framework/Versions/A/WebGPU
0x00000001b9565000 	/System/Library/Frameworks/SceneKit.framework/Versions/A/SceneKit
0x00000001ca983000 	/System/Library/Frameworks/ModelIO.framework/Versions/A/ModelIO
0x000000019ff81000 	/System/Library/Frameworks/MetalKit.framework/Versions/A/MetalKit
0x00000001a2255000 	/System/Library/Frameworks/GLKit.framework/Versions/A/GLKit
0x00000002862c3000 	/usr/lib/usd/libusd_ms.dylib
0x00000002785f4000 	/System/Library/PrivateFrameworks/USDLib_FormatLoaderProxy.framework/Versions/A/USDLib_FormatLoaderProxy
0x0000000285fe5000 	/usr/lib/swift/libswift_errno.dylib
0x00000001b67f8000 	/System/Library/PrivateFrameworks/CoreOptimization.framework/Versions/A/CoreOptimization
0x0000000230764000 	/System/Library/Frameworks/ExtensionKit.framework/Versions/A/ExtensionKit
0x000000024028e000 	/System/Library/PrivateFrameworks/CloudSettings.framework/Versions/A/CloudSettings
0x00000002307a8000 	/System/Library/Frameworks/FSKit.framework/Versions/A/FSKit
0x0000000259e29000 	/System/Library/PrivateFrameworks/LiveFS.framework/Versions/A/LiveFS
0x00000001a8c6a000 	/System/Library/Frameworks/EventKit.framework/Versions/A/EventKit
0x00000001b78a0000 	/System/Library/PrivateFrameworks/SearchFoundation.framework/Versions/A/SearchFoundation
0x00000001ce203000 	/System/Library/PrivateFrameworks/Email.framework/Versions/A/Email
0x00000001b63fa000 	/System/Library/PrivateFrameworks/CoreRoutine.framework/Versions/A/CoreRoutine
0x00000001ed117000 	/System/Library/PrivateFrameworks/VoiceShortcutClient.framework/Versions/A/VoiceShortcutClient
0x00000001c5ef2000 	/System/Library/PrivateFrameworks/Categories.framework/Versions/A/Categories
0x00000001be1c1000 	/System/Library/PrivateFrameworks/ChronoServices.framework/Versions/A/ChronoServices
0x000000023f210000 	/System/Library/PrivateFrameworks/CalendarDatabase.framework/Versions/A/CalendarDatabase
0x000000023f15a000 	/System/Library/PrivateFrameworks/CalendarDaemon.framework/Versions/A/CalendarDaemon
0x00000001a7fdc000 	/System/Library/PrivateFrameworks/CalendarFoundation.framework/Versions/A/CalendarFoundation
0x00000001a7f98000 	/System/Library/PrivateFrameworks/iCalendar.framework/Versions/A/iCalendar
0x0000000246832000 	/System/Library/PrivateFrameworks/DataAccessExpress.framework/Versions/A/DataAccessExpress
0x00000001af4b8000 	/System/Library/PrivateFrameworks/ContactsAutocomplete.framework/Versions/A/ContactsAutocomplete
0x0000000285dcf000 	/usr/lib/swift/libswiftVideoToolbox.dylib
0x00000001be10e000 	/System/Library/PrivateFrameworks/FTClientServices.framework/Versions/A/FTClientServices
0x00000002619e9000 	/System/Library/PrivateFrameworks/OSEligibility.framework/Versions/A/OSEligibility
0x0000000272bb5000 	/System/Library/PrivateFrameworks/StorageContainersPrivate.framework/Versions/A/StorageContainersPrivate
0x0000000285c40000 	/usr/lib/swift/libswiftCoreMediaIO.dylib
0x00000001aed98000 	/System/Library/PrivateFrameworks/CoreDAV.framework/Versions/A/CoreDAV
0x00000001a8b3a000 	/System/Library/PrivateFrameworks/CalDAV.framework/Versions/A/CalDAV
0x00000001b39c4000 	/System/Library/PrivateFrameworks/TelephonyUtilities.framework/Versions/A/TelephonyUtilities
0x00000002319d9000 	/System/Library/Frameworks/LiveCommunicationKit.framework/Versions/A/LiveCommunicationKit
0x0000000240b8b000 	/System/Library/PrivateFrameworks/CommunicationTrust.framework/Versions/A/CommunicationTrust
0x00000001b832c000 	/System/Library/Frameworks/CallKit.framework/Versions/A/CallKit
0x00000001a325f000 	/System/Library/PrivateFrameworks/CommunicationsFilter.framework/Versions/A/CommunicationsFilter
0x00000001e23d4000 	/System/Library/PrivateFrameworks/IMTransferServices.framework/Versions/A/IMTransferServices
0x00000001b6811000 	/System/Library/PrivateFrameworks/IncomingCallFilter.framework/Versions/A/IncomingCallFilter
0x000000026013a000 	/System/Library/PrivateFrameworks/NeighborhoodActivityConduit.framework/Versions/A/NeighborhoodActivityConduit
0x00000001ba86d000 	/System/Library/PrivateFrameworks/CallHistory.framework/Versions/A/CallHistory
0x0000000284700000 	/usr/lib/libBASupport.dylib
0x000000023f628000 	/System/Library/PrivateFrameworks/CallsUtilities.framework/Versions/A/CallsUtilities
0x000000023f633000 	/System/Library/PrivateFrameworks/CallsXPC.framework/Versions/A/CallsXPC
0x00000001ed90a000 	/usr/lib/swift/libswiftCallKit.dylib
0x000000023f61b000 	/System/Library/PrivateFrameworks/CallsPersistence.framework/Versions/A/CallsPersistence
0x000000023539f000 	/System/Library/Frameworks/SensitiveContentAnalysis.framework/Versions/A/SensitiveContentAnalysis
0x00000001bb8a3000 	/System/Library/PrivateFrameworks/PeopleSuggester.framework/Versions/A/PeopleSuggester
0x00000001c4cfb000 	/System/Library/PrivateFrameworks/SpotlightReceiver.framework/Versions/A/SpotlightReceiver
0x000000027ee88000 	/System/Library/PrivateFrameworks/_AppIntentsServices_AppIntents.framework/Versions/A/_AppIntentsServices_AppIntents
0x000000023aa48000 	/System/Library/PrivateFrameworks/AppIntentsServices.framework/Versions/A/AppIntentsServices
0x00000001a7f80000 	/System/Library/PrivateFrameworks/CoreRecents.framework/Versions/A/CoreRecents
0x0000000230eae000 	/System/Library/Frameworks/GeoToolbox.framework/Versions/A/GeoToolbox
0x000000023784e000 	/System/Library/Frameworks/_GeoToolbox_AppIntents.framework/Versions/A/_GeoToolbox_AppIntents
0x00000001d7e7e000 	/System/Library/PrivateFrameworks/DiagnosticRequest.framework/Versions/A/DiagnosticRequest
0x000000027edcc000 	/System/Library/PrivateFrameworks/XPCDistributed.framework/Versions/A/XPCDistributed
0x0000000267578000 	/System/Library/PrivateFrameworks/RegulatoryDomain.framework/Versions/A/RegulatoryDomain
0x00000001a232d000 	/usr/lib/libCTGreenTeaLogger.dylib
0x000000025a04f000 	/System/Library/PrivateFrameworks/LocalStatusKit.framework/Versions/A/LocalStatusKit
0x00000001b38b0000 	/System/Library/PrivateFrameworks/CoreParsec.framework/Versions/A/CoreParsec
0x00000001ce1f7000 	/System/Library/PrivateFrameworks/EmailAddressing.framework/Versions/A/EmailAddressing
0x00000001ca1f2000 	/System/Library/PrivateFrameworks/EmailCore.framework/Versions/A/EmailCore
0x00000001cb220000 	/System/Library/PrivateFrameworks/EmailFoundation.framework/Versions/A/EmailFoundation
0x000000026312e000 	/System/Library/PrivateFrameworks/PegasusAPI.framework/Versions/A/PegasusAPI
0x0000000263c7f000 	/System/Library/PrivateFrameworks/PegasusConfiguration.framework/Versions/A/PegasusConfiguration
0x0000000276e62000 	/System/Library/PrivateFrameworks/ToolKit.framework/Versions/A/ToolKit
0x0000000267d00000 	/System/Library/PrivateFrameworks/ReplicatorEngine.framework/Versions/A/ReplicatorEngine
0x0000000267ea2000 	/System/Library/PrivateFrameworks/ReplicatorServices.framework/Versions/A/ReplicatorServices
0x0000000273b1f000 	/System/Library/PrivateFrameworks/SystemWake.framework/Versions/A/SystemWake
0x00000001b8500000 	/System/Library/PrivateFrameworks/ContextKit.framework/Versions/A/ContextKit
0x0000000241124000 	/System/Library/PrivateFrameworks/ContextKitCore.framework/Versions/A/ContextKitCore
0x00000001b6a97000 	/System/Library/Frameworks/LocalAuthentication.framework/Support/DaemonUtils.framework/Versions/A/DaemonUtils
0x0000000259fe4000 	/System/Library/PrivateFrameworks/LocalAuthenticationCoreUI.framework/Versions/A/LocalAuthenticationCoreUI
0x00000001b9eb8000 	/System/Library/PrivateFrameworks/BridgeXPC.framework/Versions/A/BridgeXPC
0x00000001b7768000 	/System/Library/PrivateFrameworks/CoreKDL.framework/Versions/A/CoreKDL
0x00000001b5d9a000 	/System/Library/PrivateFrameworks/EmbeddedOSSupportHost.framework/Versions/A/EmbeddedOSSupportHost
0x00000001aaa68000 	/System/Library/PrivateFrameworks/LoginUIKit.framework/Versions/A/LoginUIKit
0x00000001c63ed000 	/System/Library/PrivateFrameworks/StorageKit.framework/Versions/A/StorageKit
0x00000001ef11b000 	/System/Library/Frameworks/DeviceCheck.framework/Versions/A/DeviceCheck
0x00000001c6466000 	/System/Library/PrivateFrameworks/CoreWLANKit.framework/Versions/A/CoreWLANKit
0x000000027c4e5000 	/System/Library/PrivateFrameworks/Wallpaper.framework/Versions/A/Wallpaper
0x0000000285c5b000 	/usr/lib/swift/libswiftGLKit.dylib
0x0000000285c66000 	/usr/lib/swift/libswiftMetalKit.dylib
0x0000000285c6a000 	/usr/lib/swift/libswiftModelIO.dylib
0x0000000285d2d000 	/usr/lib/swift/libswiftSceneKit.dylib
0x0000000247198000 	/System/Library/PrivateFrameworks/DiskImages2.framework/Versions/A/DiskImages2
0x00000001cf132000 	/System/Library/PrivateFrameworks/DynamicDesktop.framework/Versions/A/DynamicDesktop
0x000000027c674000 	/System/Library/PrivateFrameworks/WallpaperFoundation.framework/Versions/A/WallpaperFoundation
0x000000027c6d1000 	/System/Library/PrivateFrameworks/WallpaperTypes.framework/Versions/A/WallpaperTypes
0x00000001e4131000 	/System/Library/PrivateFrameworks/SystemDesktopAppearance.framework/Versions/A/SystemDesktopAppearance
0x0000000281f67000 	/System/Library/PrivateFrameworks/icloudMCCKit.framework/Versions/A/icloudMCCKit
0x000000023b9a0000 	/System/Library/PrivateFrameworks/AppleAccountUI.framework/Versions/A/AppleAccountUI
0x00000001d8455000 	/System/Library/PrivateFrameworks/PreferencePanesSupport.framework/Versions/A/PreferencePanesSupport
0x00000001be4c4000 	/System/Library/PrivateFrameworks/FindMyDeviceUI.framework/Versions/A/FindMyDeviceUI
0x000000027fbae000 	/System/Library/PrivateFrameworks/iCloudQuotaUI.framework/Versions/A/iCloudQuotaUI
0x00000001d8609000 	/System/Library/PrivateFrameworks/CoreCDPUI.framework/Versions/A/CoreCDPUI
0x00000001b825b000 	/System/Library/PrivateFrameworks/CoreFollowUpUI.framework/Versions/A/CoreFollowUpUI
0x00000001c4f7a000 	/System/Library/PrivateFrameworks/IMCore.framework/Versions/A/IMCore
0x00000001ad589000 	/System/Library/PrivateFrameworks/CoreCDP.framework/Versions/A/CoreCDP
0x00000001a94f1000 	/System/Library/PrivateFrameworks/AskPermission.framework/Versions/A/AskPermission
0x00000001bbf88000 	/System/Library/Frameworks/Quartz.framework/Versions/A/Quartz
0x00000001c89c7000 	/System/Library/PrivateFrameworks/CloudPhotoServicesConfiguration.framework/Versions/A/CloudPhotoServicesConfiguration
0x00000001ba692000 	/System/Library/PrivateFrameworks/CommerceKit.framework/Versions/A/CommerceKit
0x00000001ca2c2000 	/System/Library/PrivateFrameworks/FindMyMac.framework/Versions/A/FindMyMac
0x00000001ca195000 	/System/Library/Frameworks/PreferencePanes.framework/Versions/A/PreferencePanes
0x00000001bd942000 	/System/Library/Frameworks/AddressBook.framework/Versions/A/AddressBook
0x00000001a83d9000 	/System/Library/PrivateFrameworks/AOSAccounts.framework/Versions/A/AOSAccounts
0x00000001a262e000 	/System/Library/PrivateFrameworks/AppleSRP.framework/Versions/A/AppleSRP
0x00000001b69ad000 	/System/Library/Frameworks/SafariServices.framework/Versions/A/SafariServices
0x00000001a6eb2000 	/System/Library/PrivateFrameworks/NetFSServer.framework/Versions/A/NetFSServer
0x00000001b943f000 	/System/Library/Frameworks/PDFKit.framework/Versions/A/PDFKit
0x0000000236941000 	/System/Library/Frameworks/TabularData.framework/Versions/A/TabularData
0x0000000285c81000 	/usr/lib/swift/libswiftPassKit.dylib
0x00000001dc5ac000 	/System/Library/Frameworks/PassKit.framework/Versions/A/PassKit
0x00000001aab72000 	/System/Library/PrivateFrameworks/PassKitCore.framework/Versions/A/PassKitCore
0x0000000262a4c000 	/System/Library/PrivateFrameworks/PassKitMacHelperTemp.framework/Versions/A/PassKitMacHelperTemp
0x0000000284650000 	/usr/lib/libAppleSSE.dylib
0x00000001b6ae3000 	/System/Library/PrivateFrameworks/BiometricKit.framework/Versions/A/BiometricKit
0x00000002684a6000 	/System/Library/PrivateFrameworks/SEService.framework/Versions/A/SEService
0x000000023086d000 	/System/Library/Frameworks/FinanceKit.framework/Versions/A/FinanceKit
0x00000001bc037000 	/System/Library/PrivateFrameworks/NearField.framework/Versions/A/NearField
0x0000000284a4f000 	/usr/lib/libSESShared.dylib
0x000000026870e000 	/System/Library/PrivateFrameworks/STSXPCHelperClient.framework/Versions/A/STSXPCHelperClient
0x00000001bdd4e000 	/usr/lib/libnfshared.dylib
0x00000002738a7000 	/System/Library/PrivateFrameworks/Symptoms.framework/Versions/A/Frameworks/SymptomPresentationFeed.framework/Versions/A/SymptomPresentationFeed
0x000000023c385000 	/System/Library/PrivateFrameworks/AppleMediaServicesKitInternal.framework/Versions/A/AppleMediaServicesKitInternal
0x000000023d029000 	/System/Library/PrivateFrameworks/AsyncAlgorithmsInternal.framework/Versions/A/AsyncAlgorithmsInternal
0x00000002735e9000 	/System/Library/PrivateFrameworks/SymptomShared.framework/Versions/A/SymptomShared
0x00000001df2dc000 	/System/Library/PrivateFrameworks/PassKitUIFoundation.framework/Versions/A/PassKitUIFoundation
0x00000001a1f61000 	/System/Library/Frameworks/MapKit.framework/Versions/A/MapKit
0x0000000251e63000 	/System/Library/PrivateFrameworks/GeoAnalytics.framework/Versions/A/GeoAnalytics
0x00000001bdd7c000 	/System/Library/PrivateFrameworks/Navigation.framework/Versions/A/Navigation
0x00000001c7a0f000 	/System/Library/PrivateFrameworks/VectorKit.framework/Versions/A/VectorKit
0x00000001aefd9000 	/System/Library/PrivateFrameworks/VirtualGarage.framework/Versions/A/VirtualGarage
0x00000001bdf5b000 	/System/Library/Frameworks/ExternalAccessory.framework/ExternalAccessory
0x00000001bdf76000 	/System/Library/PrivateFrameworks/IAP.framework/Versions/A/IAP
0x00000001a221d000 	/System/Library/PrivateFrameworks/IOPlatformPluginFamily.framework/Versions/A/IOPlatformPluginFamily
0x000000023d66e000 	/System/Library/PrivateFrameworks/AvatarKit.framework/Versions/A/AvatarKit
0x000000023d72d000 	/System/Library/PrivateFrameworks/AvatarPersistence.framework/Versions/A/AvatarPersistence
0x0000000236cc8000 	/System/Library/Frameworks/TipKit.framework/Versions/A/TipKit
0x00000001aa676000 	/System/Library/PrivateFrameworks/IMSharedUtilities.framework/Versions/A/IMSharedUtilities
0x0000000285c20000 	/usr/lib/swift/libswiftAppleArchive.dylib
0x000000027930f000 	/System/Library/PrivateFrameworks/VFX.framework/Versions/A/VFX
0x00000001da1b2000 	/System/Library/PrivateFrameworks/AppleCVA.framework/Versions/A/AppleCVA
0x000000023d72c000 	/System/Library/PrivateFrameworks/AvatarKitContent.framework/Versions/A/AvatarKitContent
0x0000000232782000 	/System/Library/Frameworks/MetalFX.framework/Versions/A/MetalFX
0x0000000240ca0000 	/System/Library/PrivateFrameworks/CompositorNonUI.framework/Versions/A/CompositorNonUI
0x000000022ebf3000 	/System/Library/Frameworks/ARKit.framework/Versions/A/ARKit
0x00000002393b9000 	/System/Library/PrivateFrameworks/ARKitCore.framework/Versions/A/ARKitCore
0x000000028474a000 	/usr/lib/libDisplayWarpSupport.dylib
0x00000002423ee000 	/System/Library/PrivateFrameworks/CoreComposite.framework/Versions/A/CoreComposite
0x0000000284b83000 	/usr/lib/libchannel.dylib
0x000000028587d000 	/usr/lib/librealtime_safety.dylib
0x0000000239446000 	/System/Library/PrivateFrameworks/ARKitFoundation.framework/Versions/A/ARKitFoundation
0x000000023ba3e000 	/System/Library/PrivateFrameworks/AppleDepth.framework/Versions/A/AppleDepth
0x000000023bbb4000 	/System/Library/PrivateFrameworks/AppleDepthCore.framework/Versions/A/AppleDepthCore
0x00000001a2356000 	/System/Library/PrivateFrameworks/CoreAppleCVA.framework/Versions/A/CoreAppleCVA
0x00000001af107000 	/System/Library/PrivateFrameworks/ContactsUICore.framework/Versions/A/ContactsUICore
0x00000001b6919000 	/System/Library/PrivateFrameworks/ContactsDonation.framework/Versions/A/ContactsDonation
0x00000001b61d0000 	/System/Library/PrivateFrameworks/DataDetectors.framework/Versions/A/DataDetectors
0x00000001a8b26000 	/System/Library/Frameworks/MediaLibrary.framework/Versions/A/MediaLibrary
0x00000001a324e000 	/System/Library/PrivateFrameworks/PersonaKit.framework/Versions/A/PersonaKit
0x00000001af0f5000 	/System/Library/PrivateFrameworks/PersonaUI.framework/Versions/A/PersonaUI
0x00000001c9bb7000 	/System/Library/PrivateFrameworks/Transparency.framework/Versions/A/Transparency
0x0000000248bec000 	/System/Library/PrivateFrameworks/FindMyLocate.framework/Versions/A/FindMyLocate
0x00000001b81da000 	/System/Library/PrivateFrameworks/IntlPreferences.framework/Versions/A/IntlPreferences
0x0000000248ac5000 	/System/Library/PrivateFrameworks/FindMyCommon.framework/Versions/A/FindMyCommon
0x00000002488b5000 	/System/Library/PrivateFrameworks/FindMyBase.framework/Versions/A/FindMyBase
0x000000023401f000 	/System/Library/Frameworks/NearbyInteraction.framework/Versions/A/NearbyInteraction
0x00000001a2e6f000 	/System/Library/PrivateFrameworks/AddressBookCore.framework/Versions/A/AddressBookCore
0x00000001bdad9000 	/System/Library/PrivateFrameworks/ToneKit.framework/Versions/A/ToneKit
0x00000001b8221000 	/System/Library/PrivateFrameworks/ToneLibrary.framework/Versions/A/ToneLibrary
0x0000000240fa5000 	/System/Library/PrivateFrameworks/ContactsAccounts.framework/Versions/A/ContactsAccounts
0x00000001bbea3000 	/System/Library/PrivateFrameworks/Lookup.framework/Versions/A/Lookup
0x0000000234904000 	/System/Library/Frameworks/QuickLookUI.framework/Versions/A/QuickLookUI
0x0000000235319000 	/System/Library/Frameworks/ScreenCaptureKit.framework/Versions/A/ScreenCaptureKit
0x00000001b8f53000 	/System/Library/Frameworks/Quartz.framework/Versions/A/Frameworks/QuartzComposer.framework/Versions/A/QuartzComposer
0x00000001b81b1000 	/System/Library/Frameworks/Quartz.framework/Versions/A/Frameworks/QuartzFilters.framework/Versions/A/QuartzFilters
0x00000001b725d000 	/System/Library/Frameworks/Quartz.framework/Versions/A/Frameworks/ImageKit.framework/Versions/A/ImageKit
0x000000022ea00000 	/System/Library/Frameworks/OpenCL.framework/Versions/A/OpenCL
0x00000001b5770000 	/System/Library/PrivateFrameworks/CorePDF.framework/Versions/A/CorePDF
0x000000019ff18000 	/System/Library/Frameworks/QuickLook.framework/Versions/A/QuickLook
0x00000001aaa63000 	/System/Library/PrivateFrameworks/DisplayServices.framework/Versions/A/DisplayServices
0x00000001b8136000 	/System/Library/Frameworks/ImageCaptureCore.framework/Versions/A/ImageCaptureCore
0x000000027b31b000 	/System/Library/PrivateFrameworks/VisionKitCore.framework/Versions/A/VisionKitCore
0x00000001b3880000 	/System/Library/PrivateFrameworks/QuickLookSupport.framework/Versions/A/QuickLookSupport
0x000000025ccb2000 	/System/Library/PrivateFrameworks/MediaAnalysisServices.framework/Versions/A/MediaAnalysisServices
0x00000001bae8e000 	/System/Library/PrivateFrameworks/PhotoLibraryServices.framework/Versions/A/PhotoLibraryServices
0x00000001b7d4e000 	/System/Library/Frameworks/Photos.framework/Versions/A/Photos
0x00000001cc53b000 	/System/Library/PrivateFrameworks/PhotosFormats.framework/Versions/A/PhotosFormats
0x00000001c89f2000 	/System/Library/PrivateFrameworks/CloudPhotoLibrary.framework/Versions/A/CloudPhotoLibrary
0x00000001d1dca000 	/System/Library/PrivateFrameworks/CloudPhotoServices.framework/Versions/A/CloudPhotoServices
0x00000001ce368000 	/System/Library/PrivateFrameworks/CoreMediaStream.framework/Versions/A/CoreMediaStream
0x00000001a390f000 	/System/Library/PrivateFrameworks/CPAnalytics.framework/Versions/A/CPAnalytics
0x00000001ca8bb000 	/System/Library/PrivateFrameworks/MediaConversionService.framework/Versions/A/MediaConversionService
0x00000001aa662000 	/System/Library/PrivateFrameworks/PhotoFoundation.framework/Versions/A/PhotoFoundation
0x0000000264267000 	/System/Library/PrivateFrameworks/PhotoLibraryServicesCore.framework/Versions/A/PhotoLibraryServicesCore
0x00000001c4687000 	/System/Library/PrivateFrameworks/MMCS.framework/Versions/A/MMCS
0x00000001a897f000 	/System/Library/PrivateFrameworks/ChunkingLibrary.framework/Versions/A/ChunkingLibrary
0x00000001a25fb000 	/System/Library/PrivateFrameworks/AssetCacheServices.framework/Versions/A/AssetCacheServices
0x00000001a45c3000 	/System/Library/PrivateFrameworks/AVFoundationCF.framework/Versions/A/AVFoundationCF
0x00000001e22cf000 	/usr/lib/swift/libswiftDemangle.dylib
0x0000000254fef000 	/System/Library/PrivateFrameworks/ImageCaptureDevices.framework/Versions/A/ImageCaptureDevices
0x00000001b648d000 	/System/Library/PrivateFrameworks/MediaStream.framework/Versions/A/MediaStream
0x00000001cad5d000 	/System/Library/PrivateFrameworks/NeutrinoCore.framework/Versions/A/NeutrinoCore
0x0000000191f4c000 	/System/Library/PrivateFrameworks/NLP.framework/Versions/A/NLP
0x00000001d0b5d000 	/System/Library/PrivateFrameworks/PhotoImaging.framework/Versions/A/PhotoImaging
0x00000001d1d8b000 	/System/Library/PrivateFrameworks/PhotosImagingFoundation.framework/Versions/A/PhotosImagingFoundation
0x0000000264e13000 	/System/Library/PrivateFrameworks/PhotosIntelligenceCore.framework/Versions/A/PhotosIntelligenceCore
0x00000001a49fe000 	/System/Library/PrivateFrameworks/EmbeddedAcousticRecognition.framework/Versions/A/EmbeddedAcousticRecognition
0x00000001bfcdc000 	/System/Library/PrivateFrameworks/EmojiFoundation.framework/Versions/A/EmojiFoundation
0x00000001c8c6b000 	/System/Library/PrivateFrameworks/SDAPI.framework/Versions/A/SDAPI
0x00000001d1dd9000 	/System/Library/PrivateFrameworks/AutoLoop.framework/Versions/A/AutoLoop
0x00000002659f0000 	/System/Library/PrivateFrameworks/Portrait.framework/Versions/A/Portrait
0x000000024927c000 	/System/Library/PrivateFrameworks/FusionTracker.framework/Versions/A/FusionTracker
0x00000001b89ed000 	/System/Library/PrivateFrameworks/iTunesCloud.framework/Versions/A/iTunesCloud
0x00000001c1bcc000 	/System/Library/PrivateFrameworks/DAAPKit.framework/Versions/A/DAAPKit
0x00000001b3bfc000 	/System/Library/PrivateFrameworks/DeviceManagement.framework/Versions/A/DeviceManagement
0x00000001d7dcf000 	/System/Library/PrivateFrameworks/ScreenTimeUI.framework/Versions/A/ScreenTimeUI
0x00000001b61ca000 	/System/Library/PrivateFrameworks/QuickLookNonBaseSystem.framework/Versions/A/QuickLookNonBaseSystem
0x00000001b69ef000 	/System/Library/PrivateFrameworks/Catalyst.framework/Versions/A/Catalyst
0x00000001b83d3000 	/System/Library/PrivateFrameworks/ScreenTimeCore.framework/Versions/A/ScreenTimeCore
0x00000001cb9eb000 	/System/Library/PrivateFrameworks/ScreenTimeServiceUI.framework/Versions/A/ScreenTimeServiceUI
0x00000001c4817000 	/System/Library/PrivateFrameworks/ConfigurationEngineModel.framework/Versions/A/ConfigurationEngineModel
0x00000001c79c8000 	/System/Library/PrivateFrameworks/UsageTracking.framework/Versions/A/UsageTracking
0x0000000230500000 	/System/Library/Frameworks/DeviceActivity.framework/Versions/A/DeviceActivity
0x00000001c7998000 	/System/Library/PrivateFrameworks/KnowledgeMonitor.framework/Versions/A/KnowledgeMonitor
0x00000001df282000 	/System/Library/PrivateFrameworks/BluetoothManager.framework/Versions/A/BluetoothManager
0x0000000231b07000 	/System/Library/Frameworks/ManagedSettings.framework/Versions/A/ManagedSettings
0x000000025c412000 	/System/Library/PrivateFrameworks/ManagedSettingsSupport.framework/Versions/A/ManagedSettingsSupport
0x00000001dc67c000 	/System/Library/Frameworks/ReplayKit.framework/Versions/A/ReplayKit
0x00000001aba22000 	/System/Library/PrivateFrameworks/MarkupUI.framework/Versions/A/MarkupUI
0x00000001b61a2000 	/System/Library/PrivateFrameworks/SidecarCore.framework/Versions/A/SidecarCore
0x00000001b8e08000 	/System/Library/PrivateFrameworks/AnnotationKit.framework/Versions/A/AnnotationKit
0x00000001b74a2000 	/System/Library/Frameworks/PencilKit.framework/Versions/A/PencilKit
0x00000001b7667000 	/System/Library/PrivateFrameworks/SidecarUI.framework/Versions/A/SidecarUI
0x00000001b6dff000 	/System/Library/PrivateFrameworks/CoreHandwriting.framework/Versions/A/CoreHandwriting
0x000000018bb23000 	/usr/lib/libmecabra.dylib
0x00000001af6c6000 	/System/Library/PrivateFrameworks/Calculate.framework/Versions/A/Calculate
0x000000019b619000 	/usr/lib/libChineseTokenizer.dylib
0x00000001ed6ce000 	/System/Library/PrivateFrameworks/ScreenReaderCore.framework/Versions/A/ScreenReaderCore
0x0000000272b47000 	/System/Library/PrivateFrameworks/StocksKit.framework/Versions/A/StocksKit
0x00000001ae6c3000 	/System/Library/PrivateFrameworks/OAuth.framework/Versions/A/OAuth
0x0000000272838000 	/System/Library/PrivateFrameworks/StocksCore.framework/Versions/A/StocksCore
0x0000000273e17000 	/System/Library/PrivateFrameworks/TeaFoundation.framework/Versions/A/TeaFoundation
0x0000000273ff9000 	/System/Library/PrivateFrameworks/TeaSettings.framework/Versions/A/TeaSettings
0x00000001e3997000 	/System/Library/PrivateFrameworks/NewsCore.framework/Versions/A/NewsCore
0x0000000273db3000 	/System/Library/PrivateFrameworks/TeaDB.framework/Versions/A/TeaDB
0x00000001e0396000 	/System/Library/PrivateFrameworks/RemoteConfiguration.framework/Versions/A/RemoteConfiguration
0x00000001e35a2000 	/System/Library/PrivateFrameworks/NewsTransport.framework/Versions/A/NewsTransport
0x00000001e3987000 	/System/Library/PrivateFrameworks/NewsFoundation.framework/Versions/A/NewsFoundation
0x0000000260740000 	/System/Library/PrivateFrameworks/NewsURLBucket.framework/Versions/A/NewsURLBucket
0x00000001baa87000 	/System/Library/PrivateFrameworks/MobileInstallation.framework/Versions/A/MobileInstallation
0x0000000236e35000 	/System/Library/Frameworks/Translation.framework/Versions/A/Translation
0x00000001d37db000 	/System/Library/PrivateFrameworks/RevealCore.framework/Versions/A/RevealCore
0x00000001d37cf000 	/System/Library/PrivateFrameworks/Reveal.framework/Versions/A/Reveal
0x00000001cb6b5000 	/System/Library/Frameworks/Speech.framework/Versions/A/Speech
0x0000000238299000 	/System/Library/PrivateFrameworks/AIMLExperimentationAnalytics.framework/Versions/A/AIMLExperimentationAnalytics
0x000000023a5f7000 	/System/Library/PrivateFrameworks/AlgorithmsInternal.framework/Versions/A/AlgorithmsInternal
0x000000027764b000 	/System/Library/PrivateFrameworks/TranslationUIServices.framework/Versions/A/TranslationUIServices
0x0000000276537000 	/System/Library/PrivateFrameworks/TipKitCore.framework/Versions/A/TipKitCore
0x00000001bfd60000 	/System/Library/PrivateFrameworks/CoreCDPInternal.framework/Versions/A/CoreCDPInternal
0x00000002557cb000 	/System/Library/PrivateFrameworks/InputAnalytics.framework/Versions/A/InputAnalytics
0x00000001c57f9000 	/System/Library/Frameworks/InstantMessage.framework/Versions/A/InstantMessage
0x00000001bd850000 	/System/Library/PrivateFrameworks/IDSKVStore.framework/Versions/A/IDSKVStore
0x00000001bd52f000 	/System/Library/PrivateFrameworks/IMDPersistence.framework/Versions/A/IMDPersistence
0x0000000279205000 	/System/Library/PrivateFrameworks/UserSafety.framework/Versions/A/UserSafety
0x00000001de490000 	/System/Library/PrivateFrameworks/BlastDoor.framework/Versions/A/BlastDoor
0x0000000259c6a000 	/System/Library/PrivateFrameworks/LinkPresentationStyleSheetParsing.framework/Versions/A/LinkPresentationStyleSheetParsing
0x0000000265ba1000 	/System/Library/PrivateFrameworks/PosterFoundation.framework/Versions/A/PosterFoundation
0x0000000265c2f000 	/System/Library/PrivateFrameworks/PosterModel.framework/Versions/A/PosterModel
0x0000000265c0a000 	/System/Library/PrivateFrameworks/PosterFuturesKit.framework/Versions/A/PosterFuturesKit
0x00000002486ac000 	/System/Library/PrivateFrameworks/FeedbackService.framework/Versions/A/FeedbackService
0x00000001b6870000 	/System/Library/PrivateFrameworks/CoreSDB.framework/Versions/A/CoreSDB
0x000000023ce12000 	/System/Library/PrivateFrameworks/AskToCore.framework/Versions/A/AskToCore
0x00000001d8606000 	/System/Library/PrivateFrameworks/MachineSettings.framework/Versions/A/MachineSettings
0x00000001ca117000 	/System/Library/PrivateFrameworks/BezelServices.framework/Versions/A/BezelServices
0x00000001c1c58000 	/System/Library/PrivateFrameworks/SPOwner.framework/Versions/A/SPOwner
0x00000001ba6f7000 	/System/Library/PrivateFrameworks/FMCore.framework/Versions/A/FMCore
0x00000001b9ef1000 	/System/Library/PrivateFrameworks/AppleMediaServicesUI.framework/Versions/A/AppleMediaServicesUI
0x000000027fb06000 	/System/Library/PrivateFrameworks/iCloudQuota.framework/Versions/A/iCloudQuota
0x00000001af072000 	/System/Library/PrivateFrameworks/CoreRecognition.framework/Versions/A/CoreRecognition
0x00000001ca1cd000 	/System/Library/PrivateFrameworks/InAppMessages.framework/Versions/A/InAppMessages
0x00000001ec2bf000 	/System/Library/PrivateFrameworks/JetUI.framework/Versions/A/JetUI
0x0000000258f4b000 	/System/Library/PrivateFrameworks/JetPack.framework/Versions/A/JetPack
0x00000001ca1c4000 	/System/Library/PrivateFrameworks/InAppMessagesCore.framework/Versions/A/InAppMessagesCore
0x000000027eed1000 	/System/Library/PrivateFrameworks/_JetEngine_SwiftUI.framework/Versions/A/_JetEngine_SwiftUI
0x00000002738d0000 	/System/Library/PrivateFrameworks/Synapse.framework/Versions/A/Synapse
0x000000023efb4000 	/System/Library/PrivateFrameworks/CSExattrCrypto.framework/Versions/A/CSExattrCrypto
0x00000001bbb8c000 	/System/Library/PrivateFrameworks/StoreFoundation.framework/Versions/A/StoreFoundation
0x00000001ba6f1000 	/System/Library/PrivateFrameworks/ServerInformation.framework/Versions/A/ServerInformation
0x00000001ba127000 	/System/Library/PrivateFrameworks/Install.framework/Frameworks/DistributionKit.framework/Versions/A/DistributionKit
0x00000001b3654000 	/System/Library/PrivateFrameworks/PackageKit.framework/Versions/A/PackageKit
0x00000001ba14a000 	/System/Library/PrivateFrameworks/OSPersonalization.framework/Versions/A/OSPersonalization
0x00000001bc116000 	/System/Library/PrivateFrameworks/BridgeOSSoftwareUpdate.framework/Versions/A/BridgeOSSoftwareUpdate
0x00000001b6d07000 	/System/Library/PrivateFrameworks/StorageManagement.framework/Versions/A/StorageManagement
0x00000001cb53b000 	/usr/lib/libauthinstall.dylib
0x00000001bc11f000 	/System/Library/PrivateFrameworks/InstallerDiagnostics.framework/Versions/A/InstallerDiagnostics
0x00000001cbbb7000 	/usr/lib/libcrypto.42.dylib
0x0000000286187000 	/usr/lib/updaters/libAppleTconUARPUpdater.dylib
0x00000002862aa000 	/usr/lib/updaters/libT200Updater.dylib
0x00000001bc104000 	/System/Library/PrivateFrameworks/GPUInfo.framework/Versions/A/GPUInfo
0x00000001ca2c8000 	/System/Library/PrivateFrameworks/MobileActivationMacOS.framework/Versions/A/MobileActivationMacOS
0x00000001ae605000 	/System/Library/PrivateFrameworks/AccountsDaemon.framework/Versions/A/AccountsDaemon
0x0000000251d95000 	/System/Library/PrivateFrameworks/GenerativePartnerService.framework/Versions/A/GenerativePartnerService
0x000000019e66e000 	/System/Library/PrivateFrameworks/CacheDelete.framework/Versions/A/CacheDelete
0x00000001a6fd6000 	/System/Library/Frameworks/QuickLookThumbnailing.framework/Versions/A/QuickLookThumbnailing
0x00000001bc163000 	/System/Library/PrivateFrameworks/AOSKit.framework/Versions/A/AOSKit
0x000000019b74a000 	/System/Library/PrivateFrameworks/AppSSOCore.framework/Versions/A/AppSSOCore
0x00000001b5b7a000 	/System/Library/Frameworks/AVFoundation.framework/Versions/A/AVFoundation
0x000000023d7c6000 	/System/Library/PrivateFrameworks/BackgroundSystemTasks.framework/Versions/A/BackgroundSystemTasks
0x00000001a6eec000 	/System/Library/PrivateFrameworks/DuetActivityScheduler.framework/Versions/A/DuetActivityScheduler
0x00000001c8921000 	/System/Library/PrivateFrameworks/NetworkServiceProxy.framework/Versions/A/NetworkServiceProxy
0x00000001a228f000 	/usr/lib/libnetworkextension.dylib
0x00000001a490d000 	/System/Library/PrivateFrameworks/Rapport.framework/Versions/A/Rapport
0x00000002735f9000 	/System/Library/PrivateFrameworks/Symptoms.framework/Versions/A/Frameworks/SymptomAnalytics.framework/Versions/A/SymptomAnalytics
0x000000019f0a2000 	/System/Library/Frameworks/NetworkExtension.framework/Versions/A/NetworkExtension
0x00000001a56b3000 	/System/Library/PrivateFrameworks/CoreDuetContext.framework/Versions/A/CoreDuetContext
0x00000001905a7000 	/System/Library/PrivateFrameworks/CoreDuet.framework/Versions/A/CoreDuet
0x00000001aa3bc000 	/System/Library/PrivateFrameworks/AssistantServices.framework/Versions/A/AssistantServices
0x00000001a4707000 	/System/Library/PrivateFrameworks/SAObjects.framework/Versions/A/SAObjects
0x00000001a9fb7000 	/System/Library/PrivateFrameworks/MediaRemote.framework/Versions/A/MediaRemote
0x00000001bc657000 	/System/Library/PrivateFrameworks/SiriInstrumentation.framework/Versions/A/SiriInstrumentation
0x000000026a5b8000 	/System/Library/PrivateFrameworks/SiriAnalytics.framework/Versions/A/SiriAnalytics
0x000000027045a000 	/System/Library/PrivateFrameworks/SiriTTSService.framework/Versions/A/SiriTTSService
0x000000026aef4000 	/System/Library/PrivateFrameworks/SiriCrossDeviceArbitration.framework/Versions/A/SiriCrossDeviceArbitration
0x00000001b9ec3000 	/System/Library/PrivateFrameworks/FeedbackLogger.framework/Versions/A/FeedbackLogger
0x0000000248259000 	/System/Library/PrivateFrameworks/FaceTimeNameUtility.framework/Versions/A/FaceTimeNameUtility
0x000000026af48000 	/System/Library/PrivateFrameworks/SiriCrossDeviceArbitrationFeedback.framework/Versions/A/SiriCrossDeviceArbitrationFeedback
0x0000000251c51000 	/System/Library/PrivateFrameworks/GenerativeModels.framework/Versions/A/GenerativeModels
0x000000022ed39000 	/System/Library/Frameworks/AVRouting.framework/Versions/A/AVRouting
0x00000001aee85000 	/System/Library/PrivateFrameworks/MediaServices.framework/Versions/A/MediaServices
0x000000019ccc8000 	/System/Library/Frameworks/MediaToolbox.framework/Versions/A/MediaToolbox
0x00000001a36b1000 	/System/Library/PrivateFrameworks/CoreAVCHD.framework/Versions/A/CoreAVCHD
0x00000001a36ad000 	/System/Library/PrivateFrameworks/Mangrove.framework/Versions/A/Mangrove
0x000000023edd0000 	/System/Library/PrivateFrameworks/CMPhoto.framework/Versions/A/CMPhoto
0x00000001a3e92000 	/System/Library/Frameworks/CoreTelephony.framework/Versions/A/CoreTelephony
0x00000001a36a0000 	/System/Library/PrivateFrameworks/CoreAUC.framework/Versions/A/CoreAUC
0x000000023c109000 	/System/Library/PrivateFrameworks/AppleJPEGXL.framework/Versions/A/AppleJPEGXL
0x000000019e70f000 	/usr/lib/libTelephonyUtilDynamic.dylib
0x00000001a4545000 	/System/Library/Frameworks/LocalAuthentication.framework/Versions/A/LocalAuthentication
0x0000000259ea0000 	/System/Library/PrivateFrameworks/LocalAuthenticationCore.framework/Versions/A/LocalAuthenticationCore
0x000000025a025000 	/System/Library/PrivateFrameworks/LocalAuthenticationCredentialServices.framework/Versions/A/LocalAuthenticationCredentialServices
0x00000001a45b1000 	/System/Library/Frameworks/LocalAuthentication.framework/Support/SharedUtils.framework/Versions/A/SharedUtils
0x000000019bb93000 	/System/Library/PrivateFrameworks/PersistentConnection.framework/Versions/A/PersistentConnection
0x0000000271c6d000 	/System/Library/PrivateFrameworks/SonicFoundation.framework/Versions/A/SonicFoundation
0x0000000246abd000 	/System/Library/PrivateFrameworks/Dendrite.framework/Versions/A/Dendrite
0x00000001be517000 	/usr/lib/libtailspin.dylib
0x00000001d1ee9000 	/System/Library/PrivateFrameworks/Osprey.framework/Versions/A/Osprey
0x000000026fab5000 	/System/Library/PrivateFrameworks/SiriTTS.framework/Versions/A/SiriTTS
0x00000001b6936000 	/System/Library/Frameworks/NaturalLanguage.framework/Versions/A/NaturalLanguage
0x000000026e89b000 	/System/Library/PrivateFrameworks/SiriPowerInstrumentation.framework/Versions/A/SiriPowerInstrumentation
0x00000001b77f7000 	/System/Library/PrivateFrameworks/Trial.framework/Versions/A/Trial
0x00000001b7779000 	/System/Library/PrivateFrameworks/TrialProto.framework/Versions/A/TrialProto
0x00000002788f2000 	/System/Library/PrivateFrameworks/UnifiedAssetFramework.framework/Versions/A/UnifiedAssetFramework
0x00000001d3f0f000 	/usr/lib/swift/libswiftAVFoundation.dylib
0x00000001e4335000 	/usr/lib/swift/libswiftNaturalLanguage.dylib
0x0000000273db1000 	/System/Library/PrivateFrameworks/TailspinSymbolication.framework/Versions/A/TailspinSymbolication
0x00000002466fc000 	/System/Library/PrivateFrameworks/Darwinup.framework/Versions/A/Darwinup
0x00000001ca8f6000 	/System/Library/PrivateFrameworks/SignpostSupport.framework/Versions/A/SignpostSupport
0x00000001b67fd000 	/System/Library/PrivateFrameworks/FeatureFlagsSupport.framework/Versions/A/FeatureFlagsSupport
0x00000001ca029000 	/System/Library/PrivateFrameworks/ktrace.framework/Versions/A/ktrace
0x00000001cab25000 	/System/Library/PrivateFrameworks/SampleAnalysis.framework/Versions/A/SampleAnalysis
0x00000001d37a9000 	/System/Library/PrivateFrameworks/kperfdata.framework/Versions/A/kperfdata
0x00000001a0059000 	/usr/lib/libdscsym.dylib
0x00000001d3c65000 	/System/Library/PrivateFrameworks/BulkSymbolication.framework/Versions/A/BulkSymbolication
0x00000001a7022000 	/System/Library/PrivateFrameworks/Espresso.framework/Versions/A/Espresso
0x0000000195179000 	/System/Library/Frameworks/CoreML.framework/Versions/A/CoreML
0x00000001eda75000 	/System/Library/PrivateFrameworks/ANECompiler.framework/Versions/A/ANECompiler
0x00000001a910f000 	/System/Library/PrivateFrameworks/AppleNeuralEngine.framework/Versions/A/AppleNeuralEngine
0x0000000232829000 	/System/Library/Frameworks/MetalPerformanceShadersGraph.framework/Versions/A/MetalPerformanceShadersGraph
0x000000025a92c000 	/System/Library/PrivateFrameworks/MLCompilerServices.framework/Versions/A/MLCompilerServices
0x00000001a7ebe000 	/System/Library/PrivateFrameworks/ANEServices.framework/Versions/A/ANEServices
0x000000026179b000 	/System/Library/PrivateFrameworks/ODIE.framework/Versions/A/ODIE
0x000000025a8d0000 	/System/Library/PrivateFrameworks/MLCompilerRuntime.framework/Versions/A/MLCompilerRuntime
0x000000019955b000 	/System/Library/Frameworks/MLCompute.framework/Versions/A/MLCompute
0x000000025a852000 	/System/Library/PrivateFrameworks/MLAssetIO.framework/Versions/A/MLAssetIO
0x0000000285c5f000 	/usr/lib/swift/libswiftMLCompute.dylib
0x00000001a4098000 	/System/Library/PrivateFrameworks/AVFCore.framework/Versions/A/AVFCore
0x00000001ad615000 	/System/Library/PrivateFrameworks/AVFCapture.framework/Versions/A/AVFCapture
0x000000023ebb9000 	/System/Library/PrivateFrameworks/CMImaging.framework/Versions/A/CMImaging
0x00000001ad85e000 	/System/Library/PrivateFrameworks/Quagga.framework/Versions/A/Quagga
0x00000001ad992000 	/System/Library/PrivateFrameworks/CMCapture.framework/Versions/A/CMCapture
0x000000019e295000 	/System/Library/Frameworks/CoreMediaIO.framework/Versions/A/CoreMediaIO
0x000000023eaf5000 	/System/Library/PrivateFrameworks/CMCaptureDevice.framework/Versions/A/CMCaptureDevice
0x000000019bd09000 	/System/Library/PrivateFrameworks/CoreBrightness.framework/Versions/A/CoreBrightness
0x000000023fbca000 	/System/Library/PrivateFrameworks/CinematicFraming.framework/Versions/A/CinematicFraming
0x00000001d0fa7000 	/System/Library/PrivateFrameworks/CPMS.framework/Versions/A/CPMS
0x0000000273aa7000 	/System/Library/PrivateFrameworks/SystemStatus.framework/Versions/A/SystemStatus
0x00000001b5772000 	/System/Library/Frameworks/CoreMotion.framework/Versions/A/CoreMotion
0x00000001c58b7000 	/System/Library/PrivateFrameworks/TimeSync.framework/Versions/A/TimeSync
0x00000002473da000 	/System/Library/PrivateFrameworks/DistributedSensing.framework/Versions/A/DistributedSensing
0x00000001c0e97000 	/System/Library/PrivateFrameworks/MobileBluetooth.framework/Versions/A/MobileBluetooth
0x00000001c75b0000 	/System/Library/PrivateFrameworks/IOKitten.framework/Versions/A/IOKitten
0x000000018cd9f000 	/System/Library/PrivateFrameworks/LanguageModeling.framework/Versions/A/LanguageModeling
0x0000000191d53000 	/System/Library/PrivateFrameworks/Montreal.framework/Versions/A/Montreal
0x0000000199fc6000 	/usr/lib/libcmph.dylib
0x0000000251d2a000 	/System/Library/PrivateFrameworks/GenerativeModelsFoundation.framework/Versions/A/GenerativeModelsFoundation
0x000000027689f000 	/System/Library/PrivateFrameworks/TokenGeneration.framework/Versions/A/TokenGeneration
0x0000000251b0d000 	/System/Library/PrivateFrameworks/GenerativeFunctions.framework/Versions/A/GenerativeFunctions
0x0000000251b59000 	/System/Library/PrivateFrameworks/GenerativeFunctionsFoundation.framework/Versions/A/GenerativeFunctionsFoundation
0x000000025e078000 	/System/Library/PrivateFrameworks/ModelCatalog.framework/Versions/A/ModelCatalog
0x0000000269a65000 	/System/Library/PrivateFrameworks/SensitiveContentAnalysisML.framework/Versions/A/SensitiveContentAnalysisML
0x0000000251bee000 	/System/Library/PrivateFrameworks/GenerativeFunctionsInstrumentation.framework/Versions/A/GenerativeFunctionsInstrumentation
0x0000000266cb3000 	/System/Library/PrivateFrameworks/PromptKit.framework/Versions/A/PromptKit
0x0000000266790000 	/System/Library/PrivateFrameworks/ProactiveDaemonSupport.framework/Versions/A/ProactiveDaemonSupport
0x000000025e45a000 	/System/Library/PrivateFrameworks/ModelManagerServices.framework/Versions/A/ModelManagerServices
0x0000000276aed000 	/System/Library/PrivateFrameworks/TokenGenerationCore.framework/Versions/A/TokenGenerationCore
0x000000023c036000 	/System/Library/PrivateFrameworks/AppleIntelligenceReporting.framework/Versions/A/AppleIntelligenceReporting
0x000000023bc9e000 	/System/Library/PrivateFrameworks/AppleFlatBuffers.framework/Versions/A/AppleFlatBuffers
0x0000000269c9e000 	/System/Library/PrivateFrameworks/SentencePieceInternal.framework/Versions/A/SentencePieceInternal
0x00000001a2673000 	/System/Library/Frameworks/Vision.framework/Versions/A/Vision
0x00000002460d4000 	/System/Library/PrivateFrameworks/CoreSceneUnderstanding.framework/Versions/A/CoreSceneUnderstanding
0x000000027b2cf000 	/System/Library/PrivateFrameworks/VisionCore.framework/Versions/A/VisionCore
0x00000001bfe38000 	/System/Library/Frameworks/Vision.framework/libfaceCore.dylib
0x00000001c095b000 	/System/Library/PrivateFrameworks/Futhark.framework/Versions/A/Futhark
0x00000001c4733000 	/System/Library/PrivateFrameworks/InertiaCam.framework/Versions/A/InertiaCam
0x00000001c06e3000 	/System/Library/PrivateFrameworks/TextRecognition.framework/Versions/A/TextRecognition
0x000000019b76b000 	/System/Library/PrivateFrameworks/CVNLP.framework/Versions/A/CVNLP
0x0000000194c18000 	/System/Library/PrivateFrameworks/ApplePushService.framework/Versions/A/ApplePushService
0x0000000194c83000 	/System/Library/Frameworks/CloudKit.framework/Versions/A/CloudKit
0x00000001a807c000 	/System/Library/PrivateFrameworks/CoreDuetDaemonProtocol.framework/Versions/A/CoreDuetDaemonProtocol
0x00000001cd0fa000 	/System/Library/PrivateFrameworks/DeviceIdentity.framework/Versions/A/DeviceIdentity
0x0000000235530000 	/System/Library/Frameworks/SharedWithYouCore.framework/Versions/A/SharedWithYouCore
0x0000000240472000 	/System/Library/PrivateFrameworks/CloudTelemetry.framework/Versions/A/CloudTelemetry
0x00000001a69ba000 	/System/Library/PrivateFrameworks/AppleAccount.framework/Versions/A/AppleAccount
0x00000001a6f7b000 	/System/Library/PrivateFrameworks/C2.framework/Versions/A/C2
0x00000002400e4000 	/System/Library/PrivateFrameworks/CloudCoreInternal.framework/Versions/A/CloudCoreInternal
0x000000023fe89000 	/System/Library/PrivateFrameworks/CloudAsset.framework/Versions/A/CloudAsset
0x00000001a6f72000 	/System/Library/Frameworks/PushKit.framework/Versions/A/PushKit
0x0000000240492000 	/System/Library/PrivateFrameworks/CloudTelemetryTools.framework/Versions/A/CloudTelemetryTools
0x00000001a8e6c000 	/System/Library/PrivateFrameworks/RTCReporting.framework/Versions/A/RTCReporting
0x000000023817f000 	/System/Library/PrivateFrameworks/AAAFoundationSwift.framework/Versions/A/AAAFoundationSwift
0x00000001a6c45000 	/System/Library/PrivateFrameworks/AppleIDSSOAuthentication.framework/Versions/A/AppleIDSSOAuthentication
0x00000001bba37000 	/System/Library/PrivateFrameworks/CaptiveNetwork.framework/Versions/A/CaptiveNetwork
0x00000001a644b000 	/System/Library/PrivateFrameworks/EAP8021X.framework/Versions/A/EAP8021X
0x00000002464e2000 	/System/Library/PrivateFrameworks/CryptoKitPrivate.framework/Versions/A/CryptoKitPrivate
0x00000001b5dca000 	/System/Library/PrivateFrameworks/FindMyDevice.framework/Versions/A/FindMyDevice
0x00000001aab52000 	/System/Library/PrivateFrameworks/FMCoreLite.framework/Versions/A/FMCoreLite
0x00000001991fb000 	/System/Library/Frameworks/ServiceManagement.framework/Versions/A/ServiceManagement
0x00000001bd4b1000 	/System/Library/Frameworks/Accelerate.framework/Versions/A/Frameworks/vImage.framework/Versions/A/Libraries/libCGInterfaces.dylib
0x00000001caaee000 	/System/Library/PrivateFrameworks/UIKitServices.framework/Versions/A/UIKitServices
0x0000000142244000 	/System/Library/Extensions/AGXMetalG14X.bundle/Contents/MacOS/AGXMetalG14X
0x00000001aed26000 	/System/Library/PrivateFrameworks/IOGPU.framework/Versions/A/IOGPU
0x000000022e87a000 	/System/Library/Frameworks/OpenGL.framework/Versions/A/Resources/GLEngine.bundle/GLEngine
0x000000022e71c000 	/System/Library/Frameworks/OpenGL.framework/Versions/A/Libraries/libGLProgrammability.dylib
0x000000012b218000 	/System/Library/Extensions/AppleMetalOpenGLRenderer.bundle/Contents/MacOS/AppleMetalOpenGLRenderer
0x000000022e9db000 	/System/Library/Frameworks/OpenGL.framework/Versions/A/Resources/GLRendererFloat.bundle/GLRendererFloat
0x00000002745c2000 	/System/Library/PrivateFrameworks/TextInputUI.framework/Versions/A/TextInputUI
0x00000002745f6000 	/System/Library/PrivateFrameworks/TextInputUIMacHelper.framework/Versions/A/TextInputUIMacHelper
0x000000014557c000 	/Users/Isaiah/Documents/curseforge/minecraft/Install/natives/forge-47.4.16/liblwjgl_opengl.dylib
0x00000001458a8000 	/Users/Isaiah/Documents/curseforge/minecraft/Install/natives/forge-47.4.16/liblwjgl_stb.dylib
0x00000001c0a4a000 	/System/Library/PrivateFrameworks/SafariPlatformSupport.framework/Versions/A/SafariPlatformSupport
0x0000000272267000 	/System/Library/PrivateFrameworks/SpotlightKnowledge.framework/Versions/A/SpotlightKnowledge
0x0000000247888000 	/System/Library/PrivateFrameworks/DocumentUnderstandingClient.framework/Versions/A/DocumentUnderstandingClient
0x000000027224e000 	/System/Library/PrivateFrameworks/SpotlightEmbedding.framework/Versions/A/SpotlightEmbedding
0x000000019054a000 	/System/Library/PrivateFrameworks/SpotlightLinguistics.framework/Versions/A/SpotlightLinguistics
0x000000027241b000 	/System/Library/PrivateFrameworks/SpotlightResources.framework/Versions/A/SpotlightResources
0x00000001a8433000 	/System/Library/PrivateFrameworks/SpotlightIndex.framework/Versions/A/SpotlightIndex
0x00000001bb9fb000 	/System/Library/PrivateFrameworks/DataDeliveryServices.framework/Versions/A/DataDeliveryServices
0x000000023fc03000 	/System/Library/PrivateFrameworks/CipherML.framework/Versions/A/CipherML
0x0000000263cda000 	/System/Library/PrivateFrameworks/PegasusKit.framework/Versions/A/PegasusKit
0x00000002731ea000 	/System/Library/PrivateFrameworks/SwiftSQLite.framework/Versions/A/SwiftSQLite
0x0000000148970000 	/Users/Isaiah/Documents/curseforge/minecraft/Install/natives/forge-47.4.16/jna12547214291420480066.tmp
0x0000000148998000 	/Library/Java/JavaVirtualMachines/microsoft-17.jdk/Contents/Home/lib/libextnet.dylib
0x00000001489b0000 	/private/var/folders/0p/9lzn133s0tqf_07r1n1n2t9w0000gp/T/libjcocoa4283966344186867795.dylib
0x00000001c0a5a000 	/System/Library/CoreServices/RawCamera.bundle/Contents/MacOS/RawCamera
0x000000015228c000 	/Library/Java/JavaVirtualMachines/microsoft-17.jdk/Contents/Home/lib/libawt.dylib
0x0000000152338000 	/Library/Java/JavaVirtualMachines/microsoft-17.jdk/Contents/Home/lib/libmlib_image.dylib
0x000000023198d000 	/System/Library/Frameworks/JavaRuntimeSupport.framework/Versions/A/JavaRuntimeSupport
0x00000001524ec000 	/Library/Java/JavaVirtualMachines/microsoft-17.jdk/Contents/Home/lib/libawt_lwawt.dylib
0x0000000152200000 	/Library/Java/JavaVirtualMachines/microsoft-17.jdk/Contents/Home/lib/libosxapp.dylib
0x00000001b3cc4000 	/System/Library/Frameworks/ExceptionHandling.framework/Versions/A/ExceptionHandling
0x0000000152624000 	/Users/Isaiah/Documents/curseforge/minecraft/Install/natives/forge-47.4.16/libopenal.dylib
0x00000001c5f05000 	/System/Library/PrivateFrameworks/TextToSpeech.framework/Versions/A/TextToSpeech
0x00000001cb06a000 	/System/Library/PrivateFrameworks/AXAssetLoader.framework/Versions/A/AXAssetLoader
0x0000000239a33000 	/System/Library/PrivateFrameworks/AccessibilityUtilities.framework/Versions/A/AccessibilityUtilities
0x00000001b6071000 	/System/Library/PrivateFrameworks/AccessibilitySharedSupport.framework/Versions/A/AccessibilitySharedSupport
0x00000001d7e1f000 	/System/Library/PrivateFrameworks/AXRuntime.framework/Versions/A/AXRuntime
0x00000001bba45000 	/System/Library/PrivateFrameworks/UniversalAccess.framework/Versions/A/UniversalAccess
0x0000000268af7000 	/System/Library/PrivateFrameworks/Sage.framework/Versions/A/Sage
0x00000001ca019000 	/System/Library/PrivateFrameworks/AccessibilitySupport.framework/Versions/A/AccessibilitySupport
0x00000001cbb72000 	/System/Library/PrivateFrameworks/UniversalAccess.framework/Versions/A/Frameworks/UniversalAccessCore.framework/Versions/A/UniversalAccessCore
0x00000001d3c3d000 	/System/Library/PrivateFrameworks/AccessibilitySupport.framework/Versions/A/Frameworks/AccessibilityEvents.framework/Versions/A/AccessibilityEvents
0x00000001cac85000 	/System/Library/PrivateFrameworks/AccessibilitySupport.framework/Versions/A/Frameworks/AccessibilityFoundation.framework/Versions/A/AccessibilityFoundation
0x00000001d3b6d000 	/System/Library/PrivateFrameworks/AccessibilitySupport.framework/Versions/A/Frameworks/AccessibilityKit.framework/Versions/A/AccessibilityKit
0x00000001d3bd7000 	/System/Library/PrivateFrameworks/AccessibilitySupport.framework/Versions/A/Frameworks/AccessibilityVisuals.framework/Versions/A/AccessibilityVisuals
0x00000001a46d2000 	/System/Library/PrivateFrameworks/BatteryUIKit.framework/Versions/A/BatteryUIKit
0x0000000278ceb000 	/System/Library/PrivateFrameworks/UniversalControl.framework/Versions/A/UniversalControl
0x00000001a6ea4000 	/usr/lib/libScreenReader.dylib
0x0000000161cf4000 	/System/Library/Components/CoreAudio.component/Contents/MacOS/CoreAudio


VM Arguments:
jvm_args: -Xss1M -Djava.library.path=/Users/Isaiah/Documents/curseforge/minecraft/Install/natives/forge-47.4.16 -Djna.tmpdir=/Users/Isaiah/Documents/curseforge/minecraft/Install/natives/forge-47.4.16 -Dorg.lwjgl.system.SharedLibraryExtractPath=/Users/Isaiah/Documents/curseforge/minecraft/Install/natives/forge-47.4.16 -Dio.netty.native.workdir=/Users/Isaiah/Documents/curseforge/minecraft/Install/natives/forge-47.4.16 -Dminecraft.launcher.brand=CurseForge -Dminecraft.launcher.version=1.297.3.30829 -Djava.net.preferIPv6Addresses=system -DignoreList=bootstraplauncher,securejarhandler,asm-commons,asm-util,asm-analysis,asm-tree,asm,JarJarFileSystems,client-extra,fmlcore,javafmllanguage,lowcodelanguage,mclanguage,forge-,forge-47.4.16.jar,forge-47.4.16 -DmergeModules=jna-5.10.0.jar,jna-platform-5.10.0.jar -DlibraryDirectory=/Users/Isaiah/Documents/curseforge/minecraft/Install/libraries --module-path=/Users/Isaiah/Documents/curseforge/minecraft/Install/libraries/cpw/mods/bootstraplauncher/1.1.2/bootstraplauncher-1.1.2.jar:/Users/Isaiah/Documents/curseforge/minecraft/Install/libraries/cpw/mods/securejarhandler/2.1.10/securejarhandler-2.1.10.jar:/Users/Isaiah/Documents/curseforge/minecraft/Install/libraries/org/ow2/asm/asm-commons/9.8/asm-commons-9.8.jar:/Users/Isaiah/Documents/curseforge/minecraft/Install/libraries/org/ow2/asm/asm-util/9.8/asm-util-9.8.jar:/Users/Isaiah/Documents/curseforge/minecraft/Install/libraries/org/ow2/asm/asm-analysis/9.8/asm-analysis-9.8.jar:/Users/Isaiah/Documents/curseforge/minecraft/Install/libraries/org/ow2/asm/asm-tree/9.8/asm-tree-9.8.jar:/Users/Isaiah/Documents/curseforge/minecraft/Install/libraries/org/ow2/asm/asm/9.8/asm-9.8.jar:/Users/Isaiah/Documents/curseforge/minecraft/Install/libraries/net/minecraftforge/JarJarFileSystems/0.3.19/JarJarFileSystems-0.3.19.jar --add-modules=ALL-MODULE-PATH --add-opens=java.base/java.util.jar=cpw.mods.securejarhandler --add-opens=java.base/java.lang.invoke=cpw.mods.securejarhandler --add-exports=java.base/sun.security.util=cpw.mods.securejarhandler --add-exports=jdk.naming.dns/com.sun.jndi.dns=java.naming -Xmx4096m -Xms256m -Dfml.ignorePatchDiscrepancies=true -Dfml.ignoreInvalidMinecraftCertificates=true -DlibraryDirectory=/Users/Isaiah/Documents/curseforge/minecraft/Install/libraries -DCFInstanceId=4266b565-2bc5-435c-8c4f-cd9773a2125d -Dlog4j.configurationFile=/Users/Isaiah/Documents/curseforge/minecraft/Install/assets/log_configs/client-1.12.xml 
java_command: cpw.mods.bootstraplauncher.BootstrapLauncher --username Z3EKnCleve --version forge-47.4.16 --gameDir /Users/Isaiah/Documents/curseforge/minecraft/Instances/HeroX Supers/ --assetsDir /Users/Isaiah/Documents/curseforge/minecraft/Install/assets --assetIndex 5 --uuid 5f390ef2a4c34ed2a4fde4d7985b137b --accessToken eyJraWQiOiIwNDkxODEiLCJhbGciOiJSUzI1NiJ9.eyJ4dWlkIjoiMjUzNTQwNjIyNjk3NjIyMCIsImFnZyI6IkFkdWx0Iiwic3ViIjoiNDRjNGUyODYtOGQzMS01MTFjLWEyY2MtMDI4NTE1NDVlYjNhIiwiYXV0aCI6IlhCT1giLCJucyI6ImRlZmF1bHQiLCJyb2xlcyI6W10sImlzcyI6ImF1dGhlbnRpY2F0aW9uIiwiZmxhZ3MiOlsibXVsdGlwbGF5ZXIiLCJ0d29mYWN0b3JhdXRoIiwibXNhbWlncmF0aW9uX3N0YWdlNCIsIm9yZGVyc18yMDIyIl0sInByb2ZpbGVzIjp7Im1jIjoiNWYzOTBlZjItYTRjMy00ZWQyLWE0ZmQtZTRkNzk4NWIxMzdiIn0sInBsYXRmb3JtIjoiUENfTEFVTkNIRVIiLCJwZmQiOlt7InR5cGUiOiJtYyIsImlkIjoiNWYzOTBlZjItYTRjMy00ZWQyLWE0ZmQtZTRkNzk4NWIxMzdiIiwibmFtZSI6IlozRUtuQ2xldmUifV0sIm5iZiI6MTc2OTcyNjE5MywiZXhwIjoxNzY5ODEyNTkzLCJpYXQiOjE3Njk3MjYxOTMsImFpZCI6ImQ1YjJlMDc5LTJjMmMtNGFkZS05ZGFiLTFjMWViMjA0MTYyYSJ9.YgZ9gJAnF_ok3wqRbCvLTSuss_EVPiD5-BJG-Ex0YZ8dh86oUCbpgRGo7HBo9C_OiqgJe3U0AyE3kKKzkoUlwyM3sIRKMAjVOi1BzTKnoyBElLPOiPTK1T1HDQ9cEnqqKx2XBjDBiMHTvnyhiusImmGA-LSwBwHgrkJ6CfD-G55qrdYhzKv1BoFPmjPXy8Ek7xSRAcMoIEFMivjPtTGsh1Zwe2Oybl3jR-MsuWRyN6QPBlfzDNpp0O_JxU6j1GbTtukwHFsuMvgv_4OMzrMYOTuI-gCBrEUc53w7O4935WWnqNv0_oDPTgKGczYHsjwcsayWs3nlvueSGHiNXqkIZw --clientId 66601c-10db8f9-88a07b-3c5667-9910b7 --xuid 2535406226976220 --userType msa --versionType release --width 1512 --height 982 --quickPlayPath /Users/Isaiah/Documents/curseforge/minecraft/Quickplay/4266b565-2bc5-435c-8c4f-cd9773a2125d.json    --launchTarget forgeclient --fml.forgeVersion 47.4.16 --fml.mcVersion 1.20.1 --fml.forgeGroup net.minecraftforge --fml.mcpVersion 20230612.114412
java_class_path (initial): /Users/Isaiah/Documents/curseforge/minecraft/Install/libraries/cpw/mods/securejarhandler/2.1.10/securejarhandler-2.1.10.jar:/Users/Isaiah/Documents/curseforge/minecraft/Install/libraries/org/ow2/asm/asm/9.8/asm-9.8.jar:/Users/Isaiah/Documents/curseforge/minecraft/Install/libraries/org/ow2/asm/asm-commons/9.8/asm-commons-9.8.jar:/Users/Isaiah/Documents/curseforge/minecraft/Install/libraries/org/ow2/asm/asm-tree/9.8/asm-tree-9.8.jar:/Users/Isaiah/Documents/curseforge/minecraft/Install/libraries/org/ow2/asm/asm-util/9.8/asm-util-9.8.jar:/Users/Isaiah/Documents/curseforge/minecraft/Install/libraries/org/ow2/asm/asm-analysis/9.8/asm-analysis-9.8.jar:/Users/Isaiah/Documents/curseforge/minecraft/Install/libraries/net/minecraftforge/accesstransformers/8.0.4/accesstransformers-8.0.4.jar:/Users/Isaiah/Documents/curseforge/minecraft/Install/libraries/org/antlr/antlr4-runtime/4.9.1/antlr4-runtime-4.9.1.jar:/Users/Isaiah/Documents/curseforge/minecraft/Install/libraries/net/minecraftforge/eventbus/6.2.33/eventbus-6.2.33.jar:/Users/Isaiah/Documents/curseforge/minecraft/Install/libraries/net/minecraftforge/forgespi/7.0.1/forgespi-7.0.1.jar:/Users/Isaiah/Documents/curseforge/minecraft/Install/libraries/net/minecraftforge/coremods/5.2.4/coremods-5.2.4.jar:/Users/Isaiah/Documents/curseforge/minecraft/Install/libraries/cpw/mods/modlauncher/10.0.9/modlauncher-10.0.9.jar:/Users/Isaiah/Documents/curseforge/minecraft/Install/libraries/net/minecraftforge/unsafe/0.2.0/unsafe-0.2.0.jar:/Users/Isaiah/Documents/curseforge/minecraft/Install/libraries/net/minecraftforge/mergetool/1.1.5/mergetool-1.1.5-api.jar:/Users/Isaiah/Documents/curseforge/minecraft/Install/libraries/com/electronwill/night-config/core/3.6.4/core-3.6.4.jar:/Users/Isaiah/Documents/curseforge/minecraft/Install/libraries/com/electronwill/night-config/toml/3.6.4/toml-3.6.4.jar:/Users/Isaiah/Documents/curseforge/minecraft/Install/libraries/org/apache/maven/maven-artifact/3.8.5/maven-artifact-3.8.5.jar:/
Launcher Type: SUN_STANDARD

[Global flags]
     intx CICompilerCount                          = 4                                         {product} {ergonomic}
     uint ConcGCThreads                            = 2                                         {product} {ergonomic}
     uint G1ConcRefinementThreads                  = 9                                         {product} {ergonomic}
   size_t G1HeapRegionSize                         = 2097152                                   {product} {ergonomic}
    uintx GCDrainStackTargetSize                   = 64                                        {product} {ergonomic}
   size_t InitialHeapSize                          = 268435456                                 {product} {command line}
   size_t MarkStackSize                            = 4194304                                   {product} {ergonomic}
   size_t MaxHeapSize                              = 4294967296                                {product} {command line}
   size_t MaxNewSize                               = 2575302656                                {product} {ergonomic}
   size_t MinHeapDeltaBytes                        = 2097152                                   {product} {ergonomic}
   size_t MinHeapSize                              = 268435456                                 {product} {command line}
    uintx NonNMethodCodeHeapSize                   = 5839564                                {pd product} {ergonomic}
    uintx NonProfiledCodeHeapSize                  = 122909338                              {pd product} {ergonomic}
    uintx ProfiledCodeHeapSize                     = 122909338                              {pd product} {ergonomic}
    uintx ReservedCodeCacheSize                    = 251658240                              {pd product} {ergonomic}
     bool SegmentedCodeCache                       = true                                      {product} {ergonomic}
   size_t SoftMaxHeapSize                          = 4294967296                             {manageable} {ergonomic}
     intx ThreadStackSize                          = 1024                                   {pd product} {command line}
     bool UseCompressedClassPointers               = true                           {product lp64_product} {ergonomic}
     bool UseCompressedOops                        = true                           {product lp64_product} {ergonomic}
     bool UseG1GC                                  = true                                      {product} {ergonomic}
     bool UseNUMA                                  = false                                     {product} {ergonomic}
     bool UseNUMAInterleaving                      = false                                     {product} {ergonomic}

Logging:
Log output configuration:
 #0: stdout all=warning uptime,level,tags
 #1: stderr all=off uptime,level,tags

Environment Variables:
PATH=/usr/bin:/bin:/usr/sbin:/sbin
SHELL=/bin/bash
TMPDIR=/var/folders/0p/9lzn133s0tqf_07r1n1n2t9w0000gp/T/

Active Locale:
LC_ALL=C
LC_COLLATE=C
LC_CTYPE=C
LC_MESSAGES=C
LC_MONETARY=C
LC_NUMERIC=C
LC_TIME=C

Signal Handlers:
   SIGSEGV: crash_handler in libjvm.dylib, mask=11100110000111110111111111111111, flags=SA_RESTART|SA_SIGINFO, unblocked
    SIGBUS: crash_handler in libjvm.dylib, mask=11100110000111110111111111111111, flags=SA_RESTART|SA_SIGINFO, unblocked
    SIGFPE: crash_handler in libjvm.dylib, mask=11100110000111110111111111111111, flags=SA_RESTART|SA_SIGINFO, unblocked
   SIGPIPE: javaSignalHandler in libjvm.dylib, mask=11100110000111110111111111111111, flags=SA_RESTART|SA_SIGINFO, blocked
   SIGXFSZ: javaSignalHandler in libjvm.dylib, mask=11100110000111110111111111111111, flags=SA_RESTART|SA_SIGINFO, blocked
    SIGILL: crash_handler in libjvm.dylib, mask=11100110000111110111111111111111, flags=SA_RESTART|SA_SIGINFO, unblocked
   SIGUSR2: SR_handler in libjvm.dylib, mask=00000000000000000000000000000000, flags=SA_RESTART|SA_SIGINFO, blocked
    SIGHUP: UserHandler in libjvm.dylib, mask=11100110000111110111111111111111, flags=SA_RESTART|SA_SIGINFO, blocked
    SIGINT: UserHandler in libjvm.dylib, mask=11100110000111110111111111111111, flags=SA_RESTART|SA_SIGINFO, blocked
   SIGTERM: UserHandler in libjvm.dylib, mask=11100110000111110111111111111111, flags=SA_RESTART|SA_SIGINFO, blocked
   SIGQUIT: UserHandler in libjvm.dylib, mask=11100110000111110111111111111111, flags=SA_RESTART|SA_SIGINFO, blocked
   SIGTRAP: crash_handler in libjvm.dylib, mask=11100110000111110111111111111111, flags=SA_RESTART|SA_SIGINFO, unblocked


Periodic native trim disabled


---------------  S Y S T E M  ---------------

OS:
uname: Darwin 25.2.0 Darwin Kernel Version 25.2.0: Tue Nov 18 21:07:05 PST 2025; root:xnu-12377.61.12~1/RELEASE_ARM64_T6020 arm64
OS uptime: 6 days 5:24 hours
rlimit (soft/hard): STACK 8176k/65520k , CORE 0k/infinity , NPROC 2666/4000 , NOFILE 1048576/infinity , AS infinity/infinity , CPU infinity/infinity , DATA infinity/infinity , FSIZE infinity/infinity , MEMLOCK infinity/infinity , RSS infinity/infinity
load average: 21.19 8.05 4.42

CPU: total 10 (initial active 10) 0x61:0x0:0xda33d83d:0, fp, simd, crc, lse
machdep.cpu.brand_string:Apple M2 Pro
hw.cachelinesize:128
hw.l1icachesize:131072
hw.l1dcachesize:65536
hw.l2cachesize:4194304

Memory: 16k page, physical 16777216k(162016k free), swap 7340032k(1221760k free)

vm_info: OpenJDK 64-Bit Server VM (17.0.17+10-LTS) for bsd-aarch64 JRE (17.0.17+10-LTS), built on Oct 13 2025 22:02:27 by "MicrosoftCorporation" with clang Apple LLVM 15.0.0 (clang-1500.1.0.2.5)

END.
