#
# A fatal error has been detected by the Java Runtime Environment:
#
#  SIGSEGV (0xb) at pc=0x000000022e79b780, pid=92824, tid=259
#
# JRE version: OpenJDK Runtime Environment Microsoft-12574438 (17.0.17+10) (build 17.0.17+10-LTS)
# Java VM: OpenJDK 64-Bit Server VM Microsoft-12574438 (17.0.17+10-LTS, mixed mode, sharing, tiered, compressed oops, compressed class ptrs, g1 gc, bsd-aarch64)
# Problematic frame:
# C  [libGLProgrammability.dylib+0x7f780]  glpLLVMGetFunctionGlobalVariableUse+0x1ec
#
# No core dump will be written. Core dumps have been disabled. To enable core dumping, try "ulimit -c unlimited" before starting Java again
#
# If you would like to submit a bug report, please visit:
#   https://github.com/microsoft/openjdk/issues
# The crash happened outside the Java Virtual Machine in native code.
# See problematic frame for where to report the bug.
#

---------------  S U M M A R Y ------------

Command Line: -Xss1M -Djava.library.path=/Users/Isaiah/Documents/curseforge/minecraft/Install/natives/forge-47.4.16 -Djna.tmpdir=/Users/Isaiah/Documents/curseforge/minecraft/Install/natives/forge-47.4.16 -Dorg.lwjgl.system.SharedLibraryExtractPath=/Users/Isaiah/Documents/curseforge/minecraft/Install/natives/forge-47.4.16 -Dio.netty.native.workdir=/Users/Isaiah/Documents/curseforge/minecraft/Install/natives/forge-47.4.16 -Dminecraft.launcher.brand=CurseForge -Dminecraft.launcher.version=1.297.3.30829 -Djava.net.preferIPv6Addresses=system -DignoreList=bootstraplauncher,securejarhandler,asm-commons,asm-util,asm-analysis,asm-tree,asm,JarJarFileSystems,client-extra,fmlcore,javafmllanguage,lowcodelanguage,mclanguage,forge-,forge-47.4.16.jar,forge-47.4.16 -DmergeModules=jna-5.10.0.jar,jna-platform-5.10.0.jar -DlibraryDirectory=/Users/Isaiah/Documents/curseforge/minecraft/Install/libraries --module-path=/Users/Isaiah/Documents/curseforge/minecraft/Install/libraries/cpw/mods/bootstraplauncher/1.1.2/bootstraplauncher-1.1.2.jar:/Users/Isaiah/Documents/curseforge/minecraft/Install/libraries/cpw/mods/securejarhandler/2.1.10/securejarhandler-2.1.10.jar:/Users/Isaiah/Documents/curseforge/minecraft/Install/libraries/org/ow2/asm/asm-commons/9.8/asm-commons-9.8.jar:/Users/Isaiah/Documents/curseforge/minecraft/Install/libraries/org/ow2/asm/asm-util/9.8/asm-util-9.8.jar:/Users/Isaiah/Documents/curseforge/minecraft/Install/libraries/org/ow2/asm/asm-analysis/9.8/asm-analysis-9.8.jar:/Users/Isaiah/Documents/curseforge/minecraft/Install/libraries/org/ow2/asm/asm-tree/9.8/asm-tree-9.8.jar:/Users/Isaiah/Documents/curseforge/minecraft/Install/libraries/org/ow2/asm/asm/9.8/asm-9.8.jar:/Users/Isaiah/Documents/curseforge/minecraft/Install/libraries/net/minecraftforge/JarJarFileSystems/0.3.19/JarJarFileSystems-0.3.19.jar --add-modules=ALL-MODULE-PATH --add-opens=java.base/java.util.jar=cpw.mods.securejarhandler --add-opens=java.base/java.lang.invoke=cpw.mods.securejarhandler --add-exports=java.base/sun.security.util=cpw.mods.securejarhandler --add-exports=jdk.naming.dns/com.sun.jndi.dns=java.naming -Xmx4096m -Xms256m -Dfml.ignorePatchDiscrepancies=true -Dfml.ignoreInvalidMinecraftCertificates=true -DlibraryDirectory=/Users/Isaiah/Documents/curseforge/minecraft/Install/libraries -DCFInstanceId=4266b565-2bc5-435c-8c4f-cd9773a2125d -Dlog4j.configurationFile=/Users/Isaiah/Documents/curseforge/minecraft/Install/assets/log_configs/client-1.12.xml cpw.mods.bootstraplauncher.BootstrapLauncher --username Z3EKnCleve --version forge-47.4.16 --gameDir /Users/Isaiah/Documents/curseforge/minecraft/Instances/HeroX Supers/ --assetsDir /Users/Isaiah/Documents/curseforge/minecraft/Install/assets --assetIndex 5 --uuid 5f390ef2a4c34ed2a4fde4d7985b137b --accessToken eyJraWQiOiIwNDkxODEiLCJhbGciOiJSUzI1NiJ9.eyJ4dWlkIjoiMjUzNTQwNjIyNjk3NjIyMCIsImFnZyI6IkFkdWx0Iiwic3ViIjoiNDRjNGUyODYtOGQzMS01MTFjLWEyY2MtMDI4NTE1NDVlYjNhIiwiYXV0aCI6IlhCT1giLCJucyI6ImRlZmF1bHQiLCJyb2xlcyI6W10sImlzcyI6ImF1dGhlbnRpY2F0aW9uIiwiZmxhZ3MiOlsibXVsdGlwbGF5ZXIiLCJ0d29mYWN0b3JhdXRoIiwibXNhbWlncmF0aW9uX3N0YWdlNCIsIm9yZGVyc18yMDIyIl0sInByb2ZpbGVzIjp7Im1jIjoiNWYzOTBlZjItYTRjMy00ZWQyLWE0ZmQtZTRkNzk4NWIxMzdiIn0sInBsYXRmb3JtIjoiUENfTEFVTkNIRVIiLCJwZmQiOlt7InR5cGUiOiJtYyIsImlkIjoiNWYzOTBlZjItYTRjMy00ZWQyLWE0ZmQtZTRkNzk4NWIxMzdiIiwibmFtZSI6IlozRUtuQ2xldmUifV0sIm5iZiI6MTc2OTcyNjE5MywiZXhwIjoxNzY5ODEyNTkzLCJpYXQiOjE3Njk3MjYxOTMsImFpZCI6ImQ1YjJlMDc5LTJjMmMtNGFkZS05ZGFiLTFjMWViMjA0MTYyYSJ9.YgZ9gJAnF_ok3wqRbCvLTSuss_EVPiD5-BJG-Ex0YZ8dh86oUCbpgRGo7HBo9C_OiqgJe3U0AyE3kKKzkoUlwyM3sIRKMAjVOi1BzTKnoyBElLPOiPTK1T1HDQ9cEnqqKx2XBjDBiMHTvnyhiusImmGA-LSwBwHgrkJ6CfD-G55qrdYhzKv1BoFPmjPXy8Ek7xSRAcMoIEFMivjPtTGsh1Zwe2Oybl3jR-MsuWRyN6QPBlfzDNpp0O_JxU6j1GbTtukwHFsuMvgv_4OMzrMYOTuI-gCBrEUc53w7O4935WWnqNv0_oDPTgKGczYHsjwcsayWs3nlvueSGHiNXqkIZw --clientId 66601c-10db8f9-88a07b-3c5667-9910b7 --xuid 2535406226976220 --userType msa --versionType release --width 1512 --height 982 --quickPlayPath /Users/Isaiah/Documents/curseforge/minecraft/Quickplay/4266b565-2bc5-435c-8c4f-cd9773a2125d.json    --launchTarget forgeclient --fml.forgeVersion 47.4.16 --fml.mcVersion 1.20.1 --fml.forgeGroup net.minecraftforge --fml.mcpVersion 20230612.114412

Host: "Mac14,9" arm64, 10 cores, 16G, Darwin 25.2.0, macOS 26.2 (25C56)
Time: Thu Jan 29 22:26:19 2026 CST elapsed time: 20.796639 seconds (0d 0h 0m 20s)

---------------  T H R E A D  ---------------

Current thread (0x0000000103670fc0):  JavaThread "Render thread" [_thread_in_native, id=259, stack(0x000000016c648000,0x000000016ce44000)]

Stack: [0x000000016c648000,0x000000016ce44000],  sp=0x000000016ce3a250,  free space=8136k
Native frames: (J=compiled Java code, j=interpreted, Vv=VM code, C=native code)
C  [libGLProgrammability.dylib+0x7f780]  glpLLVMGetFunctionGlobalVariableUse+0x1ec
C  [libGLProgrammability.dylib+0x7f81c]  glpLLVMGetFunctionGlobalVariableUse+0x288
C  [libGLProgrammability.dylib+0x7f81c]  glpLLVMGetFunctionGlobalVariableUse+0x288
C  [libGLProgrammability.dylib+0x7f81c]  glpLLVMGetFunctionGlobalVariableUse+0x288
C  [libGLProgrammability.dylib+0x7f81c]  glpLLVMGetFunctionGlobalVariableUse+0x288
C  [libGLProgrammability.dylib+0x7e154]  glpLLVMCGFindSamplersAndBuffers+0x484
C  [libGLProgrammability.dylib+0x7d070]  glpLLVMCGTopLevel+0xb24
C  [libGLProgrammability.dylib+0xa60d8]  glpLinkProgram+0x27d4
C  [libGLProgrammability.dylib+0xbede0]  ShLink+0xd0
C  [GLEngine+0xf8220]  gleLinkProgram+0x474
C  [GLEngine+0x74894]  glLinkProgramARB_Exec+0xb4
j  org.lwjgl.opengl.GL20C.glLinkProgram(I)V+0 org.lwjgl.opengl@3.3.1+7
j  org.lwjgl.opengl.GL20.glLinkProgram(I)V+1 org.lwjgl.opengl@3.3.1+7
j  com.mojang.blaze3d.platform.GlStateManager.glLinkProgram(I)V+4 minecraft@1.20.1
j  com.mojang.blaze3d.shaders.ProgramManager.m_166623_(Lcom/mojang/blaze3d/shaders/Shader;)V+15 minecraft@1.20.1
j  net.minecraft.client.renderer.EffectInstance.<init>(Lnet/minecraft/server/packs/resources/ResourceManager;Ljava/lang/String;)V+487 minecraft@1.20.1
j  net.minecraft.client.renderer.PostPass.<init>(Lnet/minecraft/server/packs/resources/ResourceManager;Ljava/lang/String;Lcom/mojang/blaze3d/pipeline/RenderTarget;Lcom/mojang/blaze3d/pipeline/RenderTarget;)V+39 minecraft@1.20.1
j  net.minecraft.client.renderer.PostChain.m_110042_(Ljava/lang/String;Lcom/mojang/blaze3d/pipeline/RenderTarget;Lcom/mojang/blaze3d/pipeline/RenderTarget;)Lnet/minecraft/client/renderer/PostPass;+11 minecraft@1.20.1
j  net.minecraft.client.renderer.PostChain.m_110030_(Lnet/minecraft/client/renderer/texture/TextureManager;Lcom/google/gson/JsonElement;)V+98 minecraft@1.20.1
j  net.minecraft.client.renderer.PostChain.m_110033_(Lnet/minecraft/client/renderer/texture/TextureManager;Lnet/minecraft/resources/ResourceLocation;)V+169 minecraft@1.20.1
j  net.minecraft.client.renderer.PostChain.<init>(Lnet/minecraft/client/renderer/texture/TextureManager;Lnet/minecraft/server/packs/resources/ResourceManager;Lcom/mojang/blaze3d/pipeline/RenderTarget;Lnet/minecraft/resources/ResourceLocation;)V+78 minecraft@1.20.1
j  net.lointain.cosmos.procedures.BlackHoleRenderer.onRegisterShader(Lnet/minecraftforge/client/event/RegisterShadersEvent;)V+61 cosmos@0.0.7.3
j  net.lointain.cosmos.procedures.__BlackHoleRenderer_onRegisterShader_RegisterShadersEvent.invoke(Lnet/minecraftforge/eventbus/api/Event;)V+5 cosmos@0.0.7.3
J 17826 c1 net.minecraftforge.eventbus.ASMEventHandler.invoke(Lnet/minecraftforge/eventbus/api/Event;)V net.minecraftforge.eventbus (53 bytes) @ 0x0000000116e47e94 [0x0000000116e47980+0x0000000000000514]
J 17844 c1 net.minecraftforge.eventbus.EventBus.post(Lnet/minecraftforge/eventbus/api/Event;Lnet/minecraftforge/eventbus/api/IEventBusInvokeDispatcher;)Z net.minecraftforge.eventbus (145 bytes) @ 0x0000000116e40ae0 [0x0000000116e40580+0x0000000000000560]
J 17845 c1 net.minecraftforge.fml.javafmlmod.FMLModContainer.acceptEvent(Lnet/minecraftforge/eventbus/api/Event;)V javafmllanguage@1.20.1-47.4.16 (97 bytes) @ 0x0000000116e3f958 [0x0000000116e3f600+0x0000000000000358]
J 23593 c1 net.minecraftforge.fml.ModLoader$$Lambda$7394+0x00000008021f4d28.accept(Ljava/lang/Object;)V fmlcore@1.20.1-47.4.16 (12 bytes) @ 0x0000000118734d38 [0x0000000118734ac0+0x0000000000000278]
J 14672 c2 java.lang.Iterable.forEach(Ljava/util/function/Consumer;)V java.base@17.0.17 (39 bytes) @ 0x000000011e9f7510 [0x000000011e9f7200+0x0000000000000310]
j  net.minecraftforge.fml.ModList.forEachModInOrder(Ljava/util/function/Consumer;)V+5 fmlcore@1.20.1-47.4.16
j  net.minecraftforge.fml.ModLoader.postEvent(Lnet/minecraftforge/eventbus/api/Event;)V+35 fmlcore@1.20.1-47.4.16
j  net.minecraft.client.renderer.GameRenderer.m_172767_(Lnet/minecraft/server/packs/resources/ResourceProvider;)V+1790 minecraft@1.20.1
j  net.minecraft.client.renderer.GameRenderer$1.m_5787_(Lnet/minecraft/client/renderer/GameRenderer$ResourceCache;Lnet/minecraft/server/packs/resources/ResourceManager;Lnet/minecraft/util/profiling/ProfilerFiller;)V+5 minecraft@1.20.1
j  net.minecraft.client.renderer.GameRenderer$1.m_5787_(Ljava/lang/Object;Lnet/minecraft/server/packs/resources/ResourceManager;Lnet/minecraft/util/profiling/ProfilerFiller;)V+7 minecraft@1.20.1
j  net.minecraft.server.packs.resources.SimplePreparableReloadListener.m_10789_(Lnet/minecraft/server/packs/resources/ResourceManager;Lnet/minecraft/util/profiling/ProfilerFiller;Ljava/lang/Object;)V+25 minecraft@1.20.1
j  net.minecraft.server.packs.resources.SimplePreparableReloadListener$$Lambda$7214+0x00000008021fe920.accept(Ljava/lang/Object;)V+13 minecraft@1.20.1
j  java.util.concurrent.CompletableFuture$UniAccept.tryFire(I)Ljava/util/concurrent/CompletableFuture;+105 java.base@17.0.17
j  java.util.concurrent.CompletableFuture$Completion.run()V+2 java.base@17.0.17
j  net.minecraft.server.packs.resources.SimpleReloadInstance.m_143940_(Ljava/lang/Runnable;)V+1 minecraft@1.20.1
j  net.minecraft.server.packs.resources.SimpleReloadInstance$$Lambda$7252+0x000000080220c8a8.run()V+8 minecraft@1.20.1
j  net.minecraft.util.thread.BlockableEventLoop.m_6367_(Ljava/lang/Runnable;)V+1 minecraft@1.20.1
j  net.minecraft.util.thread.ReentrantBlockableEventLoop.m_6367_(Ljava/lang/Runnable;)V+12 minecraft@1.20.1
J 21518 c1 net.minecraft.util.thread.BlockableEventLoop.m_7245_()Z minecraft@1.20.1 (54 bytes) @ 0x00000001186a9b10 [0x00000001186a9980+0x0000000000000190]
j  net.minecraft.util.thread.BlockableEventLoop.m_18699_()V+1 minecraft@1.20.1
j  net.minecraft.client.Minecraft.m_91383_(Z)V+137 minecraft@1.20.1
j  net.minecraft.client.Minecraft.m_91374_()V+123 minecraft@1.20.1
j  net.minecraft.client.main.Main.main([Ljava/lang/String;)V+1593 minecraft@1.20.1
v  ~StubRoutines::call_stub
V  [libjvm.dylib+0x4610f4]  JavaCalls::call_helper(JavaValue*, methodHandle const&, JavaCallArguments*, JavaThread*)+0x3d8
V  [libjvm.dylib+0x823620]  invoke(InstanceKlass*, methodHandle const&, Handle, bool, objArrayHandle, BasicType, objArrayHandle, bool, JavaThread*)+0x908
V  [libjvm.dylib+0x822cb8]  Reflection::invoke_method(oopDesc*, Handle, objArrayHandle, JavaThread*)+0x160
V  [libjvm.dylib+0x51c878]  JVM_InvokeMethod+0x314
j  jdk.internal.reflect.NativeMethodAccessorImpl.invoke0(Ljava/lang/reflect/Method;Ljava/lang/Object;[Ljava/lang/Object;)Ljava/lang/Object;+0 java.base@17.0.17
j  jdk.internal.reflect.NativeMethodAccessorImpl.invoke(Ljava/lang/Object;[Ljava/lang/Object;)Ljava/lang/Object;+133 java.base@17.0.17
j  jdk.internal.reflect.DelegatingMethodAccessorImpl.invoke(Ljava/lang/Object;[Ljava/lang/Object;)Ljava/lang/Object;+6 java.base@17.0.17
j  java.lang.reflect.Method.invoke(Ljava/lang/Object;[Ljava/lang/Object;)Ljava/lang/Object;+59 java.base@17.0.17
j  net.minecraftforge.fml.loading.targets.CommonLaunchHandler.runTarget(Ljava/lang/String;[Ljava/lang/String;Ljava/lang/ModuleLayer;)V+39 fmlloader@1.20.1-47.4.16
j  net.minecraftforge.fml.loading.targets.CommonLaunchHandler.clientService([Ljava/lang/String;Ljava/lang/ModuleLayer;)V+5 fmlloader@1.20.1-47.4.16
j  net.minecraftforge.fml.loading.targets.CommonClientLaunchHandler.lambda$makeService$0([Ljava/lang/String;Ljava/lang/ModuleLayer;)V+3 fmlloader@1.20.1-47.4.16
j  net.minecraftforge.fml.loading.targets.CommonClientLaunchHandler$$Lambda$1050+0x0000000801493cc8.run()V+12 fmlloader@1.20.1-47.4.16
j  cpw.mods.modlauncher.LaunchServiceHandlerDecorator.launch([Ljava/lang/String;Ljava/lang/ModuleLayer;)V+11 cpw.mods.modlauncher@10.0.9
j  cpw.mods.modlauncher.LaunchServiceHandler.launch(Ljava/lang/String;[Ljava/lang/String;Ljava/lang/ModuleLayer;Lcpw/mods/modlauncher/TransformingClassLoader;Lcpw/mods/modlauncher/LaunchPluginHandler;)V+58 cpw.mods.modlauncher@10.0.9
j  cpw.mods.modlauncher.LaunchServiceHandler.launch(Lcpw/mods/modlauncher/ArgumentHandler;Ljava/lang/ModuleLayer;Lcpw/mods/modlauncher/TransformingClassLoader;Lcpw/mods/modlauncher/LaunchPluginHandler;)V+21 cpw.mods.modlauncher@10.0.9
j  cpw.mods.modlauncher.Launcher.run([Ljava/lang/String;)V+307 cpw.mods.modlauncher@10.0.9
j  cpw.mods.modlauncher.Launcher.main([Ljava/lang/String;)V+78 cpw.mods.modlauncher@10.0.9
j  cpw.mods.modlauncher.BootstrapLaunchConsumer.accept([Ljava/lang/String;)V+1 cpw.mods.modlauncher@10.0.9
j  cpw.mods.modlauncher.BootstrapLaunchConsumer.accept(Ljava/lang/Object;)V+5 cpw.mods.modlauncher@10.0.9
j  cpw.mods.bootstraplauncher.BootstrapLauncher.main([Ljava/lang/String;)V+515 cpw.mods.bootstraplauncher@1.1.2
v  ~StubRoutines::call_stub
V  [libjvm.dylib+0x4610f4]  JavaCalls::call_helper(JavaValue*, methodHandle const&, JavaCallArguments*, JavaThread*)+0x3d8
V  [libjvm.dylib+0x4c8d74]  jni_invoke_static(JNIEnv_*, JavaValue*, _jobject*, JNICallType, _jmethodID*, JNI_ArgumentPusher*, JavaThread*)+0x158
V  [libjvm.dylib+0x4cc4f8]  jni_CallStaticVoidMethod+0x130
C  [libjli.dylib+0xad3c]  JavaMain+0x63c
C  [libjli.dylib+0xdb28]  __JVMInit_block_invoke+0x48
C  [Foundation+0x1d878]  __NSBLOCKOPERATION_IS_CALLING_OUT_TO_A_BLOCK__+0x18
C  [Foundation+0x1d740]  -[NSBlockOperation main]+0x60
C  [Foundation+0x1d6d8]  __NSOPERATION_IS_INVOKING_MAIN__+0x10
C  [Foundation+0x1d308]  -[NSOperation start]+0x280
C  [Foundation+0x38114]  __NSThreadPerformPerform+0x108
C  [CoreFoundation+0x5f9f8]  __CFRUNLOOP_IS_CALLING_OUT_TO_A_SOURCE0_PERFORM_FUNCTION__+0x1c
C  [CoreFoundation+0x5f98c]  __CFRunLoopDoSource0+0xac
C  [CoreFoundation+0x5f6f8]  __CFRunLoopDoSources0+0xe8
C  [CoreFoundation+0x5e388]  __CFRunLoopRun+0x334
C  [CoreFoundation+0x118e34]  _CFRunLoopRunSpecificWithOptions+0x214
C  [libjli.dylib+0xd1d4]  CreateExecutionEnvironment+0x194
C  [libjli.dylib+0x9200]  JLI_Launch+0x4d0
C  [java+0x3b98]  main+0x198
C  [dyld+0x8d54]  start+0x1c10

Java frames: (J=compiled Java code, j=interpreted, Vv=VM code)
j  org.lwjgl.opengl.GL20C.glLinkProgram(I)V+0 org.lwjgl.opengl@3.3.1+7
j  org.lwjgl.opengl.GL20.glLinkProgram(I)V+1 org.lwjgl.opengl@3.3.1+7
j  com.mojang.blaze3d.platform.GlStateManager.glLinkProgram(I)V+4 minecraft@1.20.1
j  com.mojang.blaze3d.shaders.ProgramManager.m_166623_(Lcom/mojang/blaze3d/shaders/Shader;)V+15 minecraft@1.20.1
j  net.minecraft.client.renderer.EffectInstance.<init>(Lnet/minecraft/server/packs/resources/ResourceManager;Ljava/lang/String;)V+487 minecraft@1.20.1
j  net.minecraft.client.renderer.PostPass.<init>(Lnet/minecraft/server/packs/resources/ResourceManager;Ljava/lang/String;Lcom/mojang/blaze3d/pipeline/RenderTarget;Lcom/mojang/blaze3d/pipeline/RenderTarget;)V+39 minecraft@1.20.1
j  net.minecraft.client.renderer.PostChain.m_110042_(Ljava/lang/String;Lcom/mojang/blaze3d/pipeline/RenderTarget;Lcom/mojang/blaze3d/pipeline/RenderTarget;)Lnet/minecraft/client/renderer/PostPass;+11 minecraft@1.20.1
j  net.minecraft.client.renderer.PostChain.m_110030_(Lnet/minecraft/client/renderer/texture/TextureManager;Lcom/google/gson/JsonElement;)V+98 minecraft@1.20.1
j  net.minecraft.client.renderer.PostChain.m_110033_(Lnet/minecraft/client/renderer/texture/TextureManager;Lnet/minecraft/resources/ResourceLocation;)V+169 minecraft@1.20.1
j  net.minecraft.client.renderer.PostChain.<init>(Lnet/minecraft/client/renderer/texture/TextureManager;Lnet/minecraft/server/packs/resources/ResourceManager;Lcom/mojang/blaze3d/pipeline/RenderTarget;Lnet/minecraft/resources/ResourceLocation;)V+78 minecraft@1.20.1
j  net.lointain.cosmos.procedures.BlackHoleRenderer.onRegisterShader(Lnet/minecraftforge/client/event/RegisterShadersEvent;)V+61 cosmos@0.0.7.3
j  net.lointain.cosmos.procedures.__BlackHoleRenderer_onRegisterShader_RegisterShadersEvent.invoke(Lnet/minecraftforge/eventbus/api/Event;)V+5 cosmos@0.0.7.3
J 17826 c1 net.minecraftforge.eventbus.ASMEventHandler.invoke(Lnet/minecraftforge/eventbus/api/Event;)V net.minecraftforge.eventbus (53 bytes) @ 0x0000000116e47e94 [0x0000000116e47980+0x0000000000000514]
J 17844 c1 net.minecraftforge.eventbus.EventBus.post(Lnet/minecraftforge/eventbus/api/Event;Lnet/minecraftforge/eventbus/api/IEventBusInvokeDispatcher;)Z net.minecraftforge.eventbus (145 bytes) @ 0x0000000116e40ae0 [0x0000000116e40580+0x0000000000000560]
J 17845 c1 net.minecraftforge.fml.javafmlmod.FMLModContainer.acceptEvent(Lnet/minecraftforge/eventbus/api/Event;)V javafmllanguage@1.20.1-47.4.16 (97 bytes) @ 0x0000000116e3f958 [0x0000000116e3f600+0x0000000000000358]
J 23593 c1 net.minecraftforge.fml.ModLoader$$Lambda$7394+0x00000008021f4d28.accept(Ljava/lang/Object;)V fmlcore@1.20.1-47.4.16 (12 bytes) @ 0x0000000118734d38 [0x0000000118734ac0+0x0000000000000278]
J 14672 c2 java.lang.Iterable.forEach(Ljava/util/function/Consumer;)V java.base@17.0.17 (39 bytes) @ 0x000000011e9f7510 [0x000000011e9f7200+0x0000000000000310]
j  net.minecraftforge.fml.ModList.forEachModInOrder(Ljava/util/function/Consumer;)V+5 fmlcore@1.20.1-47.4.16
j  net.minecraftforge.fml.ModLoader.postEvent(Lnet/minecraftforge/eventbus/api/Event;)V+35 fmlcore@1.20.1-47.4.16
j  net.minecraft.client.renderer.GameRenderer.m_172767_(Lnet/minecraft/server/packs/resources/ResourceProvider;)V+1790 minecraft@1.20.1
j  net.minecraft.client.renderer.GameRenderer$1.m_5787_(Lnet/minecraft/client/renderer/GameRenderer$ResourceCache;Lnet/minecraft/server/packs/resources/ResourceManager;Lnet/minecraft/util/profiling/ProfilerFiller;)V+5 minecraft@1.20.1
j  net.minecraft.client.renderer.GameRenderer$1.m_5787_(Ljava/lang/Object;Lnet/minecraft/server/packs/resources/ResourceManager;Lnet/minecraft/util/profiling/ProfilerFiller;)V+7 minecraft@1.20.1
j  net.minecraft.server.packs.resources.SimplePreparableReloadListener.m_10789_(Lnet/minecraft/server/packs/resources/ResourceManager;Lnet/minecraft/util/profiling/ProfilerFiller;Ljava/lang/Object;)V+25 minecraft@1.20.1
j  net.minecraft.server.packs.resources.SimplePreparableReloadListener$$Lambda$7214+0x00000008021fe920.accept(Ljava/lang/Object;)V+13 minecraft@1.20.1
j  java.util.concurrent.CompletableFuture$UniAccept.tryFire(I)Ljava/util/concurrent/CompletableFuture;+105 java.base@17.0.17
j  java.util.concurrent.CompletableFuture$Completion.run()V+2 java.base@17.0.17
j  net.minecraft.server.packs.resources.SimpleReloadInstance.m_143940_(Ljava/lang/Runnable;)V+1 minecraft@1.20.1
j  net.minecraft.server.packs.resources.SimpleReloadInstance$$Lambda$7252+0x000000080220c8a8.run()V+8 minecraft@1.20.1
j  net.minecraft.util.thread.BlockableEventLoop.m_6367_(Ljava/lang/Runnable;)V+1 minecraft@1.20.1
j  net.minecraft.util.thread.ReentrantBlockableEventLoop.m_6367_(Ljava/lang/Runnable;)V+12 minecraft@1.20.1
J 21518 c1 net.minecraft.util.thread.BlockableEventLoop.m_7245_()Z minecraft@1.20.1 (54 bytes) @ 0x00000001186a9b10 [0x00000001186a9980+0x0000000000000190]
j  net.minecraft.util.thread.BlockableEventLoop.m_18699_()V+1 minecraft@1.20.1
j  net.minecraft.client.Minecraft.m_91383_(Z)V+137 minecraft@1.20.1
j  net.minecraft.client.Minecraft.m_91374_()V+123 minecraft@1.20.1
j  net.minecraft.client.main.Main.main([Ljava/lang/String;)V+1593 minecraft@1.20.1
v  ~StubRoutines::call_stub
j  jdk.internal.reflect.NativeMethodAccessorImpl.invoke0(Ljava/lang/reflect/Method;Ljava/lang/Object;[Ljava/lang/Object;)Ljava/lang/Object;+0 java.base@17.0.17
j  jdk.internal.reflect.NativeMethodAccessorImpl.invoke(Ljava/lang/Object;[Ljava/lang/Object;)Ljava/lang/Object;+133 java.base@17.0.17
j  jdk.internal.reflect.DelegatingMethodAccessorImpl.invoke(Ljava/lang/Object;[Ljava/lang/Object;)Ljava/lang/Object;+6 java.base@17.0.17
j  java.lang.reflect.Method.invoke(Ljava/lang/Object;[Ljava/lang/Object;)Ljava/lang/Object;+59 java.base@17.0.17
j  net.minecraftforge.fml.loading.targets.CommonLaunchHandler.runTarget(Ljava/lang/String;[Ljava/lang/String;Ljava/lang/ModuleLayer;)V+39 fmlloader@1.20.1-47.4.16
j  net.minecraftforge.fml.loading.targets.CommonLaunchHandler.clientService([Ljava/lang/String;Ljava/lang/ModuleLayer;)V+5 fmlloader@1.20.1-47.4.16
j  net.minecraftforge.fml.loading.targets.CommonClientLaunchHandler.lambda$makeService$0([Ljava/lang/String;Ljava/lang/ModuleLayer;)V+3 fmlloader@1.20.1-47.4.16
j  net.minecraftforge.fml.loading.targets.CommonClientLaunchHandler$$Lambda$1050+0x0000000801493cc8.run()V+12 fmlloader@1.20.1-47.4.16
j  cpw.mods.modlauncher.LaunchServiceHandlerDecorator.launch([Ljava/lang/String;Ljava/lang/ModuleLayer;)V+11 cpw.mods.modlauncher@10.0.9
j  cpw.mods.modlauncher.LaunchServiceHandler.launch(Ljava/lang/String;[Ljava/lang/String;Ljava/lang/ModuleLayer;Lcpw/mods/modlauncher/TransformingClassLoader;Lcpw/mods/modlauncher/LaunchPluginHandler;)V+58 cpw.mods.modlauncher@10.0.9
j  cpw.mods.modlauncher.LaunchServiceHandler.launch(Lcpw/mods/modlauncher/ArgumentHandler;Ljava/lang/ModuleLayer;Lcpw/mods/modlauncher/TransformingClassLoader;Lcpw/mods/modlauncher/LaunchPluginHandler;)V+21 cpw.mods.modlauncher@10.0.9
j  cpw.mods.modlauncher.Launcher.run([Ljava/lang/String;)V+307 cpw.mods.modlauncher@10.0.9
j  cpw.mods.modlauncher.Launcher.main([Ljava/lang/String;)V+78 cpw.mods.modlauncher@10.0.9
j  cpw.mods.modlauncher.BootstrapLaunchConsumer.accept([Ljava/lang/String;)V+1 cpw.mods.modlauncher@10.0.9
j  cpw.mods.modlauncher.BootstrapLaunchConsumer.accept(Ljava/lang/Object;)V+5 cpw.mods.modlauncher@10.0.9
j  cpw.mods.bootstraplauncher.BootstrapLauncher.main([Ljava/lang/String;)V+515 cpw.mods.bootstraplauncher@1.1.2
v  ~StubRoutines::call_stub

siginfo: si_signo: 11 (SIGSEGV), si_code: 2 (SEGV_ACCERR), si_addr: 0x0000000000000000

Registers:
 x0=0x0000000168e0d7f0  x1=0x0000000168e11cb0  x2=0x000000016e967bd0  x3=0x000000016e967bc8
 x4=0x000000016e967c80  x5=0x0000000000000000  x6=0xffffffffbfc007ff  x7=0xfffff0003ffff800
 x8=0x00000001649fb7a8  x9=0x0000000086000000 x10=0x000000016e967cb8 x11=0x0000000000000018
x12=0x0000000000000018 x13=0x0000000000000000 x14=0x0000000142d6a338 x15=0x0000000c58240000
x16=0x00000006728ad990 x17=0x00000002a477be88 x18=0x0000000000000000 x19=0x000000016e967bc8
x20=0x000000016e967bd0 x21=0x0000000168e11cb0 x22=0x000000016e966ad0 x23=0x0000000000000000
x24=0x0000000000000000 x25=0x0000000c5830c6fc x26=0x0000000000000001 x27=0x0000000000000000
x28=0x0000000c4d794900  fp=0x000000016ce3a2a0  lr=0x000000022e79b77c  sp=0x000000016ce3a250
pc=0x000000022e79b780 cpsr=0x0000000060001000

Register to memory mapping:

 x0=0x0000000168e0d7f0 points into unknown readable memory: 0x0000000168e0d710 | 10 d7 e0 68 01 00 00 00
 x1=0x0000000168e11cb0 points into unknown readable memory: 0x0000000000000000 | 00 00 00 00 00 00 00 00
 x2=0x000000016e967bd0 points into unknown readable memory: 0x0000000c4ec5b720 | 20 b7 c5 4e 0c 00 00 00
 x3=0x000000016e967bc8 points into unknown readable memory: 0x0000000000000009 | 09 00 00 00 00 00 00 00
 x4=0x000000016e967c80 points into unknown readable memory: 0x0000000000000000 | 00 00 00 00 00 00 00 00
 x5=0x0 is NULL
 x6=0xffffffffbfc007ff is an unknown value
 x7=0xfffff0003ffff800 is an unknown value
 x8=0x00000001649fb7a8 points into unknown readable memory: 0x0000000168e11cb0 | b0 1c e1 68 01 00 00 00
 x9=0x0000000086000000 is an unknown value
x10=0x000000016e967cb8 points into unknown readable memory: 0x0000000000000005 | 05 00 00 00 00 00 00 00
x11=0x0000000000000018 is an unknown value
x12=0x0000000000000018 is an unknown value
x13=0x0 is NULL
x14=0x0000000142d6a338 points into unknown readable memory: 0x0074001200c12400 | 00 24 c1 00 12 00 74 00
x15=0x0000000c58240000 points into unknown readable memory: 0x0000000000000000 | 00 00 00 00 00 00 00 00
x16=0x00000006728ad990 is an unknown value
x17=0x00000002a477be88 points into unknown readable memory: 0x000000018a573030 | 30 30 57 8a 01 00 00 00
x18=0x0 is NULL
x19=0x000000016e967bc8 points into unknown readable memory: 0x0000000000000009 | 09 00 00 00 00 00 00 00
x20=0x000000016e967bd0 points into unknown readable memory: 0x0000000c4ec5b720 | 20 b7 c5 4e 0c 00 00 00
x21=0x0000000168e11cb0 points into unknown readable memory: 0x0000000000000000 | 00 00 00 00 00 00 00 00
x22=0x000000016e966ad0 points into unknown readable memory: 0x0000000000000000 | 00 00 00 00 00 00 00 00
x23=0x0 is NULL
x24=0x0 is NULL
x25=0x0000000c5830c6fc points into unknown readable memory: 06 00 00 00
x26=0x0000000000000001 is an unknown value
x27=0x0 is NULL
x28=0x0000000c4d794900 points into unknown readable memory: 0x0000000c4ec5b720 | 20 b7 c5 4e 0c 00 00 00


Top of Stack: (sp=0x000000016ce3a250)
0x000000016ce3a250:   0000000c4d794900 0000000000000000
0x000000016ce3a260:   0000000000000001 0000000c5830c6fc
0x000000016ce3a270:   0000000000000000 0000000000000001
0x000000016ce3a280:   000000016e966ad0 00000001649fb760
0x000000016ce3a290:   000000016e967bd0 000000016e967bc8
0x000000016ce3a2a0:   000000016ce3a300 000000022e79b81c
0x000000016ce3a2b0:   0000000c4d794900 0000000000000000
0x000000016ce3a2c0:   0000000000000001 0000000c5830c6fc
0x000000016ce3a2d0:   0000000000000002 0000000000000005
0x000000016ce3a2e0:   000000016e966ad0 0000000168e10fe0
0x000000016ce3a2f0:   000000016e967bd0 000000016e967bc8
0x000000016ce3a300:   000000016ce3a360 000000022e79b81c
0x000000016ce3a310:   0000000c4d794900 0000000000000000
0x000000016ce3a320:   0000000000000001 0000000c5830c6fc
0x000000016ce3a330:   0000000000000001 0000000000000002
0x000000016ce3a340:   000000016e966ad0 0000000168e10f10
0x000000016ce3a350:   000000016e967bd0 000000016e967bc8
0x000000016ce3a360:   000000016ce3a3c0 000000022e79b81c
0x000000016ce3a370:   0000000c4d794900 0000000000000000
0x000000016ce3a380:   0000000000000001 0000000c5830c6fc
0x000000016ce3a390:   0000000000000003 0000000000000008
0x000000016ce3a3a0:   000000016e966ad0 00000001649f3e80
0x000000016ce3a3b0:   000000016e967bd0 000000016e967bc8
0x000000016ce3a3c0:   000000016ce3a420 000000022e79b81c
0x000000016ce3a3d0:   0000000c4d794900 0000000000000000
0x000000016ce3a3e0:   0000000000000001 0000000c5830c6fc
0x000000016ce3a3f0:   0000000c5830c600 0000000000000009
0x000000016ce3a400:   000000016e967bc0 00000001649f3d50
0x000000016ce3a410:   00000001649f3e80 000000016e966ad0
0x000000016ce3a420:   000000016ce3a4c0 000000022e79a154
0x000000016ce3a430:   0000000000004000 0000000000000000
0x000000016ce3a440:   0000000164a07310 0000000c58243900 

Instructions: (pc=0x000000022e79b780)
0x000000022e79b680:   e1 03 17 aa 86 3e 01 94 a0 01 00 b4 f8 03 00 aa
0x000000022e79b690:   8a 3e 01 94 1f cc 00 71 21 01 00 54 e0 03 18 aa
0x000000022e79b6a0:   d9 47 01 94 d4 45 01 94 08 28 40 39 88 00 20 36
0x000000022e79b6b0:   08 a0 40 b9 1f 01 1b 6b 1c 00 9c 9a f7 06 00 11
0x000000022e79b6c0:   c8 42 40 f9 c9 42 41 b9 08 0d 09 8b 00 5d 40 f9
0x000000022e79b6d0:   71 3e 01 94 ff 02 00 6b c3 fc ff 54 97 4f 40 f9
0x000000022e79b6e0:   e1 02 40 f9 e0 03 14 aa d8 02 00 94 e8 0a 40 b9
0x000000022e79b6f0:   69 02 40 b9 28 01 08 2a 68 02 00 b9 5a 07 00 91
0x000000022e79b700:   28 07 40 b9 5f 03 08 eb 23 fa ff 54 37 00 00 14
0x000000022e79b710:   1f 50 01 71 40 04 00 54 1f 44 01 71 61 06 00 54
0x000000022e79b720:   e0 03 15 aa 79 4e 01 94 08 18 40 f9 28 05 00 b7
0x000000022e79b730:   09 c0 b0 52 1f 01 09 ea 80 05 00 54 f7 03 00 aa
0x000000022e79b740:   00 04 40 f9 80 00 00 b4 81 03 80 52 0a 87 00 94
0x000000022e79b750:   c0 04 00 b5 e8 4a 40 f9 68 00 00 b4 08 09 40 f9
0x000000022e79b760:   48 04 00 b5 e0 03 17 aa e1 03 14 aa 9f 02 00 94
0x000000022e79b770:   1e 00 00 14 e0 03 15 aa a4 4d 01 94 17 4c 40 f9
0x000000022e79b780:   e1 02 40 f9 e0 03 14 aa b0 02 00 94 e8 0a 40 b9
0x000000022e79b790:   69 02 40 b9 28 01 08 2a 13 00 00 14 e0 03 15 aa
0x000000022e79b7a0:   e8 4e 01 94 80 00 00 34 68 02 40 b9 08 01 1d 32
0x000000022e79b7b0:   68 02 00 b9 e0 03 15 aa de 4e 01 94 1f 64 02 71
0x000000022e79b7c0:   41 01 00 54 68 02 40 b9 08 01 1e 32 06 00 00 14
0x000000022e79b7d0:   69 02 40 b9 68 00 18 b7 28 01 00 32 02 00 00 14
0x000000022e79b7e0:   28 01 1f 32 68 02 00 b9 e0 03 15 aa 0b 3e 01 94
0x000000022e79b7f0:   c0 01 00 34 f7 03 00 aa 18 00 80 52 e0 03 15 aa
0x000000022e79b800:   e1 03 18 aa 0a 3e 01 94 e1 03 00 aa e0 03 16 aa
0x000000022e79b810:   e2 03 14 aa e3 03 13 aa 5f ff ff 97 18 07 00 11
0x000000022e79b820:   ff 02 18 6b c1 fe ff 54 fd 7b 45 a9 f4 4f 44 a9
0x000000022e79b830:   f6 57 43 a9 f8 5f 42 a9 fa 67 41 a9 fc 6f c6 a8
0x000000022e79b840:   ff 23 03 d5 c0 03 5f d6 7f 23 03 d5 f6 57 bd a9
0x000000022e79b850:   f4 4f 01 a9 fd 7b 02 a9 fd 83 00 91 f4 03 01 aa
0x000000022e79b860:   f3 03 00 aa e0 03 02 aa dc ce 00 94 1f 48 00 71
0x000000022e79b870:   62 03 00 54 08 97 35 b0 08 81 18 91 15 59 60 f8 


Stack slot to memory mapping:
stack at sp + 0 slots: 0x0000000c4d794900 points into unknown readable memory: 0x0000000c4ec5b720 | 20 b7 c5 4e 0c 00 00 00
stack at sp + 1 slots: 0x0 is NULL
stack at sp + 2 slots: 0x0000000000000001 is an unknown value
stack at sp + 3 slots: 0x0000000c5830c6fc points into unknown readable memory: 06 00 00 00
stack at sp + 4 slots: 0x0 is NULL
stack at sp + 5 slots: 0x0000000000000001 is an unknown value
stack at sp + 6 slots: 0x000000016e966ad0 points into unknown readable memory: 0x0000000000000000 | 00 00 00 00 00 00 00 00
stack at sp + 7 slots: 0x00000001649fb760 points into unknown readable memory: 0x0000000100000001 | 01 00 00 00 01 00 00 00


Compiled method (c1) 20815 17826       3       net.minecraftforge.eventbus.ASMEventHandler::invoke (53 bytes)
 total in heap  [0x0000000116e47790,0x0000000116e48170] = 2528
 relocation     [0x0000000116e478e8,0x0000000116e47978] = 144
 main code      [0x0000000116e47980,0x0000000116e47f40] = 1472
 stub code      [0x0000000116e47f40,0x0000000116e47fb8] = 120
 oops           [0x0000000116e47fb8,0x0000000116e47fc0] = 8
 metadata       [0x0000000116e47fc0,0x0000000116e48030] = 112
 scopes data    [0x0000000116e48030,0x0000000116e48070] = 64
 scopes pcs     [0x0000000116e48070,0x0000000116e48130] = 192
 dependencies   [0x0000000116e48130,0x0000000116e48148] = 24
 nul chk table  [0x0000000116e48148,0x0000000116e48170] = 40

[Constant Pool (empty)]

[MachCode]
[Entry Point]
  # {method} {0x000000014c7efb38} 'invoke' '(Lnet/minecraftforge/eventbus/api/Event;)V' in 'net/minecraftforge/eventbus/ASMEventHandler'
  # this:     c_rarg1:c_rarg1 
                        = 'net/minecraftforge/eventbus/ASMEventHandler'
  # parm0:    c_rarg2:c_rarg2 
                        = 'net/minecraftforge/eventbus/api/Event'
  #           [sp+0x50]  (sp of caller)
  0x0000000116e47980: 2808 40b9 | 3f01 086b | c001 0054 

  0x0000000116e4798c: ;   {runtime_call ic_miss_stub}
  0x0000000116e4798c: 9d64 ca15 | 1f20 03d5 | 1f20 03d5 | 1f20 03d5 | 1f20 03d5 | 1f20 03d5 | 1f20 03d5 | 1f20 03d5 
  0x0000000116e479ac: 1f20 03d5 | 1f20 03d5 | 1f20 03d5 | 1f20 03d5 | 1f20 03d5 
[Verified Entry Point]
  0x0000000116e479c0: 1f20 03d5 | e953 40d1 | 3f01 00f9 | ff43 01d1 | fd7b 04a9 

  0x0000000116e479d4: ;   {metadata(method data for {method} {0x000000014c7efb38} 'invoke' '(Lnet/minecraftforge/eventbus/api/Event;)V' in 'net/minecraftforge/eventbus/ASMEventHandler')}
  0x0000000116e479d4: 0062 82d2 | 40c1 a9f2 | 2000 c0f2 | 03ac 40b9 | 6308 0011 | 03ac 00b9 | 6324 1f12 | 7f00 0071 
  0x0000000116e479f4: c025 0054 

  0x0000000116e479f8: ; implicit exception: dispatches to 0x0000000116e47ecc
  0x0000000116e479f8: 5f00 40f9 | e003 02aa 

  0x0000000116e47a00: ;   {metadata(method data for {method} {0x000000014c7efb38} 'invoke' '(Lnet/minecraftforge/eventbus/api/Event;)V' in 'net/minecraftforge/eventbus/ASMEventHandler')}
  0x0000000116e47a00: 0362 82d2 | 43c1 a9f2 | 2300 c0f2 | 0008 40b9 | 0000 5dd2 | 6900 0491 | 2801 40f9 | 1f00 08eb 
  0x0000000116e47a20: a100 0054 | 6884 40f9 | 0805 0091 | 6884 00f9 | 1c00 0014 | 6940 0491 | 2801 40f9 | 1f00 08eb 
  0x0000000116e47a40: a100 0054 | 688c 40f9 | 0805 0091 | 688c 00f9 | 1400 0014 | 6900 0491 | 2801 40f9 | c800 00b5 
  0x0000000116e47a60: 2001 00f9 | e803 40b2 | 6920 0491 | 2801 00f9 | 0c00 0014 | 6940 0491 | 2801 40f9 | c800 00b5 
  0x0000000116e47a80: 2001 00f9 | e803 40b2 | 6960 0491 | 2801 00f9 | 0400 0014 | 6878 40f9 | 0805 0091 | 6878 00f9 
  0x0000000116e47aa0: 4030 4039 | 0000 0012 | 1f00 0071 

  0x0000000116e47aac: ;   {metadata(method data for {method} {0x000000014c7efb38} 'invoke' '(Lnet/minecraftforge/eventbus/api/Event;)V' in 'net/minecraftforge/eventbus/ASMEventHandler')}
  0x0000000116e47aac: 0062 82d2 | 40c1 a9f2 | 2000 c0f2 | 0825 80d2 | 0927 80d2 | 0301 899a | 0468 63f8 | 8404 0091 
  0x0000000116e47acc: 0468 23f8 | e21b 00f9 | 2005 0054 | 2010 40b9 | 00f0 7dd3 | 2001 00b4 

  0x0000000116e47ae4: ;   {metadata('jdk/proxy2/$Proxy36')}
  0x0000000116e47ae4: 05c1 83d2 | 4539 a0f2 | 0501 c0f2 | 0808 40b9 | 0801 5dd2 | 1f01 05eb | a11e 0054 | 0100 0014 
  0x0000000116e47b04: e303 00aa 

  0x0000000116e47b08: ; implicit exception: dispatches to 0x0000000116e47ed4
  0x0000000116e47b08: 1f00 40f9 | e303 00aa 

  0x0000000116e47b10: ;   {metadata(method data for {method} {0x000000014c7efb38} 'invoke' '(Lnet/minecraftforge/eventbus/api/Event;)V' in 'net/minecraftforge/eventbus/ASMEventHandler')}
  0x0000000116e47b10: 0462 82d2 | 44c1 a9f2 | 2400 c0f2 

  0x0000000116e47b1c: ;   {metadata('jdk/proxy2/$Proxy36')}
  0x0000000116e47b1c: 08c1 83d2 | 4839 a0f2 | 0801 c0f2 | 8960 0591 | 2801 00f9 | 88b0 40f9 | 0805 0091 | 88b0 00f9 
  0x0000000116e47b3c: e117 00f9 | e103 00aa 

  0x0000000116e47b44: ; ImmutableOopMap {[40]=Oop [48]=Oop }
                      ;*invokeinterface receiveCanceled {reexecute=0 rethrow=0 return_oop=0}
                      ; - net.minecraftforge.eventbus.ASMEventHandler::invoke@11 (line 53)
                      ;   {optimized virtual_call}
  0x0000000116e47b44: ef64 ca95 | 1f00 0071 

  0x0000000116e47b4c: ;   {metadata(method data for {method} {0x000000014c7efb38} 'invoke' '(Lnet/minecraftforge/eventbus/api/Event;)V' in 'net/minecraftforge/eventbus/ASMEventHandler')}
  0x0000000116e47b4c: 0262 82d2 | 42c1 a9f2 | 2200 c0f2 | e807 79b2 | 0932 80d2 | 0101 899a | 4068 61f8 | 0004 0091 
  0x0000000116e47b6c: 4068 21f8 | 2019 0054 | e117 40f9 | 2218 40b9 | 42f0 7dd3 | e003 1faa | 5f00 00eb 

  0x0000000116e47b88: ;   {metadata(method data for {method} {0x000000014c7efb38} 'invoke' '(Lnet/minecraftforge/eventbus/api/Event;)V' in 'net/minecraftforge/eventbus/ASMEventHandler')}
  0x0000000116e47b88: 0062 82d2 | 40c1 a9f2 | 2000 c0f2 | 0834 80d2 | 0936 80d2 | 0301 899a | 0468 63f8 | 8404 0091 
  0x0000000116e47ba8: 0468 23f8 | e01b 40f9 | 0011 0054 | 0001 00b5 

  0x0000000116e47bb8: ;   {metadata(method data for {method} {0x000000014c7efb38} 'invoke' '(Lnet/minecraftforge/eventbus/api/Event;)V' in 'net/minecraftforge/eventbus/ASMEventHandler')}
  0x0000000116e47bb8: 0662 82d2 | 46c1 a9f2 | 2600 c0f2 | c8e4 4639 | 0801 40b2 | c8e4 0639 | 3d00 0014 

  0x0000000116e47bd4: ;   {metadata('net/minecraftforge/eventbus/api/IGenericEvent')}
  0x0000000116e47bd4: 05de 9cd2 | 8537 a0f2 | 0501 c0f2 | 0608 40b9 | c600 5dd2 | c810 40f9 | bf00 08eb | e000 0054 
  0x0000000116e47bf4: df00 05eb | a000 0054 | e617 bfa9 

  0x0000000116e47c00: ;   {runtime_call slow_subtype_check Runtime1 stub}
  0x0000000116e47c00: 402f cd95 | e607 41f8 | e604 0034 

  0x0000000116e47c0c: ;   {metadata(method data for {method} {0x000000014c7efb38} 'invoke' '(Lnet/minecraftforge/eventbus/api/Event;)V' in 'net/minecraftforge/eventbus/ASMEventHandler')}
  0x0000000116e47c0c: 0662 82d2 | 46c1 a9f2 | 2600 c0f2 | 0508 40b9 | a500 5dd2 | c940 0791 | 2801 40f9 | bf00 08eb 
  0x0000000116e47c2c: a100 0054 | c8ec 40f9 | 0805 0091 | c8ec 00f9 | 2200 0014 | c980 0791 | 2801 40f9 | bf00 08eb 
  0x0000000116e47c4c: a100 0054 | c8f4 40f9 | 0805 0091 | c8f4 00f9 | 1a00 0014 | c940 0791 | 2801 40f9 | c800 00b5 
  0x0000000116e47c6c: 2501 00f9 | e803 40b2 | c960 0791 | 2801 00f9 | 1200 0014 | c980 0791 | 2801 40f9 | c800 00b5 
  0x0000000116e47c8c: 2501 00f9 | e803 40b2 | c9a0 0791 | 2801 00f9 | 0a00 0014 | 0900 0014 

  0x0000000116e47ca4: ;   {metadata(method data for {method} {0x000000014c7efb38} 'invoke' '(Lnet/minecraftforge/eventbus/api/Event;)V' in 'net/minecraftforge/eventbus/ASMEventHandler')}
  0x0000000116e47ca4: 0662 82d2 | 46c1 a9f2 | 2600 c0f2 | c8e0 40f9 | 0805 00d1 | c8e0 00f9 | 8700 0014 | 0100 0014 
  0x0000000116e47cc4: e303 00aa | 4301 00b4 

  0x0000000116e47ccc: ;   {metadata('net/minecraftforge/eventbus/api/GenericEvent')}
  0x0000000116e47ccc: 061e 9dd2 | 8637 a0f2 | 0601 c0f2 | 6708 40b9 | e700 5dd2 | e820 40f9 | df00 08eb | c10f 0054 
  0x0000000116e47cec: 0100 0014 | e403 03aa 

  0x0000000116e47cf4: ; implicit exception: dispatches to 0x0000000116e47ee4
  0x0000000116e47cf4: 7f00 40f9 | e403 03aa 

  0x0000000116e47cfc: ;   {metadata(method data for {method} {0x000000014c7efb38} 'invoke' '(Lnet/minecraftforge/eventbus/api/Event;)V' in 'net/minecraftforge/eventbus/ASMEventHandler')}
  0x0000000116e47cfc: 0562 82d2 | 45c1 a9f2 | 2500 c0f2 | 8408 40b9 | 8400 5dd2 | a920 0891 | 2801 40f9 | 9f00 08eb 
  0x0000000116e47d1c: a100 0054 | a808 41f9 | 0805 0091 | a808 01f9 | 1c00 0014 | a960 0891 | 2801 40f9 | 9f00 08eb 
  0x0000000116e47d3c: a100 0054 | a810 41f9 | 0805 0091 | a810 01f9 | 1400 0014 | a920 0891 | 2801 40f9 | c800 00b5 
  0x0000000116e47d5c: 2401 00f9 | e803 40b2 | a940 0891 | 2801 00f9 | 0c00 0014 | a960 0891 | 2801 40f9 | c800 00b5 
  0x0000000116e47d7c: 2401 00f9 | e803 40b2 | a980 0891 | 2801 00f9 | 0400 0014 | a8fc 40f9 | 0805 0091 | a8fc 00f9 
  0x0000000116e47d9c: 6318 40b9 | 63f0 7dd3 | 5f00 03eb 

  0x0000000116e47da8: ;   {metadata(method data for {method} {0x000000014c7efb38} 'invoke' '(Lnet/minecraftforge/eventbus/api/Event;)V' in 'net/minecraftforge/eventbus/ASMEventHandler')}
  0x0000000116e47da8: 0262 82d2 | 42c1 a9f2 | 2200 c0f2 | 0846 80d2 | 0948 80d2 | 0311 899a | 4468 63f8 | 8404 0091 
  0x0000000116e47dc8: 4468 23f8 | 4106 0054 | 210c 40b9 | 21f0 7dd3 

  0x0000000116e47dd8: ; implicit exception: dispatches to 0x0000000116e47ee8
  0x0000000116e47dd8: 3f00 40f9 | e203 01aa 

  0x0000000116e47de0: ;   {metadata(method data for {method} {0x000000014c7efb38} 'invoke' '(Lnet/minecraftforge/eventbus/api/Event;)V' in 'net/minecraftforge/eventbus/ASMEventHandler')}
  0x0000000116e47de0: 0362 82d2 | 43c1 a9f2 | 2300 c0f2 | 4208 40b9 | 4200 5dd2 | 6980 0991 | 2801 40f9 | 5f00 08eb 
  0x0000000116e47e00: a100 0054 | 6834 41f9 | 0805 0091 | 6834 01f9 | 1c00 0014 | 69c0 0991 | 2801 40f9 | 5f00 08eb 
  0x0000000116e47e20: a100 0054 | 683c 41f9 | 0805 0091 | 683c 01f9 | 1400 0014 | 6980 0991 | 2801 40f9 | c800 00b5 
  0x0000000116e47e40: 2201 00f9 | e803 40b2 | 69a0 0991 | 2801 00f9 | 0c00 0014 | 69c0 0991 | 2801 40f9 | c800 00b5 
  0x0000000116e47e60: 2201 00f9 | e803 40b2 | 69e0 0991 | 2801 00f9 | 0400 0014 | 6828 41f9 | 0805 0091 | 6828 01f9 
  0x0000000116e47e80: e203 00aa | 09e4 8cd2 | 69fd aaf2 | 8901 c0f2 

  0x0000000116e47e90: ; ImmutableOopMap {}
                      ;*invokeinterface invoke {reexecute=0 rethrow=0 return_oop=0}
                      ; - net.minecraftforge.eventbus.ASMEventHandler::invoke@47 (line 55)
                      ;   {virtual_call}
  0x0000000116e47e90: be6c cd95 | fd7b 44a9 | ff43 0191 

  0x0000000116e47e9c: ;   {poll_return}
  0x0000000116e47e9c: 88a7 41f9 | ff63 28eb | 4802 0054 | c003 5fd6 

  0x0000000116e47eac: ;   {metadata({method} {0x000000014c7efb38} 'invoke' '(Lnet/minecraftforge/eventbus/api/Event;)V' in 'net/minecraftforge/eventbus/ASMEventHandler')}
  0x0000000116e47eac: 0867 9fd2 | c88f a9f2 | 2800 c0f2 | e807 00f9 | 0800 8092 | e803 00f9 

  0x0000000116e47ec4: ; ImmutableOopMap {c_rarg1=Oop c_rarg2=Oop }
                      ;*synchronization entry
                      ; - net.minecraftforge.eventbus.ASMEventHandler::invoke@-1 (line 53)
                      ;   {runtime_call counter_overflow Runtime1 stub}
  0x0000000116e47ec4: 8f37 cd95 | ccfe ff17 

  0x0000000116e47ecc: ; ImmutableOopMap {c_rarg1=Oop c_rarg2=Oop }
                      ;*invokevirtual isCanceled {reexecute=0 rethrow=0 return_oop=0}
                      ; - net.minecraftforge.eventbus.ASMEventHandler::invoke@1 (line 53)
                      ;   {runtime_call throw_null_pointer_exception Runtime1 stub}
  0x0000000116e47ecc: 0d24 cd95 

  0x0000000116e47ed0: ; ImmutableOopMap {c_rarg1=Oop [48]=Oop c_rarg0=Oop }
                      ;*invokeinterface receiveCanceled {reexecute=0 rethrow=0 return_oop=0}
                      ; - net.minecraftforge.eventbus.ASMEventHandler::invoke@11 (line 53)
                      ;   {runtime_call throw_incompatible_class_change_error Runtime1 stub}
  0x0000000116e47ed0: cc2d cd95 

  0x0000000116e47ed4: ; ImmutableOopMap {c_rarg1=Oop [48]=Oop c_rarg0=Oop }
                      ;*invokeinterface receiveCanceled {reexecute=0 rethrow=0 return_oop=0}
                      ; - net.minecraftforge.eventbus.ASMEventHandler::invoke@11 (line 53)
                      ;   {runtime_call throw_null_pointer_exception Runtime1 stub}
  0x0000000116e47ed4: 0b24 cd95 | e803 00aa 

  0x0000000116e47edc: ; ImmutableOopMap {c_rarg1=Oop c_rarg0=Oop c_rarg2=Oop }
                      ;*checkcast {reexecute=0 rethrow=0 return_oop=0}
                      ; - net.minecraftforge.eventbus.ASMEventHandler::invoke@31 (line 54)
                      ;   {runtime_call throw_class_cast_exception Runtime1 stub}
  0x0000000116e47edc: 092d cd95 

  0x0000000116e47ee0: ; ImmutableOopMap {c_rarg1=Oop c_rarg0=Oop c_rarg2=Oop c_rarg3=Oop }
                      ;*invokeinterface getGenericType {reexecute=0 rethrow=0 return_oop=0}
                      ; - net.minecraftforge.eventbus.ASMEventHandler::invoke@34 (line 54)
                      ;   {runtime_call throw_incompatible_class_change_error Runtime1 stub}
  0x0000000116e47ee0: c82d cd95 

  0x0000000116e47ee4: ; ImmutableOopMap {c_rarg1=Oop c_rarg0=Oop c_rarg2=Oop c_rarg3=Oop }
                      ;*invokeinterface getGenericType {reexecute=0 rethrow=0 return_oop=0}
                      ; - net.minecraftforge.eventbus.ASMEventHandler::invoke@34 (line 54)
                      ;   {runtime_call throw_null_pointer_exception Runtime1 stub}
  0x0000000116e47ee4: 0724 cd95 

  0x0000000116e47ee8: ; ImmutableOopMap {c_rarg0=Oop c_rarg1=Oop }
                      ;*invokeinterface invoke {reexecute=0 rethrow=0 return_oop=0}
                      ; - net.minecraftforge.eventbus.ASMEventHandler::invoke@47 (line 55)
                      ;   {runtime_call throw_null_pointer_exception Runtime1 stub}
  0x0000000116e47ee8: 0624 cd95 

  0x0000000116e47eec: ;   {internal_word}
  0x0000000116e47eec: 88fd ff10 | 88b3 01f9 

  0x0000000116e47ef4: ;   {runtime_call SafepointBlob}
  0x0000000116e47ef4: c37c ca15 | 1f20 03d5 | 1f20 03d5 | 80ef 41f9 | 9fef 01f9 | 9ff3 01f9 | fd7b 44a9 | ff43 0191 
  0x0000000116e47f14: ;   {runtime_call unwind_exception Runtime1 stub}
  0x0000000116e47f14: bb1e cd15 | 0000 0000 | 0000 0000 | 0000 0000 | 0000 0000 | 0000 0000 | 0000 0000 | 0000 0000 
  0x0000000116e47f34: 0000 0000 | 0000 0000 | 0000 0000 
[Stub Code]
  0x0000000116e47f40: ;   {no_reloc}
  0x0000000116e47f40: df3f 03d5 

  0x0000000116e47f44: ;   {metadata(NULL)}
  0x0000000116e47f44: 0c00 80d2 | 0c00 a0f2 | 0c00 c0f2 | 0800 80d2 | 0800 a0f2 | 0800 c0f2 | 0001 1fd6 

  0x0000000116e47f60: ;   {trampoline_stub}
  0x0000000116e47f60: 4800 0058 | 0001 1fd6 | 000f 0e1e | 0100 0000 

  0x0000000116e47f70: ;   {static_stub}
  0x0000000116e47f70: df3f 03d5 

  0x0000000116e47f74: ;   {metadata(NULL)}
  0x0000000116e47f74: 0c00 80d2 | 0c00 a0f2 | 0c00 c0f2 | 0800 80d2 | 0800 a0f2 | 0800 c0f2 | 0001 1fd6 

  0x0000000116e47f90: ;   {trampoline_stub}
  0x0000000116e47f90: 4800 0058 | 0001 1fd6 | 8831 1a1e | 0100 0000 
[Exception Handler]
  0x0000000116e47fa0: ;   {runtime_call handle_exception_from_callee Runtime1 stub}
  0x0000000116e47fa0: 582b cd95 | c1d5 bbd4 | 649f ad0e | 0100 0000 
[Deopt Handler Code]
  0x0000000116e47fb0: 1e00 0010 

  0x0000000116e47fb4: ;   {runtime_call DeoptimizationBlob}
  0x0000000116e47fb4: 637d ca15 
[/MachCode]


Compiled method (c1) 20827 17844   !   3       net.minecraftforge.eventbus.EventBus::post (145 bytes)
 total in heap  [0x0000000116e40290,0x0000000116e41758] = 5320
 relocation     [0x0000000116e403e8,0x0000000116e40560] = 376
 main code      [0x0000000116e40580,0x0000000116e41000] = 2688
 stub code      [0x0000000116e41000,0x0000000116e41198] = 408
 oops           [0x0000000116e41198,0x0000000116e411a8] = 16
 metadata       [0x0000000116e411a8,0x0000000116e41260] = 184
 scopes data    [0x0000000116e41260,0x0000000116e41420] = 448
 scopes pcs     [0x0000000116e41420,0x0000000116e41640] = 544
 dependencies   [0x0000000116e41640,0x0000000116e41658] = 24
 handler table  [0x0000000116e41658,0x0000000116e416e8] = 144
 nul chk table  [0x0000000116e416e8,0x0000000116e41758] = 112

[Constant Pool (empty)]

[MachCode]
[Entry Point]
  # {method} {0x000000014c1a4c70} 'post' '(Lnet/minecraftforge/eventbus/api/Event;Lnet/minecraftforge/eventbus/api/IEventBusInvokeDispatcher;)Z' in 'net/minecraftforge/eventbus/EventBus'
  # this:     c_rarg1:c_rarg1 
                        = 'net/minecraftforge/eventbus/EventBus'
  # parm0:    c_rarg2:c_rarg2 
                        = 'net/minecraftforge/eventbus/api/Event'
  # parm1:    c_rarg3:c_rarg3 
                        = 'net/minecraftforge/eventbus/api/IEventBusInvokeDispatcher'
  #           [sp+0xc0]  (sp of caller)
  0x0000000116e40580: 2808 40b9 | 3f01 086b | c001 0054 

  0x0000000116e4058c: ;   {runtime_call ic_miss_stub}
  0x0000000116e4058c: 9d81 ca15 | 1f20 03d5 | 1f20 03d5 | 1f20 03d5 | 1f20 03d5 | 1f20 03d5 | 1f20 03d5 | 1f20 03d5 
  0x0000000116e405ac: 1f20 03d5 | 1f20 03d5 | 1f20 03d5 | 1f20 03d5 | 1f20 03d5 
[Verified Entry Point]
  0x0000000116e405c0: 1f20 03d5 | e953 40d1 | 3f01 00f9 | ff03 03d1 | fd7b 0ba9 | e207 06a9 | e33b 00f9 

  0x0000000116e405dc: ;   {metadata(method data for {method} {0x000000014c1a4c70} 'post' '(Lnet/minecraftforge/eventbus/api/Event;Lnet/minecraftforge/eventbus/api/IEventBusInvokeDispatcher;)Z' in 'net/minecraftforge/eventbus/EventBus')}
  0x0000000116e405dc: 00a8 80d2 | 40c1 a9f2 | 2000 c0f2 | 04ac 40b9 | 8408 0011 | 04ac 00b9 | 8424 1f12 | 9f00 0071 
  0x0000000116e405fc: 2044 0054 | bf3b 03d5 | 2044 4039 | bf39 03d5 | 1f00 0071 

  0x0000000116e40610: ;   {metadata(method data for {method} {0x000000014c1a4c70} 'post' '(Lnet/minecraftforge/eventbus/api/Event;Lnet/minecraftforge/eventbus/api/IEventBusInvokeDispatcher;)Z' in 'net/minecraftforge/eventbus/EventBus')}
  0x0000000116e40610: 00a8 80d2 | 40c1 a9f2 | 2000 c0f2 | e803 78b2 | e90f 7cb2 | 0411 899a | 0568 64f8 | a504 0091 
  0x0000000116e40630: 0568 24f8 | 8130 0054 | 2048 4039 | 1f00 0071 

  0x0000000116e40640: ;   {metadata(method data for {method} {0x000000014c1a4c70} 'post' '(Lnet/minecraftforge/eventbus/api/Event;Lnet/minecraftforge/eventbus/api/IEventBusInvokeDispatcher;)Z' in 'net/minecraftforge/eventbus/EventBus')}
  0x0000000116e40640: 00a8 80d2 | 40c1 a9f2 | 2000 c0f2 | 0822 80d2 | 0924 80d2 | 0401 899a | 0568 64f8 | a504 0091 
  0x0000000116e40660: 0568 24f8 | 8003 0054 | 2020 40b9 | 00f0 7dd3 

  0x0000000116e40670: ; implicit exception: dispatches to 0x0000000116e40ea0
  0x0000000116e40670: 1f00 40f9 | e403 00aa 

  0x0000000116e40678: ;   {metadata(method data for {method} {0x000000014c1a4c70} 'post' '(Lnet/minecraftforge/eventbus/api/Event;Lnet/minecraftforge/eventbus/api/IEventBusInvokeDispatcher;)Z' in 'net/minecraftforge/eventbus/EventBus')}
  0x0000000116e40678: 05a8 80d2 | 45c1 a9f2 | 2500 c0f2 | a898 40f9 | 0805 0091 | a898 00f9 | e103 02aa 

  0x0000000116e40694: ;   {runtime_call Runtime1::is_instance_of(oopDesc*, oopDesc*)}
  0x0000000116e40694: 084f 8ed2 | c8c3 a1f2 | 2800 c0f2 | 0001 3fd6 | 1f00 0071 

  0x0000000116e406a8: ;   {metadata(method data for {method} {0x000000014c1a4c70} 'post' '(Lnet/minecraftforge/eventbus/api/Event;Lnet/minecraftforge/eventbus/api/IEventBusInvokeDispatcher;)Z' in 'net/minecraftforge/eventbus/EventBus')}
  0x0000000116e406a8: 01a8 80d2 | 41c1 a9f2 | 2100 c0f2 | 082f 80d2 | 092d 80d2 | 0001 899a | 2268 60f8 | 4204 0091 
  0x0000000116e406c8: 2268 20f8 | a02c 0054 | e233 40f9 

  0x0000000116e406d4: ; implicit exception: dispatches to 0x0000000116e40ea4
  0x0000000116e406d4: 5f00 40f9 | e003 02aa 

  0x0000000116e406dc: ;   {metadata(method data for {method} {0x000000014c1a4c70} 'post' '(Lnet/minecraftforge/eventbus/api/Event;Lnet/minecraftforge/eventbus/api/IEventBusInvokeDispatcher;)Z' in 'net/minecraftforge/eventbus/EventBus')}
  0x0000000116e406dc: 03a8 80d2 | 43c1 a9f2 | 2300 c0f2 | 0008 40b9 | 0000 5dd2 | 6940 0a91 | 2801 40f9 | 1f00 08eb 
  0x0000000116e406fc: a100 0054 | 684c 41f9 | 0805 0091 | 684c 01f9 | 1c00 0014 | 6980 0a91 | 2801 40f9 | 1f00 08eb 
  0x0000000116e4071c: a100 0054 | 6854 41f9 | 0805 0091 | 6854 01f9 | 1400 0014 | 6940 0a91 | 2801 40f9 | c800 00b5 
  0x0000000116e4073c: 2001 00f9 | e803 40b2 | 6960 0a91 | 2801 00f9 | 0c00 0014 | 6980 0a91 | 2801 40f9 | c800 00b5 
  0x0000000116e4075c: 2001 00f9 | e803 40b2 | 69a0 0a91 | 2801 00f9 | 0400 0014 | 6840 41f9 | 0805 0091 | 6840 01f9 
  0x0000000116e4077c: e103 02aa | e9ff 9fd2 | e9ff bff2 | e9ff dff2 

  0x0000000116e4078c: ; ImmutableOopMap {[112]=Oop [104]=Oop [96]=Oop }
                      ;*invokevirtual getListenerList {reexecute=0 rethrow=0 return_oop=0}
                      ; - net.minecraftforge.eventbus.EventBus::post@55 (line 307)
                      ;   {virtual_call}
  0x0000000116e4078c: 390c ce95 | e137 40f9 | 220c 40b9 

  0x0000000116e40798: ; implicit exception: dispatches to 0x0000000116e40ea8
  0x0000000116e40798: 1f00 40f9 | e303 00aa 

  0x0000000116e407a0: ;   {metadata(method data for {method} {0x000000014c1a4c70} 'post' '(Lnet/minecraftforge/eventbus/api/Event;Lnet/minecraftforge/eventbus/api/IEventBusInvokeDispatcher;)Z' in 'net/minecraftforge/eventbus/EventBus')}
  0x0000000116e407a0: 04a8 80d2 | 44c1 a9f2 | 2400 c0f2 | 8868 41f9 | 0805 0091 | 8868 01f9 

  0x0000000116e407b8: ;   {metadata(method data for {method} {0x000000014c1aaa30} 'getListeners' '(I)[Lnet/minecraftforge/eventbus/api/IEventListener;' in 'net/minecraftforge/eventbus/ListenerList')}
  0x0000000116e407b8: 0342 81d2 | 43c1 a9f2 | 2300 c0f2 | 64ac 40b9 | 8408 0011 | 64ac 00b9 | 844c 1f12 | 9f00 0071 
  0x0000000116e407d8: a036 0054 | 0010 40b9 | 00f0 7dd3 

  0x0000000116e407e4: ; implicit exception: dispatches to 0x0000000116e40ecc
  0x0000000116e407e4: 030c 40b9 | 5f00 036b | 2237 0054 | 427c 4093 | 42f4 7ed3 | 4240 0091 | 0068 62b8 | 00f0 7dd3 
  0x0000000116e40804: ; implicit exception: dispatches to 0x0000000116e40ee8
  0x0000000116e40804: 1f00 40f9 | e203 00aa 

  0x0000000116e4080c: ;   {metadata(method data for {method} {0x000000014c1aaa30} 'getListeners' '(I)[Lnet/minecraftforge/eventbus/api/IEventListener;' in 'net/minecraftforge/eventbus/ListenerList')}
  0x0000000116e4080c: 0342 81d2 | 43c1 a9f2 | 2300 c0f2 | 6884 40f9 | 0805 0091 | 6884 00f9 

  0x0000000116e40824: ;   {metadata(method data for {method} {0x000000014c1d7c68} 'getListeners' '()[Lnet/minecraftforge/eventbus/api/IEventListener;' in 'net/minecraftforge/eventbus/ListenerList$ListenerListInst')}
  0x0000000116e40824: 0270 81d2 | 42c1 a9f2 | 2200 c0f2 | 43ac 40b9 | 6308 0011 | 43ac 00b9 | 634c 1f12 | 7f00 0071 
  0x0000000116e40844: 4035 0054 | bf3b 03d5 | 020c 40b9 | 42f0 7dd3 | bf39 03d5 | e303 1faa | 5f00 03eb 

  0x0000000116e40860: ;   {metadata(method data for {method} {0x000000014c1d7c68} 'getListeners' '()[Lnet/minecraftforge/eventbus/api/IEventListener;' in 'net/minecraftforge/eventbus/ListenerList$ListenerListInst')}
  0x0000000116e40860: 0370 81d2 | 43c1 a9f2 | 2300 c0f2 | e803 78b2 | e90f 7cb2 | 0411 899a | 6568 64f8 | a504 0091 
  0x0000000116e40880: 6568 24f8 | 6101 0054 | e203 00aa 

  0x0000000116e4088c: ;   {metadata(method data for {method} {0x000000014c1d7c68} 'getListeners' '()[Lnet/minecraftforge/eventbus/api/IEventListener;' in 'net/minecraftforge/eventbus/ListenerList$ListenerListInst')}
  0x0000000116e4088c: 0370 81d2 | 43c1 a9f2 | 2300 c0f2 | 6888 40f9 | 0805 0091 | 6888 00f9 | e103 00aa 

  0x0000000116e408a8: ; ImmutableOopMap {[112]=Oop [96]=Oop [104]=Oop }
                      ;*invokevirtual buildCache {reexecute=0 rethrow=0 return_oop=0}
                      ; - net.minecraftforge.eventbus.ListenerList$ListenerListInst::getListeners@12 (line 187)
                      ; - net.minecraftforge.eventbus.ListenerList::getListeners@6 (line 82)
                      ; - net.minecraftforge.eventbus.EventBus::post@62 (line 307)
                      ;   {optimized virtual_call}
  0x0000000116e408a8: e201 0094 | e203 00aa | 0000 a052 | e33b 40f9 | e407 46a9 

  0x0000000116e408bc: ; implicit exception: dispatches to 0x0000000116e40f0c
  0x0000000116e408bc: 450c 40b9 | 1f00 056b 

  0x0000000116e408c4: ;   {metadata(method data for {method} {0x000000014c1a4c70} 'post' '(Lnet/minecraftforge/eventbus/api/Event;Lnet/minecraftforge/eventbus/api/IEventBusInvokeDispatcher;)Z' in 'net/minecraftforge/eventbus/EventBus')}
  0x0000000116e408c4: 05a8 80d2 | 45c1 a9f2 | 2500 c0f2 | 085e 80d2 | e907 78b2 | 06a1 899a | a768 66f8 | e704 0091 
  0x0000000116e408e4: a768 26f8 | ca13 0054 | 2540 4039 | bf00 0071 

  0x0000000116e408f4: ;   {metadata(method data for {method} {0x000000014c1a4c70} 'post' '(Lnet/minecraftforge/eventbus/api/Event;Lnet/minecraftforge/eventbus/api/IEventBusInvokeDispatcher;)Z' in 'net/minecraftforge/eventbus/EventBus')}
  0x0000000116e408f4: 05a8 80d2 | 45c1 a9f2 | 2500 c0f2 | 0862 80d2 | 0964 80d2 | 0611 899a | a768 66f8 | e704 0091 
  0x0000000116e40914: a768 26f8 | 0104 0054 | 057c 4093 | a5f4 7ed3 | a540 0091 | 4568 65b8 | a5f0 7dd3 

  0x0000000116e40930: ; implicit exception: dispatches to 0x0000000116e40f10
  0x0000000116e40930: bf00 40f9 | e603 05aa 

  0x0000000116e40938: ;   {metadata(method data for {method} {0x000000014c1a4c70} 'post' '(Lnet/minecraftforge/eventbus/api/Event;Lnet/minecraftforge/eventbus/api/IEventBusInvokeDispatcher;)Z' in 'net/minecraftforge/eventbus/EventBus')}
  0x0000000116e40938: 07a8 80d2 | 47c1 a9f2 | 2700 c0f2 | e898 41f9 | 0805 0091 | e898 01f9 | a508 40b9 | a500 5dd2 
  0x0000000116e40958: a538 40f9 | a500 40f9 

  0x0000000116e40960: ;   {oop(a 'java/lang/Class'{0x0000000711583f40} = 'net/minecraftforge/eventbus/api/EventPriority')}
  0x0000000116e40960: 06e8 87d2 | 062b a2f2 | e600 c0f2 | bf00 06eb 

  0x0000000116e40970: ;   {metadata(method data for {method} {0x000000014c1a4c70} 'post' '(Lnet/minecraftforge/eventbus/api/Event;Lnet/minecraftforge/eventbus/api/IEventBusInvokeDispatcher;)Z' in 'net/minecraftforge/eventbus/EventBus')}
  0x0000000116e40970: 05a8 80d2 | 45c1 a9f2 | 2500 c0f2 | 086f 80d2 | 096d 80d2 | 0601 899a | a768 66f8 | e704 0091 
  0x0000000116e40990: a768 26f8 | 800a 0054 | 057c 4093 | a5f4 7ed3 | a540 0091 | 4568 65b8 | a5f0 7dd3 | 2301 00b4 
  0x0000000116e409b0: ;   {metadata('net/minecraftforge/eventbus/EventBus$$Lambda$4854+0x0000000801ca2940')}
  0x0000000116e409b0: 0a28 85d2 | 4a39 a0f2 | 0a01 c0f2 | 6808 40b9 | 0801 5dd2 | 1f01 0aeb | 612a 0054 | 0100 0014 
  0x0000000116e409d0: e603 03aa 

  0x0000000116e409d4: ; implicit exception: dispatches to 0x0000000116e40f18
  0x0000000116e409d4: 7f00 40f9 | e603 03aa 

  0x0000000116e409dc: ;   {metadata(method data for {method} {0x000000014c1a4c70} 'post' '(Lnet/minecraftforge/eventbus/api/Event;Lnet/minecraftforge/eventbus/api/IEventBusInvokeDispatcher;)Z' in 'net/minecraftforge/eventbus/EventBus')}
  0x0000000116e409dc: 07a8 80d2 | 47c1 a9f2 | 2700 c0f2 | e8dc 41f9 | 0805 0091 | e8dc 01f9 

  0x0000000116e409f4: ;   {metadata(method data for {method} {0x000000014c8405f0} 'invoke' '(Lnet/minecraftforge/eventbus/api/IEventListener;Lnet/minecraftforge/eventbus/api/Event;)V' in 'net/minecraftforge/eventbus/EventBus$$Lambda$4854+0x0000000801ca2940')}
  0x0000000116e409f4: 0679 80d2 | 46c1 a9f2 | 2600 c0f2 | c7ac 40b9 | e708 0011 | c7ac 00b9 | e74c 1f12 | ff00 0071 
  0x0000000116e40a14: 4028 0054 

  0x0000000116e40a18: ; implicit exception: dispatches to 0x0000000116e40f3c
  0x0000000116e40a18: bf00 40f9 | e603 05aa 

  0x0000000116e40a20: ;   {metadata(method data for {method} {0x000000014c8405f0} 'invoke' '(Lnet/minecraftforge/eventbus/api/IEventListener;Lnet/minecraftforge/eventbus/api/Event;)V' in 'net/minecraftforge/eventbus/EventBus$$Lambda$4854+0x0000000801ca2940')}
  0x0000000116e40a20: 0779 80d2 | 47c1 a9f2 | 2700 c0f2 | c608 40b9 | c600 5dd2 | e900 0491 | 2801 40f9 | df00 08eb 
  0x0000000116e40a40: a100 0054 | e884 40f9 | 0805 0091 | e884 00f9 | 1c00 0014 | e940 0491 | 2801 40f9 | df00 08eb 
  0x0000000116e40a60: a100 0054 | e88c 40f9 | 0805 0091 | e88c 00f9 | 1400 0014 | e900 0491 | 2801 40f9 | c800 00b5 
  0x0000000116e40a80: 2601 00f9 | e803 40b2 | e920 0491 | 2801 00f9 | 0c00 0014 | e940 0491 | 2801 40f9 | c800 00b5 
  0x0000000116e40aa0: 2601 00f9 | e803 40b2 | e960 0491 | 2801 00f9 | 0400 0014 | e878 40f9 | 0805 0091 | e878 00f9 
  0x0000000116e40ac0: e243 00f9 | e203 04aa | e103 05aa | e07b 00b9 | 09e0 8dd2 | 69fd aaf2 | 8901 c0f2 

  0x0000000116e40adc: ; ImmutableOopMap {[112]=Oop [104]=Oop [128]=Oop [96]=Oop }
                      ;*invokeinterface invoke {reexecute=0 rethrow=0 return_oop=0}
                      ; - net.minecraftforge.eventbus.EventBus$$Lambda$4854/0x0000000801ca2940::invoke@2
                      ; - net.minecraftforge.eventbus.EventBus::post@105 (line 312)
                      ;   {virtual_call}
  0x0000000116e40adc: ab89 cd95 | 0900 0014 | e07b 00b9 | e243 00f9 

  0x0000000116e40aec: ;   {metadata(method data for {method} {0x000000014c1a4c70} 'post' '(Lnet/minecraftforge/eventbus/api/Event;Lnet/minecraftforge/eventbus/api/IEventBusInvokeDispatcher;)Z' in 'net/minecraftforge/eventbus/EventBus')}
  0x0000000116e40aec: 00a8 80d2 | 40c1 a9f2 | 2000 c0f2 | 03c4 41f9 | 6304 0091 | 03c4 01f9 | e17b 40b9 | 2004 0011 
  0x0000000116e40b0c: ;   {metadata(method data for {method} {0x000000014c1a4c70} 'post' '(Lnet/minecraftforge/eventbus/api/Event;Lnet/minecraftforge/eventbus/api/IEventBusInvokeDispatcher;)Z' in 'net/minecraftforge/eventbus/EventBus')}
  0x0000000116e40b0c: 03a8 80d2 | 43c1 a9f2 | 2300 c0f2 | 64b0 40b9 | 8408 0011 | 64b0 00b9 | 8430 1f12 | 9f00 0071 
  0x0000000116e40b2c: a020 0054 

  0x0000000116e40b30: ; ImmutableOopMap {[112]=Oop [104]=Oop [128]=Oop [96]=Oop }
                      ;*goto {reexecute=1 rethrow=0 return_oop=0}
                      ; - (reexecute) net.minecraftforge.eventbus.EventBus::post@113 (line 310)
  0x0000000116e40b30: 88ab 41f9 

  0x0000000116e40b34: ;   {poll}
  0x0000000116e40b34: 1f01 40b9 

  0x0000000116e40b38: ;   {metadata(method data for {method} {0x000000014c1a4c70} 'post' '(Lnet/minecraftforge/eventbus/api/Event;Lnet/minecraftforge/eventbus/api/IEventBusInvokeDispatcher;)Z' in 'net/minecraftforge/eventbus/EventBus')}
  0x0000000116e40b38: 03a8 80d2 | 43c1 a9f2 | 2300 c0f2 | 64ec 41f9 | 8404 0091 | 64ec 01f9 | e103 00aa | e003 01aa 
  0x0000000116e40b58: e243 40f9 | 56ff ff17 

  0x0000000116e40b60: ;   {metadata(method data for {method} {0x000000014c1a4c70} 'post' '(Lnet/minecraftforge/eventbus/api/Event;Lnet/minecraftforge/eventbus/api/IEventBusInvokeDispatcher;)Z' in 'net/minecraftforge/eventbus/EventBus')}
  0x0000000116e40b60: 00a8 80d2 | 40c1 a9f2 | 2000 c0f2 | 03f8 41f9 | 6304 0091 | 03f8 01f9 | e533 40f9 | e203 05aa 
  0x0000000116e40b80: ;   {metadata(method data for {method} {0x000000014c1a4c70} 'post' '(Lnet/minecraftforge/eventbus/api/Event;Lnet/minecraftforge/eventbus/api/IEventBusInvokeDispatcher;)Z' in 'net/minecraftforge/eventbus/EventBus')}
  0x0000000116e40b80: 00a8 80d2 | 40c1 a9f2 | 2000 c0f2 | 4208 40b9 | 4200 5dd2 | 0940 1191 | 2801 40f9 | 5f00 08eb 
  0x0000000116e40ba0: a100 0054 | 082c 42f9 | 0805 0091 | 082c 02f9 | 1c00 0014 | 0980 1191 | 2801 40f9 | 5f00 08eb 
  0x0000000116e40bc0: a100 0054 | 0834 42f9 | 0805 0091 | 0834 02f9 | 1400 0014 | 0940 1191 | 2801 40f9 | c800 00b5 
  0x0000000116e40be0: 2201 00f9 | e803 40b2 | 0960 1191 | 2801 00f9 | 0c00 0014 | 0980 1191 | 2801 40f9 | c800 00b5 
  0x0000000116e40c00: 2201 00f9 | e803 40b2 | 09a0 1191 | 2801 00f9 | 0400 0014 | 0820 42f9 | 0805 0091 | 0820 02f9 
  0x0000000116e40c20: a030 4039 | 0000 0012 | 0000 0012 | fd7b 4ba9 | ff03 0391 

  0x0000000116e40c34: ;   {poll_return}
  0x0000000116e40c34: 88a7 41f9 | ff63 28eb | 2819 0054 | c003 5fd6 | 0000 a052 | fd7b 4ba9 | ff03 0391 

  0x0000000116e40c50: ;   {poll_return}
  0x0000000116e40c50: 88a7 41f9 | ff63 28eb | a818 0054 | c003 5fd6 | e533 40f9 

  0x0000000116e40c64: ; ImmutableOopMap {[104]=Oop c_rarg5=Oop [96]=Oop }
                      ;*new {reexecute=0 rethrow=0 return_oop=0}
                      ; - net.minecraftforge.eventbus.EventBus::post@27 (line 305)
                      ;   {runtime_call load_mirror_patching Runtime1 stub}
  0x0000000116e40c64: e751 cd95 | 8087 40f9 | 0ba0 0091 | 888f 40f9 | 7f01 08eb | 0818 0054 | 8b87 00f9 | ea03 40b2 
  0x0000000116e40c84: 0a00 00f9 | 6a00 5dd2 | 0a7c 0129 | 0a40 0091 | 5f01 00f9 | 5ffd 00a9 | bf3a 03d5 

  0x0000000116e40ca0: ; implicit exception: dispatches to 0x0000000116e40f80
  0x0000000116e40ca0: bf00 40f9 | e203 05aa 

  0x0000000116e40ca8: ;   {metadata(method data for {method} {0x000000014c1a4c70} 'post' '(Lnet/minecraftforge/eventbus/api/Event;Lnet/minecraftforge/eventbus/api/IEventBusInvokeDispatcher;)Z' in 'net/minecraftforge/eventbus/EventBus')}
  0x0000000116e40ca8: 03a8 80d2 | 43c1 a9f2 | 2300 c0f2 | 68c4 40f9 | 0805 0091 | 68c4 00f9 | a208 40b9 | 4200 5dd2 
  0x0000000116e40cc8: 4238 40f9 | 4200 40f9 

  0x0000000116e40cd0: ; implicit exception: dispatches to 0x0000000116e40f84
  0x0000000116e40cd0: 5f00 40f9 | e303 02aa 

  0x0000000116e40cd8: ;   {metadata(method data for {method} {0x000000014c1a4c70} 'post' '(Lnet/minecraftforge/eventbus/api/Event;Lnet/minecraftforge/eventbus/api/IEventBusInvokeDispatcher;)Z' in 'net/minecraftforge/eventbus/EventBus')}
  0x0000000116e40cd8: 04a8 80d2 | 44c1 a9f2 | 2400 c0f2 | 88e0 40f9 | 0805 0091 | 88e0 00f9 | e103 02aa | e047 00f9 
  0x0000000116e40cf8: ; ImmutableOopMap {[104]=Oop [136]=Oop }
                      ;*invokevirtual getSimpleName {reexecute=0 rethrow=0 return_oop=0}
                      ; - net.minecraftforge.eventbus.EventBus::post@35 (line 305)
                      ;   {optimized virtual_call}
  0x0000000116e40cf8: 8280 ca95 | e237 40f9 | 4120 40b9 | 21f0 7dd3 

  0x0000000116e40d08: ; implicit exception: dispatches to 0x0000000116e40f88
  0x0000000116e40d08: 3f00 40f9 | e203 01aa 

  0x0000000116e40d10: ;   {metadata(method data for {method} {0x000000014c1a4c70} 'post' '(Lnet/minecraftforge/eventbus/api/Event;Lnet/minecraftforge/eventbus/api/IEventBusInvokeDispatcher;)Z' in 'net/minecraftforge/eventbus/EventBus')}
  0x0000000116e40d10: 03a8 80d2 | 43c1 a9f2 | 2300 c0f2 | 68fc 40f9 | 0805 0091 | 68fc 00f9 | e04b 00f9 

  0x0000000116e40d2c: ; ImmutableOopMap {[136]=Oop [144]=Oop }
                      ;*invokevirtual getSimpleName {reexecute=0 rethrow=0 return_oop=0}
                      ; - net.minecraftforge.eventbus.EventBus::post@42 (line 305)
                      ;   {optimized virtual_call}
  0x0000000116e40d2c: 7580 ca95 

  0x0000000116e40d30: ; ImmutableOopMap {[136]=Oop [144]=Oop c_rarg0=Oop }
                      ;*invokedynamic {reexecute=0 rethrow=0 return_oop=0}
                      ; - net.minecraftforge.eventbus.EventBus::post@45 (line 305)
                      ;   {runtime_call load_appendix_patching Runtime1 stub}
  0x0000000116e40d30: 7452 cd95 | e14b 40f9 | e203 00aa 

  0x0000000116e40d3c: ; ImmutableOopMap {[136]=Oop }
                      ;*invokedynamic {reexecute=0 rethrow=0 return_oop=0}
                      ; - net.minecraftforge.eventbus.EventBus::post@45 (line 305)
                      ;   {static_call}
  0x0000000116e40d3c: f181 ca95 

  0x0000000116e40d40: ;   {metadata(method data for {method} {0x000000014c1a4c70} 'post' '(Lnet/minecraftforge/eventbus/api/Event;Lnet/minecraftforge/eventbus/api/IEventBusInvokeDispatcher;)Z' in 'net/minecraftforge/eventbus/EventBus')}
  0x0000000116e40d40: 02a8 80d2 | 42c1 a9f2 | 2200 c0f2 | 4280 0991 | e103 00aa | 8100 00b5 | 4900 40f9 | 2901 40b2 
  0x0000000116e40d60: 4900 00f9 | e247 40f9 

  0x0000000116e40d68: ;   {metadata(method data for {method} {0x000000014c1a4c70} 'post' '(Lnet/minecraftforge/eventbus/api/Event;Lnet/minecraftforge/eventbus/api/IEventBusInvokeDispatcher;)Z' in 'net/minecraftforge/eventbus/EventBus')}
  0x0000000116e40d68: 01a8 80d2 | 41c1 a9f2 | 2100 c0f2 | 2838 41f9 | 0805 0091 | 2838 01f9 | e203 00aa | e147 40f9 
  0x0000000116e40d88: ; ImmutableOopMap {[136]=Oop }
                      ;*invokespecial <init> {reexecute=0 rethrow=0 return_oop=0}
                      ; - net.minecraftforge.eventbus.EventBus::post@50 (line 305)
                      ;   {optimized virtual_call}
  0x0000000116e40d88: 5e80 ca95 | e047 40f9 | 9700 0014 | e50b 46a9 | 80ef 41f9 | 9fef 01f9 | 9ff3 01f9 | 471c 40b9 
  0x0000000116e40da8: e7f0 7dd3 

  0x0000000116e40dac: ; implicit exception: dispatches to 0x0000000116e40f8c
  0x0000000116e40dac: ff00 40f9 | e303 07aa 

  0x0000000116e40db4: ;   {metadata(method data for {method} {0x000000014c1a4c70} 'post' '(Lnet/minecraftforge/eventbus/api/Event;Lnet/minecraftforge/eventbus/api/IEventBusInvokeDispatcher;)Z' in 'net/minecraftforge/eventbus/EventBus')}
  0x0000000116e40db4: 06a8 80d2 | 46c1 a9f2 | 2600 c0f2 | 6308 40b9 | 6300 5dd2 | c960 1091 | 2801 40f9 | 7f00 08eb 
  0x0000000116e40dd4: a100 0054 | c810 42f9 | 0805 0091 | c810 02f9 | 1c00 0014 | c9a0 1091 | 2801 40f9 | 7f00 08eb 
  0x0000000116e40df4: a100 0054 | c818 42f9 | 0805 0091 | c818 02f9 | 1400 0014 | c960 1091 | 2801 40f9 | c800 00b5 
  0x0000000116e40e14: 2301 00f9 | e803 40b2 | c980 1091 | 2801 00f9 | 0c00 0014 | c9a0 1091 | 2801 40f9 | c800 00b5 
  0x0000000116e40e34: 2301 00f9 | e803 40b2 | c9c0 1091 | 2801 00f9 | 0400 0014 | c804 42f9 | 0805 0091 | c804 02f9 
  0x0000000116e40e54: e303 05aa | e503 01aa | e603 00aa | e103 07aa | e04f 00f9 | e9ff 9fd2 | e9ff bff2 | e9ff dff2 
  0x0000000116e40e74: ; ImmutableOopMap {[152]=Oop }
                      ;*invokeinterface handleException {reexecute=0 rethrow=0 return_oop=0}
                      ; - net.minecraftforge.eventbus.EventBus::post@132 (line 315)
                      ;   {virtual_call}
  0x0000000116e40e74: e380 ca95 | e04f 40f9 | 5c00 0014 

  0x0000000116e40e80: ;   {metadata({method} {0x000000014c1a4c70} 'post' '(Lnet/minecraftforge/eventbus/api/Event;Lnet/minecraftforge/eventbus/api/IEventBusInvokeDispatcher;)Z' in 'net/minecraftforge/eventbus/EventBus')}
  0x0000000116e40e80: 088e 89d2 | 4883 a9f2 | 2800 c0f2 | e807 00f9 | 0800 8092 | e803 00f9 

  0x0000000116e40e98: ; ImmutableOopMap {c_rarg1=Oop [104]=Oop c_rarg2=Oop [96]=Oop c_rarg3=Oop [112]=Oop }
                      ;*synchronization entry
                      ; - net.minecraftforge.eventbus.EventBus::post@-1 (line 303)
                      ;   {runtime_call counter_overflow Runtime1 stub}
  0x0000000116e40e98: 9a53 cd95 | d9fd ff17 

  0x0000000116e40ea0: ; ImmutableOopMap {c_rarg1=Oop [104]=Oop c_rarg2=Oop [96]=Oop [112]=Oop c_rarg0=Oop }
                      ;*invokevirtual isInstance {reexecute=0 rethrow=0 return_oop=0}
                      ; - net.minecraftforge.eventbus.EventBus::post@21 (line 304)
                      ;   {runtime_call throw_null_pointer_exception Runtime1 stub}
  0x0000000116e40ea0: 1840 cd95 

  0x0000000116e40ea4: ; ImmutableOopMap {[112]=Oop c_rarg2=Oop [96]=Oop [104]=Oop }
                      ;*invokevirtual getListenerList {reexecute=0 rethrow=0 return_oop=0}
                      ; - net.minecraftforge.eventbus.EventBus::post@55 (line 307)
                      ;   {runtime_call throw_null_pointer_exception Runtime1 stub}
  0x0000000116e40ea4: 1740 cd95 

  0x0000000116e40ea8: ; ImmutableOopMap {[112]=Oop [96]=Oop c_rarg0=Oop c_rarg1=Oop [104]=Oop }
                      ;*invokevirtual getListeners {reexecute=0 rethrow=0 return_oop=0}
                      ; - net.minecraftforge.eventbus.EventBus::post@62 (line 307)
                      ;   {runtime_call throw_null_pointer_exception Runtime1 stub}
  0x0000000116e40ea8: 1640 cd95 

  0x0000000116e40eac: ;   {metadata({method} {0x000000014c1aaa30} 'getListeners' '(I)[Lnet/minecraftforge/eventbus/api/IEventListener;' in 'net/minecraftforge/eventbus/ListenerList')}
  0x0000000116e40eac: 0846 95d2 | 4883 a9f2 | 2800 c0f2 | e807 00f9 | 0800 8092 | e803 00f9 

  0x0000000116e40ec4: ; ImmutableOopMap {[112]=Oop [96]=Oop c_rarg0=Oop c_rarg1=Oop [104]=Oop }
                      ;*synchronization entry
                      ; - net.minecraftforge.eventbus.ListenerList::getListeners@-1 (line 82)
                      ; - net.minecraftforge.eventbus.EventBus::post@62 (line 307)
                      ;   {runtime_call counter_overflow Runtime1 stub}
  0x0000000116e40ec4: 8f53 cd95 | 45fe ff17 

  0x0000000116e40ecc: ; ImmutableOopMap {[112]=Oop [96]=Oop c_rarg1=Oop [104]=Oop c_rarg0=Oop }
                      ;*aaload {reexecute=0 rethrow=0 return_oop=0}
                      ; - net.minecraftforge.eventbus.ListenerList::getListeners@5 (line 82)
                      ; - net.minecraftforge.eventbus.EventBus::post@62 (line 307)
                      ;   {runtime_call throw_null_pointer_exception Runtime1 stub}
  0x0000000116e40ecc: 0d40 cd95 | e803 02aa | e903 00aa 

  0x0000000116e40ed8: ;   {runtime_call throw_range_check_failed Runtime1 stub}
  0x0000000116e40ed8: 1ec0 80d2 | 3ec3 a3f2 | 3e00 c0f2 

  0x0000000116e40ee4: ; ImmutableOopMap {[112]=Oop [96]=Oop c_rarg1=Oop [104]=Oop c_rarg0=Oop }
                      ;*aaload {reexecute=0 rethrow=0 return_oop=0}
                      ; - net.minecraftforge.eventbus.ListenerList::getListeners@5 (line 82)
                      ; - net.minecraftforge.eventbus.EventBus::post@62 (line 307)
  0x0000000116e40ee4: c003 3fd6 

  0x0000000116e40ee8: ; ImmutableOopMap {[112]=Oop [96]=Oop c_rarg1=Oop [104]=Oop c_rarg0=Oop }
                      ;*invokevirtual getListeners {reexecute=0 rethrow=0 return_oop=0}
                      ; - net.minecraftforge.eventbus.ListenerList::getListeners@6 (line 82)
                      ; - net.minecraftforge.eventbus.EventBus::post@62 (line 307)
                      ;   {runtime_call throw_null_pointer_exception Runtime1 stub}
  0x0000000116e40ee8: 0640 cd95 

  0x0000000116e40eec: ;   {metadata({method} {0x000000014c1d7c68} 'getListeners' '()[Lnet/minecraftforge/eventbus/api/IEventListener;' in 'net/minecraftforge/eventbus/ListenerList$ListenerListInst')}
  0x0000000116e40eec: 088d 8fd2 | a883 a9f2 | 2800 c0f2 | e807 00f9 | 0800 8092 | e803 00f9 

  0x0000000116e40f04: ; ImmutableOopMap {[112]=Oop [96]=Oop c_rarg1=Oop [104]=Oop c_rarg0=Oop }
                      ;*synchronization entry
                      ; - net.minecraftforge.eventbus.ListenerList$ListenerListInst::getListeners@-1 (line 183)
                      ; - net.minecraftforge.eventbus.ListenerList::getListeners@6 (line 82)
                      ; - net.minecraftforge.eventbus.EventBus::post@62 (line 307)
                      ;   {runtime_call counter_overflow Runtime1 stub}
  0x0000000116e40f04: 7f53 cd95 | 50fe ff17 

  0x0000000116e40f0c: ; ImmutableOopMap {c_rarg2=Oop c_rarg1=Oop [104]=Oop c_rarg3=Oop [112]=Oop c_rarg4=Oop [96]=Oop }
                      ;*arraylength {reexecute=0 rethrow=0 return_oop=0}
                      ; - net.minecraftforge.eventbus.EventBus::post@72 (line 310)
                      ;   {runtime_call throw_null_pointer_exception Runtime1 stub}
  0x0000000116e40f0c: fd3f cd95 

  0x0000000116e40f10: ; ImmutableOopMap {c_rarg2=Oop c_rarg1=Oop [104]=Oop c_rarg3=Oop [112]=Oop c_rarg4=Oop [96]=Oop c_rarg5=Oop }
                      ;*invokevirtual getClass {reexecute=0 rethrow=0 return_oop=0}
                      ; - net.minecraftforge.eventbus.EventBus::post@87 (line 311)
                      ;   {runtime_call throw_null_pointer_exception Runtime1 stub}
  0x0000000116e40f10: fc3f cd95 

  0x0000000116e40f14: ; ImmutableOopMap {c_rarg2=Oop c_rarg3=Oop [112]=Oop c_rarg4=Oop [96]=Oop [104]=Oop c_rarg5=Oop }
                      ;*invokeinterface invoke {reexecute=0 rethrow=0 return_oop=0}
                      ; - net.minecraftforge.eventbus.EventBus::post@105 (line 312)
                      ;   {runtime_call throw_incompatible_class_change_error Runtime1 stub}
  0x0000000116e40f14: bb49 cd95 

  0x0000000116e40f18: ; ImmutableOopMap {c_rarg2=Oop c_rarg3=Oop [112]=Oop c_rarg4=Oop [96]=Oop [104]=Oop c_rarg5=Oop }
                      ;*invokeinterface invoke {reexecute=0 rethrow=0 return_oop=0}
                      ; - net.minecraftforge.eventbus.EventBus::post@105 (line 312)
                      ;   {runtime_call throw_null_pointer_exception Runtime1 stub}
  0x0000000116e40f18: fa3f cd95 

  0x0000000116e40f1c: ;   {metadata({method} {0x000000014c8405f0} 'invoke' '(Lnet/minecraftforge/eventbus/api/IEventListener;Lnet/minecraftforge/eventbus/api/Event;)V' in 'net/minecraftforge/eventbus/EventBus$$Lambda$4854+0x0000000801ca2940')}
  0x0000000116e40f1c: 08be 80d2 | 8890 a9f2 | 2800 c0f2 | e807 00f9 | 0800 8092 | e803 00f9 

  0x0000000116e40f34: ; ImmutableOopMap {c_rarg2=Oop c_rarg3=Oop [112]=Oop c_rarg4=Oop [96]=Oop [104]=Oop c_rarg5=Oop }
                      ;*synchronization entry
                      ; - net.minecraftforge.eventbus.EventBus$$Lambda$4854/0x0000000801ca2940::invoke@-1
                      ; - net.minecraftforge.eventbus.EventBus::post@105 (line 312)
                      ;   {runtime_call counter_overflow Runtime1 stub}
  0x0000000116e40f34: 7353 cd95 | b8fe ff17 

  0x0000000116e40f3c: ; ImmutableOopMap {c_rarg2=Oop c_rarg3=Oop [112]=Oop c_rarg4=Oop [96]=Oop [104]=Oop c_rarg5=Oop }
                      ;*invokeinterface invoke {reexecute=0 rethrow=0 return_oop=0}
                      ; - net.minecraftforge.eventbus.EventBus$$Lambda$4854/0x0000000801ca2940::invoke@2
                      ; - net.minecraftforge.eventbus.EventBus::post@105 (line 312)
                      ;   {runtime_call throw_null_pointer_exception Runtime1 stub}
  0x0000000116e40f3c: f13f cd95 

  0x0000000116e40f40: ;   {metadata({method} {0x000000014c1a4c70} 'post' '(Lnet/minecraftforge/eventbus/api/Event;Lnet/minecraftforge/eventbus/api/IEventBusInvokeDispatcher;)Z' in 'net/minecraftforge/eventbus/EventBus')}
  0x0000000116e40f40: 088e 89d2 | 4883 a9f2 | 2800 c0f2 | e807 00f9 | 280e 80d2 | e803 00f9 

  0x0000000116e40f58: ; ImmutableOopMap {[112]=Oop [104]=Oop [128]=Oop [96]=Oop }
                      ;*goto {reexecute=1 rethrow=0 return_oop=0}
                      ; - (reexecute) net.minecraftforge.eventbus.EventBus::post@113 (line 310)
                      ;   {runtime_call counter_overflow Runtime1 stub}
  0x0000000116e40f58: 6a53 cd95 | f5fe ff17 

  0x0000000116e40f60: ;   {internal_word}
  0x0000000116e40f60: a8e6 ff10 | 88b3 01f9 

  0x0000000116e40f68: ;   {runtime_call SafepointBlob}
  0x0000000116e40f68: a698 ca15 

  0x0000000116e40f6c: ;   {internal_word}
  0x0000000116e40f6c: 28e7 ff10 | 88b3 01f9 

  0x0000000116e40f74: ;   {runtime_call SafepointBlob}
  0x0000000116e40f74: a398 ca15 

  0x0000000116e40f78: ; ImmutableOopMap {[104]=Oop c_rarg5=Oop [96]=Oop }
                      ;*new {reexecute=0 rethrow=0 return_oop=0}
                      ; - net.minecraftforge.eventbus.EventBus::post@27 (line 305)
                      ;   {runtime_call fast_new_instance Runtime1 stub}
  0x0000000116e40f78: 2242 cd95 | 49ff ff17 

  0x0000000116e40f80: ; ImmutableOopMap {[104]=Oop c_rarg5=Oop [96]=Oop c_rarg0=Oop }
                      ;*invokevirtual getClass {reexecute=0 rethrow=0 return_oop=0}
                      ; - net.minecraftforge.eventbus.EventBus::post@32 (line 305)
                      ;   {runtime_call throw_null_pointer_exception Runtime1 stub}
  0x0000000116e40f80: e03f cd95 

  0x0000000116e40f84: ; ImmutableOopMap {[104]=Oop c_rarg0=Oop c_rarg2=Oop }
                      ;*invokevirtual getSimpleName {reexecute=0 rethrow=0 return_oop=0}
                      ; - net.minecraftforge.eventbus.EventBus::post@35 (line 305)
                      ;   {runtime_call throw_null_pointer_exception Runtime1 stub}
  0x0000000116e40f84: df3f cd95 

  0x0000000116e40f88: ; ImmutableOopMap {[136]=Oop c_rarg0=Oop c_rarg1=Oop }
                      ;*invokevirtual getSimpleName {reexecute=0 rethrow=0 return_oop=0}
                      ; - net.minecraftforge.eventbus.EventBus::post@42 (line 305)
                      ;   {runtime_call throw_null_pointer_exception Runtime1 stub}
  0x0000000116e40f88: de3f cd95 

  0x0000000116e40f8c: ; ImmutableOopMap {c_rarg4=Oop c_rarg2=Oop [104]=Oop c_rarg5=Oop [96]=Oop c_rarg0=Oop c_rarg7=Oop }
                      ;*invokeinterface handleException {reexecute=0 rethrow=0 return_oop=0}
                      ; - net.minecraftforge.eventbus.EventBus::post@132 (line 315)
                      ;   {runtime_call throw_null_pointer_exception Runtime1 stub}
  0x0000000116e40f8c: dd3f cd95 | e17b 40b9 | e443 40f9 | 7fff ff17 | e103 00aa | e403 02aa | 7cff ff17 | e103 00aa 
  0x0000000116e40fac: e403 02aa | 79ff ff17 | e103 00aa | e403 02aa | 76ff ff17 | e103 00aa | e403 02aa | 73ff ff17 
  0x0000000116e40fcc: e103 00aa | e403 02aa | 70ff ff17 | 1f20 03d5 | 1f20 03d5 | 80ef 41f9 | 9fef 01f9 | 9ff3 01f9 
  0x0000000116e40fec: fd7b 4ba9 | ff03 0391 

  0x0000000116e40ff4: ;   {runtime_call unwind_exception Runtime1 stub}
  0x0000000116e40ff4: 833a cd15 | 0000 0000 | 0000 0000 
[Stub Code]
  0x0000000116e41000: ;   {no_reloc}
  0x0000000116e41000: df3f 03d5 

  0x0000000116e41004: ;   {metadata(NULL)}
  0x0000000116e41004: 0c00 80d2 | 0c00 a0f2 | 0c00 c0f2 | 0800 80d2 | 0800 a0f2 | 0800 c0f2 | 0001 1fd6 

  0x0000000116e41020: ;   {trampoline_stub}
  0x0000000116e41020: 4800 0058 | 0001 1fd6 | 7038 1c1e | 0100 0000 

  0x0000000116e41030: ;   {static_stub}
  0x0000000116e41030: df3f 03d5 

  0x0000000116e41034: ;   {metadata({method} {0x000000014c1d7f90} 'buildCache' '()[Lnet/minecraftforge/eventbus/api/IEventListener;' in 'net/minecraftforge/eventbus/ListenerList$ListenerListInst')}
  0x0000000116e41034: 0cf2 8fd2 | ac83 a9f2 | 2c00 c0f2 | 0857 80d2 | c8c1 a3f2 | 2800 c0f2 | 0001 1fd6 

  0x0000000116e41050: ;   {trampoline_stub}
  0x0000000116e41050: 4800 0058 | 0001 1fd6 | 3010 e416 | 0100 0000 

  0x0000000116e41060: ;   {static_stub}
  0x0000000116e41060: df3f 03d5 

  0x0000000116e41064: ;   {metadata(NULL)}
  0x0000000116e41064: 0c00 80d2 | 0c00 a0f2 | 0c00 c0f2 | 0800 80d2 | 0800 a0f2 | 0800 c0f2 | 0001 1fd6 

  0x0000000116e41080: ;   {trampoline_stub}
  0x0000000116e41080: 4800 0058 | 0001 1fd6 | 8831 1a1e | 0100 0000 

  0x0000000116e41090: ;   {static_stub}
  0x0000000116e41090: df3f 03d5 

  0x0000000116e41094: ;   {metadata(NULL)}
  0x0000000116e41094: 0c00 80d2 | 0c00 a0f2 | 0c00 c0f2 | 0800 80d2 | 0800 a0f2 | 0800 c0f2 | 0001 1fd6 

  0x0000000116e410b0: ;   {trampoline_stub}
  0x0000000116e410b0: 4800 0058 | 0001 1fd6 | 000f 0e1e | 0100 0000 

  0x0000000116e410c0: ;   {static_stub}
  0x0000000116e410c0: df3f 03d5 

  0x0000000116e410c4: ;   {metadata(NULL)}
  0x0000000116e410c4: 0c00 80d2 | 0c00 a0f2 | 0c00 c0f2 | 0800 80d2 | 0800 a0f2 | 0800 c0f2 | 0001 1fd6 

  0x0000000116e410e0: ;   {trampoline_stub}
  0x0000000116e410e0: 4800 0058 | 0001 1fd6 | 000f 0e1e | 0100 0000 

  0x0000000116e410f0: ;   {static_stub}
  0x0000000116e410f0: df3f 03d5 

  0x0000000116e410f4: ;   {metadata(NULL)}
  0x0000000116e410f4: 0c00 80d2 | 0c00 a0f2 | 0c00 c0f2 | 0800 80d2 | 0800 a0f2 | 0800 c0f2 | 0001 1fd6 

  0x0000000116e41110: ;   {trampoline_stub}
  0x0000000116e41110: 4800 0058 | 0001 1fd6 | 0015 0e1e | 0100 0000 

  0x0000000116e41120: ;   {static_stub}
  0x0000000116e41120: df3f 03d5 

  0x0000000116e41124: ;   {metadata(NULL)}
  0x0000000116e41124: 0c00 80d2 | 0c00 a0f2 | 0c00 c0f2 | 0800 80d2 | 0800 a0f2 | 0800 c0f2 | 0001 1fd6 

  0x0000000116e41140: ;   {trampoline_stub}
  0x0000000116e41140: 4800 0058 | 0001 1fd6 | 000f 0e1e | 0100 0000 

  0x0000000116e41150: ;   {static_stub}
  0x0000000116e41150: df3f 03d5 

  0x0000000116e41154: ;   {metadata(NULL)}
  0x0000000116e41154: 0c00 80d2 | 0c00 a0f2 | 0c00 c0f2 | 0800 80d2 | 0800 a0f2 | 0800 c0f2 | 0001 1fd6 

  0x0000000116e41170: ;   {trampoline_stub}
  0x0000000116e41170: 4800 0058 | 0001 1fd6 | 0012 0e1e | 0100 0000 
[Exception Handler]
  0x0000000116e41180: ;   {runtime_call handle_exception_from_callee Runtime1 stub}
  0x0000000116e41180: e046 cd95 | c1d5 bbd4 | 649f ad0e | 0100 0000 
[Deopt Handler Code]
  0x0000000116e41190: 1e00 0010 

  0x0000000116e41194: ;   {runtime_call DeoptimizationBlob}
  0x0000000116e41194: eb98 ca15 
[/MachCode]


Compiled method (c1) 20854 17845   !   3       net.minecraftforge.fml.javafmlmod.FMLModContainer::acceptEvent (97 bytes)
 total in heap  [0x0000000116e3f390,0x0000000116e40220] = 3728
 relocation     [0x0000000116e3f4e8,0x0000000116e3f600] = 280
 main code      [0x0000000116e3f600,0x0000000116e3fdc0] = 1984
 stub code      [0x0000000116e3fdc0,0x0000000116e3fec8] = 264
 oops           [0x0000000116e3fec8,0x0000000116e3ff20] = 88
 metadata       [0x0000000116e3ff20,0x0000000116e3ffb8] = 152
 scopes data    [0x0000000116e3ffb8,0x0000000116e40068] = 176
 scopes pcs     [0x0000000116e40068,0x0000000116e40178] = 272
 dependencies   [0x0000000116e40178,0x0000000116e40190] = 24
 handler table  [0x0000000116e40190,0x0000000116e40208] = 120
 nul chk table  [0x0000000116e40208,0x0000000116e40220] = 24

[Constant Pool (empty)]

[MachCode]
[Entry Point]
  # {method} {0x000000014c7e6558} 'acceptEvent' '(Lnet/minecraftforge/eventbus/api/Event;)V' in 'net/minecraftforge/fml/javafmlmod/FMLModContainer'
  # this:     c_rarg1:c_rarg1 
                        = 'net/minecraftforge/fml/javafmlmod/FMLModContainer'
  # parm0:    c_rarg2:c_rarg2 
                        = 'net/minecraftforge/eventbus/api/Event'
  #           [sp+0xd0]  (sp of caller)
  0x0000000116e3f600: 2808 40b9 | 3f01 086b | c001 0054 

  0x0000000116e3f60c: ;   {runtime_call ic_miss_stub}
  0x0000000116e3f60c: 7d85 ca15 | 1f20 03d5 | 1f20 03d5 | 1f20 03d5 | 1f20 03d5 | 1f20 03d5 | 1f20 03d5 | 1f20 03d5 
  0x0000000116e3f62c: 1f20 03d5 | 1f20 03d5 | 1f20 03d5 | 1f20 03d5 | 1f20 03d5 
[Verified Entry Point]
  0x0000000116e3f640: 1f20 03d5 | e953 40d1 | 3f01 00f9 | ff43 03d1 | fd7b 0ca9 | e143 00f9 

  0x0000000116e3f658: ;   {metadata(method data for {method} {0x000000014c7e6558} 'acceptEvent' '(Lnet/minecraftforge/eventbus/api/Event;)V' in 'net/minecraftforge/fml/javafmlmod/FMLModContainer')}
  0x0000000116e3f658: 03e7 99d2 | c3c0 a9f2 | 2300 c0f2 | 64ac 40b9 | 8408 0011 | 64ac 00b9 | 8424 1f12 | 9f00 0071 
  0x0000000116e3f678: 4032 0054 | e303 01aa 

  0x0000000116e3f680: ;   {metadata(method data for {method} {0x000000014c7e6558} 'acceptEvent' '(Lnet/minecraftforge/eventbus/api/Event;)V' in 'net/minecraftforge/fml/javafmlmod/FMLModContainer')}
  0x0000000116e3f680: 04e7 99d2 | c4c0 a9f2 | 2400 c0f2 | 8878 40f9 | 0805 0091 | 8878 00f9 | 240c 40b9 | 84f0 7dd3 
  0x0000000116e3f6a0: ;   {oop(a 'org/apache/logging/log4j/core/Logger'{0x000000071165b578})}
  0x0000000116e3f6a0: 00af 96d2 | a02c a2f2 | e000 c0f2 | e303 00aa 

  0x0000000116e3f6b0: ;   {metadata(method data for {method} {0x000000014c7e6558} 'acceptEvent' '(Lnet/minecraftforge/eventbus/api/Event;)V' in 'net/minecraftforge/fml/javafmlmod/FMLModContainer')}
  0x0000000116e3f6b0: 05e7 99d2 | c5c0 a9f2 | 2500 c0f2 | 6308 40b9 | 6300 5dd2 | a9e0 0491 | 2801 40f9 | 7f00 08eb 
  0x0000000116e3f6d0: a100 0054 | a8a0 40f9 | 0805 0091 | a8a0 00f9 | 1c00 0014 | a920 0591 | 2801 40f9 | 7f00 08eb 
  0x0000000116e3f6f0: a100 0054 | a8a8 40f9 | 0805 0091 | a8a8 00f9 | 1400 0014 | a9e0 0491 | 2801 40f9 | c800 00b5 
  0x0000000116e3f710: 2301 00f9 | e803 40b2 | a900 0591 | 2801 00f9 | 0c00 0014 | a920 0591 | 2801 40f9 | c800 00b5 
  0x0000000116e3f730: 2301 00f9 | e803 40b2 | a940 0591 | 2801 00f9 | 0400 0014 | a894 40f9 | 0805 0091 | a894 00f9 
  0x0000000116e3f750: ;   {oop(a 'org/apache/logging/log4j/MarkerManager$Log4jMarker'{0x0000000703acf7d8})}
  0x0000000116e3f750: 06fb 9ed2 | 8675 a0f2 | e600 c0f2 | e703 02aa | e203 06aa 

  0x0000000116e3f764: ;   {oop("Firing event for modid {} : {}"{0x0000000712cf1ed0})}
  0x0000000116e3f764: 03da 83d2 | e359 a2f2 | e300 c0f2 | e503 07aa | e103 00aa | e01b 09a9 | e747 00f9 

  0x0000000116e3f780: ; ImmutableOopMap {[128]=Oop [136]=Oop [152]=Oop [144]=Oop }
                      ;*invokeinterface trace {reexecute=0 rethrow=0 return_oop=0}
                      ; - net.minecraftforge.fml.javafmlmod.FMLModContainer::acceptEvent@13 (line 120)
                      ;   {optimized virtual_call}
  0x0000000116e3f780: a0db 2b94 | e143 40f9 | 2034 40b9 | 00f0 7dd3 | 4001 00b4 

  0x0000000116e3f794: ;   {metadata('net/minecraftforge/eventbus/EventBus')}
  0x0000000116e3f794: 0487 84d2 | 8437 a0f2 | 0401 c0f2 | 0508 40b9 | a500 5dd2 | a81c 40f9 | 9f00 08eb | 8129 0054 
  0x0000000116e3f7b4: 0100 0014 | e203 00aa 

  0x0000000116e3f7bc: ; implicit exception: dispatches to 0x0000000116e3fce4
  0x0000000116e3f7bc: 1f00 40f9 | e203 00aa 

  0x0000000116e3f7c4: ;   {metadata(method data for {method} {0x000000014c7e6558} 'acceptEvent' '(Lnet/minecraftforge/eventbus/api/Event;)V' in 'net/minecraftforge/fml/javafmlmod/FMLModContainer')}
  0x0000000116e3f7c4: 03e7 99d2 | c3c0 a9f2 | 2300 c0f2 

  0x0000000116e3f7d0: ;   {metadata('net/minecraftforge/eventbus/EventBus')}
  0x0000000116e3f7d0: 0887 84d2 | 8837 a0f2 | 0801 c0f2 | 69c0 0591 | 2801 00f9 | 68bc 40f9 | 0805 0091 | 68bc 00f9 
  0x0000000116e3f7f0: ;   {metadata(method data for {method} {0x000000014c1a4c18} 'post' '(Lnet/minecraftforge/eventbus/api/Event;)Z' in 'net/minecraftforge/eventbus/EventBus')}
  0x0000000116e3f7f0: 0230 82d2 | 42c1 a9f2 | 2200 c0f2 | 43ac 40b9 | 6308 0011 | 43ac 00b9 | 634c 1f12 | 7f00 0071 
  0x0000000116e3f810: c026 0054 

  0x0000000116e3f814: ;   {metadata(method data for {method} {0x00000008000d6e08} 'linkToTargetMethod' '(Ljava/lang/Object;)Ljava/lang/Object;' in 'java/lang/invoke/Invokers$Holder')}
  0x0000000116e3f814: 02e5 8dd2 | e242 a6f2 | 2200 c0f2 | 4220 0791 

  0x0000000116e3f824: ;   {oop(a 'java/lang/invoke/BoundMethodHandle$Species_L'{0x0000000712d092c0})}
  0x0000000116e3f824: 0358 92d2 | 035a a2f2 | e300 c0f2 | e403 03aa | 8400 00b5 | 4900 40f9 | 2901 40b2 | 4900 00f9 
  0x0000000116e3f844: ;   {metadata(method data for {method} {0x000000014c1a4c18} 'post' '(Lnet/minecraftforge/eventbus/api/Event;)Z' in 'net/minecraftforge/eventbus/EventBus')}
  0x0000000116e3f844: 0230 82d2 | 42c1 a9f2 | 2200 c0f2 | 4878 40f9 | 0805 0091 | 4878 00f9 

  0x0000000116e3f85c: ;   {metadata(method data for {method} {0x00000008000d6e08} 'linkToTargetMethod' '(Ljava/lang/Object;)Ljava/lang/Object;' in 'java/lang/invoke/Invokers$Holder')}
  0x0000000116e3f85c: 02e5 8dd2 | e242 a6f2 | 2200 c0f2 | 44ac 40b9 | 8408 0011 | 44ac 00b9 | 844c 1f12 | 9f00 0071 
  0x0000000116e3f87c: 6024 0054 

  0x0000000116e3f880: ;   {metadata(method data for {method} {0x0000000132400268} 'invoke' '(Ljava/lang/Object;)Ljava/lang/Object;' in 'java/lang/invoke/LambdaForm$MH+0x0000000801000400')}
  0x0000000116e3f880: 0292 80d2 | 0248 a6f2 | 2200 c0f2 | 4200 0691 | 8300 00b5 | 4900 40f9 | 2901 40b2 | 4900 00f9 
  0x0000000116e3f8a0: ;   {metadata(method data for {method} {0x00000008000d6e08} 'linkToTargetMethod' '(Ljava/lang/Object;)Ljava/lang/Object;' in 'java/lang/invoke/Invokers$Holder')}
  0x0000000116e3f8a0: 02e5 8dd2 | e242 a6f2 | 2200 c0f2 | 4894 40f9 | 0805 0091 | 4894 00f9 

  0x0000000116e3f8b8: ;   {metadata(method data for {method} {0x0000000132400268} 'invoke' '(Ljava/lang/Object;)Ljava/lang/Object;' in 'java/lang/invoke/LambdaForm$MH+0x0000000801000400')}
  0x0000000116e3f8b8: 0292 80d2 | 0248 a6f2 | 2200 c0f2 | 43ac 40b9 | 6308 0011 | 43ac 00b9 | 634c 1f12 | 7f00 0071 
  0x0000000116e3f8d8: 8022 0054 

  0x0000000116e3f8dc: ;   {metadata(method data for {method} {0x00000008000d6e08} 'linkToTargetMethod' '(Ljava/lang/Object;)Ljava/lang/Object;' in 'java/lang/invoke/Invokers$Holder')}
  0x0000000116e3f8dc: 02e5 8dd2 | e242 a6f2 | 2200 c0f2 | 4280 0591 

  0x0000000116e3f8ec: ;   {oop(a 'net/minecraftforge/eventbus/EventBus$$Lambda$4854+0x0000000801ca2940'{0x0000000712d092e0})}
  0x0000000116e3f8ec: 035c 92d2 | 035a a2f2 | e300 c0f2 | e403 03aa | 8400 00b5 | 4900 40f9 | 2901 40b2 | 4900 00f9 
  0x0000000116e3f90c: ;   {metadata(method data for {method} {0x000000014c1a4c18} 'post' '(Lnet/minecraftforge/eventbus/api/Event;)Z' in 'net/minecraftforge/eventbus/EventBus')}
  0x0000000116e3f90c: 0230 82d2 | 42c1 a9f2 | 2200 c0f2 | 4200 0491 | e403 03aa | 8400 00b5 | 4900 40f9 | 2901 40b2 
  0x0000000116e3f92c: 4900 00f9 | e203 00aa 

  0x0000000116e3f934: ;   {metadata(method data for {method} {0x000000014c1a4c18} 'post' '(Lnet/minecraftforge/eventbus/api/Event;)Z' in 'net/minecraftforge/eventbus/EventBus')}
  0x0000000116e3f934: 0430 82d2 | 44c1 a9f2 | 2400 c0f2 | 8894 40f9 | 0805 0091 | 8894 00f9 | e247 40f9 | e103 00aa 
  0x0000000116e3f954: ; ImmutableOopMap {[136]=Oop [152]=Oop [144]=Oop [128]=Oop }
                      ;*invokevirtual post {reexecute=0 rethrow=0 return_oop=0}
                      ; - net.minecraftforge.eventbus.EventBus::post@7 (line 298)
                      ; - net.minecraftforge.fml.javafmlmod.FMLModContainer::acceptEvent@23 (line 121)
                      ;   {optimized virtual_call}
  0x0000000116e3f954: 1b03 0094 | e143 40f9 

  0x0000000116e3f95c: ;   {metadata(method data for {method} {0x000000014c7e6558} 'acceptEvent' '(Lnet/minecraftforge/eventbus/api/Event;)V' in 'net/minecraftforge/fml/javafmlmod/FMLModContainer')}
  0x0000000116e3f95c: 02e7 99d2 | c2c0 a9f2 | 2200 c0f2 | 48cc 40f9 | 0805 0091 | 48cc 00f9 | e143 40f9 | 240c 40b9 
  0x0000000116e3f97c: 84f0 7dd3 | e04b 40f9 

  0x0000000116e3f984: ;   {metadata(method data for {method} {0x000000014c7e6558} 'acceptEvent' '(Lnet/minecraftforge/eventbus/api/Event;)V' in 'net/minecraftforge/fml/javafmlmod/FMLModContainer')}
  0x0000000116e3f984: 02e7 99d2 | c2c0 a9f2 | 2200 c0f2 | 0008 40b9 | 0000 5dd2 | 4980 0791 | 2801 40f9 | 1f00 08eb 
  0x0000000116e3f9a4: a100 0054 | 48f4 40f9 | 0805 0091 | 48f4 00f9 | 1c00 0014 | 49c0 0791 | 2801 40f9 | 1f00 08eb 
  0x0000000116e3f9c4: a100 0054 | 48fc 40f9 | 0805 0091 | 48fc 00f9 | 1400 0014 | 4980 0791 | 2801 40f9 | c800 00b5 
  0x0000000116e3f9e4: 2001 00f9 | e803 40b2 | 49a0 0791 | 2801 00f9 | 0c00 0014 | 49c0 0791 | 2801 40f9 | c800 00b5 
  0x0000000116e3fa04: 2001 00f9 | e803 40b2 | 49e0 0791 | 2801 00f9 | 0400 0014 | 48e8 40f9 | 0805 0091 | 48e8 00f9 
  0x0000000116e3fa24: e24f 40f9 

  0x0000000116e3fa28: ;   {oop("Fired event for modid {} : {}"{0x0000000712cf1e88})}
  0x0000000116e3fa28: 03d1 83d2 | e359 a2f2 | e300 c0f2 | e587 48a9 

  0x0000000116e3fa38: ; ImmutableOopMap {[136]=Oop [128]=Oop }
                      ;*invokeinterface trace {reexecute=0 rethrow=0 return_oop=0}
                      ; - net.minecraftforge.fml.javafmlmod.FMLModContainer::acceptEvent@43 (line 122)
                      ;   {optimized virtual_call}
  0x0000000116e3fa38: f2da 2b94 

  0x0000000116e3fa3c: ;   {metadata(method data for {method} {0x000000014c7e6558} 'acceptEvent' '(Lnet/minecraftforge/eventbus/api/Event;)V' in 'net/minecraftforge/fml/javafmlmod/FMLModContainer')}
  0x0000000116e3fa3c: 00e7 99d2 | c0c0 a9f2 | 2000 c0f2 | 0204 41f9 | 4204 0091 | 0204 01f9 | fd7b 4ca9 | ff43 0391 
  0x0000000116e3fa5c: ;   {poll_return}
  0x0000000116e3fa5c: 88a7 41f9 | ff63 28eb | 2817 0054 | c003 5fd6 | e143 40f9 | 80ef 41f9 | 9fef 01f9 | 9ff3 01f9 
  0x0000000116e3fa7c: e203 01aa 

  0x0000000116e3fa80: ;   {metadata(method data for {method} {0x000000014c7e6558} 'acceptEvent' '(Lnet/minecraftforge/eventbus/api/Event;)V' in 'net/minecraftforge/fml/javafmlmod/FMLModContainer')}
  0x0000000116e3fa80: 03e7 99d2 | c3c0 a9f2 | 2300 c0f2 | 6810 41f9 | 0805 0091 | 6810 01f9 | 250c 40b9 | a5f0 7dd3 
  0x0000000116e3faa0: ;   {oop(a 'org/apache/logging/log4j/core/Logger'{0x000000071165b578})}
  0x0000000116e3faa0: 07af 96d2 | a72c a2f2 | e700 c0f2 | e203 07aa 

  0x0000000116e3fab0: ;   {metadata(method data for {method} {0x000000014c7e6558} 'acceptEvent' '(Lnet/minecraftforge/eventbus/api/Event;)V' in 'net/minecraftforge/fml/javafmlmod/FMLModContainer')}
  0x0000000116e3fab0: 03e7 99d2 | c3c0 a9f2 | 2300 c0f2 | 4208 40b9 | 4200 5dd2 | 69a0 0991 | 2801 40f9 | 5f00 08eb 
  0x0000000116e3fad0: a100 0054 | 6838 41f9 | 0805 0091 | 6838 01f9 | 1c00 0014 | 69e0 0991 | 2801 40f9 | 5f00 08eb 
  0x0000000116e3faf0: a100 0054 | 6840 41f9 | 0805 0091 | 6840 01f9 | 1400 0014 | 69a0 0991 | 2801 40f9 | c800 00b5 
  0x0000000116e3fb10: 2201 00f9 | e803 40b2 | 69c0 0991 | 2801 00f9 | 0c00 0014 | 69e0 0991 | 2801 40f9 | c800 00b5 
  0x0000000116e3fb30: 2201 00f9 | e803 40b2 | 6900 0a91 | 2801 00f9 | 0400 0014 | 682c 41f9 | 0805 0091 | 682c 01f9 
  0x0000000116e3fb50: ;   {oop(a 'org/apache/logging/log4j/MarkerManager$Log4jMarker'{0x0000000703acf7d8})}
  0x0000000116e3fb50: 02fb 9ed2 | 8275 a0f2 | e200 c0f2 

  0x0000000116e3fb5c: ;   {oop("Caught exception during event {} dispatch for modid {}"{0x0000000716bf5108})}
  0x0000000116e3fb5c: 0321 8ad2 | e3d7 a2f2 | e300 c0f2 | e603 00aa | e103 07aa | e053 00f9 

  0x0000000116e3fb74: ; ImmutableOopMap {[128]=Oop [160]=Oop }
                      ;*invokeinterface error {reexecute=0 rethrow=0 return_oop=0}
                      ; - net.minecraftforge.fml.javafmlmod.FMLModContainer::acceptEvent@67 (line 124)
                      ;   {optimized virtual_call}
  0x0000000116e3fb74: e384 ca95 

  0x0000000116e3fb78: ; ImmutableOopMap {[128]=Oop [160]=Oop }
                      ;*new {reexecute=0 rethrow=0 return_oop=0}
                      ; - net.minecraftforge.fml.javafmlmod.FMLModContainer::acceptEvent@72 (line 125)
                      ;   {runtime_call load_mirror_patching Runtime1 stub}
  0x0000000116e3fb78: 2256 cd95 | 68ec 4439 | 1f11 0071 

  0x0000000116e3fb84: ; implicit exception: dispatches to 0x0000000116e3fd54
  0x0000000116e3fb84: a10e 0054 | 8087 40f9 | 0be0 0091 | 888f 40f9 | 7f01 08eb | 080e 0054 | 8b87 00f9 | ea03 40b2 
  0x0000000116e3fba4: 0a00 00f9 | 6a00 5dd2 | 0a7c 0129 | 0a40 0091 | 5f01 00f9 | 5ffd 00a9 | 5ffd 01a9 | bf3a 03d5 
  0x0000000116e3fbc4: e143 40f9 | 2214 40b9 | 42f0 7dd3 | 2418 40b9 | 84f0 7dd3 | 1300 a052 

  0x0000000116e3fbdc: ;   {metadata('java/lang/Object'[])}
  0x0000000116e3fbdc: 03aa 82d2 | 0300 a0f2 | 0301 c0f2 | e703 00aa | 737e 40d3 | e503 13aa | e85f 40b2 | 7f02 08eb 
  0x0000000116e3fbfc: 220b 0054 | eb02 80d2 | 6b49 338b | 6bf1 7d92 | 8087 40f9 | 0b60 2b8b | 888f 40f9 | 7f01 08eb 
  0x0000000116e3fc1c: 280a 0054 | 8b87 00f9 | 6b01 00cb | ea03 40b2 | 0a00 00f9 | 6a00 5dd2 | 0a4c 0129 | 6b41 00f1 
  0x0000000116e3fc3c: c001 0054 | e803 0baa | 0a40 0091 | 0bfd 43d3 | 6821 00f1 | 4300 0054 

  0x0000000116e3fc54: ;   {runtime_call StubRoutines (2)}
  0x0000000116e3fc54: 9b2e ca95 | 6b00 1036 | 5f7d 81a8 | 5f7d 81a8 | 4b00 0836 | 5f7d 81a8 | 4b00 0036 | 5f01 00f9 
  0x0000000116e3fc74: bf3a 03d5 | e303 07aa 

  0x0000000116e3fc7c: ;   {metadata(method data for {method} {0x000000014c7e6558} 'acceptEvent' '(Lnet/minecraftforge/eventbus/api/Event;)V' in 'net/minecraftforge/fml/javafmlmod/FMLModContainer')}
  0x0000000116e3fc7c: 05e7 99d2 | c5c0 a9f2 | 2500 c0f2 | a848 41f9 | 0805 0091 | a848 01f9 | e303 04aa 

  0x0000000116e3fc98: ;   {oop("fml.modloading.errorduringevent"{0x0000000716bf5120})}
  0x0000000116e3fc98: 0424 8ad2 | e4d7 a2f2 | e400 c0f2 | e553 40f9 | e603 00aa | e103 07aa | e757 00f9 

  0x0000000116e3fcb4: ; ImmutableOopMap {[168]=Oop }
                      ;*invokespecial <init> {reexecute=0 rethrow=0 return_oop=0}
                      ; - net.minecraftforge.fml.javafmlmod.FMLModContainer::acceptEvent@92 (line 125)
                      ;   {optimized virtual_call}
  0x0000000116e3fcb4: 9384 ca95 | e057 40f9 | 3a00 0014 

  0x0000000116e3fcc0: ;   {metadata({method} {0x000000014c7e6558} 'acceptEvent' '(Lnet/minecraftforge/eventbus/api/Event;)V' in 'net/minecraftforge/fml/javafmlmod/FMLModContainer')}
  0x0000000116e3fcc0: 08ab 8cd2 | c88f a9f2 | 2800 c0f2 | e807 00f9 | 0800 8092 | e803 00f9 

  0x0000000116e3fcd8: ; ImmutableOopMap {c_rarg1=Oop [128]=Oop c_rarg2=Oop }
                      ;*synchronization entry
                      ; - net.minecraftforge.fml.javafmlmod.FMLModContainer::acceptEvent@-1 (line 120)
                      ;   {runtime_call counter_overflow Runtime1 stub}
  0x0000000116e3fcd8: 0a58 cd95 | 68fe ff17 

  0x0000000116e3fce0: ; ImmutableOopMap {[136]=Oop [152]=Oop [144]=Oop c_rarg1=Oop [128]=Oop c_rarg0=Oop }
                      ;*invokeinterface post {reexecute=0 rethrow=0 return_oop=0}
                      ; - net.minecraftforge.fml.javafmlmod.FMLModContainer::acceptEvent@23 (line 121)
                      ;   {runtime_call throw_incompatible_class_change_error Runtime1 stub}
  0x0000000116e3fce0: 484e cd95 

  0x0000000116e3fce4: ; ImmutableOopMap {[136]=Oop [152]=Oop [144]=Oop c_rarg1=Oop [128]=Oop c_rarg0=Oop }
                      ;*invokeinterface post {reexecute=0 rethrow=0 return_oop=0}
                      ; - net.minecraftforge.fml.javafmlmod.FMLModContainer::acceptEvent@23 (line 121)
                      ;   {runtime_call throw_null_pointer_exception Runtime1 stub}
  0x0000000116e3fce4: 8744 cd95 

  0x0000000116e3fce8: ;   {metadata({method} {0x000000014c1a4c18} 'post' '(Lnet/minecraftforge/eventbus/api/Event;)Z' in 'net/minecraftforge/eventbus/EventBus')}
  0x0000000116e3fce8: 0883 89d2 | 4883 a9f2 | 2800 c0f2 | e807 00f9 | 0800 8092 | e803 00f9 

  0x0000000116e3fd00: ; ImmutableOopMap {[136]=Oop [152]=Oop [144]=Oop c_rarg1=Oop [128]=Oop c_rarg0=Oop }
                      ;*synchronization entry
                      ; - net.minecraftforge.eventbus.EventBus::post@-1 (line 298)
                      ; - net.minecraftforge.fml.javafmlmod.FMLModContainer::acceptEvent@23 (line 121)
                      ;   {runtime_call counter_overflow Runtime1 stub}
  0x0000000116e3fd00: 0058 cd95 | c4fe ff17 

  0x0000000116e3fd08: ;   {metadata({method} {0x00000008000d6e08} 'linkToTargetMethod' '(Ljava/lang/Object;)Ljava/lang/Object;' in 'java/lang/invoke/Invokers$Holder')}
  0x0000000116e3fd08: 08c1 8dd2 | a801 a0f2 | 0801 c0f2 | e807 00f9 | 0800 8092 | e803 00f9 

  0x0000000116e3fd20: ; ImmutableOopMap {[136]=Oop [152]=Oop [144]=Oop c_rarg1=Oop [128]=Oop c_rarg0=Oop c_rarg3=Oop }
                      ;*synchronization entry
                      ; - java.lang.invoke.Invokers$Holder::linkToTargetMethod@-1
                      ; - net.minecraftforge.eventbus.EventBus::post@2 (line 298)
                      ; - net.minecraftforge.fml.javafmlmod.FMLModContainer::acceptEvent@23 (line 121)
                      ;   {runtime_call counter_overflow Runtime1 stub}
  0x0000000116e3fd20: f857 cd95 | d7fe ff17 

  0x0000000116e3fd28: ;   {metadata({method} {0x0000000132400268} 'invoke' '(Ljava/lang/Object;)Ljava/lang/Object;' in 'java/lang/invoke/LambdaForm$MH+0x0000000801000400')}
  0x0000000116e3fd28: 084d 80d2 | 0848 a6f2 | 2800 c0f2 | e807 00f9 | 0800 8092 | e803 00f9 

  0x0000000116e3fd40: ; ImmutableOopMap {[136]=Oop [152]=Oop [144]=Oop c_rarg1=Oop [128]=Oop c_rarg0=Oop }
                      ;*synchronization entry
                      ; - java.lang.invoke.LambdaForm$MH/0x0000000801000400::invoke@-1
                      ; - java.lang.invoke.Invokers$Holder::linkToTargetMethod@4
                      ; - net.minecraftforge.eventbus.EventBus::post@2 (line 298)
                      ; - net.minecraftforge.fml.javafmlmod.FMLModContainer::acceptEvent@23 (line 121)
                      ;   {runtime_call counter_overflow Runtime1 stub}
  0x0000000116e3fd40: f057 cd95 | e6fe ff17 

  0x0000000116e3fd48: ;   {internal_word}
  0x0000000116e3fd48: a8e8 ff10 | 88b3 01f9 

  0x0000000116e3fd50: ;   {runtime_call SafepointBlob}
  0x0000000116e3fd50: 2c9d ca15 

  0x0000000116e3fd54: ; ImmutableOopMap {[128]=Oop [160]=Oop }
                      ;*new {reexecute=0 rethrow=0 return_oop=0}
                      ; - net.minecraftforge.fml.javafmlmod.FMLModContainer::acceptEvent@72 (line 125)
                      ;   {runtime_call throw_null_pointer_exception Runtime1 stub}
  0x0000000116e3fd54: 6b44 cd95 

  0x0000000116e3fd58: ; ImmutableOopMap {[128]=Oop [160]=Oop }
                      ;*new {reexecute=0 rethrow=0 return_oop=0}
                      ; - net.minecraftforge.fml.javafmlmod.FMLModContainer::acceptEvent@72 (line 125)
                      ;   {runtime_call fast_new_instance_init_check Runtime1 stub}
  0x0000000116e3fd58: 6a47 cd95 | 9aff ff17 

  0x0000000116e3fd60: ; ImmutableOopMap {[160]=Oop c_rarg2=Oop c_rarg4=Oop c_rarg7=Oop }
                      ;*anewarray {reexecute=0 rethrow=0 return_oop=0}
                      ; - net.minecraftforge.fml.javafmlmod.FMLModContainer::acceptEvent@89 (line 125)
                      ;   {runtime_call new_object_array Runtime1 stub}
  0x0000000116e3fd60: e848 cd95 | c5ff ff17 | e447 40f9 | 40ff ff17 | e447 40f9 | 3eff ff17 | e447 40f9 | 3cff ff17 
  0x0000000116e3fd80: e447 40f9 | 3aff ff17 | e447 40f9 | 38ff ff17 | 1f20 03d5 | 1f20 03d5 | 80ef 41f9 | 9fef 01f9 
  0x0000000116e3fda0: 9ff3 01f9 | fd7b 4ca9 | ff43 0391 

  0x0000000116e3fdac: ;   {runtime_call unwind_exception Runtime1 stub}
  0x0000000116e3fdac: 153f cd15 | 0000 0000 | 0000 0000 | 0000 0000 | 0000 0000 
[Stub Code]
  0x0000000116e3fdc0: ;   {no_reloc}
  0x0000000116e3fdc0: df3f 03d5 

  0x0000000116e3fdc4: ;   {metadata(NULL)}
  0x0000000116e3fdc4: 0c00 80d2 | 0c00 a0f2 | 0c00 c0f2 | 0800 80d2 | 0800 a0f2 | 0800 c0f2 | 0001 1fd6 

  0x0000000116e3fde0: ;   {trampoline_stub}
  0x0000000116e3fde0: 4800 0058 | 0001 1fd6 | 0066 9317 | 0100 0000 

  0x0000000116e3fdf0: ;   {static_stub}
  0x0000000116e3fdf0: df3f 03d5 

  0x0000000116e3fdf4: ;   {metadata(NULL)}
  0x0000000116e3fdf4: 0c00 80d2 | 0c00 a0f2 | 0c00 c0f2 | 0800 80d2 | 0800 a0f2 | 0800 c0f2 | 0001 1fd6 

  0x0000000116e3fe10: ;   {trampoline_stub}
  0x0000000116e3fe10: 4800 0058 | 0001 1fd6 | c005 e416 | 0100 0000 

  0x0000000116e3fe20: ;   {static_stub}
  0x0000000116e3fe20: df3f 03d5 

  0x0000000116e3fe24: ;   {metadata(NULL)}
  0x0000000116e3fe24: 0c00 80d2 | 0c00 a0f2 | 0c00 c0f2 | 0800 80d2 | 0800 a0f2 | 0800 c0f2 | 0001 1fd6 

  0x0000000116e3fe40: ;   {trampoline_stub}
  0x0000000116e3fe40: 4800 0058 | 0001 1fd6 | 0066 9317 | 0100 0000 

  0x0000000116e3fe50: ;   {static_stub}
  0x0000000116e3fe50: df3f 03d5 

  0x0000000116e3fe54: ;   {metadata(NULL)}
  0x0000000116e3fe54: 0c00 80d2 | 0c00 a0f2 | 0c00 c0f2 | 0800 80d2 | 0800 a0f2 | 0800 c0f2 | 0001 1fd6 

  0x0000000116e3fe70: ;   {trampoline_stub}
  0x0000000116e3fe70: 4800 0058 | 0001 1fd6 | 000f 0e1e | 0100 0000 

  0x0000000116e3fe80: ;   {static_stub}
  0x0000000116e3fe80: df3f 03d5 

  0x0000000116e3fe84: ;   {metadata(NULL)}
  0x0000000116e3fe84: 0c00 80d2 | 0c00 a0f2 | 0c00 c0f2 | 0800 80d2 | 0800 a0f2 | 0800 c0f2 | 0001 1fd6 

  0x0000000116e3fea0: ;   {trampoline_stub}
  0x0000000116e3fea0: 4800 0058 | 0001 1fd6 | 000f 0e1e | 0100 0000 
[Exception Handler]
  0x0000000116e3feb0: ;   {runtime_call handle_exception_from_callee Runtime1 stub}
  0x0000000116e3feb0: 944b cd95 | c1d5 bbd4 | 649f ad0e | 0100 0000 
[Deopt Handler Code]
  0x0000000116e3fec0: 1e00 0010 

  0x0000000116e3fec4: ;   {runtime_call DeoptimizationBlob}
  0x0000000116e3fec4: 9f9d ca15 
[/MachCode]


---------------  P R O C E S S  ---------------

Threads class SMR info:
_java_thread_list=0x0000000c5845dba0, length=53, elements={
0x0000000103670fc0, 0x0000000103681db0, 0x0000000c52838000, 0x0000000c52838c00,
0x0000000c52839200, 0x0000000c52839800, 0x0000000c52839e00, 0x0000000c5283a400,
0x0000000c5283aa00, 0x0000000c5283b000, 0x0000000c528a0000, 0x0000000c52f6c000,
0x0000000c52f6d200, 0x0000000c52f6e400, 0x0000000c4d47c000, 0x0000000c4ccaaa00,
0x0000000c4ccab000, 0x0000000c52f6f600, 0x0000000c4d6dc000, 0x0000000c4d6dd200,
0x0000000c4d6dcc00, 0x0000000c4d6dd800, 0x0000000c528a0c00, 0x0000000c52e24000,
0x0000000c4d47c600, 0x0000000c4d47d800, 0x0000000c4d47de00, 0x0000000c4d47d200,
0x0000000c4c919800, 0x0000000c4c919e00, 0x0000000c4c91a400, 0x0000000c4c91b600,
0x0000000c4ca9f600, 0x0000000c4ef21200, 0x0000000c4ef20000, 0x0000000c4ef23600,
0x0000000c4ca9c000, 0x0000000c4c918000, 0x0000000c52f6de00, 0x0000000c4d47e400,
0x0000000c4d47cc00, 0x0000000c4f00d200, 0x0000000c4cb00000, 0x0000000c4d6de400,
0x0000000c4d6df600, 0x0000000c4d6dc600, 0x0000000c4c4e0000, 0x0000000c4cca8600,
0x0000000c4cca9800, 0x0000000c4ca9c600, 0x0000000c4c69f600, 0x0000000c52e25200,
0x0000000c4c4e3600
}

Java Threads: ( => current thread )
=>0x0000000103670fc0 JavaThread "Render thread" [_thread_in_native, id=259, stack(0x000000016c648000,0x000000016ce44000)]
  0x0000000103681db0 JavaThread "Reference Handler" daemon [_thread_blocked, id=31491, stack(0x000000016db1c000,0x000000016dc1f000)]
  0x0000000c52838000 JavaThread "Finalizer" daemon [_thread_blocked, id=30979, stack(0x000000016dc28000,0x000000016dd2b000)]
  0x0000000c52838c00 JavaThread "Signal Dispatcher" daemon [_thread_blocked, id=29955, stack(0x000000016de4c000,0x000000016df4f000)]
  0x0000000c52839200 JavaThread "Service Thread" daemon [_thread_blocked, id=25347, stack(0x000000016df58000,0x000000016e05b000)]
  0x0000000c52839800 JavaThread "Monitor Deflation Thread" daemon [_thread_blocked, id=29443, stack(0x000000016e064000,0x000000016e167000)]
  0x0000000c52839e00 JavaThread "C2 CompilerThread0" daemon [_thread_in_native, id=25859, stack(0x000000016e170000,0x000000016e373000)]
  0x0000000c5283a400 JavaThread "C1 CompilerThread0" daemon [_thread_blocked, id=29187, stack(0x000000016e37c000,0x000000016e57f000)]
  0x0000000c5283aa00 JavaThread "Sweeper thread" daemon [_thread_blocked, id=26627, stack(0x000000016e588000,0x000000016e68b000)]
  0x0000000c5283b000 JavaThread "Common-Cleaner" daemon [_thread_blocked, id=27139, stack(0x000000016e694000,0x000000016e797000)]
  0x0000000c528a0000 JavaThread "Notification Thread" daemon [_thread_blocked, id=28675, stack(0x000000016e9ac000,0x000000016eaaf000)]
  0x0000000c52f6c000 JavaThread "pool-2-thread-1" daemon [_thread_blocked, id=52235, stack(0x000000016fcbc000,0x000000016fdbf000)]
  0x0000000c52f6d200 JavaThread "HttpClient-1-SelectorManager" daemon [_thread_in_native, id=68639, stack(0x0000000170378000,0x000000017047b000)]
  0x0000000c52f6e400 JavaThread "JNA Cleaner" daemon [_thread_blocked, id=67267, stack(0x0000000170484000,0x0000000170587000)]
  0x0000000c4d47c000 JavaThread "process reaper" daemon [_thread_blocked, id=121359, stack(0x0000000170590000,0x00000001705c7000)]
  0x0000000c4ccaaa00 JavaThread "Timer hack thread" daemon [_thread_blocked, id=27419, stack(0x000000016e7a0000,0x000000016e8a3000)]
  0x0000000c4ccab000 JavaThread "Yggdrasil Key Fetcher" daemon [_thread_blocked, id=45587, stack(0x00000001707dc000,0x00000001708df000)]
  0x0000000c52f6f600 JavaThread "Keep-Alive-Timer" daemon [_thread_blocked, id=84019, stack(0x0000000171530000,0x0000000171633000)]
  0x0000000c4d6dc000 JavaThread "modloading-worker-0" daemon [_thread_blocked, id=128283, stack(0x000000017026c000,0x000000017036f000)]
  0x0000000c4d6dd200 JavaThread "modloading-worker-0" daemon [_thread_blocked, id=121891, stack(0x000000017163c000,0x000000017173f000)]
  0x0000000c4d6dcc00 JavaThread "modloading-worker-0" daemon [_thread_blocked, id=79655, stack(0x0000000171748000,0x000000017184b000)]
  0x0000000c4d6dd800 JavaThread "modloading-worker-0" daemon [_thread_blocked, id=99843, stack(0x0000000171854000,0x0000000171957000)]
  0x0000000c528a0c00 JavaThread "modloading-worker-0" daemon [_thread_blocked, id=117763, stack(0x0000000171960000,0x0000000171a63000)]
  0x0000000c52e24000 JavaThread "modloading-worker-0" daemon [_thread_blocked, id=100099, stack(0x0000000171a6c000,0x0000000171b6f000)]
  0x0000000c4d47c600 JavaThread "modloading-worker-0" daemon [_thread_blocked, id=117251, stack(0x0000000171b78000,0x0000000171c7b000)]
  0x0000000c4d47d800 JavaThread "modloading-worker-0" daemon [_thread_blocked, id=100611, stack(0x0000000171c84000,0x0000000171d87000)]
  0x0000000c4d47de00 JavaThread "modloading-worker-0" daemon [_thread_blocked, id=116483, stack(0x0000000171d90000,0x0000000171e93000)]
  0x0000000c4d47d200 JavaThread "modloading-worker-0" daemon [_thread_blocked, id=100867, stack(0x0000000171e9c000,0x0000000171f9f000)]
  0x0000000c4c919800 JavaThread "KubeJS Background Thread" daemon [_thread_blocked, id=81995, stack(0x0000000171fa8000,0x00000001720ab000)]
  0x0000000c4c919e00 JavaThread "JEI Config File Watcher" daemon [_thread_blocked, id=101395, stack(0x00000001720b4000,0x00000001721b7000)]
  0x0000000c4c91a400 JavaThread "FileSystemWatcher" daemon [_thread_blocked, id=101635, stack(0x00000001721c0000,0x00000001722c3000)]
  0x0000000c4c91b600 JavaThread "pool-8-thread-1" [_thread_blocked, id=115467, stack(0x00000001722cc000,0x00000001723cf000)]
  0x0000000c4ca9f600 JavaThread "pool-10-thread-1" [_thread_blocked, id=115203, stack(0x00000001723d8000,0x00000001724db000)]
  0x0000000c4ef21200 JavaThread "Worker-Main-1" daemon [_thread_blocked, id=114947, stack(0x00000001724e4000,0x00000001725e7000)]
  0x0000000c4ef20000 JavaThread "Worker-Main-2" daemon [_thread_blocked, id=114435, stack(0x00000001725f0000,0x00000001726f3000)]
  0x0000000c4ef23600 JavaThread "Worker-Main-3" daemon [_thread_blocked, id=113923, stack(0x00000001726fc000,0x00000001727ff000)]
  0x0000000c4ca9c000 JavaThread "Worker-Main-4" daemon [_thread_blocked, id=102915, stack(0x0000000172808000,0x000000017290b000)]
  0x0000000c4c918000 JavaThread "Worker-Main-5" daemon [_thread_blocked, id=113411, stack(0x0000000172914000,0x0000000172a17000)]
  0x0000000c52f6de00 JavaThread "Worker-Main-6" daemon [_thread_blocked, id=103171, stack(0x0000000172a20000,0x0000000172b23000)]
  0x0000000c4d47e400 JavaThread "Worker-Main-7" daemon [_thread_blocked, id=112643, stack(0x0000000172b2c000,0x0000000172c2f000)]
  0x0000000c4d47cc00 JavaThread "Worker-Main-8" daemon [_thread_blocked, id=103683, stack(0x0000000172c38000,0x0000000172d3b000)]
  0x0000000c4f00d200 JavaThread "Worker-Main-9" daemon [_thread_blocked, id=104195, stack(0x0000000172d44000,0x0000000172e47000)]
  0x0000000c4cb00000 JavaThread "Sound engine" daemon [_thread_blocked, id=112131, stack(0x0000000172e50000,0x0000000172f53000)]
  0x0000000c4d6de400 JavaThread "pool-12-thread-1" [_thread_blocked, id=158747, stack(0x0000000173100000,0x0000000173203000)]
  0x0000000c4d6df600 JavaThread "IO-Worker-10" [_thread_blocked, id=146435, stack(0x000000017320c000,0x000000017330f000)]
  0x0000000c4d6dc600 JavaThread "Thread-4" daemon [_thread_blocked, id=157955, stack(0x0000000173318000,0x000000017341b000)]
  0x0000000c4c4e0000 JavaThread "FileSystemWatcher" daemon [_thread_blocked, id=157443, stack(0x0000000173424000,0x0000000173527000)]
  0x0000000c4cca8600 JavaThread "HttpClient-2-SelectorManager" daemon [_thread_in_native, id=156675, stack(0x000000017363c000,0x000000017373f000)]
  0x0000000c4cca9800 JavaThread "HttpClient-2-Worker-0" daemon [_thread_blocked, id=156419, stack(0x0000000173748000,0x000000017384b000)]
  0x0000000c4ca9c600 JavaThread "HttpClient-2-Worker-1" daemon [_thread_blocked, id=147203, stack(0x0000000173854000,0x0000000173957000)]
  0x0000000c4c69f600 JavaThread "HttpClient-3-SelectorManager" daemon [_thread_in_native, id=147459, stack(0x0000000173960000,0x0000000173a63000)]
  0x0000000c52e25200 JavaThread "HttpClient-3-Worker-0" daemon [_thread_blocked, id=155395, stack(0x0000000173a6c000,0x0000000173b6f000)]
  0x0000000c4c4e3600 JavaThread "HttpClient-3-Worker-1" daemon [_thread_blocked, id=154883, stack(0x0000000173b78000,0x0000000173c7b000)]

Other Threads:
  0x0000000103681350 VMThread "VM Thread" [stack: 0x000000016d910000,0x000000016db13000] [id=17923]
  0x0000000103671fc0 WatcherThread [stack: 0x000000016eab8000,0x000000016ecbb000] [id=28163]
  0x000000010367aa90 GCTaskThread "GC Thread#0" [stack: 0x000000016ced4000,0x000000016d0d7000] [id=14083]
  0x0000000c537dd200 GCTaskThread "GC Thread#1" [stack: 0x000000016ecc4000,0x000000016eec7000] [id=32771]
  0x0000000c537dd500 GCTaskThread "GC Thread#2" [stack: 0x000000016eed0000,0x000000016f0d3000] [id=33283]
  0x0000000c537dd800 GCTaskThread "GC Thread#3" [stack: 0x000000016f0dc000,0x000000016f2df000] [id=43011]
  0x0000000c537ddb00 GCTaskThread "GC Thread#4" [stack: 0x000000016f2e8000,0x000000016f4eb000] [id=42755]
  0x0000000c537dde00 GCTaskThread "GC Thread#5" [stack: 0x000000016f4f4000,0x000000016f6f7000] [id=34051]
  0x0000000c53fff300 GCTaskThread "GC Thread#6" [stack: 0x000000016f700000,0x000000016f903000] [id=34323]
  0x0000000c557e4900 GCTaskThread "GC Thread#7" [stack: 0x000000016f90c000,0x000000016fb0f000] [id=34563]
  0x0000000c53fff600 GCTaskThread "GC Thread#8" [stack: 0x000000016fe54000,0x0000000170057000] [id=92723]
  0x000000010367b070 ConcurrentGCThread "G1 Main Marker" [stack: 0x000000016d0e0000,0x000000016d2e3000] [id=11779]
  0x000000010367b7d0 ConcurrentGCThread "G1 Conc#0" [stack: 0x000000016d2ec000,0x000000016d4ef000] [id=12547]
  0x0000000c557e7600 ConcurrentGCThread "G1 Conc#1" [stack: 0x0000000170060000,0x0000000170263000] [id=77331]
  0x000000010367d330 ConcurrentGCThread "G1 Refine#0" [stack: 0x000000016d4f8000,0x000000016d6fb000] [id=12803]
  0x0000000c571f2400 ConcurrentGCThread "G1 Refine#1" [stack: 0x00000001705d0000,0x00000001707d3000] [id=78971]
  0x0000000c57390600 ConcurrentGCThread "G1 Refine#2" [stack: 0x00000001708e8000,0x0000000170aeb000] [id=97043]
  0x0000000c57392100 ConcurrentGCThread "G1 Refine#3" [stack: 0x0000000170af4000,0x0000000170cf7000] [id=119811]
  0x0000000c57392700 ConcurrentGCThread "G1 Refine#4" [stack: 0x0000000170d00000,0x0000000170f03000] [id=119555]
  0x0000000c57392a00 ConcurrentGCThread "G1 Refine#5" [stack: 0x0000000170f0c000,0x000000017110f000] [id=119043]
  0x0000000c57392d00 ConcurrentGCThread "G1 Refine#6" [stack: 0x0000000171118000,0x000000017131b000] [id=98819]
  0x0000000c57393000 ConcurrentGCThread "G1 Refine#7" [stack: 0x0000000171324000,0x0000000171527000] [id=99331]
  0x000000010367da90 ConcurrentGCThread "G1 Service" [stack: 0x000000016d704000,0x000000016d907000] [id=16643]

Threads with active compile tasks:
C2 CompilerThread0  20876 18811       4       net.minecraft.server.packs.resources.FallbackResourceManager::m_244901_ (77 bytes)

VM state: not at safepoint (normal execution)

VM Mutex/Monitor currently owned by a thread: None

Heap address: 0x0000000700000000, size: 4096 MB, Compressed Oops mode: Zero based, Oop shift amount: 3

CDS archive(s) mapped at: [0x0000000800000000-0x0000000800bc0000-0x0000000800bc0000), size 12320768, SharedBaseAddress: 0x0000000800000000, ArchiveRelocationMode: 1.
Compressed class space mapped at: 0x0000000801000000-0x0000000841000000, reserved size: 1073741824
Narrow klass base: 0x0000000800000000, Narrow klass shift: 0, Narrow klass range: 0x100000000

GC Precious Log:
 CPUs: 10 total, 10 available
 Memory: 16384M
 Large Page Support: Disabled
 NUMA Support: Disabled
 Compressed Oops: Enabled (Zero based)
 Heap Region Size: 2M
 Heap Min Capacity: 256M
 Heap Initial Capacity: 256M
 Heap Max Capacity: 4G
 Pre-touch: Disabled
 Parallel Workers: 9
 Concurrent Workers: 2
 Concurrent Refinement Workers: 9
 Periodic GC: Disabled

Heap:
 garbage-first heap   total 1560576K, used 1067215K [0x0000000700000000, 0x0000000800000000)
  region size 2048K, 253 young (518144K), 47 survivors (96256K)
 Metaspace       used 133827K, committed 135616K, reserved 1179648K
  class space    used 20961K, committed 21760K, reserved 1048576K

Heap Regions: E=young(eden), S=young(survivor), O=old, HS=humongous(starts), HC=humongous(continues), CS=collection set, F=free, OA=open archive, CA=closed archive, TAMS=top-at-mark-start (previous, next)
|   0|0x0000000700000000, 0x0000000700200000, 0x0000000700200000|100%|HS|  |TAMS 0x0000000700200000, 0x0000000700000000| Complete 
|   1|0x0000000700200000, 0x0000000700400000, 0x0000000700400000|100%|HS|  |TAMS 0x0000000700400000, 0x0000000700200000| Complete 
|   2|0x0000000700400000, 0x0000000700600000, 0x0000000700600000|100%| O|  |TAMS 0x0000000700600000, 0x0000000700400000| Untracked 
|   3|0x0000000700600000, 0x0000000700800000, 0x0000000700800000|100%| O|  |TAMS 0x0000000700800000, 0x0000000700600000| Untracked 
|   4|0x0000000700800000, 0x0000000700a00000, 0x0000000700a00000|100%| O|  |TAMS 0x0000000700a00000, 0x0000000700800000| Untracked 
|   5|0x0000000700a00000, 0x0000000700c00000, 0x0000000700c00000|100%|HS|  |TAMS 0x0000000700c00000, 0x0000000700a00000| Complete 
|   6|0x0000000700c00000, 0x0000000700e00000, 0x0000000700e00000|100%|HS|  |TAMS 0x0000000700e00000, 0x0000000700c00000| Complete 
|   7|0x0000000700e00000, 0x0000000701000000, 0x0000000701000000|100%| O|  |TAMS 0x0000000701000000, 0x0000000700e00000| Untracked 
|   8|0x0000000701000000, 0x0000000701200000, 0x0000000701200000|100%| O|  |TAMS 0x0000000701200000, 0x0000000701000000| Untracked 
|   9|0x0000000701200000, 0x0000000701400000, 0x0000000701400000|100%| O|  |TAMS 0x0000000701400000, 0x0000000701200000| Untracked 
|  10|0x0000000701400000, 0x0000000701600000, 0x0000000701600000|100%|HS|  |TAMS 0x0000000701600000, 0x0000000701400000| Complete 
|  11|0x0000000701600000, 0x0000000701800000, 0x0000000701800000|100%|HS|  |TAMS 0x0000000701800000, 0x0000000701600000| Complete 
|  12|0x0000000701800000, 0x0000000701a00000, 0x0000000701a00000|100%| O|  |TAMS 0x0000000701a00000, 0x0000000701800000| Untracked 
|  13|0x0000000701a00000, 0x0000000701c00000, 0x0000000701c00000|100%| O|  |TAMS 0x0000000701c00000, 0x0000000701a00000| Untracked 
|  14|0x0000000701c00000, 0x0000000701e00000, 0x0000000701e00000|100%| O|  |TAMS 0x0000000701e00000, 0x0000000701c00000| Untracked 
|  15|0x0000000701e00000, 0x0000000702000000, 0x0000000702000000|100%| O|  |TAMS 0x0000000702000000, 0x0000000701e00000| Untracked 
|  16|0x0000000702000000, 0x0000000702200000, 0x0000000702200000|100%|HS|  |TAMS 0x0000000702200000, 0x0000000702000000| Complete 
|  17|0x0000000702200000, 0x0000000702400000, 0x0000000702400000|100%|HS|  |TAMS 0x0000000702400000, 0x0000000702200000| Complete 
|  18|0x0000000702400000, 0x0000000702600000, 0x0000000702600000|100%|HS|  |TAMS 0x0000000702600000, 0x0000000702400000| Complete 
|  19|0x0000000702600000, 0x0000000702800000, 0x0000000702800000|100%| O|  |TAMS 0x0000000702800000, 0x0000000702600000| Untracked 
|  20|0x0000000702800000, 0x0000000702a00000, 0x0000000702a00000|100%| O|  |TAMS 0x0000000702a00000, 0x0000000702800000| Untracked 
|  21|0x0000000702a00000, 0x0000000702c00000, 0x0000000702c00000|100%| O|  |TAMS 0x0000000702c00000, 0x0000000702a00000| Untracked 
|  22|0x0000000702c00000, 0x0000000702e00000, 0x0000000702e00000|100%| O|  |TAMS 0x0000000702e00000, 0x0000000702c00000| Untracked 
|  23|0x0000000702e00000, 0x0000000703000000, 0x0000000703000000|100%| O|  |TAMS 0x0000000703000000, 0x0000000702e00000| Untracked 
|  24|0x0000000703000000, 0x0000000703200000, 0x0000000703200000|100%| O|  |TAMS 0x0000000703200000, 0x0000000703000000| Untracked 
|  25|0x0000000703200000, 0x0000000703400000, 0x0000000703400000|100%| O|  |TAMS 0x0000000703400000, 0x0000000703200000| Untracked 
|  26|0x0000000703400000, 0x0000000703600000, 0x0000000703600000|100%| O|  |TAMS 0x0000000703600000, 0x0000000703400000| Untracked 
|  27|0x0000000703600000, 0x0000000703800000, 0x0000000703800000|100%| O|  |TAMS 0x0000000703800000, 0x0000000703600000| Untracked 
|  28|0x0000000703800000, 0x0000000703a00000, 0x0000000703a00000|100%| O|  |TAMS 0x0000000703a00000, 0x0000000703800000| Untracked 
|  29|0x0000000703a00000, 0x0000000703c00000, 0x0000000703c00000|100%| O|  |TAMS 0x0000000703c00000, 0x0000000703a00000| Untracked 
|  30|0x0000000703c00000, 0x0000000703e00000, 0x0000000703e00000|100%| O|  |TAMS 0x0000000703e00000, 0x0000000703c00000| Untracked 
|  31|0x0000000703e00000, 0x0000000704000000, 0x0000000704000000|100%| O|  |TAMS 0x0000000704000000, 0x0000000703e00000| Untracked 
|  32|0x0000000704000000, 0x0000000704200000, 0x0000000704200000|100%| O|  |TAMS 0x0000000704200000, 0x0000000704000000| Untracked 
|  33|0x0000000704200000, 0x0000000704400000, 0x0000000704400000|100%| O|  |TAMS 0x0000000704400000, 0x0000000704200000| Untracked 
|  34|0x0000000704400000, 0x0000000704600000, 0x0000000704600000|100%| O|  |TAMS 0x0000000704600000, 0x0000000704400000| Untracked 
|  35|0x0000000704600000, 0x0000000704800000, 0x0000000704800000|100%| O|  |TAMS 0x0000000704800000, 0x0000000704600000| Untracked 
|  36|0x0000000704800000, 0x0000000704a00000, 0x0000000704a00000|100%| O|  |TAMS 0x0000000704a00000, 0x0000000704800000| Untracked 
|  37|0x0000000704a00000, 0x0000000704c00000, 0x0000000704c00000|100%| O|  |TAMS 0x0000000704c00000, 0x0000000704a00000| Untracked 
|  38|0x0000000704c00000, 0x0000000704e00000, 0x0000000704e00000|100%| O|  |TAMS 0x0000000704e00000, 0x0000000704c00000| Untracked 
|  39|0x0000000704e00000, 0x0000000705000000, 0x0000000705000000|100%| O|  |TAMS 0x0000000705000000, 0x0000000704e00000| Untracked 
|  40|0x0000000705000000, 0x0000000705200000, 0x0000000705200000|100%| O|  |TAMS 0x0000000705200000, 0x0000000705000000| Untracked 
|  41|0x0000000705200000, 0x0000000705400000, 0x0000000705400000|100%| O|  |TAMS 0x0000000705400000, 0x0000000705200000| Untracked 
|  42|0x0000000705400000, 0x0000000705600000, 0x0000000705600000|100%| O|  |TAMS 0x0000000705600000, 0x0000000705400000| Untracked 
|  43|0x0000000705600000, 0x0000000705800000, 0x0000000705800000|100%| O|  |TAMS 0x0000000705600000, 0x0000000705600000| Untracked 
|  44|0x0000000705800000, 0x0000000705a00000, 0x0000000705a00000|100%| O|  |TAMS 0x0000000705a00000, 0x0000000705800000| Untracked 
|  45|0x0000000705a00000, 0x0000000705c00000, 0x0000000705c00000|100%| O|  |TAMS 0x0000000705c00000, 0x0000000705a00000| Untracked 
|  46|0x0000000705c00000, 0x0000000705e00000, 0x0000000705e00000|100%| O|  |TAMS 0x0000000705c00000, 0x0000000705c00000| Untracked 
|  47|0x0000000705e00000, 0x0000000706000000, 0x0000000706000000|100%| O|  |TAMS 0x0000000706000000, 0x0000000705e00000| Untracked 
|  48|0x0000000706000000, 0x0000000706200000, 0x0000000706200000|100%| O|  |TAMS 0x0000000706200000, 0x0000000706000000| Untracked 
|  49|0x0000000706200000, 0x0000000706400000, 0x0000000706400000|100%| O|  |TAMS 0x0000000706400000, 0x0000000706200000| Untracked 
|  50|0x0000000706400000, 0x0000000706600000, 0x0000000706600000|100%| O|  |TAMS 0x0000000706600000, 0x0000000706400000| Untracked 
|  51|0x0000000706600000, 0x0000000706800000, 0x0000000706800000|100%| O|  |TAMS 0x0000000706600000, 0x0000000706600000| Untracked 
|  52|0x0000000706800000, 0x0000000706a00000, 0x0000000706a00000|100%| O|  |TAMS 0x0000000706a00000, 0x0000000706800000| Untracked 
|  53|0x0000000706a00000, 0x0000000706c00000, 0x0000000706c00000|100%| O|  |TAMS 0x0000000706c00000, 0x0000000706a00000| Untracked 
|  54|0x0000000706c00000, 0x0000000706e00000, 0x0000000706e00000|100%| O|  |TAMS 0x0000000706e00000, 0x0000000706c00000| Untracked 
|  55|0x0000000706e00000, 0x0000000707000000, 0x0000000707000000|100%| O|  |TAMS 0x0000000707000000, 0x0000000706e00000| Untracked 
|  56|0x0000000707000000, 0x0000000707200000, 0x0000000707200000|100%| O|  |TAMS 0x0000000707200000, 0x0000000707000000| Untracked 
|  57|0x0000000707200000, 0x0000000707400000, 0x0000000707400000|100%| O|  |TAMS 0x0000000707400000, 0x0000000707200000| Untracked 
|  58|0x0000000707400000, 0x0000000707600000, 0x0000000707600000|100%| O|  |TAMS 0x0000000707600000, 0x0000000707400000| Untracked 
|  59|0x0000000707600000, 0x0000000707800000, 0x0000000707800000|100%| O|  |TAMS 0x0000000707800000, 0x0000000707600000| Untracked 
|  60|0x0000000707800000, 0x0000000707a00000, 0x0000000707a00000|100%| O|  |TAMS 0x0000000707a00000, 0x0000000707800000| Untracked 
|  61|0x0000000707a00000, 0x0000000707c00000, 0x0000000707c00000|100%| O|  |TAMS 0x0000000707c00000, 0x0000000707a00000| Untracked 
|  62|0x0000000707c00000, 0x0000000707e00000, 0x0000000707e00000|100%| O|  |TAMS 0x0000000707e00000, 0x0000000707c00000| Untracked 
|  63|0x0000000707e00000, 0x0000000708000000, 0x0000000708000000|100%| O|  |TAMS 0x0000000708000000, 0x0000000707e00000| Untracked 
|  64|0x0000000708000000, 0x0000000708200000, 0x0000000708200000|100%| O|  |TAMS 0x0000000708200000, 0x0000000708000000| Untracked 
|  65|0x0000000708200000, 0x0000000708400000, 0x0000000708400000|100%| O|  |TAMS 0x0000000708400000, 0x0000000708200000| Untracked 
|  66|0x0000000708400000, 0x0000000708600000, 0x0000000708600000|100%| O|  |TAMS 0x0000000708600000, 0x0000000708400000| Untracked 
|  67|0x0000000708600000, 0x0000000708800000, 0x0000000708800000|100%| O|  |TAMS 0x0000000708600000, 0x0000000708600000| Untracked 
|  68|0x0000000708800000, 0x0000000708a00000, 0x0000000708a00000|100%| O|  |TAMS 0x0000000708a00000, 0x0000000708800000| Untracked 
|  69|0x0000000708a00000, 0x0000000708c00000, 0x0000000708c00000|100%| O|  |TAMS 0x0000000708c00000, 0x0000000708a00000| Untracked 
|  70|0x0000000708c00000, 0x0000000708e00000, 0x0000000708e00000|100%| O|  |TAMS 0x0000000708e00000, 0x0000000708c00000| Untracked 
|  71|0x0000000708e00000, 0x0000000709000000, 0x0000000709000000|100%| O|  |TAMS 0x0000000709000000, 0x0000000708e00000| Untracked 
|  72|0x0000000709000000, 0x0000000709200000, 0x0000000709200000|100%| O|  |TAMS 0x0000000709200000, 0x0000000709000000| Untracked 
|  73|0x0000000709200000, 0x0000000709400000, 0x0000000709400000|100%| O|  |TAMS 0x0000000709400000, 0x0000000709200000| Untracked 
|  74|0x0000000709400000, 0x0000000709600000, 0x0000000709600000|100%|HS|  |TAMS 0x0000000709600000, 0x0000000709400000| Complete 
|  75|0x0000000709600000, 0x0000000709800000, 0x0000000709800000|100%|HC|  |TAMS 0x0000000709800000, 0x0000000709600000| Complete 
|  76|0x0000000709800000, 0x0000000709a00000, 0x0000000709a00000|100%|HC|  |TAMS 0x0000000709a00000, 0x0000000709800000| Complete 
|  77|0x0000000709a00000, 0x0000000709c00000, 0x0000000709c00000|100%|HC|  |TAMS 0x0000000709c00000, 0x0000000709a00000| Complete 
|  78|0x0000000709c00000, 0x0000000709e00000, 0x0000000709e00000|100%|HC|  |TAMS 0x0000000709e00000, 0x0000000709c00000| Complete 
|  79|0x0000000709e00000, 0x000000070a000000, 0x000000070a000000|100%|HC|  |TAMS 0x000000070a000000, 0x0000000709e00000| Complete 
|  80|0x000000070a000000, 0x000000070a200000, 0x000000070a200000|100%| O|  |TAMS 0x000000070a200000, 0x000000070a000000| Untracked 
|  81|0x000000070a200000, 0x000000070a400000, 0x000000070a400000|100%| O|  |TAMS 0x000000070a400000, 0x000000070a200000| Untracked 
|  82|0x000000070a400000, 0x000000070a600000, 0x000000070a600000|100%| O|  |TAMS 0x000000070a600000, 0x000000070a400000| Untracked 
|  83|0x000000070a600000, 0x000000070a800000, 0x000000070a800000|100%| O|  |TAMS 0x000000070a800000, 0x000000070a600000| Untracked 
|  84|0x000000070a800000, 0x000000070aa00000, 0x000000070aa00000|100%| O|  |TAMS 0x000000070aa00000, 0x000000070a800000| Untracked 
|  85|0x000000070aa00000, 0x000000070ac00000, 0x000000070ac00000|100%| O|  |TAMS 0x000000070ac00000, 0x000000070aa00000| Untracked 
|  86|0x000000070ac00000, 0x000000070ae00000, 0x000000070ae00000|100%| O|  |TAMS 0x000000070ae00000, 0x000000070ac00000| Untracked 
|  87|0x000000070ae00000, 0x000000070b000000, 0x000000070b000000|100%| O|  |TAMS 0x000000070b000000, 0x000000070ae00000| Untracked 
|  88|0x000000070b000000, 0x000000070b200000, 0x000000070b200000|100%| O|  |TAMS 0x000000070b200000, 0x000000070b000000| Untracked 
|  89|0x000000070b200000, 0x000000070b400000, 0x000000070b400000|100%| O|  |TAMS 0x000000070b400000, 0x000000070b200000| Untracked 
|  90|0x000000070b400000, 0x000000070b600000, 0x000000070b600000|100%| O|  |TAMS 0x000000070b600000, 0x000000070b400000| Untracked 
|  91|0x000000070b600000, 0x000000070b800000, 0x000000070b800000|100%| O|  |TAMS 0x000000070b800000, 0x000000070b600000| Untracked 
|  92|0x000000070b800000, 0x000000070ba00000, 0x000000070ba00000|100%| O|  |TAMS 0x000000070ba00000, 0x000000070b800000| Untracked 
|  93|0x000000070ba00000, 0x000000070bc00000, 0x000000070bc00000|100%| O|  |TAMS 0x000000070bc00000, 0x000000070ba00000| Untracked 
|  94|0x000000070bc00000, 0x000000070be00000, 0x000000070be00000|100%| O|  |TAMS 0x000000070be00000, 0x000000070bc00000| Untracked 
|  95|0x000000070be00000, 0x000000070c000000, 0x000000070c000000|100%| O|  |TAMS 0x000000070c000000, 0x000000070be00000| Untracked 
|  96|0x000000070c000000, 0x000000070c200000, 0x000000070c200000|100%| O|  |TAMS 0x000000070c200000, 0x000000070c000000| Untracked 
|  97|0x000000070c200000, 0x000000070c400000, 0x000000070c400000|100%| O|  |TAMS 0x000000070c400000, 0x000000070c200000| Untracked 
|  98|0x000000070c400000, 0x000000070c600000, 0x000000070c600000|100%| O|  |TAMS 0x000000070c600000, 0x000000070c400000| Untracked 
|  99|0x000000070c600000, 0x000000070c800000, 0x000000070c800000|100%| O|  |TAMS 0x000000070c800000, 0x000000070c600000| Untracked 
| 100|0x000000070c800000, 0x000000070ca00000, 0x000000070ca00000|100%| O|  |TAMS 0x000000070ca00000, 0x000000070c800000| Untracked 
| 101|0x000000070ca00000, 0x000000070cc00000, 0x000000070cc00000|100%| O|  |TAMS 0x000000070cc00000, 0x000000070ca00000| Untracked 
| 102|0x000000070cc00000, 0x000000070ce00000, 0x000000070ce00000|100%| O|  |TAMS 0x000000070ce00000, 0x000000070cc00000| Untracked 
| 103|0x000000070ce00000, 0x000000070d000000, 0x000000070d000000|100%| O|  |TAMS 0x000000070d000000, 0x000000070ce00000| Untracked 
| 104|0x000000070d000000, 0x000000070d200000, 0x000000070d200000|100%| O|  |TAMS 0x000000070d200000, 0x000000070d000000| Untracked 
| 105|0x000000070d200000, 0x000000070d400000, 0x000000070d400000|100%| O|  |TAMS 0x000000070d400000, 0x000000070d200000| Untracked 
| 106|0x000000070d400000, 0x000000070d600000, 0x000000070d600000|100%| O|  |TAMS 0x000000070d600000, 0x000000070d400000| Untracked 
| 107|0x000000070d600000, 0x000000070d800000, 0x000000070d800000|100%| O|  |TAMS 0x000000070d800000, 0x000000070d600000| Untracked 
| 108|0x000000070d800000, 0x000000070da00000, 0x000000070da00000|100%| O|  |TAMS 0x000000070da00000, 0x000000070d800000| Untracked 
| 109|0x000000070da00000, 0x000000070dc00000, 0x000000070dc00000|100%| O|  |TAMS 0x000000070dc00000, 0x000000070da00000| Untracked 
| 110|0x000000070dc00000, 0x000000070de00000, 0x000000070de00000|100%| O|  |TAMS 0x000000070de00000, 0x000000070dc00000| Untracked 
| 111|0x000000070de00000, 0x000000070e000000, 0x000000070e000000|100%| O|  |TAMS 0x000000070e000000, 0x000000070de00000| Untracked 
| 112|0x000000070e000000, 0x000000070e200000, 0x000000070e200000|100%| O|  |TAMS 0x000000070e200000, 0x000000070e000000| Untracked 
| 113|0x000000070e200000, 0x000000070e400000, 0x000000070e400000|100%| O|  |TAMS 0x000000070e400000, 0x000000070e200000| Untracked 
| 114|0x000000070e400000, 0x000000070e600000, 0x000000070e600000|100%| O|  |TAMS 0x000000070e600000, 0x000000070e400000| Untracked 
| 115|0x000000070e600000, 0x000000070e800000, 0x000000070e800000|100%| O|  |TAMS 0x000000070e800000, 0x000000070e600000| Untracked 
| 116|0x000000070e800000, 0x000000070ea00000, 0x000000070ea00000|100%| O|  |TAMS 0x000000070ea00000, 0x000000070e800000| Untracked 
| 117|0x000000070ea00000, 0x000000070ec00000, 0x000000070ec00000|100%| O|  |TAMS 0x000000070ec00000, 0x000000070ea00000| Untracked 
| 118|0x000000070ec00000, 0x000000070ee00000, 0x000000070ee00000|100%| O|  |TAMS 0x000000070ee00000, 0x000000070ec00000| Untracked 
| 119|0x000000070ee00000, 0x000000070f000000, 0x000000070f000000|100%| O|  |TAMS 0x000000070f000000, 0x000000070ee00000| Untracked 
| 120|0x000000070f000000, 0x000000070f200000, 0x000000070f200000|100%| O|  |TAMS 0x000000070f200000, 0x000000070f000000| Untracked 
| 121|0x000000070f200000, 0x000000070f400000, 0x000000070f400000|100%| O|  |TAMS 0x000000070f400000, 0x000000070f200000| Untracked 
| 122|0x000000070f400000, 0x000000070f600000, 0x000000070f600000|100%| O|  |TAMS 0x000000070f600000, 0x000000070f400000| Untracked 
| 123|0x000000070f600000, 0x000000070f800000, 0x000000070f800000|100%| O|  |TAMS 0x000000070f800000, 0x000000070f600000| Untracked 
| 124|0x000000070f800000, 0x000000070fa00000, 0x000000070fa00000|100%| O|  |TAMS 0x000000070fa00000, 0x000000070f800000| Untracked 
| 125|0x000000070fa00000, 0x000000070fc00000, 0x000000070fc00000|100%| O|  |TAMS 0x000000070fc00000, 0x000000070fa00000| Untracked 
| 126|0x000000070fc00000, 0x000000070fe00000, 0x000000070fe00000|100%| O|  |TAMS 0x000000070fe00000, 0x000000070fc00000| Untracked 
| 127|0x000000070fe00000, 0x0000000710000000, 0x0000000710000000|100%| O|  |TAMS 0x0000000710000000, 0x000000070fe00000| Untracked 
| 128|0x0000000710000000, 0x0000000710200000, 0x0000000710200000|100%| O|  |TAMS 0x0000000710200000, 0x0000000710000000| Untracked 
| 129|0x0000000710200000, 0x0000000710400000, 0x0000000710400000|100%| O|  |TAMS 0x0000000710400000, 0x0000000710200000| Untracked 
| 130|0x0000000710400000, 0x0000000710600000, 0x0000000710600000|100%| O|  |TAMS 0x0000000710600000, 0x0000000710400000| Untracked 
| 131|0x0000000710600000, 0x0000000710800000, 0x0000000710800000|100%| O|  |TAMS 0x0000000710800000, 0x0000000710600000| Untracked 
| 132|0x0000000710800000, 0x0000000710a00000, 0x0000000710a00000|100%| O|  |TAMS 0x0000000710a00000, 0x0000000710800000| Untracked 
| 133|0x0000000710a00000, 0x0000000710c00000, 0x0000000710c00000|100%| O|  |TAMS 0x0000000710c00000, 0x0000000710a00000| Untracked 
| 134|0x0000000710c00000, 0x0000000710e00000, 0x0000000710e00000|100%| O|  |TAMS 0x0000000710e00000, 0x0000000710c00000| Untracked 
| 135|0x0000000710e00000, 0x0000000711000000, 0x0000000711000000|100%| O|  |TAMS 0x0000000711000000, 0x0000000710e00000| Untracked 
| 136|0x0000000711000000, 0x0000000711200000, 0x0000000711200000|100%| O|  |TAMS 0x0000000711200000, 0x0000000711000000| Untracked 
| 137|0x0000000711200000, 0x0000000711400000, 0x0000000711400000|100%| O|  |TAMS 0x0000000711400000, 0x0000000711200000| Untracked 
| 138|0x0000000711400000, 0x0000000711600000, 0x0000000711600000|100%| O|  |TAMS 0x0000000711600000, 0x0000000711400000| Untracked 
| 139|0x0000000711600000, 0x0000000711800000, 0x0000000711800000|100%| O|  |TAMS 0x0000000711800000, 0x0000000711600000| Untracked 
| 140|0x0000000711800000, 0x0000000711a00000, 0x0000000711a00000|100%| O|  |TAMS 0x0000000711a00000, 0x0000000711800000| Untracked 
| 141|0x0000000711a00000, 0x0000000711c00000, 0x0000000711c00000|100%| O|  |TAMS 0x0000000711c00000, 0x0000000711a00000| Untracked 
| 142|0x0000000711c00000, 0x0000000711e00000, 0x0000000711e00000|100%| O|  |TAMS 0x0000000711e00000, 0x0000000711c00000| Untracked 
| 143|0x0000000711e00000, 0x0000000712000000, 0x0000000712000000|100%| O|  |TAMS 0x0000000712000000, 0x0000000711e00000| Untracked 
| 144|0x0000000712000000, 0x0000000712200000, 0x0000000712200000|100%| O|  |TAMS 0x0000000712200000, 0x0000000712000000| Untracked 
| 145|0x0000000712200000, 0x0000000712400000, 0x0000000712400000|100%| O|  |TAMS 0x0000000712400000, 0x0000000712200000| Untracked 
| 146|0x0000000712400000, 0x0000000712600000, 0x0000000712600000|100%| O|  |TAMS 0x0000000712600000, 0x0000000712400000| Untracked 
| 147|0x0000000712600000, 0x0000000712800000, 0x0000000712800000|100%| O|  |TAMS 0x0000000712800000, 0x0000000712600000| Untracked 
| 148|0x0000000712800000, 0x0000000712a00000, 0x0000000712a00000|100%| O|  |TAMS 0x0000000712a00000, 0x0000000712800000| Untracked 
| 149|0x0000000712a00000, 0x0000000712c00000, 0x0000000712c00000|100%| O|  |TAMS 0x0000000712c00000, 0x0000000712a00000| Untracked 
| 150|0x0000000712c00000, 0x0000000712e00000, 0x0000000712e00000|100%| O|  |TAMS 0x0000000712e00000, 0x0000000712c00000| Untracked 
| 151|0x0000000712e00000, 0x0000000713000000, 0x0000000713000000|100%| O|  |TAMS 0x0000000713000000, 0x0000000712e00000| Untracked 
| 152|0x0000000713000000, 0x0000000713200000, 0x0000000713200000|100%| O|  |TAMS 0x0000000713200000, 0x0000000713000000| Untracked 
| 153|0x0000000713200000, 0x0000000713400000, 0x0000000713400000|100%| O|  |TAMS 0x000000071338a200, 0x0000000713200000| Untracked 
| 154|0x0000000713400000, 0x0000000713600000, 0x0000000713600000|100%| O|  |TAMS 0x0000000713400000, 0x0000000713400000| Untracked 
| 155|0x0000000713600000, 0x0000000713800000, 0x0000000713800000|100%| O|  |TAMS 0x0000000713600000, 0x0000000713600000| Untracked 
| 156|0x0000000713800000, 0x0000000713a00000, 0x0000000713a00000|100%| O|  |TAMS 0x0000000713800000, 0x0000000713800000| Untracked 
| 157|0x0000000713a00000, 0x0000000713c00000, 0x0000000713c00000|100%| O|  |TAMS 0x0000000713a00000, 0x0000000713a00000| Untracked 
| 158|0x0000000713c00000, 0x0000000713e00000, 0x0000000713e00000|100%| O|  |TAMS 0x0000000713c00000, 0x0000000713c00000| Untracked 
| 159|0x0000000713e00000, 0x0000000714000000, 0x0000000714000000|100%| O|  |TAMS 0x0000000713e00000, 0x0000000713e00000| Untracked 
| 160|0x0000000714000000, 0x0000000714200000, 0x0000000714200000|100%| O|  |TAMS 0x0000000714000000, 0x0000000714000000| Untracked 
| 161|0x0000000714200000, 0x0000000714400000, 0x0000000714400000|100%| O|  |TAMS 0x0000000714200000, 0x0000000714200000| Untracked 
| 162|0x0000000714400000, 0x0000000714600000, 0x0000000714600000|100%| O|  |TAMS 0x0000000714400000, 0x0000000714400000| Untracked 
| 163|0x0000000714600000, 0x0000000714800000, 0x0000000714800000|100%| O|  |TAMS 0x0000000714600000, 0x0000000714600000| Untracked 
| 164|0x0000000714800000, 0x0000000714a00000, 0x0000000714a00000|100%| O|  |TAMS 0x0000000714800000, 0x0000000714800000| Untracked 
| 165|0x0000000714a00000, 0x0000000714c00000, 0x0000000714c00000|100%| O|  |TAMS 0x0000000714a00000, 0x0000000714a00000| Untracked 
| 166|0x0000000714c00000, 0x0000000714e00000, 0x0000000714e00000|100%| O|  |TAMS 0x0000000714c00000, 0x0000000714c00000| Untracked 
| 167|0x0000000714e00000, 0x0000000715000000, 0x0000000715000000|100%| O|  |TAMS 0x0000000714e00000, 0x0000000714e00000| Untracked 
| 168|0x0000000715000000, 0x0000000715200000, 0x0000000715200000|100%| O|  |TAMS 0x0000000715000000, 0x0000000715000000| Untracked 
| 169|0x0000000715200000, 0x0000000715400000, 0x0000000715400000|100%| O|  |TAMS 0x0000000715200000, 0x0000000715200000| Untracked 
| 170|0x0000000715400000, 0x0000000715600000, 0x0000000715600000|100%| O|  |TAMS 0x0000000715400000, 0x0000000715400000| Untracked 
| 171|0x0000000715600000, 0x0000000715800000, 0x0000000715800000|100%| O|  |TAMS 0x0000000715600000, 0x0000000715600000| Untracked 
| 172|0x0000000715800000, 0x0000000715a00000, 0x0000000715a00000|100%| O|  |TAMS 0x0000000715800000, 0x0000000715800000| Untracked 
| 173|0x0000000715a00000, 0x0000000715c00000, 0x0000000715c00000|100%| O|  |TAMS 0x0000000715a00000, 0x0000000715a00000| Untracked 
| 174|0x0000000715c00000, 0x0000000715e00000, 0x0000000715e00000|100%| O|  |TAMS 0x0000000715c00000, 0x0000000715c00000| Untracked 
| 175|0x0000000715e00000, 0x0000000716000000, 0x0000000716000000|100%| O|  |TAMS 0x0000000715e00000, 0x0000000715e00000| Untracked 
| 176|0x0000000716000000, 0x0000000716200000, 0x0000000716200000|100%| O|  |TAMS 0x0000000716000000, 0x0000000716000000| Untracked 
| 177|0x0000000716200000, 0x0000000716400000, 0x0000000716400000|100%| O|  |TAMS 0x0000000716200000, 0x0000000716200000| Untracked 
| 178|0x0000000716400000, 0x0000000716600000, 0x0000000716600000|100%| O|  |TAMS 0x0000000716400000, 0x0000000716400000| Untracked 
| 179|0x0000000716600000, 0x0000000716800000, 0x0000000716800000|100%| O|  |TAMS 0x0000000716600000, 0x0000000716600000| Untracked 
| 180|0x0000000716800000, 0x0000000716a00000, 0x0000000716a00000|100%| O|  |TAMS 0x0000000716800000, 0x0000000716800000| Untracked 
| 181|0x0000000716a00000, 0x0000000716c00000, 0x0000000716c00000|100%| O|  |TAMS 0x0000000716a00000, 0x0000000716a00000| Untracked 
| 182|0x0000000716c00000, 0x0000000716e00000, 0x0000000716e00000|100%| O|  |TAMS 0x0000000716c00000, 0x0000000716c00000| Untracked 
| 183|0x0000000716e00000, 0x0000000717000000, 0x0000000717000000|100%| O|  |TAMS 0x0000000716e00000, 0x0000000716e00000| Untracked 
| 184|0x0000000717000000, 0x0000000717200000, 0x0000000717200000|100%| O|  |TAMS 0x0000000717000000, 0x0000000717000000| Untracked 
| 185|0x0000000717200000, 0x0000000717400000, 0x0000000717400000|100%| O|  |TAMS 0x0000000717200000, 0x0000000717200000| Untracked 
| 186|0x0000000717400000, 0x0000000717600000, 0x0000000717600000|100%| O|  |TAMS 0x0000000717400000, 0x0000000717400000| Untracked 
| 187|0x0000000717600000, 0x0000000717800000, 0x0000000717800000|100%| O|  |TAMS 0x0000000717600000, 0x0000000717600000| Untracked 
| 188|0x0000000717800000, 0x0000000717a00000, 0x0000000717a00000|100%| O|  |TAMS 0x0000000717800000, 0x0000000717800000| Untracked 
| 189|0x0000000717a00000, 0x0000000717c00000, 0x0000000717c00000|100%| O|  |TAMS 0x0000000717a00000, 0x0000000717a00000| Untracked 
| 190|0x0000000717c00000, 0x0000000717e00000, 0x0000000717e00000|100%| O|  |TAMS 0x0000000717c00000, 0x0000000717c00000| Untracked 
| 191|0x0000000717e00000, 0x0000000718000000, 0x0000000718000000|100%| O|  |TAMS 0x0000000717e00000, 0x0000000717e00000| Untracked 
| 192|0x0000000718000000, 0x0000000718200000, 0x0000000718200000|100%| O|  |TAMS 0x0000000718000000, 0x0000000718000000| Untracked 
| 193|0x0000000718200000, 0x0000000718400000, 0x0000000718400000|100%| O|  |TAMS 0x0000000718200000, 0x0000000718200000| Untracked 
| 194|0x0000000718400000, 0x0000000718600000, 0x0000000718600000|100%| O|  |TAMS 0x0000000718400000, 0x0000000718400000| Untracked 
| 195|0x0000000718600000, 0x0000000718800000, 0x0000000718800000|100%| O|  |TAMS 0x0000000718600000, 0x0000000718600000| Untracked 
| 196|0x0000000718800000, 0x0000000718a00000, 0x0000000718a00000|100%| O|  |TAMS 0x0000000718800000, 0x0000000718800000| Untracked 
| 197|0x0000000718a00000, 0x0000000718c00000, 0x0000000718c00000|100%| O|  |TAMS 0x0000000718a00000, 0x0000000718a00000| Untracked 
| 198|0x0000000718c00000, 0x0000000718e00000, 0x0000000718e00000|100%| O|  |TAMS 0x0000000718c00000, 0x0000000718c00000| Untracked 
| 199|0x0000000718e00000, 0x0000000719000000, 0x0000000719000000|100%| O|  |TAMS 0x0000000718e00000, 0x0000000718e00000| Untracked 
| 200|0x0000000719000000, 0x0000000719200000, 0x0000000719200000|100%| O|  |TAMS 0x0000000719000000, 0x0000000719000000| Untracked 
| 201|0x0000000719200000, 0x0000000719400000, 0x0000000719400000|100%| O|  |TAMS 0x0000000719200000, 0x0000000719200000| Untracked 
| 202|0x0000000719400000, 0x0000000719600000, 0x0000000719600000|100%| O|  |TAMS 0x0000000719400000, 0x0000000719400000| Untracked 
| 203|0x0000000719600000, 0x0000000719800000, 0x0000000719800000|100%| O|  |TAMS 0x0000000719600000, 0x0000000719600000| Untracked 
| 204|0x0000000719800000, 0x0000000719a00000, 0x0000000719a00000|100%| O|  |TAMS 0x0000000719800000, 0x0000000719800000| Untracked 
| 205|0x0000000719a00000, 0x0000000719c00000, 0x0000000719c00000|100%| O|  |TAMS 0x0000000719a00000, 0x0000000719a00000| Untracked 
| 206|0x0000000719c00000, 0x0000000719e00000, 0x0000000719e00000|100%| O|  |TAMS 0x0000000719c00000, 0x0000000719c00000| Untracked 
| 207|0x0000000719e00000, 0x000000071a000000, 0x000000071a000000|100%| O|  |TAMS 0x0000000719e00000, 0x0000000719e00000| Untracked 
| 208|0x000000071a000000, 0x000000071a200000, 0x000000071a200000|100%| O|  |TAMS 0x000000071a000000, 0x000000071a000000| Untracked 
| 209|0x000000071a200000, 0x000000071a400000, 0x000000071a400000|100%| O|  |TAMS 0x000000071a200000, 0x000000071a200000| Untracked 
| 210|0x000000071a400000, 0x000000071a600000, 0x000000071a600000|100%| O|  |TAMS 0x000000071a400000, 0x000000071a400000| Untracked 
| 211|0x000000071a600000, 0x000000071a800000, 0x000000071a800000|100%| O|  |TAMS 0x000000071a600000, 0x000000071a600000| Untracked 
| 212|0x000000071a800000, 0x000000071aa00000, 0x000000071aa00000|100%| O|  |TAMS 0x000000071a800000, 0x000000071a800000| Untracked 
| 213|0x000000071aa00000, 0x000000071ac00000, 0x000000071ac00000|100%| O|  |TAMS 0x000000071aa00000, 0x000000071aa00000| Untracked 
| 214|0x000000071ac00000, 0x000000071ae00000, 0x000000071ae00000|100%| O|  |TAMS 0x000000071ac00000, 0x000000071ac00000| Untracked 
| 215|0x000000071ae00000, 0x000000071b000000, 0x000000071b000000|100%| O|  |TAMS 0x000000071ae00000, 0x000000071ae00000| Untracked 
| 216|0x000000071b000000, 0x000000071b200000, 0x000000071b200000|100%| O|  |TAMS 0x000000071b000000, 0x000000071b000000| Untracked 
| 217|0x000000071b200000, 0x000000071b400000, 0x000000071b400000|100%| O|  |TAMS 0x000000071b200000, 0x000000071b200000| Untracked 
| 218|0x000000071b400000, 0x000000071b600000, 0x000000071b600000|100%| O|  |TAMS 0x000000071b400000, 0x000000071b400000| Untracked 
| 219|0x000000071b600000, 0x000000071b800000, 0x000000071b800000|100%| O|  |TAMS 0x000000071b600000, 0x000000071b600000| Untracked 
| 220|0x000000071b800000, 0x000000071ba00000, 0x000000071ba00000|100%| O|  |TAMS 0x000000071b800000, 0x000000071b800000| Untracked 
| 221|0x000000071ba00000, 0x000000071bc00000, 0x000000071bc00000|100%| O|  |TAMS 0x000000071ba00000, 0x000000071ba00000| Untracked 
| 222|0x000000071bc00000, 0x000000071be00000, 0x000000071be00000|100%| O|  |TAMS 0x000000071bc00000, 0x000000071bc00000| Untracked 
| 223|0x000000071be00000, 0x000000071c000000, 0x000000071c000000|100%| O|  |TAMS 0x000000071be00000, 0x000000071be00000| Untracked 
| 224|0x000000071c000000, 0x000000071c200000, 0x000000071c200000|100%| O|  |TAMS 0x000000071c000000, 0x000000071c000000| Untracked 
| 225|0x000000071c200000, 0x000000071c400000, 0x000000071c400000|100%| O|  |TAMS 0x000000071c200000, 0x000000071c200000| Untracked 
| 226|0x000000071c400000, 0x000000071c600000, 0x000000071c600000|100%| O|  |TAMS 0x000000071c400000, 0x000000071c400000| Untracked 
| 227|0x000000071c600000, 0x000000071c800000, 0x000000071c800000|100%| O|  |TAMS 0x000000071c600000, 0x000000071c600000| Untracked 
| 228|0x000000071c800000, 0x000000071ca00000, 0x000000071ca00000|100%| O|  |TAMS 0x000000071c800000, 0x000000071c800000| Untracked 
| 229|0x000000071ca00000, 0x000000071cc00000, 0x000000071cc00000|100%| O|  |TAMS 0x000000071ca00000, 0x000000071ca00000| Untracked 
| 230|0x000000071cc00000, 0x000000071ce00000, 0x000000071ce00000|100%| O|  |TAMS 0x000000071cc00000, 0x000000071cc00000| Untracked 
| 231|0x000000071ce00000, 0x000000071d000000, 0x000000071d000000|100%| O|  |TAMS 0x000000071ce00000, 0x000000071ce00000| Untracked 
| 232|0x000000071d000000, 0x000000071d200000, 0x000000071d200000|100%| O|  |TAMS 0x000000071d000000, 0x000000071d000000| Untracked 
| 233|0x000000071d200000, 0x000000071d400000, 0x000000071d400000|100%| O|  |TAMS 0x000000071d200000, 0x000000071d200000| Untracked 
| 234|0x000000071d400000, 0x000000071d600000, 0x000000071d600000|100%| O|  |TAMS 0x000000071d400000, 0x000000071d400000| Untracked 
| 235|0x000000071d600000, 0x000000071d800000, 0x000000071d800000|100%| O|  |TAMS 0x000000071d600000, 0x000000071d600000| Untracked 
| 236|0x000000071d800000, 0x000000071da00000, 0x000000071da00000|100%| O|  |TAMS 0x000000071d800000, 0x000000071d800000| Untracked 
| 237|0x000000071da00000, 0x000000071dc00000, 0x000000071dc00000|100%| O|  |TAMS 0x000000071da00000, 0x000000071da00000| Untracked 
| 238|0x000000071dc00000, 0x000000071de00000, 0x000000071de00000|100%| O|  |TAMS 0x000000071dc00000, 0x000000071dc00000| Untracked 
| 239|0x000000071de00000, 0x000000071e000000, 0x000000071e000000|100%| O|  |TAMS 0x000000071de00000, 0x000000071de00000| Untracked 
| 240|0x000000071e000000, 0x000000071e200000, 0x000000071e200000|100%| O|  |TAMS 0x000000071e000000, 0x000000071e000000| Untracked 
| 241|0x000000071e200000, 0x000000071e400000, 0x000000071e400000|100%| O|  |TAMS 0x000000071e200000, 0x000000071e200000| Untracked 
| 242|0x000000071e400000, 0x000000071e600000, 0x000000071e600000|100%| O|  |TAMS 0x000000071e400000, 0x000000071e400000| Untracked 
| 243|0x000000071e600000, 0x000000071e800000, 0x000000071e800000|100%| O|  |TAMS 0x000000071e600000, 0x000000071e600000| Untracked 
| 244|0x000000071e800000, 0x000000071ea00000, 0x000000071ea00000|100%| O|  |TAMS 0x000000071e800000, 0x000000071e800000| Untracked 
| 245|0x000000071ea00000, 0x000000071ec00000, 0x000000071ec00000|100%| O|  |TAMS 0x000000071ea00000, 0x000000071ea00000| Untracked 
| 246|0x000000071ec00000, 0x000000071ee00000, 0x000000071ee00000|100%| O|  |TAMS 0x000000071ec00000, 0x000000071ec00000| Untracked 
| 247|0x000000071ee00000, 0x000000071f000000, 0x000000071f000000|100%| O|  |TAMS 0x000000071ee00000, 0x000000071ee00000| Untracked 
| 248|0x000000071f000000, 0x000000071f200000, 0x000000071f200000|100%| O|  |TAMS 0x000000071f000000, 0x000000071f000000| Untracked 
| 249|0x000000071f200000, 0x000000071f400000, 0x000000071f400000|100%| O|  |TAMS 0x000000071f200000, 0x000000071f200000| Untracked 
| 250|0x000000071f400000, 0x000000071f600000, 0x000000071f600000|100%| O|  |TAMS 0x000000071f400000, 0x000000071f400000| Untracked 
| 251|0x000000071f600000, 0x000000071f800000, 0x000000071f800000|100%| O|  |TAMS 0x000000071f600000, 0x000000071f600000| Untracked 
| 252|0x000000071f800000, 0x000000071fa00000, 0x000000071fa00000|100%| O|  |TAMS 0x000000071f800000, 0x000000071f800000| Untracked 
| 253|0x000000071fa00000, 0x000000071fc00000, 0x000000071fc00000|100%| O|  |TAMS 0x000000071fa00000, 0x000000071fa00000| Untracked 
| 254|0x000000071fc00000, 0x000000071fe00000, 0x000000071fe00000|100%| O|  |TAMS 0x000000071fc00000, 0x000000071fc00000| Untracked 
| 255|0x000000071fe00000, 0x0000000720000000, 0x0000000720000000|100%| O|  |TAMS 0x000000071fe00000, 0x000000071fe00000| Untracked 
| 256|0x0000000720000000, 0x0000000720200000, 0x0000000720200000|100%| O|  |TAMS 0x0000000720000000, 0x0000000720000000| Untracked 
| 257|0x0000000720200000, 0x0000000720400000, 0x0000000720400000|100%| O|  |TAMS 0x0000000720200000, 0x0000000720200000| Untracked 
| 258|0x0000000720400000, 0x0000000720600000, 0x0000000720600000|100%| O|  |TAMS 0x0000000720400000, 0x0000000720400000| Untracked 
| 259|0x0000000720600000, 0x0000000720800000, 0x0000000720800000|100%| O|  |TAMS 0x0000000720600000, 0x0000000720600000| Untracked 
| 260|0x0000000720800000, 0x0000000720a00000, 0x0000000720a00000|100%| O|  |TAMS 0x0000000720800000, 0x0000000720800000| Untracked 
| 261|0x0000000720a00000, 0x0000000720c00000, 0x0000000720c00000|100%| O|  |TAMS 0x0000000720a00000, 0x0000000720a00000| Untracked 
| 262|0x0000000720c00000, 0x0000000720c4be00, 0x0000000720e00000| 14%| O|  |TAMS 0x0000000720c00000, 0x0000000720c00000| Untracked 
| 263|0x0000000720e00000, 0x0000000721000000, 0x0000000721000000|100%|HS|  |TAMS 0x0000000720e00000, 0x0000000720e00000| Complete 
| 264|0x0000000721000000, 0x0000000721200000, 0x0000000721200000|100%|HS|  |TAMS 0x0000000721000000, 0x0000000721000000| Complete 
| 265|0x0000000721200000, 0x0000000721400000, 0x0000000721400000|100%|HS|  |TAMS 0x0000000721200000, 0x0000000721200000| Complete 
| 266|0x0000000721400000, 0x0000000721600000, 0x0000000721600000|100%|HS|  |TAMS 0x0000000721400000, 0x0000000721400000| Complete 
| 267|0x0000000721600000, 0x0000000721800000, 0x0000000721800000|100%|HS|  |TAMS 0x0000000721600000, 0x0000000721600000| Complete 
| 268|0x0000000721800000, 0x0000000721a00000, 0x0000000721a00000|100%|HS|  |TAMS 0x0000000721800000, 0x0000000721800000| Complete 
| 269|0x0000000721a00000, 0x0000000721a00000, 0x0000000721c00000|  0%| F|  |TAMS 0x0000000721a00000, 0x0000000721a00000| Untracked 
| 270|0x0000000721c00000, 0x0000000721c00000, 0x0000000721e00000|  0%| F|  |TAMS 0x0000000721c00000, 0x0000000721c00000| Untracked 
| 271|0x0000000721e00000, 0x0000000721e00000, 0x0000000722000000|  0%| F|  |TAMS 0x0000000721e00000, 0x0000000721e00000| Untracked 
| 272|0x0000000722000000, 0x0000000722000000, 0x0000000722200000|  0%| F|  |TAMS 0x0000000722000000, 0x0000000722000000| Untracked 
| 273|0x0000000722200000, 0x0000000722200000, 0x0000000722400000|  0%| F|  |TAMS 0x0000000722200000, 0x0000000722200000| Untracked 
| 274|0x0000000722400000, 0x0000000722400000, 0x0000000722600000|  0%| F|  |TAMS 0x0000000722400000, 0x0000000722400000| Untracked 
| 275|0x0000000722600000, 0x0000000722600000, 0x0000000722800000|  0%| F|  |TAMS 0x0000000722600000, 0x0000000722600000| Untracked 
| 276|0x0000000722800000, 0x0000000722800000, 0x0000000722a00000|  0%| F|  |TAMS 0x0000000722800000, 0x0000000722800000| Untracked 
| 277|0x0000000722a00000, 0x0000000722a00000, 0x0000000722c00000|  0%| F|  |TAMS 0x0000000722a00000, 0x0000000722a00000| Untracked 
| 278|0x0000000722c00000, 0x0000000722c00000, 0x0000000722e00000|  0%| F|  |TAMS 0x0000000722c00000, 0x0000000722c00000| Untracked 
| 279|0x0000000722e00000, 0x0000000722e00000, 0x0000000723000000|  0%| F|  |TAMS 0x0000000722e00000, 0x0000000722e00000| Untracked 
| 280|0x0000000723000000, 0x0000000723000000, 0x0000000723200000|  0%| F|  |TAMS 0x0000000723000000, 0x0000000723000000| Untracked 
| 281|0x0000000723200000, 0x0000000723200000, 0x0000000723400000|  0%| F|  |TAMS 0x0000000723200000, 0x0000000723200000| Untracked 
| 282|0x0000000723400000, 0x0000000723400000, 0x0000000723600000|  0%| F|  |TAMS 0x0000000723400000, 0x0000000723400000| Untracked 
| 283|0x0000000723600000, 0x0000000723600000, 0x0000000723800000|  0%| F|  |TAMS 0x0000000723600000, 0x0000000723600000| Untracked 
| 284|0x0000000723800000, 0x0000000723800000, 0x0000000723a00000|  0%| F|  |TAMS 0x0000000723800000, 0x0000000723800000| Untracked 
| 285|0x0000000723a00000, 0x0000000723a00000, 0x0000000723c00000|  0%| F|  |TAMS 0x0000000723a00000, 0x0000000723a00000| Untracked 
| 286|0x0000000723c00000, 0x0000000723c00000, 0x0000000723e00000|  0%| F|  |TAMS 0x0000000723c00000, 0x0000000723c00000| Untracked 
| 287|0x0000000723e00000, 0x0000000723e00000, 0x0000000724000000|  0%| F|  |TAMS 0x0000000723e00000, 0x0000000723e00000| Untracked 
| 288|0x0000000724000000, 0x0000000724000000, 0x0000000724200000|  0%| F|  |TAMS 0x0000000724000000, 0x0000000724000000| Untracked 
| 289|0x0000000724200000, 0x0000000724200000, 0x0000000724400000|  0%| F|  |TAMS 0x0000000724200000, 0x0000000724200000| Untracked 
| 290|0x0000000724400000, 0x0000000724400000, 0x0000000724600000|  0%| F|  |TAMS 0x0000000724400000, 0x0000000724400000| Untracked 
| 291|0x0000000724600000, 0x0000000724600000, 0x0000000724800000|  0%| F|  |TAMS 0x0000000724600000, 0x0000000724600000| Untracked 
| 292|0x0000000724800000, 0x0000000724800000, 0x0000000724a00000|  0%| F|  |TAMS 0x0000000724800000, 0x0000000724800000| Untracked 
| 293|0x0000000724a00000, 0x0000000724a00000, 0x0000000724c00000|  0%| F|  |TAMS 0x0000000724a00000, 0x0000000724a00000| Untracked 
| 294|0x0000000724c00000, 0x0000000724c00000, 0x0000000724e00000|  0%| F|  |TAMS 0x0000000724c00000, 0x0000000724c00000| Untracked 
| 295|0x0000000724e00000, 0x0000000724e00000, 0x0000000725000000|  0%| F|  |TAMS 0x0000000724e00000, 0x0000000724e00000| Untracked 
| 296|0x0000000725000000, 0x0000000725000000, 0x0000000725200000|  0%| F|  |TAMS 0x0000000725000000, 0x0000000725000000| Untracked 
| 297|0x0000000725200000, 0x0000000725200000, 0x0000000725400000|  0%| F|  |TAMS 0x0000000725200000, 0x0000000725200000| Untracked 
| 298|0x0000000725400000, 0x0000000725400000, 0x0000000725600000|  0%| F|  |TAMS 0x0000000725400000, 0x0000000725400000| Untracked 
| 299|0x0000000725600000, 0x0000000725600000, 0x0000000725800000|  0%| F|  |TAMS 0x0000000725600000, 0x0000000725600000| Untracked 
| 300|0x0000000725800000, 0x0000000725800000, 0x0000000725a00000|  0%| F|  |TAMS 0x0000000725800000, 0x0000000725800000| Untracked 
| 301|0x0000000725a00000, 0x0000000725a00000, 0x0000000725c00000|  0%| F|  |TAMS 0x0000000725a00000, 0x0000000725a00000| Untracked 
| 302|0x0000000725c00000, 0x0000000725c00000, 0x0000000725e00000|  0%| F|  |TAMS 0x0000000725c00000, 0x0000000725c00000| Untracked 
| 303|0x0000000725e00000, 0x0000000725e00000, 0x0000000726000000|  0%| F|  |TAMS 0x0000000725e00000, 0x0000000725e00000| Untracked 
| 304|0x0000000726000000, 0x0000000726000000, 0x0000000726200000|  0%| F|  |TAMS 0x0000000726000000, 0x0000000726000000| Untracked 
| 305|0x0000000726200000, 0x0000000726200000, 0x0000000726400000|  0%| F|  |TAMS 0x0000000726200000, 0x0000000726200000| Untracked 
| 306|0x0000000726400000, 0x0000000726400000, 0x0000000726600000|  0%| F|  |TAMS 0x0000000726400000, 0x0000000726400000| Untracked 
| 307|0x0000000726600000, 0x0000000726600000, 0x0000000726800000|  0%| F|  |TAMS 0x0000000726600000, 0x0000000726600000| Untracked 
| 308|0x0000000726800000, 0x0000000726800000, 0x0000000726a00000|  0%| F|  |TAMS 0x0000000726800000, 0x0000000726800000| Untracked 
| 309|0x0000000726a00000, 0x0000000726a00000, 0x0000000726c00000|  0%| F|  |TAMS 0x0000000726a00000, 0x0000000726a00000| Untracked 
| 310|0x0000000726c00000, 0x0000000726c00000, 0x0000000726e00000|  0%| F|  |TAMS 0x0000000726c00000, 0x0000000726c00000| Untracked 
| 311|0x0000000726e00000, 0x0000000726e00000, 0x0000000727000000|  0%| F|  |TAMS 0x0000000726e00000, 0x0000000726e00000| Untracked 
| 312|0x0000000727000000, 0x0000000727000000, 0x0000000727200000|  0%| F|  |TAMS 0x0000000727000000, 0x0000000727000000| Untracked 
| 313|0x0000000727200000, 0x0000000727200000, 0x0000000727400000|  0%| F|  |TAMS 0x0000000727200000, 0x0000000727200000| Untracked 
| 314|0x0000000727400000, 0x0000000727400000, 0x0000000727600000|  0%| F|  |TAMS 0x0000000727400000, 0x0000000727400000| Untracked 
| 315|0x0000000727600000, 0x0000000727600000, 0x0000000727800000|  0%| F|  |TAMS 0x0000000727600000, 0x0000000727600000| Untracked 
| 316|0x0000000727800000, 0x0000000727800000, 0x0000000727a00000|  0%| F|  |TAMS 0x0000000727800000, 0x0000000727800000| Untracked 
| 317|0x0000000727a00000, 0x0000000727a00000, 0x0000000727c00000|  0%| F|  |TAMS 0x0000000727a00000, 0x0000000727a00000| Untracked 
| 318|0x0000000727c00000, 0x0000000727c00000, 0x0000000727e00000|  0%| F|  |TAMS 0x0000000727c00000, 0x0000000727c00000| Untracked 
| 319|0x0000000727e00000, 0x0000000727e00000, 0x0000000728000000|  0%| F|  |TAMS 0x0000000727e00000, 0x0000000727e00000| Untracked 
| 320|0x0000000728000000, 0x0000000728000000, 0x0000000728200000|  0%| F|  |TAMS 0x0000000728000000, 0x0000000728000000| Untracked 
| 321|0x0000000728200000, 0x0000000728200000, 0x0000000728400000|  0%| F|  |TAMS 0x0000000728200000, 0x0000000728200000| Untracked 
| 322|0x0000000728400000, 0x0000000728400000, 0x0000000728600000|  0%| F|  |TAMS 0x0000000728400000, 0x0000000728400000| Untracked 
| 323|0x0000000728600000, 0x0000000728600000, 0x0000000728800000|  0%| F|  |TAMS 0x0000000728600000, 0x0000000728600000| Untracked 
| 324|0x0000000728800000, 0x0000000728800000, 0x0000000728a00000|  0%| F|  |TAMS 0x0000000728800000, 0x0000000728800000| Untracked 
| 325|0x0000000728a00000, 0x0000000728a00000, 0x0000000728c00000|  0%| F|  |TAMS 0x0000000728a00000, 0x0000000728a00000| Untracked 
| 326|0x0000000728c00000, 0x0000000728c00000, 0x0000000728e00000|  0%| F|  |TAMS 0x0000000728c00000, 0x0000000728c00000| Untracked 
| 327|0x0000000728e00000, 0x0000000728e00000, 0x0000000729000000|  0%| F|  |TAMS 0x0000000728e00000, 0x0000000728e00000| Untracked 
| 328|0x0000000729000000, 0x0000000729000000, 0x0000000729200000|  0%| F|  |TAMS 0x0000000729000000, 0x0000000729000000| Untracked 
| 329|0x0000000729200000, 0x0000000729200000, 0x0000000729400000|  0%| F|  |TAMS 0x0000000729200000, 0x0000000729200000| Untracked 
| 330|0x0000000729400000, 0x0000000729400000, 0x0000000729600000|  0%| F|  |TAMS 0x0000000729400000, 0x0000000729400000| Untracked 
| 331|0x0000000729600000, 0x0000000729600000, 0x0000000729800000|  0%| F|  |TAMS 0x0000000729600000, 0x0000000729600000| Untracked 
| 332|0x0000000729800000, 0x0000000729800000, 0x0000000729a00000|  0%| F|  |TAMS 0x0000000729800000, 0x0000000729800000| Untracked 
| 333|0x0000000729a00000, 0x0000000729a00000, 0x0000000729c00000|  0%| F|  |TAMS 0x0000000729a00000, 0x0000000729a00000| Untracked 
| 334|0x0000000729c00000, 0x0000000729c00000, 0x0000000729e00000|  0%| F|  |TAMS 0x0000000729c00000, 0x0000000729c00000| Untracked 
| 335|0x0000000729e00000, 0x0000000729e00000, 0x000000072a000000|  0%| F|  |TAMS 0x0000000729e00000, 0x0000000729e00000| Untracked 
| 336|0x000000072a000000, 0x000000072a000000, 0x000000072a200000|  0%| F|  |TAMS 0x000000072a000000, 0x000000072a000000| Untracked 
| 337|0x000000072a200000, 0x000000072a400000, 0x000000072a400000|100%| S|CS|TAMS 0x000000072a200000, 0x000000072a200000| Complete 
| 338|0x000000072a400000, 0x000000072a600000, 0x000000072a600000|100%| S|CS|TAMS 0x000000072a400000, 0x000000072a400000| Complete 
| 339|0x000000072a600000, 0x000000072a800000, 0x000000072a800000|100%| S|CS|TAMS 0x000000072a600000, 0x000000072a600000| Complete 
| 340|0x000000072a800000, 0x000000072aa00000, 0x000000072aa00000|100%| S|CS|TAMS 0x000000072a800000, 0x000000072a800000| Complete 
| 341|0x000000072aa00000, 0x000000072ac00000, 0x000000072ac00000|100%| S|CS|TAMS 0x000000072aa00000, 0x000000072aa00000| Complete 
| 342|0x000000072ac00000, 0x000000072ae00000, 0x000000072ae00000|100%| S|CS|TAMS 0x000000072ac00000, 0x000000072ac00000| Complete 
| 343|0x000000072ae00000, 0x000000072b000000, 0x000000072b000000|100%| S|CS|TAMS 0x000000072ae00000, 0x000000072ae00000| Complete 
| 344|0x000000072b000000, 0x000000072b200000, 0x000000072b200000|100%| S|CS|TAMS 0x000000072b000000, 0x000000072b000000| Complete 
| 345|0x000000072b200000, 0x000000072b400000, 0x000000072b400000|100%| S|CS|TAMS 0x000000072b200000, 0x000000072b200000| Complete 
| 346|0x000000072b400000, 0x000000072b600000, 0x000000072b600000|100%| S|CS|TAMS 0x000000072b400000, 0x000000072b400000| Complete 
| 347|0x000000072b600000, 0x000000072b800000, 0x000000072b800000|100%| S|CS|TAMS 0x000000072b600000, 0x000000072b600000| Complete 
| 348|0x000000072b800000, 0x000000072ba00000, 0x000000072ba00000|100%| S|CS|TAMS 0x000000072b800000, 0x000000072b800000| Complete 
| 349|0x000000072ba00000, 0x000000072bc00000, 0x000000072bc00000|100%| S|CS|TAMS 0x000000072ba00000, 0x000000072ba00000| Complete 
| 350|0x000000072bc00000, 0x000000072be00000, 0x000000072be00000|100%| S|CS|TAMS 0x000000072bc00000, 0x000000072bc00000| Complete 
| 351|0x000000072be00000, 0x000000072c000000, 0x000000072c000000|100%| S|CS|TAMS 0x000000072be00000, 0x000000072be00000| Complete 
| 352|0x000000072c000000, 0x000000072c200000, 0x000000072c200000|100%| S|CS|TAMS 0x000000072c000000, 0x000000072c000000| Complete 
| 353|0x000000072c200000, 0x000000072c400000, 0x000000072c400000|100%| S|CS|TAMS 0x000000072c200000, 0x000000072c200000| Complete 
| 354|0x000000072c400000, 0x000000072c600000, 0x000000072c600000|100%| S|CS|TAMS 0x000000072c400000, 0x000000072c400000| Complete 
| 355|0x000000072c600000, 0x000000072c800000, 0x000000072c800000|100%| S|CS|TAMS 0x000000072c600000, 0x000000072c600000| Complete 
| 356|0x000000072c800000, 0x000000072ca00000, 0x000000072ca00000|100%| S|CS|TAMS 0x000000072c800000, 0x000000072c800000| Complete 
| 357|0x000000072ca00000, 0x000000072cc00000, 0x000000072cc00000|100%| S|CS|TAMS 0x000000072ca00000, 0x000000072ca00000| Complete 
| 358|0x000000072cc00000, 0x000000072ce00000, 0x000000072ce00000|100%| S|CS|TAMS 0x000000072cc00000, 0x000000072cc00000| Complete 
| 359|0x000000072ce00000, 0x000000072d000000, 0x000000072d000000|100%| S|CS|TAMS 0x000000072ce00000, 0x000000072ce00000| Complete 
| 360|0x000000072d000000, 0x000000072d200000, 0x000000072d200000|100%| S|CS|TAMS 0x000000072d000000, 0x000000072d000000| Complete 
| 361|0x000000072d200000, 0x000000072d400000, 0x000000072d400000|100%| S|CS|TAMS 0x000000072d200000, 0x000000072d200000| Complete 
| 362|0x000000072d400000, 0x000000072d600000, 0x000000072d600000|100%| S|CS|TAMS 0x000000072d400000, 0x000000072d400000| Complete 
| 363|0x000000072d600000, 0x000000072d800000, 0x000000072d800000|100%| S|CS|TAMS 0x000000072d600000, 0x000000072d600000| Complete 
| 364|0x000000072d800000, 0x000000072da00000, 0x000000072da00000|100%| S|CS|TAMS 0x000000072d800000, 0x000000072d800000| Complete 
| 365|0x000000072da00000, 0x000000072dc00000, 0x000000072dc00000|100%| S|CS|TAMS 0x000000072da00000, 0x000000072da00000| Complete 
| 366|0x000000072dc00000, 0x000000072de00000, 0x000000072de00000|100%| S|CS|TAMS 0x000000072dc00000, 0x000000072dc00000| Complete 
| 367|0x000000072de00000, 0x000000072e000000, 0x000000072e000000|100%| S|CS|TAMS 0x000000072de00000, 0x000000072de00000| Complete 
| 368|0x000000072e000000, 0x000000072e200000, 0x000000072e200000|100%| S|CS|TAMS 0x000000072e000000, 0x000000072e000000| Complete 
| 369|0x000000072e200000, 0x000000072e400000, 0x000000072e400000|100%| S|CS|TAMS 0x000000072e200000, 0x000000072e200000| Complete 
| 370|0x000000072e400000, 0x000000072e600000, 0x000000072e600000|100%| S|CS|TAMS 0x000000072e400000, 0x000000072e400000| Complete 
| 371|0x000000072e600000, 0x000000072e800000, 0x000000072e800000|100%| S|CS|TAMS 0x000000072e600000, 0x000000072e600000| Complete 
| 372|0x000000072e800000, 0x000000072ea00000, 0x000000072ea00000|100%| S|CS|TAMS 0x000000072e800000, 0x000000072e800000| Complete 
| 373|0x000000072ea00000, 0x000000072ec00000, 0x000000072ec00000|100%| S|CS|TAMS 0x000000072ea00000, 0x000000072ea00000| Complete 
| 374|0x000000072ec00000, 0x000000072ee00000, 0x000000072ee00000|100%| S|CS|TAMS 0x000000072ec00000, 0x000000072ec00000| Complete 
| 375|0x000000072ee00000, 0x000000072f000000, 0x000000072f000000|100%| S|CS|TAMS 0x000000072ee00000, 0x000000072ee00000| Complete 
| 376|0x000000072f000000, 0x000000072f200000, 0x000000072f200000|100%| S|CS|TAMS 0x000000072f000000, 0x000000072f000000| Complete 
| 377|0x000000072f200000, 0x000000072f400000, 0x000000072f400000|100%| S|CS|TAMS 0x000000072f200000, 0x000000072f200000| Complete 
| 378|0x000000072f400000, 0x000000072f600000, 0x000000072f600000|100%| S|CS|TAMS 0x000000072f400000, 0x000000072f400000| Complete 
| 379|0x000000072f600000, 0x000000072f800000, 0x000000072f800000|100%| S|CS|TAMS 0x000000072f600000, 0x000000072f600000| Complete 
| 380|0x000000072f800000, 0x000000072fa00000, 0x000000072fa00000|100%| S|CS|TAMS 0x000000072f800000, 0x000000072f800000| Complete 
| 381|0x000000072fa00000, 0x000000072fa00000, 0x000000072fc00000|  0%| F|  |TAMS 0x000000072fa00000, 0x000000072fa00000| Untracked 
| 382|0x000000072fc00000, 0x000000072fc00000, 0x000000072fe00000|  0%| F|  |TAMS 0x000000072fc00000, 0x000000072fc00000| Untracked 
| 383|0x000000072fe00000, 0x000000072fe00000, 0x0000000730000000|  0%| F|  |TAMS 0x000000072fe00000, 0x000000072fe00000| Untracked 
| 384|0x0000000730000000, 0x0000000730000000, 0x0000000730200000|  0%| F|  |TAMS 0x0000000730000000, 0x0000000730000000| Untracked 
| 385|0x0000000730200000, 0x0000000730200000, 0x0000000730400000|  0%| F|  |TAMS 0x0000000730200000, 0x0000000730200000| Untracked 
| 386|0x0000000730400000, 0x0000000730400000, 0x0000000730600000|  0%| F|  |TAMS 0x0000000730400000, 0x0000000730400000| Untracked 
| 387|0x0000000730600000, 0x0000000730600000, 0x0000000730800000|  0%| F|  |TAMS 0x0000000730600000, 0x0000000730600000| Untracked 
| 388|0x0000000730800000, 0x0000000730800000, 0x0000000730a00000|  0%| F|  |TAMS 0x0000000730800000, 0x0000000730800000| Untracked 
| 389|0x0000000730a00000, 0x0000000730a00000, 0x0000000730c00000|  0%| F|  |TAMS 0x0000000730a00000, 0x0000000730a00000| Untracked 
| 390|0x0000000730c00000, 0x0000000730c00000, 0x0000000730e00000|  0%| F|  |TAMS 0x0000000730c00000, 0x0000000730c00000| Untracked 
| 391|0x0000000730e00000, 0x0000000730e00000, 0x0000000731000000|  0%| F|  |TAMS 0x0000000730e00000, 0x0000000730e00000| Untracked 
| 392|0x0000000731000000, 0x0000000731000000, 0x0000000731200000|  0%| F|  |TAMS 0x0000000731000000, 0x0000000731000000| Untracked 
| 393|0x0000000731200000, 0x0000000731200000, 0x0000000731400000|  0%| F|  |TAMS 0x0000000731200000, 0x0000000731200000| Untracked 
| 394|0x0000000731400000, 0x0000000731400000, 0x0000000731600000|  0%| F|  |TAMS 0x0000000731400000, 0x0000000731400000| Untracked 
| 395|0x0000000731600000, 0x0000000731600000, 0x0000000731800000|  0%| F|  |TAMS 0x0000000731600000, 0x0000000731600000| Untracked 
| 396|0x0000000731800000, 0x0000000731800000, 0x0000000731a00000|  0%| F|  |TAMS 0x0000000731800000, 0x0000000731800000| Untracked 
| 397|0x0000000731a00000, 0x0000000731a00000, 0x0000000731c00000|  0%| F|  |TAMS 0x0000000731a00000, 0x0000000731a00000| Untracked 
| 398|0x0000000731c00000, 0x0000000731c00000, 0x0000000731e00000|  0%| F|  |TAMS 0x0000000731c00000, 0x0000000731c00000| Untracked 
| 399|0x0000000731e00000, 0x0000000731e00000, 0x0000000732000000|  0%| F|  |TAMS 0x0000000731e00000, 0x0000000731e00000| Untracked 
| 400|0x0000000732000000, 0x0000000732000000, 0x0000000732200000|  0%| F|  |TAMS 0x0000000732000000, 0x0000000732000000| Untracked 
| 401|0x0000000732200000, 0x0000000732200000, 0x0000000732400000|  0%| F|  |TAMS 0x0000000732200000, 0x0000000732200000| Untracked 
| 402|0x0000000732400000, 0x0000000732400000, 0x0000000732600000|  0%| F|  |TAMS 0x0000000732400000, 0x0000000732400000| Untracked 
| 403|0x0000000732600000, 0x0000000732600000, 0x0000000732800000|  0%| F|  |TAMS 0x0000000732600000, 0x0000000732600000| Untracked 
| 404|0x0000000732800000, 0x0000000732800000, 0x0000000732a00000|  0%| F|  |TAMS 0x0000000732800000, 0x0000000732800000| Untracked 
| 405|0x0000000732a00000, 0x0000000732a00000, 0x0000000732c00000|  0%| F|  |TAMS 0x0000000732a00000, 0x0000000732a00000| Untracked 
| 406|0x0000000732c00000, 0x0000000732c00000, 0x0000000732e00000|  0%| F|  |TAMS 0x0000000732c00000, 0x0000000732c00000| Untracked 
| 407|0x0000000732e00000, 0x0000000732e00000, 0x0000000733000000|  0%| F|  |TAMS 0x0000000732e00000, 0x0000000732e00000| Untracked 
| 408|0x0000000733000000, 0x0000000733000000, 0x0000000733200000|  0%| F|  |TAMS 0x0000000733000000, 0x0000000733000000| Untracked 
| 409|0x0000000733200000, 0x0000000733200000, 0x0000000733400000|  0%| F|  |TAMS 0x0000000733200000, 0x0000000733200000| Untracked 
| 410|0x0000000733400000, 0x0000000733400000, 0x0000000733600000|  0%| F|  |TAMS 0x0000000733400000, 0x0000000733400000| Untracked 
| 411|0x0000000733600000, 0x0000000733800000, 0x0000000733800000|100%| S|CS|TAMS 0x0000000733600000, 0x0000000733600000| Complete 
| 412|0x0000000733800000, 0x0000000733a00000, 0x0000000733a00000|100%| S|CS|TAMS 0x0000000733800000, 0x0000000733800000| Complete 
| 413|0x0000000733a00000, 0x0000000733c00000, 0x0000000733c00000|100%| S|CS|TAMS 0x0000000733a00000, 0x0000000733a00000| Complete 
| 414|0x0000000733c00000, 0x0000000733c00000, 0x0000000733e00000|  0%| F|  |TAMS 0x0000000733c00000, 0x0000000733c00000| Untracked 
| 415|0x0000000733e00000, 0x0000000733e00000, 0x0000000734000000|  0%| F|  |TAMS 0x0000000733e00000, 0x0000000733e00000| Untracked 
| 416|0x0000000734000000, 0x0000000734000000, 0x0000000734200000|  0%| F|  |TAMS 0x0000000734000000, 0x0000000734000000| Untracked 
| 417|0x0000000734200000, 0x0000000734200000, 0x0000000734400000|  0%| F|  |TAMS 0x0000000734200000, 0x0000000734200000| Untracked 
| 418|0x0000000734400000, 0x0000000734400000, 0x0000000734600000|  0%| F|  |TAMS 0x0000000734400000, 0x0000000734400000| Untracked 
| 419|0x0000000734600000, 0x0000000734600000, 0x0000000734800000|  0%| F|  |TAMS 0x0000000734600000, 0x0000000734600000| Untracked 
| 420|0x0000000734800000, 0x0000000734800000, 0x0000000734a00000|  0%| F|  |TAMS 0x0000000734800000, 0x0000000734800000| Untracked 
| 421|0x0000000734a00000, 0x0000000734a00000, 0x0000000734c00000|  0%| F|  |TAMS 0x0000000734a00000, 0x0000000734a00000| Untracked 
| 422|0x0000000734c00000, 0x0000000734c00000, 0x0000000734e00000|  0%| F|  |TAMS 0x0000000734c00000, 0x0000000734c00000| Untracked 
| 423|0x0000000734e00000, 0x0000000734e00000, 0x0000000735000000|  0%| F|  |TAMS 0x0000000734e00000, 0x0000000734e00000| Untracked 
| 424|0x0000000735000000, 0x0000000735000000, 0x0000000735200000|  0%| F|  |TAMS 0x0000000735000000, 0x0000000735000000| Untracked 
| 425|0x0000000735200000, 0x0000000735200000, 0x0000000735400000|  0%| F|  |TAMS 0x0000000735200000, 0x0000000735200000| Untracked 
| 426|0x0000000735400000, 0x0000000735400000, 0x0000000735600000|  0%| F|  |TAMS 0x0000000735400000, 0x0000000735400000| Untracked 
| 427|0x0000000735600000, 0x0000000735600000, 0x0000000735800000|  0%| F|  |TAMS 0x0000000735600000, 0x0000000735600000| Untracked 
| 428|0x0000000735800000, 0x0000000735800000, 0x0000000735a00000|  0%| F|  |TAMS 0x0000000735800000, 0x0000000735800000| Untracked 
| 429|0x0000000735a00000, 0x0000000735a00000, 0x0000000735c00000|  0%| F|  |TAMS 0x0000000735a00000, 0x0000000735a00000| Untracked 
| 430|0x0000000735c00000, 0x0000000735c00000, 0x0000000735e00000|  0%| F|  |TAMS 0x0000000735c00000, 0x0000000735c00000| Untracked 
| 431|0x0000000735e00000, 0x0000000735e00000, 0x0000000736000000|  0%| F|  |TAMS 0x0000000735e00000, 0x0000000735e00000| Untracked 
| 432|0x0000000736000000, 0x0000000736000000, 0x0000000736200000|  0%| F|  |TAMS 0x0000000736000000, 0x0000000736000000| Untracked 
| 433|0x0000000736200000, 0x0000000736200000, 0x0000000736400000|  0%| F|  |TAMS 0x0000000736200000, 0x0000000736200000| Untracked 
| 434|0x0000000736400000, 0x0000000736400000, 0x0000000736600000|  0%| F|  |TAMS 0x0000000736400000, 0x0000000736400000| Untracked 
| 435|0x0000000736600000, 0x0000000736600000, 0x0000000736800000|  0%| F|  |TAMS 0x0000000736600000, 0x0000000736600000| Untracked 
| 436|0x0000000736800000, 0x0000000736800000, 0x0000000736a00000|  0%| F|  |TAMS 0x0000000736800000, 0x0000000736800000| Untracked 
| 437|0x0000000736a00000, 0x0000000736a00000, 0x0000000736c00000|  0%| F|  |TAMS 0x0000000736a00000, 0x0000000736a00000| Untracked 
| 438|0x0000000736c00000, 0x0000000736c00000, 0x0000000736e00000|  0%| F|  |TAMS 0x0000000736c00000, 0x0000000736c00000| Untracked 
| 439|0x0000000736e00000, 0x0000000736e00000, 0x0000000737000000|  0%| F|  |TAMS 0x0000000736e00000, 0x0000000736e00000| Untracked 
| 440|0x0000000737000000, 0x0000000737000000, 0x0000000737200000|  0%| F|  |TAMS 0x0000000737000000, 0x0000000737000000| Untracked 
| 441|0x0000000737200000, 0x0000000737200000, 0x0000000737400000|  0%| F|  |TAMS 0x0000000737200000, 0x0000000737200000| Untracked 
| 442|0x0000000737400000, 0x0000000737400000, 0x0000000737600000|  0%| F|  |TAMS 0x0000000737400000, 0x0000000737400000| Untracked 
| 443|0x0000000737600000, 0x0000000737600000, 0x0000000737800000|  0%| F|  |TAMS 0x0000000737600000, 0x0000000737600000| Untracked 
| 444|0x0000000737800000, 0x0000000737800000, 0x0000000737a00000|  0%| F|  |TAMS 0x0000000737800000, 0x0000000737800000| Untracked 
| 445|0x0000000737a00000, 0x0000000737a00000, 0x0000000737c00000|  0%| F|  |TAMS 0x0000000737a00000, 0x0000000737a00000| Untracked 
| 446|0x0000000737c00000, 0x0000000737c00000, 0x0000000737e00000|  0%| F|  |TAMS 0x0000000737c00000, 0x0000000737c00000| Untracked 
| 447|0x0000000737e00000, 0x0000000737e00000, 0x0000000738000000|  0%| F|  |TAMS 0x0000000737e00000, 0x0000000737e00000| Untracked 
| 448|0x0000000738000000, 0x0000000738000000, 0x0000000738200000|  0%| F|  |TAMS 0x0000000738000000, 0x0000000738000000| Untracked 
| 449|0x0000000738200000, 0x0000000738200000, 0x0000000738400000|  0%| F|  |TAMS 0x0000000738200000, 0x0000000738200000| Untracked 
| 450|0x0000000738400000, 0x0000000738400000, 0x0000000738600000|  0%| F|  |TAMS 0x0000000738400000, 0x0000000738400000| Untracked 
| 451|0x0000000738600000, 0x0000000738600000, 0x0000000738800000|  0%| F|  |TAMS 0x0000000738600000, 0x0000000738600000| Untracked 
| 452|0x0000000738800000, 0x0000000738800000, 0x0000000738a00000|  0%| F|  |TAMS 0x0000000738800000, 0x0000000738800000| Untracked 
| 453|0x0000000738a00000, 0x0000000738a00000, 0x0000000738c00000|  0%| F|  |TAMS 0x0000000738a00000, 0x0000000738a00000| Untracked 
| 454|0x0000000738c00000, 0x0000000738c00000, 0x0000000738e00000|  0%| F|  |TAMS 0x0000000738c00000, 0x0000000738c00000| Untracked 
| 455|0x0000000738e00000, 0x0000000738e00000, 0x0000000739000000|  0%| F|  |TAMS 0x0000000738e00000, 0x0000000738e00000| Untracked 
| 456|0x0000000739000000, 0x0000000739000000, 0x0000000739200000|  0%| F|  |TAMS 0x0000000739000000, 0x0000000739000000| Untracked 
| 457|0x0000000739200000, 0x0000000739200000, 0x0000000739400000|  0%| F|  |TAMS 0x0000000739200000, 0x0000000739200000| Untracked 
| 458|0x0000000739400000, 0x0000000739400000, 0x0000000739600000|  0%| F|  |TAMS 0x0000000739400000, 0x0000000739400000| Untracked 
| 459|0x0000000739600000, 0x0000000739600000, 0x0000000739800000|  0%| F|  |TAMS 0x0000000739600000, 0x0000000739600000| Untracked 
| 460|0x0000000739800000, 0x0000000739800000, 0x0000000739a00000|  0%| F|  |TAMS 0x0000000739800000, 0x0000000739800000| Untracked 
| 461|0x0000000739a00000, 0x0000000739a00000, 0x0000000739c00000|  0%| F|  |TAMS 0x0000000739a00000, 0x0000000739a00000| Untracked 
| 462|0x0000000739c00000, 0x0000000739c00000, 0x0000000739e00000|  0%| F|  |TAMS 0x0000000739c00000, 0x0000000739c00000| Untracked 
| 463|0x0000000739e00000, 0x0000000739e00000, 0x000000073a000000|  0%| F|  |TAMS 0x0000000739e00000, 0x0000000739e00000| Untracked 
| 464|0x000000073a000000, 0x000000073a000000, 0x000000073a200000|  0%| F|  |TAMS 0x000000073a000000, 0x000000073a000000| Untracked 
| 465|0x000000073a200000, 0x000000073a200000, 0x000000073a400000|  0%| F|  |TAMS 0x000000073a200000, 0x000000073a200000| Untracked 
| 466|0x000000073a400000, 0x000000073a400000, 0x000000073a600000|  0%| F|  |TAMS 0x000000073a400000, 0x000000073a400000| Untracked 
| 467|0x000000073a600000, 0x000000073a600000, 0x000000073a800000|  0%| F|  |TAMS 0x000000073a600000, 0x000000073a600000| Untracked 
| 468|0x000000073a800000, 0x000000073a800000, 0x000000073aa00000|  0%| F|  |TAMS 0x000000073a800000, 0x000000073a800000| Untracked 
| 469|0x000000073aa00000, 0x000000073aa00000, 0x000000073ac00000|  0%| F|  |TAMS 0x000000073aa00000, 0x000000073aa00000| Untracked 
| 470|0x000000073ac00000, 0x000000073ac00000, 0x000000073ae00000|  0%| F|  |TAMS 0x000000073ac00000, 0x000000073ac00000| Untracked 
| 471|0x000000073ae00000, 0x000000073ae00000, 0x000000073b000000|  0%| F|  |TAMS 0x000000073ae00000, 0x000000073ae00000| Untracked 
| 472|0x000000073b000000, 0x000000073b000000, 0x000000073b200000|  0%| F|  |TAMS 0x000000073b000000, 0x000000073b000000| Untracked 
| 473|0x000000073b200000, 0x000000073b200000, 0x000000073b400000|  0%| F|  |TAMS 0x000000073b200000, 0x000000073b200000| Untracked 
| 474|0x000000073b400000, 0x000000073b400000, 0x000000073b600000|  0%| F|  |TAMS 0x000000073b400000, 0x000000073b400000| Untracked 
| 475|0x000000073b600000, 0x000000073b600000, 0x000000073b800000|  0%| F|  |TAMS 0x000000073b600000, 0x000000073b600000| Untracked 
| 476|0x000000073b800000, 0x000000073b800000, 0x000000073ba00000|  0%| F|  |TAMS 0x000000073b800000, 0x000000073b800000| Untracked 
| 477|0x000000073ba00000, 0x000000073ba00000, 0x000000073bc00000|  0%| F|  |TAMS 0x000000073ba00000, 0x000000073ba00000| Untracked 
| 478|0x000000073bc00000, 0x000000073bc00000, 0x000000073be00000|  0%| F|  |TAMS 0x000000073bc00000, 0x000000073bc00000| Untracked 
| 479|0x000000073be00000, 0x000000073be00000, 0x000000073c000000|  0%| F|  |TAMS 0x000000073be00000, 0x000000073be00000| Untracked 
| 480|0x000000073c000000, 0x000000073c000000, 0x000000073c200000|  0%| F|  |TAMS 0x000000073c000000, 0x000000073c000000| Untracked 
| 481|0x000000073c200000, 0x000000073c200000, 0x000000073c400000|  0%| F|  |TAMS 0x000000073c200000, 0x000000073c200000| Untracked 
| 482|0x000000073c400000, 0x000000073c400000, 0x000000073c600000|  0%| F|  |TAMS 0x000000073c400000, 0x000000073c400000| Untracked 
| 483|0x000000073c600000, 0x000000073c600000, 0x000000073c800000|  0%| F|  |TAMS 0x000000073c600000, 0x000000073c600000| Untracked 
| 484|0x000000073c800000, 0x000000073c800000, 0x000000073ca00000|  0%| F|  |TAMS 0x000000073c800000, 0x000000073c800000| Untracked 
| 485|0x000000073ca00000, 0x000000073ca00000, 0x000000073cc00000|  0%| F|  |TAMS 0x000000073ca00000, 0x000000073ca00000| Untracked 
| 486|0x000000073cc00000, 0x000000073cc00000, 0x000000073ce00000|  0%| F|  |TAMS 0x000000073cc00000, 0x000000073cc00000| Untracked 
| 487|0x000000073ce00000, 0x000000073ce00000, 0x000000073d000000|  0%| F|  |TAMS 0x000000073ce00000, 0x000000073ce00000| Untracked 
| 488|0x000000073d000000, 0x000000073d000000, 0x000000073d200000|  0%| F|  |TAMS 0x000000073d000000, 0x000000073d000000| Untracked 
| 489|0x000000073d200000, 0x000000073d200000, 0x000000073d400000|  0%| F|  |TAMS 0x000000073d200000, 0x000000073d200000| Untracked 
| 490|0x000000073d400000, 0x000000073d400000, 0x000000073d600000|  0%| F|  |TAMS 0x000000073d400000, 0x000000073d400000| Untracked 
| 491|0x000000073d600000, 0x000000073d600000, 0x000000073d800000|  0%| F|  |TAMS 0x000000073d600000, 0x000000073d600000| Untracked 
| 492|0x000000073d800000, 0x000000073d800000, 0x000000073da00000|  0%| F|  |TAMS 0x000000073d800000, 0x000000073d800000| Untracked 
| 493|0x000000073da00000, 0x000000073da00000, 0x000000073dc00000|  0%| F|  |TAMS 0x000000073da00000, 0x000000073da00000| Untracked 
| 494|0x000000073dc00000, 0x000000073dc00000, 0x000000073de00000|  0%| F|  |TAMS 0x000000073dc00000, 0x000000073dc00000| Untracked 
| 495|0x000000073de00000, 0x000000073de00000, 0x000000073e000000|  0%| F|  |TAMS 0x000000073de00000, 0x000000073de00000| Untracked 
| 496|0x000000073e000000, 0x000000073e000000, 0x000000073e200000|  0%| F|  |TAMS 0x000000073e000000, 0x000000073e000000| Untracked 
| 497|0x000000073e200000, 0x000000073e200000, 0x000000073e400000|  0%| F|  |TAMS 0x000000073e200000, 0x000000073e200000| Untracked 
| 498|0x000000073e400000, 0x000000073e400000, 0x000000073e600000|  0%| F|  |TAMS 0x000000073e400000, 0x000000073e400000| Untracked 
| 499|0x000000073e600000, 0x000000073e600000, 0x000000073e800000|  0%| F|  |TAMS 0x000000073e600000, 0x000000073e600000| Untracked 
| 500|0x000000073e800000, 0x000000073e800000, 0x000000073ea00000|  0%| F|  |TAMS 0x000000073e800000, 0x000000073e800000| Untracked 
| 501|0x000000073ea00000, 0x000000073ea00000, 0x000000073ec00000|  0%| F|  |TAMS 0x000000073ea00000, 0x000000073ea00000| Untracked 
| 502|0x000000073ec00000, 0x000000073ec00000, 0x000000073ee00000|  0%| F|  |TAMS 0x000000073ec00000, 0x000000073ec00000| Untracked 
| 503|0x000000073ee00000, 0x000000073ee00000, 0x000000073f000000|  0%| F|  |TAMS 0x000000073ee00000, 0x000000073ee00000| Untracked 
| 504|0x000000073f000000, 0x000000073f000000, 0x000000073f200000|  0%| F|  |TAMS 0x000000073f000000, 0x000000073f000000| Untracked 
| 505|0x000000073f200000, 0x000000073f200000, 0x000000073f400000|  0%| F|  |TAMS 0x000000073f200000, 0x000000073f200000| Untracked 
| 506|0x000000073f400000, 0x000000073f400000, 0x000000073f600000|  0%| F|  |TAMS 0x000000073f400000, 0x000000073f400000| Untracked 
| 507|0x000000073f600000, 0x000000073f600000, 0x000000073f800000|  0%| F|  |TAMS 0x000000073f600000, 0x000000073f600000| Untracked 
| 508|0x000000073f800000, 0x000000073f800000, 0x000000073fa00000|  0%| F|  |TAMS 0x000000073f800000, 0x000000073f800000| Untracked 
| 509|0x000000073fa00000, 0x000000073fa00000, 0x000000073fc00000|  0%| F|  |TAMS 0x000000073fa00000, 0x000000073fa00000| Untracked 
| 510|0x000000073fc00000, 0x000000073fc00000, 0x000000073fe00000|  0%| F|  |TAMS 0x000000073fc00000, 0x000000073fc00000| Untracked 
| 511|0x000000073fe00000, 0x000000073fe00000, 0x0000000740000000|  0%| F|  |TAMS 0x000000073fe00000, 0x000000073fe00000| Untracked 
| 512|0x0000000740000000, 0x0000000740000000, 0x0000000740200000|  0%| F|  |TAMS 0x0000000740000000, 0x0000000740000000| Untracked 
| 513|0x0000000740200000, 0x0000000740200000, 0x0000000740400000|  0%| F|  |TAMS 0x0000000740200000, 0x0000000740200000| Untracked 
| 514|0x0000000740400000, 0x0000000740400000, 0x0000000740600000|  0%| F|  |TAMS 0x0000000740400000, 0x0000000740400000| Untracked 
| 515|0x0000000740600000, 0x0000000740600000, 0x0000000740800000|  0%| F|  |TAMS 0x0000000740600000, 0x0000000740600000| Untracked 
| 516|0x0000000740800000, 0x0000000740800000, 0x0000000740a00000|  0%| F|  |TAMS 0x0000000740800000, 0x0000000740800000| Untracked 
| 517|0x0000000740a00000, 0x0000000740a00000, 0x0000000740c00000|  0%| F|  |TAMS 0x0000000740a00000, 0x0000000740a00000| Untracked 
| 518|0x0000000740c00000, 0x0000000740c00000, 0x0000000740e00000|  0%| F|  |TAMS 0x0000000740c00000, 0x0000000740c00000| Untracked 
| 519|0x0000000740e00000, 0x0000000740e00000, 0x0000000741000000|  0%| F|  |TAMS 0x0000000740e00000, 0x0000000740e00000| Untracked 
| 520|0x0000000741000000, 0x0000000741000000, 0x0000000741200000|  0%| F|  |TAMS 0x0000000741000000, 0x0000000741000000| Untracked 
| 521|0x0000000741200000, 0x0000000741200000, 0x0000000741400000|  0%| F|  |TAMS 0x0000000741200000, 0x0000000741200000| Untracked 
| 522|0x0000000741400000, 0x0000000741400000, 0x0000000741600000|  0%| F|  |TAMS 0x0000000741400000, 0x0000000741400000| Untracked 
| 523|0x0000000741600000, 0x0000000741600000, 0x0000000741800000|  0%| F|  |TAMS 0x0000000741600000, 0x0000000741600000| Untracked 
| 524|0x0000000741800000, 0x0000000741800000, 0x0000000741a00000|  0%| F|  |TAMS 0x0000000741800000, 0x0000000741800000| Untracked 
| 525|0x0000000741a00000, 0x0000000741a00000, 0x0000000741c00000|  0%| F|  |TAMS 0x0000000741a00000, 0x0000000741a00000| Untracked 
| 526|0x0000000741c00000, 0x0000000741c00000, 0x0000000741e00000|  0%| F|  |TAMS 0x0000000741c00000, 0x0000000741c00000| Untracked 
| 527|0x0000000741e00000, 0x0000000741e00000, 0x0000000742000000|  0%| F|  |TAMS 0x0000000741e00000, 0x0000000741e00000| Untracked 
| 528|0x0000000742000000, 0x0000000742000000, 0x0000000742200000|  0%| F|  |TAMS 0x0000000742000000, 0x0000000742000000| Untracked 
| 529|0x0000000742200000, 0x0000000742200000, 0x0000000742400000|  0%| F|  |TAMS 0x0000000742200000, 0x0000000742200000| Untracked 
| 530|0x0000000742400000, 0x0000000742400000, 0x0000000742600000|  0%| F|  |TAMS 0x0000000742400000, 0x0000000742400000| Untracked 
| 531|0x0000000742600000, 0x0000000742600000, 0x0000000742800000|  0%| F|  |TAMS 0x0000000742600000, 0x0000000742600000| Untracked 
| 532|0x0000000742800000, 0x0000000742800000, 0x0000000742a00000|  0%| F|  |TAMS 0x0000000742800000, 0x0000000742800000| Untracked 
| 533|0x0000000742a00000, 0x0000000742a00000, 0x0000000742c00000|  0%| F|  |TAMS 0x0000000742a00000, 0x0000000742a00000| Untracked 
| 534|0x0000000742c00000, 0x0000000742c00000, 0x0000000742e00000|  0%| F|  |TAMS 0x0000000742c00000, 0x0000000742c00000| Untracked 
| 535|0x0000000742e00000, 0x0000000742e00000, 0x0000000743000000|  0%| F|  |TAMS 0x0000000742e00000, 0x0000000742e00000| Untracked 
| 536|0x0000000743000000, 0x0000000743000000, 0x0000000743200000|  0%| F|  |TAMS 0x0000000743000000, 0x0000000743000000| Untracked 
| 537|0x0000000743200000, 0x0000000743200000, 0x0000000743400000|  0%| F|  |TAMS 0x0000000743200000, 0x0000000743200000| Untracked 
| 538|0x0000000743400000, 0x0000000743400000, 0x0000000743600000|  0%| F|  |TAMS 0x0000000743400000, 0x0000000743400000| Untracked 
| 539|0x0000000743600000, 0x0000000743600000, 0x0000000743800000|  0%| F|  |TAMS 0x0000000743600000, 0x0000000743600000| Untracked 
| 540|0x0000000743800000, 0x0000000743800000, 0x0000000743a00000|  0%| F|  |TAMS 0x0000000743800000, 0x0000000743800000| Untracked 
| 541|0x0000000743a00000, 0x0000000743a00000, 0x0000000743c00000|  0%| F|  |TAMS 0x0000000743a00000, 0x0000000743a00000| Untracked 
| 542|0x0000000743c00000, 0x0000000743c00000, 0x0000000743e00000|  0%| F|  |TAMS 0x0000000743c00000, 0x0000000743c00000| Untracked 
| 543|0x0000000743e00000, 0x0000000743e00000, 0x0000000744000000|  0%| F|  |TAMS 0x0000000743e00000, 0x0000000743e00000| Untracked 
| 544|0x0000000744000000, 0x0000000744000000, 0x0000000744200000|  0%| F|  |TAMS 0x0000000744000000, 0x0000000744000000| Untracked 
| 545|0x0000000744200000, 0x0000000744200000, 0x0000000744400000|  0%| F|  |TAMS 0x0000000744200000, 0x0000000744200000| Untracked 
| 546|0x0000000744400000, 0x0000000744400000, 0x0000000744600000|  0%| F|  |TAMS 0x0000000744400000, 0x0000000744400000| Untracked 
| 547|0x0000000744600000, 0x0000000744600000, 0x0000000744800000|  0%| F|  |TAMS 0x0000000744600000, 0x0000000744600000| Untracked 
| 548|0x0000000744800000, 0x0000000744800000, 0x0000000744a00000|  0%| F|  |TAMS 0x0000000744800000, 0x0000000744800000| Untracked 
| 549|0x0000000744a00000, 0x0000000744a00000, 0x0000000744c00000|  0%| F|  |TAMS 0x0000000744a00000, 0x0000000744a00000| Untracked 
| 550|0x0000000744c00000, 0x0000000744c00000, 0x0000000744e00000|  0%| F|  |TAMS 0x0000000744c00000, 0x0000000744c00000| Untracked 
| 551|0x0000000744e00000, 0x0000000744e00000, 0x0000000745000000|  0%| F|  |TAMS 0x0000000744e00000, 0x0000000744e00000| Untracked 
| 552|0x0000000745000000, 0x0000000745000000, 0x0000000745200000|  0%| F|  |TAMS 0x0000000745000000, 0x0000000745000000| Untracked 
| 553|0x0000000745200000, 0x000000074525f120, 0x0000000745400000| 18%| E|  |TAMS 0x0000000745200000, 0x0000000745200000| Complete 
| 554|0x0000000745400000, 0x0000000745600000, 0x0000000745600000|100%| E|CS|TAMS 0x0000000745400000, 0x0000000745400000| Complete 
| 555|0x0000000745600000, 0x0000000745800000, 0x0000000745800000|100%| E|CS|TAMS 0x0000000745600000, 0x0000000745600000| Complete 
| 556|0x0000000745800000, 0x0000000745a00000, 0x0000000745a00000|100%| E|CS|TAMS 0x0000000745800000, 0x0000000745800000| Complete 
| 557|0x0000000745a00000, 0x0000000745c00000, 0x0000000745c00000|100%| E|CS|TAMS 0x0000000745a00000, 0x0000000745a00000| Complete 
| 558|0x0000000745c00000, 0x0000000745e00000, 0x0000000745e00000|100%| E|CS|TAMS 0x0000000745c00000, 0x0000000745c00000| Complete 
| 559|0x0000000745e00000, 0x0000000746000000, 0x0000000746000000|100%| E|CS|TAMS 0x0000000745e00000, 0x0000000745e00000| Complete 
| 560|0x0000000746000000, 0x0000000746200000, 0x0000000746200000|100%| E|CS|TAMS 0x0000000746000000, 0x0000000746000000| Complete 
| 561|0x0000000746200000, 0x0000000746400000, 0x0000000746400000|100%| E|CS|TAMS 0x0000000746200000, 0x0000000746200000| Complete 
| 562|0x0000000746400000, 0x0000000746600000, 0x0000000746600000|100%| E|CS|TAMS 0x0000000746400000, 0x0000000746400000| Complete 
| 563|0x0000000746600000, 0x0000000746800000, 0x0000000746800000|100%| E|CS|TAMS 0x0000000746600000, 0x0000000746600000| Complete 
| 564|0x0000000746800000, 0x0000000746a00000, 0x0000000746a00000|100%| E|CS|TAMS 0x0000000746800000, 0x0000000746800000| Complete 
| 565|0x0000000746a00000, 0x0000000746c00000, 0x0000000746c00000|100%| E|CS|TAMS 0x0000000746a00000, 0x0000000746a00000| Complete 
| 566|0x0000000746c00000, 0x0000000746e00000, 0x0000000746e00000|100%| E|CS|TAMS 0x0000000746c00000, 0x0000000746c00000| Complete 
| 567|0x0000000746e00000, 0x0000000747000000, 0x0000000747000000|100%| E|CS|TAMS 0x0000000746e00000, 0x0000000746e00000| Complete 
| 568|0x0000000747000000, 0x0000000747200000, 0x0000000747200000|100%| E|CS|TAMS 0x0000000747000000, 0x0000000747000000| Complete 
| 569|0x0000000747200000, 0x0000000747400000, 0x0000000747400000|100%| E|CS|TAMS 0x0000000747200000, 0x0000000747200000| Complete 
| 570|0x0000000747400000, 0x0000000747600000, 0x0000000747600000|100%| E|CS|TAMS 0x0000000747400000, 0x0000000747400000| Complete 
| 571|0x0000000747600000, 0x0000000747800000, 0x0000000747800000|100%| E|CS|TAMS 0x0000000747600000, 0x0000000747600000| Complete 
| 572|0x0000000747800000, 0x0000000747a00000, 0x0000000747a00000|100%| E|CS|TAMS 0x0000000747800000, 0x0000000747800000| Complete 
| 573|0x0000000747a00000, 0x0000000747c00000, 0x0000000747c00000|100%| E|CS|TAMS 0x0000000747a00000, 0x0000000747a00000| Complete 
| 574|0x0000000747c00000, 0x0000000747e00000, 0x0000000747e00000|100%| E|CS|TAMS 0x0000000747c00000, 0x0000000747c00000| Complete 
| 575|0x0000000747e00000, 0x0000000748000000, 0x0000000748000000|100%| E|CS|TAMS 0x0000000747e00000, 0x0000000747e00000| Complete 
| 576|0x0000000748000000, 0x0000000748200000, 0x0000000748200000|100%| E|CS|TAMS 0x0000000748000000, 0x0000000748000000| Complete 
| 577|0x0000000748200000, 0x0000000748400000, 0x0000000748400000|100%| E|CS|TAMS 0x0000000748200000, 0x0000000748200000| Complete 
| 578|0x0000000748400000, 0x0000000748600000, 0x0000000748600000|100%| E|CS|TAMS 0x0000000748400000, 0x0000000748400000| Complete 
| 579|0x0000000748600000, 0x0000000748800000, 0x0000000748800000|100%| E|CS|TAMS 0x0000000748600000, 0x0000000748600000| Complete 
| 580|0x0000000748800000, 0x0000000748a00000, 0x0000000748a00000|100%| E|CS|TAMS 0x0000000748800000, 0x0000000748800000| Complete 
| 581|0x0000000748a00000, 0x0000000748c00000, 0x0000000748c00000|100%| E|CS|TAMS 0x0000000748a00000, 0x0000000748a00000| Complete 
| 582|0x0000000748c00000, 0x0000000748e00000, 0x0000000748e00000|100%| E|CS|TAMS 0x0000000748c00000, 0x0000000748c00000| Complete 
| 583|0x0000000748e00000, 0x0000000749000000, 0x0000000749000000|100%| E|CS|TAMS 0x0000000748e00000, 0x0000000748e00000| Complete 
| 584|0x0000000749000000, 0x0000000749200000, 0x0000000749200000|100%| E|CS|TAMS 0x0000000749000000, 0x0000000749000000| Complete 
| 585|0x0000000749200000, 0x0000000749400000, 0x0000000749400000|100%| E|CS|TAMS 0x0000000749200000, 0x0000000749200000| Complete 
| 586|0x0000000749400000, 0x0000000749600000, 0x0000000749600000|100%| E|CS|TAMS 0x0000000749400000, 0x0000000749400000| Complete 
| 587|0x0000000749600000, 0x0000000749800000, 0x0000000749800000|100%| E|CS|TAMS 0x0000000749600000, 0x0000000749600000| Complete 
| 588|0x0000000749800000, 0x0000000749a00000, 0x0000000749a00000|100%| E|CS|TAMS 0x0000000749800000, 0x0000000749800000| Complete 
| 589|0x0000000749a00000, 0x0000000749c00000, 0x0000000749c00000|100%| E|CS|TAMS 0x0000000749a00000, 0x0000000749a00000| Complete 
| 590|0x0000000749c00000, 0x0000000749e00000, 0x0000000749e00000|100%| E|CS|TAMS 0x0000000749c00000, 0x0000000749c00000| Complete 
| 591|0x0000000749e00000, 0x000000074a000000, 0x000000074a000000|100%| E|CS|TAMS 0x0000000749e00000, 0x0000000749e00000| Complete 
| 592|0x000000074a000000, 0x000000074a200000, 0x000000074a200000|100%| E|CS|TAMS 0x000000074a000000, 0x000000074a000000| Complete 
| 593|0x000000074a200000, 0x000000074a400000, 0x000000074a400000|100%| E|  |TAMS 0x000000074a200000, 0x000000074a200000| Complete 
| 594|0x000000074a400000, 0x000000074a600000, 0x000000074a600000|100%| E|CS|TAMS 0x000000074a400000, 0x000000074a400000| Complete 
| 595|0x000000074a600000, 0x000000074a800000, 0x000000074a800000|100%| E|CS|TAMS 0x000000074a600000, 0x000000074a600000| Complete 
| 596|0x000000074a800000, 0x000000074aa00000, 0x000000074aa00000|100%| E|CS|TAMS 0x000000074a800000, 0x000000074a800000| Complete 
| 597|0x000000074aa00000, 0x000000074ac00000, 0x000000074ac00000|100%| E|CS|TAMS 0x000000074aa00000, 0x000000074aa00000| Complete 
| 598|0x000000074ac00000, 0x000000074ae00000, 0x000000074ae00000|100%| E|CS|TAMS 0x000000074ac00000, 0x000000074ac00000| Complete 
| 599|0x000000074ae00000, 0x000000074b000000, 0x000000074b000000|100%| E|CS|TAMS 0x000000074ae00000, 0x000000074ae00000| Complete 
| 600|0x000000074b000000, 0x000000074b200000, 0x000000074b200000|100%| E|CS|TAMS 0x000000074b000000, 0x000000074b000000| Complete 
| 601|0x000000074b200000, 0x000000074b400000, 0x000000074b400000|100%| E|CS|TAMS 0x000000074b200000, 0x000000074b200000| Complete 
| 602|0x000000074b400000, 0x000000074b600000, 0x000000074b600000|100%| E|CS|TAMS 0x000000074b400000, 0x000000074b400000| Complete 
| 603|0x000000074b600000, 0x000000074b800000, 0x000000074b800000|100%| E|CS|TAMS 0x000000074b600000, 0x000000074b600000| Complete 
| 604|0x000000074b800000, 0x000000074ba00000, 0x000000074ba00000|100%| E|CS|TAMS 0x000000074b800000, 0x000000074b800000| Complete 
| 605|0x000000074ba00000, 0x000000074bc00000, 0x000000074bc00000|100%| E|CS|TAMS 0x000000074ba00000, 0x000000074ba00000| Complete 
| 606|0x000000074bc00000, 0x000000074be00000, 0x000000074be00000|100%| E|CS|TAMS 0x000000074bc00000, 0x000000074bc00000| Complete 
| 607|0x000000074be00000, 0x000000074c000000, 0x000000074c000000|100%| E|CS|TAMS 0x000000074be00000, 0x000000074be00000| Complete 
| 608|0x000000074c000000, 0x000000074c200000, 0x000000074c200000|100%| E|CS|TAMS 0x000000074c000000, 0x000000074c000000| Complete 
| 609|0x000000074c200000, 0x000000074c400000, 0x000000074c400000|100%| E|CS|TAMS 0x000000074c200000, 0x000000074c200000| Complete 
| 610|0x000000074c400000, 0x000000074c600000, 0x000000074c600000|100%| E|CS|TAMS 0x000000074c400000, 0x000000074c400000| Complete 
| 611|0x000000074c600000, 0x000000074c800000, 0x000000074c800000|100%| E|CS|TAMS 0x000000074c600000, 0x000000074c600000| Complete 
| 612|0x000000074c800000, 0x000000074ca00000, 0x000000074ca00000|100%| E|CS|TAMS 0x000000074c800000, 0x000000074c800000| Complete 
| 613|0x000000074ca00000, 0x000000074cc00000, 0x000000074cc00000|100%| E|CS|TAMS 0x000000074ca00000, 0x000000074ca00000| Complete 
| 614|0x000000074cc00000, 0x000000074ce00000, 0x000000074ce00000|100%| E|CS|TAMS 0x000000074cc00000, 0x000000074cc00000| Complete 
| 615|0x000000074ce00000, 0x000000074d000000, 0x000000074d000000|100%| E|CS|TAMS 0x000000074ce00000, 0x000000074ce00000| Complete 
| 616|0x000000074d000000, 0x000000074d200000, 0x000000074d200000|100%| E|CS|TAMS 0x000000074d000000, 0x000000074d000000| Complete 
| 617|0x000000074d200000, 0x000000074d400000, 0x000000074d400000|100%| E|CS|TAMS 0x000000074d200000, 0x000000074d200000| Complete 
| 618|0x000000074d400000, 0x000000074d600000, 0x000000074d600000|100%| E|CS|TAMS 0x000000074d400000, 0x000000074d400000| Complete 
| 619|0x000000074d600000, 0x000000074d800000, 0x000000074d800000|100%| E|CS|TAMS 0x000000074d600000, 0x000000074d600000| Complete 
| 620|0x000000074d800000, 0x000000074da00000, 0x000000074da00000|100%| E|CS|TAMS 0x000000074d800000, 0x000000074d800000| Complete 
| 621|0x000000074da00000, 0x000000074dc00000, 0x000000074dc00000|100%| E|CS|TAMS 0x000000074da00000, 0x000000074da00000| Complete 
| 622|0x000000074dc00000, 0x000000074de00000, 0x000000074de00000|100%| E|CS|TAMS 0x000000074dc00000, 0x000000074dc00000| Complete 
| 623|0x000000074de00000, 0x000000074e000000, 0x000000074e000000|100%| E|CS|TAMS 0x000000074de00000, 0x000000074de00000| Complete 
| 624|0x000000074e000000, 0x000000074e200000, 0x000000074e200000|100%| E|CS|TAMS 0x000000074e000000, 0x000000074e000000| Complete 
| 625|0x000000074e200000, 0x000000074e400000, 0x000000074e400000|100%| E|CS|TAMS 0x000000074e200000, 0x000000074e200000| Complete 
| 626|0x000000074e400000, 0x000000074e600000, 0x000000074e600000|100%| E|CS|TAMS 0x000000074e400000, 0x000000074e400000| Complete 
| 627|0x000000074e600000, 0x000000074e800000, 0x000000074e800000|100%| E|CS|TAMS 0x000000074e600000, 0x000000074e600000| Complete 
| 628|0x000000074e800000, 0x000000074ea00000, 0x000000074ea00000|100%| E|CS|TAMS 0x000000074e800000, 0x000000074e800000| Complete 
| 629|0x000000074ea00000, 0x000000074ec00000, 0x000000074ec00000|100%| E|CS|TAMS 0x000000074ea00000, 0x000000074ea00000| Complete 
| 630|0x000000074ec00000, 0x000000074ee00000, 0x000000074ee00000|100%| E|CS|TAMS 0x000000074ec00000, 0x000000074ec00000| Complete 
| 631|0x000000074ee00000, 0x000000074f000000, 0x000000074f000000|100%| E|CS|TAMS 0x000000074ee00000, 0x000000074ee00000| Complete 
| 632|0x000000074f000000, 0x000000074f200000, 0x000000074f200000|100%| E|CS|TAMS 0x000000074f000000, 0x000000074f000000| Complete 
| 633|0x000000074f200000, 0x000000074f400000, 0x000000074f400000|100%| E|CS|TAMS 0x000000074f200000, 0x000000074f200000| Complete 
| 634|0x000000074f400000, 0x000000074f600000, 0x000000074f600000|100%| E|CS|TAMS 0x000000074f400000, 0x000000074f400000| Complete 
| 635|0x000000074f600000, 0x000000074f800000, 0x000000074f800000|100%| E|CS|TAMS 0x000000074f600000, 0x000000074f600000| Complete 
| 636|0x000000074f800000, 0x000000074fa00000, 0x000000074fa00000|100%| E|CS|TAMS 0x000000074f800000, 0x000000074f800000| Complete 
| 637|0x000000074fa00000, 0x000000074fc00000, 0x000000074fc00000|100%| E|CS|TAMS 0x000000074fa00000, 0x000000074fa00000| Complete 
| 638|0x000000074fc00000, 0x000000074fe00000, 0x000000074fe00000|100%| E|CS|TAMS 0x000000074fc00000, 0x000000074fc00000| Complete 
| 639|0x000000074fe00000, 0x0000000750000000, 0x0000000750000000|100%| E|CS|TAMS 0x000000074fe00000, 0x000000074fe00000| Complete 
| 640|0x0000000750000000, 0x0000000750200000, 0x0000000750200000|100%| E|CS|TAMS 0x0000000750000000, 0x0000000750000000| Complete 
| 641|0x0000000750200000, 0x0000000750400000, 0x0000000750400000|100%| E|CS|TAMS 0x0000000750200000, 0x0000000750200000| Complete 
| 642|0x0000000750400000, 0x0000000750600000, 0x0000000750600000|100%| E|CS|TAMS 0x0000000750400000, 0x0000000750400000| Complete 
| 643|0x0000000750600000, 0x0000000750800000, 0x0000000750800000|100%| E|CS|TAMS 0x0000000750600000, 0x0000000750600000| Complete 
| 644|0x0000000750800000, 0x0000000750a00000, 0x0000000750a00000|100%| E|CS|TAMS 0x0000000750800000, 0x0000000750800000| Complete 
| 645|0x0000000750a00000, 0x0000000750c00000, 0x0000000750c00000|100%| E|CS|TAMS 0x0000000750a00000, 0x0000000750a00000| Complete 
| 646|0x0000000750c00000, 0x0000000750e00000, 0x0000000750e00000|100%| E|CS|TAMS 0x0000000750c00000, 0x0000000750c00000| Complete 
| 647|0x0000000750e00000, 0x0000000751000000, 0x0000000751000000|100%| E|CS|TAMS 0x0000000750e00000, 0x0000000750e00000| Complete 
| 648|0x0000000751000000, 0x0000000751200000, 0x0000000751200000|100%| E|CS|TAMS 0x0000000751000000, 0x0000000751000000| Complete 
| 649|0x0000000751200000, 0x0000000751400000, 0x0000000751400000|100%| E|CS|TAMS 0x0000000751200000, 0x0000000751200000| Complete 
| 650|0x0000000751400000, 0x0000000751600000, 0x0000000751600000|100%| E|CS|TAMS 0x0000000751400000, 0x0000000751400000| Complete 
| 651|0x0000000751600000, 0x0000000751800000, 0x0000000751800000|100%| E|CS|TAMS 0x0000000751600000, 0x0000000751600000| Complete 
| 652|0x0000000751800000, 0x0000000751a00000, 0x0000000751a00000|100%| E|CS|TAMS 0x0000000751800000, 0x0000000751800000| Complete 
| 653|0x0000000751a00000, 0x0000000751c00000, 0x0000000751c00000|100%| E|CS|TAMS 0x0000000751a00000, 0x0000000751a00000| Complete 
| 654|0x0000000751c00000, 0x0000000751e00000, 0x0000000751e00000|100%| E|CS|TAMS 0x0000000751c00000, 0x0000000751c00000| Complete 
| 655|0x0000000751e00000, 0x0000000752000000, 0x0000000752000000|100%| E|CS|TAMS 0x0000000751e00000, 0x0000000751e00000| Complete 
| 656|0x0000000752000000, 0x0000000752200000, 0x0000000752200000|100%| E|CS|TAMS 0x0000000752000000, 0x0000000752000000| Complete 
| 657|0x0000000752200000, 0x0000000752400000, 0x0000000752400000|100%| E|CS|TAMS 0x0000000752200000, 0x0000000752200000| Complete 
| 658|0x0000000752400000, 0x0000000752600000, 0x0000000752600000|100%| E|CS|TAMS 0x0000000752400000, 0x0000000752400000| Complete 
| 659|0x0000000752600000, 0x0000000752800000, 0x0000000752800000|100%| E|CS|TAMS 0x0000000752600000, 0x0000000752600000| Complete 
| 660|0x0000000752800000, 0x0000000752a00000, 0x0000000752a00000|100%| E|CS|TAMS 0x0000000752800000, 0x0000000752800000| Complete 
| 661|0x0000000752a00000, 0x0000000752c00000, 0x0000000752c00000|100%| E|CS|TAMS 0x0000000752a00000, 0x0000000752a00000| Complete 
| 662|0x0000000752c00000, 0x0000000752e00000, 0x0000000752e00000|100%| E|CS|TAMS 0x0000000752c00000, 0x0000000752c00000| Complete 
| 663|0x0000000752e00000, 0x0000000753000000, 0x0000000753000000|100%| E|CS|TAMS 0x0000000752e00000, 0x0000000752e00000| Complete 
| 664|0x0000000753000000, 0x0000000753200000, 0x0000000753200000|100%| E|CS|TAMS 0x0000000753000000, 0x0000000753000000| Complete 
| 665|0x0000000753200000, 0x0000000753400000, 0x0000000753400000|100%| E|CS|TAMS 0x0000000753200000, 0x0000000753200000| Complete 
| 666|0x0000000753400000, 0x0000000753600000, 0x0000000753600000|100%| E|CS|TAMS 0x0000000753400000, 0x0000000753400000| Complete 
| 667|0x0000000753600000, 0x0000000753800000, 0x0000000753800000|100%| E|CS|TAMS 0x0000000753600000, 0x0000000753600000| Complete 
| 668|0x0000000753800000, 0x0000000753a00000, 0x0000000753a00000|100%| E|CS|TAMS 0x0000000753800000, 0x0000000753800000| Complete 
| 669|0x0000000753a00000, 0x0000000753c00000, 0x0000000753c00000|100%| E|CS|TAMS 0x0000000753a00000, 0x0000000753a00000| Complete 
| 670|0x0000000753c00000, 0x0000000753e00000, 0x0000000753e00000|100%| E|CS|TAMS 0x0000000753c00000, 0x0000000753c00000| Complete 
| 671|0x0000000753e00000, 0x0000000754000000, 0x0000000754000000|100%| E|CS|TAMS 0x0000000753e00000, 0x0000000753e00000| Complete 
| 672|0x0000000754000000, 0x0000000754200000, 0x0000000754200000|100%| E|CS|TAMS 0x0000000754000000, 0x0000000754000000| Complete 
| 673|0x0000000754200000, 0x0000000754400000, 0x0000000754400000|100%| E|CS|TAMS 0x0000000754200000, 0x0000000754200000| Complete 
| 674|0x0000000754400000, 0x0000000754600000, 0x0000000754600000|100%| E|CS|TAMS 0x0000000754400000, 0x0000000754400000| Complete 
| 675|0x0000000754600000, 0x0000000754800000, 0x0000000754800000|100%| E|CS|TAMS 0x0000000754600000, 0x0000000754600000| Complete 
| 676|0x0000000754800000, 0x0000000754a00000, 0x0000000754a00000|100%| E|CS|TAMS 0x0000000754800000, 0x0000000754800000| Complete 
| 677|0x0000000754a00000, 0x0000000754c00000, 0x0000000754c00000|100%| E|CS|TAMS 0x0000000754a00000, 0x0000000754a00000| Complete 
| 678|0x0000000754c00000, 0x0000000754e00000, 0x0000000754e00000|100%| E|CS|TAMS 0x0000000754c00000, 0x0000000754c00000| Complete 
| 679|0x0000000754e00000, 0x0000000755000000, 0x0000000755000000|100%| E|CS|TAMS 0x0000000754e00000, 0x0000000754e00000| Complete 
| 680|0x0000000755000000, 0x0000000755200000, 0x0000000755200000|100%| E|CS|TAMS 0x0000000755000000, 0x0000000755000000| Complete 
| 681|0x0000000755200000, 0x0000000755400000, 0x0000000755400000|100%| E|CS|TAMS 0x0000000755200000, 0x0000000755200000| Complete 
| 682|0x0000000755400000, 0x0000000755600000, 0x0000000755600000|100%| E|CS|TAMS 0x0000000755400000, 0x0000000755400000| Complete 
| 683|0x0000000755600000, 0x0000000755800000, 0x0000000755800000|100%| E|CS|TAMS 0x0000000755600000, 0x0000000755600000| Complete 
| 684|0x0000000755800000, 0x0000000755a00000, 0x0000000755a00000|100%| E|CS|TAMS 0x0000000755800000, 0x0000000755800000| Complete 
| 685|0x0000000755a00000, 0x0000000755c00000, 0x0000000755c00000|100%| E|CS|TAMS 0x0000000755a00000, 0x0000000755a00000| Complete 
| 686|0x0000000755c00000, 0x0000000755e00000, 0x0000000755e00000|100%| E|CS|TAMS 0x0000000755c00000, 0x0000000755c00000| Complete 
| 687|0x0000000755e00000, 0x0000000756000000, 0x0000000756000000|100%| E|CS|TAMS 0x0000000755e00000, 0x0000000755e00000| Complete 
| 688|0x0000000756000000, 0x0000000756200000, 0x0000000756200000|100%| E|CS|TAMS 0x0000000756000000, 0x0000000756000000| Complete 
| 689|0x0000000756200000, 0x0000000756400000, 0x0000000756400000|100%| E|CS|TAMS 0x0000000756200000, 0x0000000756200000| Complete 
| 690|0x0000000756400000, 0x0000000756600000, 0x0000000756600000|100%| E|CS|TAMS 0x0000000756400000, 0x0000000756400000| Complete 
| 691|0x0000000756600000, 0x0000000756800000, 0x0000000756800000|100%| E|CS|TAMS 0x0000000756600000, 0x0000000756600000| Complete 
| 692|0x0000000756800000, 0x0000000756a00000, 0x0000000756a00000|100%| E|CS|TAMS 0x0000000756800000, 0x0000000756800000| Complete 
| 693|0x0000000756a00000, 0x0000000756c00000, 0x0000000756c00000|100%| E|CS|TAMS 0x0000000756a00000, 0x0000000756a00000| Complete 
| 694|0x0000000756c00000, 0x0000000756e00000, 0x0000000756e00000|100%| E|CS|TAMS 0x0000000756c00000, 0x0000000756c00000| Complete 
| 695|0x0000000756e00000, 0x0000000757000000, 0x0000000757000000|100%| E|CS|TAMS 0x0000000756e00000, 0x0000000756e00000| Complete 
| 696|0x0000000757000000, 0x0000000757200000, 0x0000000757200000|100%| E|CS|TAMS 0x0000000757000000, 0x0000000757000000| Complete 
| 697|0x0000000757200000, 0x0000000757400000, 0x0000000757400000|100%| E|CS|TAMS 0x0000000757200000, 0x0000000757200000| Complete 
| 698|0x0000000757400000, 0x0000000757600000, 0x0000000757600000|100%| E|CS|TAMS 0x0000000757400000, 0x0000000757400000| Complete 
| 699|0x0000000757600000, 0x0000000757800000, 0x0000000757800000|100%| E|CS|TAMS 0x0000000757600000, 0x0000000757600000| Complete 
| 700|0x0000000757800000, 0x0000000757a00000, 0x0000000757a00000|100%| E|CS|TAMS 0x0000000757800000, 0x0000000757800000| Complete 
| 701|0x0000000757a00000, 0x0000000757c00000, 0x0000000757c00000|100%| E|CS|TAMS 0x0000000757a00000, 0x0000000757a00000| Complete 
| 702|0x0000000757c00000, 0x0000000757e00000, 0x0000000757e00000|100%| E|CS|TAMS 0x0000000757c00000, 0x0000000757c00000| Complete 
| 703|0x0000000757e00000, 0x0000000758000000, 0x0000000758000000|100%| E|CS|TAMS 0x0000000757e00000, 0x0000000757e00000| Complete 
| 704|0x0000000758000000, 0x0000000758200000, 0x0000000758200000|100%| E|CS|TAMS 0x0000000758000000, 0x0000000758000000| Complete 
| 705|0x0000000758200000, 0x0000000758400000, 0x0000000758400000|100%| E|CS|TAMS 0x0000000758200000, 0x0000000758200000| Complete 
| 706|0x0000000758400000, 0x0000000758600000, 0x0000000758600000|100%| E|CS|TAMS 0x0000000758400000, 0x0000000758400000| Complete 
| 707|0x0000000758600000, 0x0000000758800000, 0x0000000758800000|100%| E|CS|TAMS 0x0000000758600000, 0x0000000758600000| Complete 
| 708|0x0000000758800000, 0x0000000758a00000, 0x0000000758a00000|100%| E|CS|TAMS 0x0000000758800000, 0x0000000758800000| Complete 
| 709|0x0000000758a00000, 0x0000000758c00000, 0x0000000758c00000|100%| E|CS|TAMS 0x0000000758a00000, 0x0000000758a00000| Complete 
| 710|0x0000000758c00000, 0x0000000758e00000, 0x0000000758e00000|100%| E|CS|TAMS 0x0000000758c00000, 0x0000000758c00000| Complete 
| 711|0x0000000758e00000, 0x0000000759000000, 0x0000000759000000|100%| E|CS|TAMS 0x0000000758e00000, 0x0000000758e00000| Complete 
| 712|0x0000000759000000, 0x0000000759200000, 0x0000000759200000|100%| E|CS|TAMS 0x0000000759000000, 0x0000000759000000| Complete 
| 713|0x0000000759200000, 0x0000000759400000, 0x0000000759400000|100%| E|CS|TAMS 0x0000000759200000, 0x0000000759200000| Complete 
| 714|0x0000000759400000, 0x0000000759600000, 0x0000000759600000|100%| E|CS|TAMS 0x0000000759400000, 0x0000000759400000| Complete 
| 715|0x0000000759600000, 0x0000000759800000, 0x0000000759800000|100%| E|CS|TAMS 0x0000000759600000, 0x0000000759600000| Complete 
| 716|0x0000000759800000, 0x0000000759a00000, 0x0000000759a00000|100%| E|CS|TAMS 0x0000000759800000, 0x0000000759800000| Complete 
| 717|0x0000000759a00000, 0x0000000759c00000, 0x0000000759c00000|100%| E|CS|TAMS 0x0000000759a00000, 0x0000000759a00000| Complete 
| 718|0x0000000759c00000, 0x0000000759e00000, 0x0000000759e00000|100%| E|CS|TAMS 0x0000000759c00000, 0x0000000759c00000| Complete 
| 719|0x0000000759e00000, 0x000000075a000000, 0x000000075a000000|100%| E|CS|TAMS 0x0000000759e00000, 0x0000000759e00000| Complete 
| 720|0x000000075a000000, 0x000000075a200000, 0x000000075a200000|100%| E|CS|TAMS 0x000000075a000000, 0x000000075a000000| Complete 
| 721|0x000000075a200000, 0x000000075a400000, 0x000000075a400000|100%| E|CS|TAMS 0x000000075a200000, 0x000000075a200000| Complete 
| 722|0x000000075a400000, 0x000000075a600000, 0x000000075a600000|100%| E|CS|TAMS 0x000000075a400000, 0x000000075a400000| Complete 
| 723|0x000000075a600000, 0x000000075a800000, 0x000000075a800000|100%| E|CS|TAMS 0x000000075a600000, 0x000000075a600000| Complete 
| 724|0x000000075a800000, 0x000000075aa00000, 0x000000075aa00000|100%| E|CS|TAMS 0x000000075a800000, 0x000000075a800000| Complete 
| 725|0x000000075aa00000, 0x000000075ac00000, 0x000000075ac00000|100%| E|CS|TAMS 0x000000075aa00000, 0x000000075aa00000| Complete 
| 726|0x000000075ac00000, 0x000000075ae00000, 0x000000075ae00000|100%| E|CS|TAMS 0x000000075ac00000, 0x000000075ac00000| Complete 
| 727|0x000000075ae00000, 0x000000075b000000, 0x000000075b000000|100%| E|CS|TAMS 0x000000075ae00000, 0x000000075ae00000| Complete 
| 728|0x000000075b000000, 0x000000075b200000, 0x000000075b200000|100%| E|CS|TAMS 0x000000075b000000, 0x000000075b000000| Complete 
| 729|0x000000075b200000, 0x000000075b400000, 0x000000075b400000|100%| E|CS|TAMS 0x000000075b200000, 0x000000075b200000| Complete 
| 730|0x000000075b400000, 0x000000075b600000, 0x000000075b600000|100%| E|CS|TAMS 0x000000075b400000, 0x000000075b400000| Complete 
| 731|0x000000075b600000, 0x000000075b800000, 0x000000075b800000|100%| E|CS|TAMS 0x000000075b600000, 0x000000075b600000| Complete 
| 732|0x000000075b800000, 0x000000075ba00000, 0x000000075ba00000|100%| E|CS|TAMS 0x000000075b800000, 0x000000075b800000| Complete 
| 733|0x000000075ba00000, 0x000000075bc00000, 0x000000075bc00000|100%| E|CS|TAMS 0x000000075ba00000, 0x000000075ba00000| Complete 
| 734|0x000000075bc00000, 0x000000075be00000, 0x000000075be00000|100%| E|CS|TAMS 0x000000075bc00000, 0x000000075bc00000| Complete 
| 735|0x000000075be00000, 0x000000075c000000, 0x000000075c000000|100%| E|CS|TAMS 0x000000075be00000, 0x000000075be00000| Complete 
| 736|0x000000075c000000, 0x000000075c200000, 0x000000075c200000|100%| E|CS|TAMS 0x000000075c000000, 0x000000075c000000| Complete 
| 737|0x000000075c200000, 0x000000075c400000, 0x000000075c400000|100%| E|CS|TAMS 0x000000075c200000, 0x000000075c200000| Complete 
| 738|0x000000075c400000, 0x000000075c600000, 0x000000075c600000|100%| E|CS|TAMS 0x000000075c400000, 0x000000075c400000| Complete 
| 739|0x000000075c600000, 0x000000075c800000, 0x000000075c800000|100%| E|CS|TAMS 0x000000075c600000, 0x000000075c600000| Complete 
| 740|0x000000075c800000, 0x000000075ca00000, 0x000000075ca00000|100%| E|CS|TAMS 0x000000075c800000, 0x000000075c800000| Complete 
| 741|0x000000075ca00000, 0x000000075cc00000, 0x000000075cc00000|100%| E|CS|TAMS 0x000000075ca00000, 0x000000075ca00000| Complete 
| 742|0x000000075cc00000, 0x000000075ce00000, 0x000000075ce00000|100%| E|CS|TAMS 0x000000075cc00000, 0x000000075cc00000| Complete 
| 743|0x000000075ce00000, 0x000000075d000000, 0x000000075d000000|100%| E|CS|TAMS 0x000000075ce00000, 0x000000075ce00000| Complete 
| 744|0x000000075d000000, 0x000000075d200000, 0x000000075d200000|100%| E|CS|TAMS 0x000000075d000000, 0x000000075d000000| Complete 
| 745|0x000000075d200000, 0x000000075d400000, 0x000000075d400000|100%| E|CS|TAMS 0x000000075d200000, 0x000000075d200000| Complete 
| 746|0x000000075d400000, 0x000000075d600000, 0x000000075d600000|100%| E|CS|TAMS 0x000000075d400000, 0x000000075d400000| Complete 
| 747|0x000000075d600000, 0x000000075d800000, 0x000000075d800000|100%| E|CS|TAMS 0x000000075d600000, 0x000000075d600000| Complete 
| 748|0x000000075d800000, 0x000000075da00000, 0x000000075da00000|100%| E|CS|TAMS 0x000000075d800000, 0x000000075d800000| Complete 
| 749|0x000000075da00000, 0x000000075dc00000, 0x000000075dc00000|100%| E|CS|TAMS 0x000000075da00000, 0x000000075da00000| Complete 
| 750|0x000000075dc00000, 0x000000075de00000, 0x000000075de00000|100%| E|CS|TAMS 0x000000075dc00000, 0x000000075dc00000| Complete 
| 751|0x000000075de00000, 0x000000075e000000, 0x000000075e000000|100%| E|CS|TAMS 0x000000075de00000, 0x000000075de00000| Complete 
| 752|0x000000075e000000, 0x000000075e200000, 0x000000075e200000|100%| E|CS|TAMS 0x000000075e000000, 0x000000075e000000| Complete 
| 753|0x000000075e200000, 0x000000075e400000, 0x000000075e400000|100%| E|CS|TAMS 0x000000075e200000, 0x000000075e200000| Complete 
| 754|0x000000075e400000, 0x000000075e600000, 0x000000075e600000|100%| E|CS|TAMS 0x000000075e400000, 0x000000075e400000| Complete 
| 755|0x000000075e600000, 0x000000075e800000, 0x000000075e800000|100%| E|CS|TAMS 0x000000075e600000, 0x000000075e600000| Complete 
| 756|0x000000075e800000, 0x000000075ea00000, 0x000000075ea00000|100%| E|CS|TAMS 0x000000075e800000, 0x000000075e800000| Complete 
| 757|0x000000075ea00000, 0x000000075ec00000, 0x000000075ec00000|100%| E|CS|TAMS 0x000000075ea00000, 0x000000075ea00000| Complete 
| 758|0x000000075ec00000, 0x000000075ee00000, 0x000000075ee00000|100%| E|CS|TAMS 0x000000075ec00000, 0x000000075ec00000| Complete 
|2045|0x00000007ffa00000, 0x00000007ffc00000, 0x00000007ffc00000|100%| O|  |TAMS 0x00000007ffc00000, 0x00000007ffa00000| Untracked 
|2046|0x00000007ffc00000, 0x00000007ffd74000, 0x00000007ffe00000| 72%|OA|  |TAMS 0x00000007ffd74000, 0x00000007ffc00000| Untracked 
|2047|0x00000007ffe00000, 0x00000007ffe74000, 0x0000000800000000| 22%|CA|  |TAMS 0x00000007ffe74000, 0x00000007ffe00000| Untracked 

Card table byte_map: [0x000000010d800000,0x000000010e000000] _byte_map_base: 0x000000010a000000

Marking Bits (Prev, Next): (CMBitMap*) 0x0000000c53088550, (CMBitMap*) 0x0000000c53088510
 Prev Bits: [0x000000012b604000, 0x000000012f604000)
 Next Bits: [0x0000000127604000, 0x000000012b604000)

Polling page: 0x0000000102fe8000

Metaspace:

Usage:
  Non-class:    110.22 MB used.
      Class:     20.47 MB used.
       Both:    130.69 MB used.

Virtual space:
  Non-class space:      128.00 MB reserved,     111.19 MB ( 87%) committed,  2 nodes.
      Class space:        1.00 GB reserved,      21.25 MB (  2%) committed,  1 nodes.
             Both:        1.12 GB reserved,     132.44 MB ( 11%) committed. 

Chunk freelists:
   Non-Class:  800.00 KB
       Class:  10.61 MB
        Both:  11.39 MB

MaxMetaspaceSize: unlimited
CompressedClassSpaceSize: 1.00 GB
Initial GC threshold: 21.00 MB
Current GC threshold: 183.38 MB
CDS: on
MetaspaceReclaimPolicy: balanced
 - commit_granule_bytes: 65536.
 - commit_granule_words: 8192.
 - virtual_space_node_default_size: 8388608.
 - enlarge_chunks_in_place: 1.
 - new_chunks_are_fully_committed: 0.
 - uncommit_free_chunks: 1.
 - use_allocation_guard: 0.
 - handle_deallocations: 1.


Internal statistics:

num_allocs_failed_limit: 30.
num_arena_births: 2874.
num_arena_deaths: 0.
num_vsnodes_births: 3.
num_vsnodes_deaths: 0.
num_space_committed: 2114.
num_space_uncommitted: 0.
num_chunks_returned_to_freelist: 30.
num_chunks_taken_from_freelist: 8676.
num_chunk_merges: 30.
num_chunk_splits: 5657.
num_chunks_enlarged: 3673.
num_inconsistent_stats: 0.

CodeHeap 'non-profiled nmethods': size=120032Kb used=8603Kb max_used=8603Kb free=111428Kb
 bounds [0x000000011e634000, 0x000000011eea4000, 0x0000000125b6c000]
CodeHeap 'profiled nmethods': size=120016Kb used=29455Kb max_used=29455Kb free=90560Kb
 bounds [0x0000000116b6c000, 0x000000011883c000, 0x000000011e0a0000]
CodeHeap 'non-nmethods': size=5712Kb used=2377Kb max_used=2492Kb free=3334Kb
 bounds [0x000000011e0a0000, 0x000000011e320000, 0x000000011e634000]
 total_blobs=16813 nmethods=14759 adapters=1970
 compilation: enabled
              stopped_count=0, restarted_count=0
 full_count=0

Compilation events (20 events):
Event: 20.727 Thread 0x0000000c5283a400 23689       2       java.util.regex.Pattern$SliceNode::study (37 bytes)
Event: 20.727 Thread 0x0000000c5283a400 nmethod 23689 0x0000000118654190 code [0x0000000118654340, 0x00000001186544c8]
Event: 20.734 Thread 0x0000000c5283a400 23690       2       com.google.common.collect.IndexedImmutableSet$1::get (9 bytes)
Event: 20.734 Thread 0x0000000c5283a400 nmethod 23690 0x0000000118653e10 code [0x0000000118653fc0, 0x0000000118654108]
Event: 20.736 Thread 0x0000000c5283a400 23691       2       sun.util.locale.provider.LocaleResources::removeEmptyReferences (33 bytes)
Event: 20.752 Thread 0x0000000c5283a400 nmethod 23691 0x0000000118653710 code [0x00000001186538c0, 0x0000000118653c38]
Event: 20.752 Thread 0x0000000c5283a400 23694       2       org.lwjgl.system.MemoryUtil::getAllocationSize (26 bytes)
Event: 20.752 Thread 0x0000000c5283a400 nmethod 23694 0x0000000118653390 code [0x0000000118653540, 0x0000000118653648]
Event: 20.752 Thread 0x0000000c5283a400 23692   !   2       org.lwjgl.opengl.GL20C::glBindAttribLocation (51 bytes)
Event: 20.758 Thread 0x0000000c5283a400 nmethod 23692 0x0000000118652a90 code [0x0000000118652cc0, 0x0000000118653078]
Event: 20.758 Thread 0x0000000c5283a400 23696       2       java.util.regex.Pattern$BnM::match (161 bytes)
Event: 20.758 Thread 0x0000000c5283a400 nmethod 23696 0x0000000118652110 code [0x0000000118652300, 0x00000001186527b8]
Event: 20.758 Thread 0x0000000c5283a400 23693       2       com.mojang.blaze3d.shaders.Uniform::m_166710_ (7 bytes)
Event: 20.782 Thread 0x0000000c5283a400 nmethod 23693 0x0000000118651c10 code [0x0000000118651dc0, 0x0000000118651f78]
Event: 20.782 Thread 0x0000000c5283a400 23701       1       com.mojang.blaze3d.shaders.Program::m_166618_ (5 bytes)
Event: 20.782 Thread 0x0000000c5283a400 nmethod 23701 0x000000011ee93390 code [0x000000011ee93500, 0x000000011ee93598]
Event: 20.783 Thread 0x0000000c5283a400 23702       1       com.mojang.blaze3d.shaders.Program$Type::m_85571_ (5 bytes)
Event: 20.783 Thread 0x0000000c5283a400 nmethod 23702 0x000000011ee93690 code [0x000000011ee93800, 0x000000011ee93898]
Event: 20.783 Thread 0x0000000c5283a400 23703       1       org.lwjgl.system.CustomBuffer::address0 (5 bytes)
Event: 20.783 Thread 0x0000000c5283a400 nmethod 23703 0x000000011ee93990 code [0x000000011ee93b00, 0x000000011ee93b98]

GC Heap History (20 events):
Event: 14.553 GC heap before
{Heap before GC invocations=38 (full 0):
 garbage-first heap   total 993280K, used 392400K [0x0000000700000000, 0x0000000800000000)
  region size 2048K, 24 young (49152K), 16 survivors (32768K)
 Metaspace       used 118735K, committed 120448K, reserved 1179648K
  class space    used 18613K, committed 19328K, reserved 1048576K
}
Event: 14.561 GC heap after
{Heap after GC invocations=39 (full 0):
 garbage-first heap   total 993280K, used 381462K [0x0000000700000000, 0x0000000800000000)
  region size 2048K, 3 young (6144K), 3 survivors (6144K)
 Metaspace       used 118735K, committed 120448K, reserved 1179648K
  class space    used 18613K, committed 19328K, reserved 1048576K
}
Event: 16.060 GC heap before
{Heap before GC invocations=39 (full 0):
 garbage-first heap   total 993280K, used 801302K [0x0000000700000000, 0x0000000800000000)
  region size 2048K, 208 young (425984K), 3 survivors (6144K)
 Metaspace       used 125678K, committed 127424K, reserved 1179648K
  class space    used 19774K, committed 20544K, reserved 1048576K
}
Event: 16.084 GC heap after
{Heap after GC invocations=40 (full 0):
 garbage-first heap   total 993280K, used 397386K [0x0000000700000000, 0x0000000800000000)
  region size 2048K, 11 young (22528K), 11 survivors (22528K)
 Metaspace       used 125678K, committed 127424K, reserved 1179648K
  class space    used 19774K, committed 20544K, reserved 1048576K
}
Event: 16.324 GC heap before
{Heap before GC invocations=40 (full 0):
 garbage-first heap   total 993280K, used 809034K [0x0000000700000000, 0x0000000800000000)
  region size 2048K, 213 young (436224K), 11 survivors (22528K)
 Metaspace       used 125995K, committed 127744K, reserved 1179648K
  class space    used 19810K, committed 20608K, reserved 1048576K
}
Event: 16.333 GC heap after
{Heap after GC invocations=41 (full 0):
 garbage-first heap   total 993280K, used 415046K [0x0000000700000000, 0x0000000800000000)
  region size 2048K, 19 young (38912K), 19 survivors (38912K)
 Metaspace       used 125995K, committed 127744K, reserved 1179648K
  class space    used 19810K, committed 20608K, reserved 1048576K
}
Event: 16.518 GC heap before
{Heap before GC invocations=41 (full 0):
 garbage-first heap   total 993280K, used 814406K [0x0000000700000000, 0x0000000800000000)
  region size 2048K, 215 young (440320K), 19 survivors (38912K)
 Metaspace       used 126213K, committed 128000K, reserved 1179648K
  class space    used 19833K, committed 20608K, reserved 1048576K
}
Event: 16.535 GC heap after
{Heap after GC invocations=42 (full 0):
 garbage-first heap   total 1122304K, used 448321K [0x0000000700000000, 0x0000000800000000)
  region size 2048K, 27 young (55296K), 27 survivors (55296K)
 Metaspace       used 126213K, committed 128000K, reserved 1179648K
  class space    used 19833K, committed 20608K, reserved 1048576K
}
Event: 16.774 GC heap before
{Heap before GC invocations=42 (full 0):
 garbage-first heap   total 1122304K, used 925505K [0x0000000700000000, 0x0000000800000000)
  region size 2048K, 252 young (516096K), 27 survivors (55296K)
 Metaspace       used 126279K, committed 128000K, reserved 1179648K
  class space    used 19838K, committed 20608K, reserved 1048576K
}
Event: 16.819 GC heap after
{Heap after GC invocations=43 (full 0):
 garbage-first heap   total 1122304K, used 484320K [0x0000000700000000, 0x0000000800000000)
  region size 2048K, 19 young (38912K), 19 survivors (38912K)
 Metaspace       used 126279K, committed 128000K, reserved 1179648K
  class space    used 19838K, committed 20608K, reserved 1048576K
}
Event: 17.088 GC heap before
{Heap before GC invocations=43 (full 0):
 garbage-first heap   total 1122304K, used 916448K [0x0000000700000000, 0x0000000800000000)
  region size 2048K, 230 young (471040K), 19 survivors (38912K)
 Metaspace       used 129175K, committed 130880K, reserved 1179648K
  class space    used 20301K, committed 21056K, reserved 1048576K
}
Event: 17.117 GC heap after
{Heap after GC invocations=44 (full 0):
 garbage-first heap   total 1122304K, used 512776K [0x0000000700000000, 0x0000000800000000)
  region size 2048K, 16 young (32768K), 16 survivors (32768K)
 Metaspace       used 129175K, committed 130880K, reserved 1179648K
  class space    used 20301K, committed 21056K, reserved 1048576K
}
Event: 17.312 GC heap before
{Heap before GC invocations=44 (full 0):
 garbage-first heap   total 1122304K, used 932616K [0x0000000700000000, 0x0000000800000000)
  region size 2048K, 217 young (444416K), 16 survivors (32768K)
 Metaspace       used 129450K, committed 131200K, reserved 1179648K
  class space    used 20338K, committed 21120K, reserved 1048576K
}
Event: 17.321 GC heap after
{Heap after GC invocations=45 (full 0):
 garbage-first heap   total 1122304K, used 526240K [0x0000000700000000, 0x0000000800000000)
  region size 2048K, 9 young (18432K), 9 survivors (18432K)
 Metaspace       used 129450K, committed 131200K, reserved 1179648K
  class space    used 20338K, committed 21120K, reserved 1048576K
}
Event: 17.416 GC heap before
{Heap before GC invocations=45 (full 0):
 garbage-first heap   total 1122304K, used 927648K [0x0000000700000000, 0x0000000800000000)
  region size 2048K, 206 young (421888K), 9 survivors (18432K)
 Metaspace       used 130105K, committed 131840K, reserved 1179648K
  class space    used 20475K, committed 21248K, reserved 1048576K
}
Event: 17.424 GC heap after
{Heap after GC invocations=46 (full 0):
 garbage-first heap   total 1560576K, used 541014K [0x0000000700000000, 0x0000000800000000)
  region size 2048K, 17 young (34816K), 17 survivors (34816K)
 Metaspace       used 130105K, committed 131840K, reserved 1179648K
  class space    used 20475K, committed 21248K, reserved 1048576K
}
Event: 17.691 GC heap before
{Heap before GC invocations=46 (full 0):
 garbage-first heap   total 1560576K, used 1251670K [0x0000000700000000, 0x0000000800000000)
  region size 2048K, 365 young (747520K), 17 survivors (34816K)
 Metaspace       used 130535K, committed 132288K, reserved 1179648K
  class space    used 20533K, committed 21312K, reserved 1048576K
}
Event: 17.706 GC heap after
{Heap after GC invocations=47 (full 0):
 garbage-first heap   total 1560576K, used 569083K [0x0000000700000000, 0x0000000800000000)
  region size 2048K, 30 young (61440K), 30 survivors (61440K)
 Metaspace       used 130535K, committed 132288K, reserved 1179648K
  class space    used 20533K, committed 21312K, reserved 1048576K
}
Event: 18.897 GC heap before
{Heap before GC invocations=47 (full 0):
 garbage-first heap   total 1560576K, used 1273595K [0x0000000700000000, 0x0000000800000000)
  region size 2048K, 375 young (768000K), 30 survivors (61440K)
 Metaspace       used 131413K, committed 133120K, reserved 1179648K
  class space    used 20624K, committed 21376K, reserved 1048576K
}
Event: 18.935 GC heap after
{Heap after GC invocations=48 (full 0):
 garbage-first heap   total 1560576K, used 637135K [0x0000000700000000, 0x0000000800000000)
  region size 2048K, 47 young (96256K), 47 survivors (96256K)
 Metaspace       used 131413K, committed 133120K, reserved 1179648K
  class space    used 20624K, committed 21376K, reserved 1048576K
}

Dll operation events (16 events):
Event: 0.005 Loaded shared library /Library/Java/JavaVirtualMachines/microsoft-17.jdk/Contents/Home/lib/libjava.dylib
Event: 0.020 Loaded shared library /Library/Java/JavaVirtualMachines/microsoft-17.jdk/Contents/Home/lib/libnio.dylib
Event: 0.038 Loaded shared library /Library/Java/JavaVirtualMachines/microsoft-17.jdk/Contents/Home/lib/libzip.dylib
Event: 0.075 Loaded shared library /Library/Java/JavaVirtualMachines/microsoft-17.jdk/Contents/Home/lib/libjimage.dylib
Event: 0.143 Loaded shared library /Library/Java/JavaVirtualMachines/microsoft-17.jdk/Contents/Home/lib/libnet.dylib
Event: 0.208 Loaded shared library /Library/Java/JavaVirtualMachines/microsoft-17.jdk/Contents/Home/lib/libverify.dylib
Event: 1.070 Loaded shared library /Library/Java/JavaVirtualMachines/microsoft-17.jdk/Contents/Home/lib/libmanagement.dylib
Event: 1.072 Loaded shared library /Library/Java/JavaVirtualMachines/microsoft-17.jdk/Contents/Home/lib/libmanagement_ext.dylib
Event: 1.710 Loaded shared library /Users/Isaiah/Documents/curseforge/minecraft/Install/natives/forge-47.4.16/liblwjgl.dylib
Event: 2.141 Loaded shared library /Users/Isaiah/Documents/curseforge/minecraft/Install/natives/forge-47.4.16/liblwjgl_opengl.dylib
Event: 2.209 Loaded shared library /Users/Isaiah/Documents/curseforge/minecraft/Install/natives/forge-47.4.16/liblwjgl_stb.dylib
Event: 5.578 Loaded shared library /Users/Isaiah/Documents/curseforge/minecraft/Install/natives/forge-47.4.16/jna3852346930770993377.tmp
Event: 10.726 Loaded shared library /Library/Java/JavaVirtualMachines/microsoft-17.jdk/Contents/Home/lib/libextnet.dylib
Event: 11.666 Loaded shared library /private/var/folders/0p/9lzn133s0tqf_07r1n1n2t9w0000gp/T/libjcocoa16064302315845891923.dylib
Event: 14.358 Loaded shared library /Library/Java/JavaVirtualMachines/microsoft-17.jdk/Contents/Home/lib/libawt.dylib
Event: 14.372 Loaded shared library /Library/Java/JavaVirtualMachines/microsoft-17.jdk/Contents/Home/lib/libawt_lwawt.dylib

Deoptimization events (20 events):
Event: 20.618 Thread 0x0000000103670fc0 DEOPT PACKING pc=0x0000000117d55aac sp=0x000000016ce3b020
Event: 20.618 Thread 0x0000000103670fc0 DEOPT UNPACKING pc=0x000000011e0e777c sp=0x000000016ce3acd0 mode 0
Event: 20.624 Thread 0x0000000103670fc0 DEOPT PACKING pc=0x0000000117d55aac sp=0x000000016ce3b020
Event: 20.624 Thread 0x0000000103670fc0 DEOPT UNPACKING pc=0x000000011e0e777c sp=0x000000016ce3acd0 mode 0
Event: 20.636 Thread 0x0000000103670fc0 DEOPT PACKING pc=0x0000000117d55aac sp=0x000000016ce3b020
Event: 20.636 Thread 0x0000000103670fc0 DEOPT UNPACKING pc=0x000000011e0e777c sp=0x000000016ce3acd0 mode 0
Event: 20.643 Thread 0x0000000103670fc0 DEOPT PACKING pc=0x0000000117d55aac sp=0x000000016ce3b150
Event: 20.643 Thread 0x0000000103670fc0 DEOPT UNPACKING pc=0x000000011e0e777c sp=0x000000016ce3ae00 mode 0
Event: 20.649 Thread 0x0000000103670fc0 DEOPT PACKING pc=0x0000000117d55aac sp=0x000000016ce3b020
Event: 20.649 Thread 0x0000000103670fc0 DEOPT UNPACKING pc=0x000000011e0e777c sp=0x000000016ce3acd0 mode 0
Event: 20.656 Thread 0x0000000103670fc0 DEOPT PACKING pc=0x0000000117d55aac sp=0x000000016ce3b150
Event: 20.656 Thread 0x0000000103670fc0 DEOPT UNPACKING pc=0x000000011e0e777c sp=0x000000016ce3ae00 mode 0
Event: 20.662 Thread 0x0000000103670fc0 DEOPT PACKING pc=0x0000000117d55aac sp=0x000000016ce3b020
Event: 20.662 Thread 0x0000000103670fc0 DEOPT UNPACKING pc=0x000000011e0e777c sp=0x000000016ce3acd0 mode 0
Event: 20.668 Thread 0x0000000103670fc0 DEOPT PACKING pc=0x0000000117d55aac sp=0x000000016ce3b020
Event: 20.668 Thread 0x0000000103670fc0 DEOPT UNPACKING pc=0x000000011e0e777c sp=0x000000016ce3acd0 mode 0
Event: 20.717 Thread 0x0000000103670fc0 DEOPT PACKING pc=0x00000001174546a8 sp=0x000000016ce3b450
Event: 20.717 Thread 0x0000000103670fc0 DEOPT UNPACKING pc=0x000000011e0e777c sp=0x000000016ce3b150 mode 0
Event: 20.772 Thread 0x0000000103670fc0 DEOPT PACKING pc=0x0000000116cbe314 sp=0x000000016ce39ee0
Event: 20.772 Thread 0x0000000103670fc0 DEOPT UNPACKING pc=0x000000011e0e777c sp=0x000000016ce39b90 mode 0

Classes loaded (20 events):
Event: 17.717 Loading class java/nio/HeapByteBufferR
Event: 17.717 Loading class java/nio/HeapByteBufferR done
Event: 17.719 Loading class java/io/SequenceInputStream
Event: 17.719 Loading class java/io/SequenceInputStream done
Event: 17.719 Loading class java/util/zip/GZIPInputStream$1
Event: 17.719 Loading class java/util/zip/GZIPInputStream$1 done
Event: 18.239 Loading class java/util/EnumMap$KeySet
Event: 18.239 Loading class java/util/EnumMap$KeySet done
Event: 18.239 Loading class java/util/EnumMap$KeyIterator
Event: 18.239 Loading class java/util/EnumMap$KeyIterator done
Event: 18.266 Loading class java/util/stream/Streams$IntStreamBuilderImpl
Event: 18.267 Loading class java/util/stream/IntStream$Builder
Event: 18.267 Loading class java/util/stream/IntStream$Builder done
Event: 18.267 Loading class java/util/stream/Streams$IntStreamBuilderImpl done
Event: 18.482 Loading class java/util/stream/ForEachOps$ForEachOp$OfInt
Event: 18.482 Loading class java/util/stream/ForEachOps$ForEachOp$OfInt done
Event: 19.024 Loading class java/util/concurrent/ConcurrentLinkedQueue$Itr
Event: 19.024 Loading class java/util/concurrent/ConcurrentLinkedQueue$Itr done
Event: 19.088 Loading class java/net/URLEncoder
Event: 19.088 Loading class java/net/URLEncoder done

Classes unloaded (0 events):
No events

Classes redefined (0 events):
No events

Internal exceptions (20 events):
Event: 17.018 Thread 0x0000000c4ef23600 Implicit null exception at 0x00000001180da870 to 0x00000001180daf2c
Event: 17.018 Thread 0x0000000c4ef23600 Exception <a 'java/lang/NullPointerException'{0x0000000730dc1770}> (0x0000000730dc1770) 
thrown [src/hotspot/share/runtime/sharedRuntime.cpp, line 631]
Event: 17.293 Thread 0x0000000103670fc0 Exception <a 'java/lang/IllegalArgumentException'{0x00000007441fe7e8}: Wrong type at constant pool index> (0x00000007441fe7e8) 
thrown [src/hotspot/share/prims/jvm.cpp, line 2095]
Event: 17.293 Thread 0x0000000103670fc0 Exception <a 'java/lang/IllegalArgumentException'{0x00000007441ff340}: Wrong type at constant pool index> (0x00000007441ff340) 
thrown [src/hotspot/share/prims/jvm.cpp, line 2095]
Event: 17.293 Thread 0x0000000103670fc0 Exception <a 'java/lang/IllegalArgumentException'{0x000000072f37ba90}: Wrong type at constant pool index> (0x000000072f37ba90) 
thrown [src/hotspot/share/prims/jvm.cpp, line 2095]
Event: 17.293 Thread 0x0000000103670fc0 Exception <a 'java/lang/IllegalArgumentException'{0x000000072f37c5e8}: Wrong type at constant pool index> (0x000000072f37c5e8) 
thrown [src/hotspot/share/prims/jvm.cpp, line 2095]
Event: 17.350 Thread 0x0000000c4ef21200 Exception <a 'sun/nio/fs/UnixException'{0x000000073d6183f8}> (0x000000073d6183f8) 
thrown [src/hotspot/share/prims/jni.cpp, line 516]
Event: 17.387 Thread 0x0000000c4ef21200 Exception <a 'java/lang/NoSuchMethodError'{0x0000000735f6c340}: 'java.lang.Object java.lang.invoke.DirectMethodHandle$Holder.invokeInterface(java.lang.Object, java.lang.Object, java.lang.Object, java.lang.Object, java.lang.Object)'> (0x0000000735f6c340) 
thrown [src/hotspot/share/interpreter/linkResolver.cpp, line 759]
Event: 17.653 Thread 0x0000000c4d47e400 Exception <a 'java/lang/NoSuchMethodError'{0x000000073d1e6380}: 'void java.lang.invoke.DirectMethodHandle$Holder.invokeSpecial(java.lang.Object, java.lang.Object, java.lang.Object, java.lang.Object, java.lang.Object, java.lang.Object, java.lang.Object, java.lang.Object)'> (0x000000073d1e6380) 
thrown [src/hotspot/share/interpreter/linkResolver.cpp, line 759]
Event: 18.239 Thread 0x0000000c4d47e400 Exception <a 'java/lang/NoSuchMethodError'{0x0000000749cebcc8}: 'void java.lang.invoke.DirectMethodHandle$Holder.invokeStaticInit(java.lang.Object, int, java.lang.Object)'> (0x0000000749cebcc8) 
thrown [src/hotspot/share/interpreter/linkResolver.cpp, line 759]
Event: 18.672 Thread 0x0000000c4d47e400 Exception <a 'java/lang/NoSuchMethodError'{0x000000073b4c57d0}: 'int java.lang.invoke.DirectMethodHandle$Holder.invokeInterface(java.lang.Object, java.lang.Object, java.lang.Object, int)'> (0x000000073b4c57d0) 
thrown [src/hotspot/share/interpreter/linkResolver.cpp, line 759]
Event: 18.675 Thread 0x0000000c4d47e400 Exception <a 'java/lang/NoSuchMethodError'{0x000000073b56b218}: 'java.lang.Object java.lang.invoke.DirectMethodHandle$Holder.newInvokeSpecial(java.lang.Object, int, int, java.lang.Object, java.lang.Object)'> (0x000000073b56b218) 
thrown [src/hotspot/share/interpreter/linkResolver.cpp, line 759]
Event: 18.676 Thread 0x0000000c4d47e400 Exception <a 'java/lang/NoSuchMethodError'{0x000000073b56f058}: 'java.lang.Object java.lang.invoke.DirectMethodHandle$Holder.invokeSpecial(java.lang.Object, java.lang.Object, int, int, java.lang.Object, java.lang.Object)'> (0x000000073b56f058) 
thrown [src/hotspot/share/interpreter/linkResolver.cpp, line 759]
Event: 19.095 Thread 0x0000000c4d47d800 Implicit null exception at 0x000000011eba5e8c to 0x000000011eba6168
Event: 19.147 Thread 0x0000000c4d47d800 Exception <a 'java/lang/NoSuchMethodError'{0x000000075cff9c00}: 'java.lang.Object java.lang.invoke.DirectMethodHandle$Holder.newInvokeSpecial(java.lang.Object, java.lang.Object, java.lang.Object, java.lang.Object, int, java.lang.Object, int)'> (0x000000075cff9c00) 
thrown [src/hotspot/share/interpreter/linkResolver.cpp, line 759]
Event: 19.147 Thread 0x0000000c4d47d800 Exception <a 'java/lang/NoSuchMethodError'{0x000000075cffe2e8}: 'java.lang.Object java.lang.invoke.DirectMethodHandle$Holder.invokeSpecial(java.lang.Object, java.lang.Object, java.lang.Object, java.lang.Object, java.lang.Object, int, java.lang.Object, int)'> (0x000000075cffe2e8) 
thrown [src/hotspot/share/interpreter/linkResolver.cpp, line 759]
Event: 19.221 Thread 0x0000000c4d47d800 Exception <a 'java/lang/NoSuchMethodError'{0x000000075bd91b88}: 'java.lang.Object java.lang.invoke.DirectMethodHandle$Holder.newInvokeSpecial(java.lang.Object, java.lang.Object, double, java.lang.Object)'> (0x000000075bd91b88) 
thrown [src/hotspot/share/interpreter/linkResolver.cpp, line 759]
Event: 19.221 Thread 0x0000000c4d47d800 Exception <a 'java/lang/NoSuchMethodError'{0x000000075bd95ca0}: 'java.lang.Object java.lang.invoke.DirectMethodHandle$Holder.invokeSpecial(java.lang.Object, java.lang.Object, java.lang.Object, double, java.lang.Object)'> (0x000000075bd95ca0) 
thrown [src/hotspot/share/interpreter/linkResolver.cpp, line 759]
Event: 20.134 Thread 0x0000000103670fc0 Exception <a 'sun/nio/fs/UnixException'{0x000000074ac7a968}> (0x000000074ac7a968) 
thrown [src/hotspot/share/prims/jni.cpp, line 516]
Event: 20.210 Thread 0x0000000103670fc0 Exception <a 'java/lang/IncompatibleClassChangeError'{0x000000074a313380}: Found class java.lang.Object, but interface was expected> (0x000000074a313380) 
thrown [src/hotspot/share/interpreter/linkResolver.cpp, line 826]

VM Operations (20 events):
Event: 19.703 Executing VM operation: ICBufferFull
Event: 19.703 Executing VM operation: ICBufferFull done
Event: 19.773 Executing VM operation: ICBufferFull
Event: 19.773 Executing VM operation: ICBufferFull done
Event: 19.823 Executing VM operation: HandshakeAllThreads
Event: 19.824 Executing VM operation: HandshakeAllThreads done
Event: 19.825 Executing VM operation: HandshakeAllThreads
Event: 19.825 Executing VM operation: HandshakeAllThreads done
Event: 19.827 Executing VM operation: HandshakeAllThreads
Event: 19.827 Executing VM operation: HandshakeAllThreads done
Event: 20.224 Executing VM operation: ICBufferFull
Event: 20.229 Executing VM operation: ICBufferFull done
Event: 20.424 Executing VM operation: HandshakeAllThreads
Event: 20.424 Executing VM operation: HandshakeAllThreads done
Event: 20.431 Executing VM operation: HandshakeAllThreads
Event: 20.431 Executing VM operation: HandshakeAllThreads done
Event: 20.602 Executing VM operation: ICBufferFull
Event: 20.602 Executing VM operation: ICBufferFull done
Event: 20.775 Executing VM operation: HandshakeAllThreads
Event: 20.776 Executing VM operation: HandshakeAllThreads done

Memory protections (20 events):
Event: 14.020 Protecting memory [0x0000000172914000,0x0000000172920000] with protection modes 0
Event: 14.020 Protecting memory [0x0000000172a20000,0x0000000172a2c000] with protection modes 0
Event: 14.020 Protecting memory [0x0000000172b2c000,0x0000000172b38000] with protection modes 0
Event: 14.021 Protecting memory [0x0000000172c38000,0x0000000172c44000] with protection modes 0
Event: 14.021 Protecting memory [0x0000000172d44000,0x0000000172d50000] with protection modes 0
Event: 14.481 Protecting memory [0x0000000172e50000,0x0000000172e5c000] with protection modes 0
Event: 15.821 Protecting memory [0x0000000173100000,0x000000017310c000] with protection modes 0
Event: 15.822 Protecting memory [0x000000017320c000,0x0000000173218000] with protection modes 0
Event: 15.868 Protecting memory [0x0000000173318000,0x0000000173324000] with protection modes 0
Event: 15.871 Protecting memory [0x0000000173424000,0x0000000173430000] with protection modes 0
Event: 16.925 Protecting memory [0x0000000173530000,0x000000017353c000] with protection modes 0
Event: 16.926 Protecting memory [0x000000017363c000,0x0000000173648000] with protection modes 0
Event: 16.989 Protecting memory [0x0000000173748000,0x0000000173754000] with protection modes 0
Event: 16.997 Protecting memory [0x0000000173854000,0x0000000173860000] with protection modes 0
Event: 18.407 Protecting memory [0x0000000173530000,0x000000017353c000] with protection modes 3
Event: 19.088 Protecting memory [0x0000000173530000,0x000000017353c000] with protection modes 0
Event: 19.088 Protecting memory [0x0000000173960000,0x000000017396c000] with protection modes 0
Event: 19.112 Protecting memory [0x0000000173a6c000,0x0000000173a78000] with protection modes 0
Event: 19.112 Protecting memory [0x0000000173b78000,0x0000000173b84000] with protection modes 0
Event: 19.372 Protecting memory [0x0000000173530000,0x000000017353c000] with protection modes 3

Nmethod flushes (20 events):
Event: 19.242 Thread 0x0000000c5283aa00 flushing  nmethod 0x000000011875d010
Event: 19.242 Thread 0x0000000c5283aa00 flushing  nmethod 0x000000011875dc10
Event: 19.242 Thread 0x0000000c5283aa00 flushing  nmethod 0x000000011875f390
Event: 19.242 Thread 0x0000000c5283aa00 flushing  nmethod 0x000000011875f810
Event: 19.242 Thread 0x0000000c5283aa00 flushing  nmethod 0x0000000118762110
Event: 19.242 Thread 0x0000000c5283aa00 flushing  nmethod 0x0000000118764110
Event: 19.242 Thread 0x0000000c5283aa00 flushing  nmethod 0x0000000118765290
Event: 19.242 Thread 0x0000000c5283aa00 flushing  nmethod 0x0000000118765810
Event: 19.242 Thread 0x0000000c5283aa00 flushing  nmethod 0x000000011877dd90
Event: 19.242 Thread 0x0000000c5283aa00 flushing  nmethod 0x0000000118780810
Event: 19.242 Thread 0x0000000c5283aa00 flushing osr nmethod 0x0000000118781090
Event: 19.242 Thread 0x0000000c5283aa00 flushing  nmethod 0x0000000118786790
Event: 19.242 Thread 0x0000000c5283aa00 flushing  nmethod 0x0000000118787310
Event: 19.242 Thread 0x0000000c5283aa00 flushing  nmethod 0x0000000118789c90
Event: 19.242 Thread 0x0000000c5283aa00 flushing  nmethod 0x0000000118794c10
Event: 19.242 Thread 0x0000000c5283aa00 flushing  nmethod 0x0000000118799b10
Event: 19.242 Thread 0x0000000c5283aa00 flushing  nmethod 0x00000001187a2090
Event: 19.242 Thread 0x0000000c5283aa00 flushing  nmethod 0x00000001187b3710
Event: 19.242 Thread 0x0000000c5283aa00 flushing  nmethod 0x00000001187b3e10
Event: 19.242 Thread 0x0000000c5283aa00 flushing  nmethod 0x00000001187cf610

Events (20 events):
Event: 14.020 Thread 0x0000000c4ca9c000 Thread added: 0x0000000c4c918000
Event: 14.020 Thread 0x0000000c4c918000 Thread added: 0x0000000c52f6de00
Event: 14.020 Thread 0x0000000c52f6de00 Thread added: 0x0000000c4d47e400
Event: 14.021 Thread 0x0000000c4d47e400 Thread added: 0x0000000c4d47cc00
Event: 14.021 Thread 0x0000000c4d47cc00 Thread added: 0x0000000c4f00d200
Event: 14.481 Thread 0x0000000103670fc0 Thread added: 0x0000000c4cb00000
Event: 15.820 Thread 0x0000000c4ef23600 Thread added: 0x0000000c4d6de400
Event: 15.822 Thread 0x0000000103670fc0 Thread added: 0x0000000c4d6df600
Event: 15.868 Thread 0x0000000c4d47d800 Thread added: 0x0000000c4d6dc600
Event: 15.871 Thread 0x0000000c4d47d800 Thread added: 0x0000000c4c4e0000
Event: 16.925 Thread 0x0000000c4d47cc00 Thread added: 0x0000000c4c918c00
Event: 16.926 Thread 0x0000000c4c918c00 Thread added: 0x0000000c4cca8600
Event: 16.989 Thread 0x0000000c4cca8600 Thread added: 0x0000000c4cca9800
Event: 16.997 Thread 0x0000000c4cca8600 Thread added: 0x0000000c4ca9c600
Event: 18.407 Thread 0x0000000c4c918c00 Thread exited: 0x0000000c4c918c00
Event: 19.088 Thread 0x0000000c4c918000 Thread added: 0x0000000c4c69f000
Event: 19.088 Thread 0x0000000c4c69f000 Thread added: 0x0000000c4c69f600
Event: 19.112 Thread 0x0000000c4c69f600 Thread added: 0x0000000c52e25200
Event: 19.112 Thread 0x0000000c4c69f600 Thread added: 0x0000000c4c4e3600
Event: 19.372 Thread 0x0000000c4c69f000 Thread exited: 0x0000000c4c69f000


Dynamic libraries:
0x0000000103000000 	/Library/Java/JavaVirtualMachines/microsoft-17.jdk/Contents/Home/lib/libjli.dylib
0x00000001a94b2000 	/System/Library/Frameworks/Cocoa.framework/Versions/A/Cocoa
0x000000018e9fb000 	/System/Library/Frameworks/AppKit.framework/Versions/C/AppKit
0x0000000192044000 	/System/Library/Frameworks/CoreData.framework/Versions/A/CoreData
0x000000018bdfb000 	/System/Library/Frameworks/Foundation.framework/Versions/C/Foundation
0x0000000199f83000 	/usr/lib/libSystem.B.dylib
0x000000019012b000 	/System/Library/PrivateFrameworks/UIFoundation.framework/Versions/A/UIFoundation
0x0000000240a0f000 	/System/Library/PrivateFrameworks/CollectionViewCore.framework/Versions/A/CollectionViewCore
0x000000019734f000 	/System/Library/PrivateFrameworks/XCTTargetBootstrap.framework/Versions/A/XCTTargetBootstrap
0x000000019c900000 	/System/Library/PrivateFrameworks/InternationalSupport.framework/Versions/A/InternationalSupport
0x000000019cc5a000 	/System/Library/PrivateFrameworks/UserActivity.framework/Versions/A/UserActivity
0x00000001926d4000 	/System/Library/PrivateFrameworks/BaseBoard.framework/Versions/A/BaseBoard
0x00000002491b3000 	/System/Library/PrivateFrameworks/FrontBoard.framework/Versions/A/FrontBoard
0x00000001a4306000 	/System/Library/PrivateFrameworks/FrontBoardServices.framework/Versions/A/FrontBoardServices
0x0000000284a30000 	/usr/lib/libRosetta.dylib
0x0000000278335000 	/System/Library/PrivateFrameworks/UIIntelligenceSupport.framework/Versions/A/UIIntelligenceSupport
0x00000002359b2000 	/System/Library/Frameworks/SwiftUICore.framework/Versions/A/SwiftUICore
0x000000027e8af000 	/System/Library/PrivateFrameworks/WritingTools.framework/Versions/A/WritingTools
0x000000027d705000 	/System/Library/PrivateFrameworks/WindowManagement.framework/Versions/A/WindowManagement
0x000000018ba5a000 	/System/Library/Frameworks/SystemConfiguration.framework/Versions/A/SystemConfiguration
0x000000019bc1d000 	/usr/lib/libspindump.dylib
0x00000001902e6000 	/System/Library/Frameworks/UniformTypeIdentifiers.framework/Versions/A/UniformTypeIdentifiers
0x000000019922e000 	/usr/lib/libbsm.0.dylib
0x0000000194a5c000 	/usr/lib/libapp_launch_measurement.dylib
0x0000000193d62000 	/System/Library/PrivateFrameworks/CoreAnalytics.framework/Versions/A/CoreAnalytics
0x0000000194a60000 	/System/Library/PrivateFrameworks/CoreAutoLayout.framework/Versions/A/CoreAutoLayout
0x000000019689a000 	/System/Library/Frameworks/Metal.framework/Versions/A/Metal
0x0000000197c9a000 	/usr/lib/liblangid.dylib
0x0000000197355000 	/System/Library/PrivateFrameworks/CoreSVG.framework/Versions/A/CoreSVG
0x0000000190d47000 	/System/Library/PrivateFrameworks/SkyLight.framework/Versions/A/SkyLight
0x0000000248eec000 	/System/Library/PrivateFrameworks/FocusEngine.framework/Versions/A/FocusEngine
0x00000001912e0000 	/System/Library/Frameworks/CoreGraphics.framework/Versions/A/CoreGraphics
0x0000000246afb000 	/System/Library/PrivateFrameworks/DesignLibrary.framework/Versions/A/DesignLibrary
0x00000001a25cc000 	/System/Library/Frameworks/Accelerate.framework/Versions/A/Accelerate
0x000000019ba13000 	/System/Library/PrivateFrameworks/IconServices.framework/Versions/A/IconServices
0x0000000196872000 	/System/Library/Frameworks/IOSurface.framework/Versions/A/IOSurface
0x0000000193d92000 	/usr/lib/libDiagnosticMessagesClient.dylib
0x0000000199ecc000 	/usr/lib/libz.1.dylib
0x00000001a68ef000 	/System/Library/Frameworks/ApplicationServices.framework/Versions/A/ApplicationServices
0x000000019733a000 	/System/Library/PrivateFrameworks/DFRFoundation.framework/Versions/A/DFRFoundation
0x000000018e24a000 	/usr/lib/libicucore.A.dylib
0x000000019de96000 	/System/Library/Frameworks/AudioToolbox.framework/Versions/A/AudioToolbox
0x000000019cc08000 	/System/Library/PrivateFrameworks/DataDetectorsCore.framework/Versions/A/DataDetectorsCore
0x0000000278f1b000 	/System/Library/PrivateFrameworks/UpdateCycle.framework/Versions/A/UpdateCycle
0x00000001baac0000 	/System/Library/PrivateFrameworks/TextInput.framework/Versions/A/TextInput
0x0000000190c89000 	/usr/lib/libMobileGestalt.dylib
0x0000000197036000 	/System/Library/Frameworks/Carbon.framework/Versions/A/Frameworks/HIToolbox.framework/Versions/A/HIToolbox
0x00000001942c7000 	/System/Library/Frameworks/QuartzCore.framework/Versions/A/QuartzCore
0x000000018de25000 	/System/Library/Frameworks/Security.framework/Versions/A/Security
0x00000001a1f4b000 	/System/Library/Frameworks/Carbon.framework/Versions/A/Frameworks/SpeechRecognition.framework/Versions/A/SpeechRecognition
0x000000019472b000 	/System/Library/PrivateFrameworks/CoreUI.framework/Versions/A/CoreUI
0x000000018d679000 	/System/Library/Frameworks/CoreAudio.framework/Versions/A/CoreAudio
0x0000000193e86000 	/System/Library/Frameworks/DiskArbitration.framework/Versions/A/DiskArbitration
0x000000019c0da000 	/System/Library/PrivateFrameworks/MultitouchSupport.framework/Versions/A/MultitouchSupport
0x0000000190c87000 	/usr/lib/libenergytrace.dylib
0x00000001adfed000 	/System/Library/PrivateFrameworks/RenderBox.framework/Versions/A/RenderBox
0x000000018e8a2000 	/System/Library/Frameworks/IOKit.framework/Versions/A/IOKit
0x00000001a2355000 	/System/Library/Frameworks/CoreServices.framework/Versions/A/CoreServices
0x00000001949ed000 	/System/Library/PrivateFrameworks/PerformanceAnalysis.framework/Versions/A/PerformanceAnalysis
0x00000001f0748000 	/System/Library/Frameworks/OpenGL.framework/Versions/A/OpenGL
0x0000000194aaa000 	/usr/lib/libxml2.2.dylib
0x000000019910f000 	/System/Library/PrivateFrameworks/MobileKeyBag.framework/Versions/A/MobileKeyBag
0x000000018a114000 	/usr/lib/libobjc.A.dylib
0x000000018a478000 	/usr/lib/libc++.1.dylib
0x00000001a22d2000 	/System/Library/Frameworks/Accessibility.framework/Versions/A/Accessibility
0x0000000191a3a000 	/System/Library/Frameworks/ColorSync.framework/Versions/A/ColorSync
0x000000018a5a9000 	/System/Library/Frameworks/CoreFoundation.framework/Versions/A/CoreFoundation
0x00000001976dc000 	/System/Library/Frameworks/CoreImage.framework/Versions/A/CoreImage
0x000000018d44c000 	/System/Library/Frameworks/CoreText.framework/Versions/A/CoreText
0x000000022ff99000 	/System/Library/Frameworks/CoreTransferable.framework/Versions/A/CoreTransferable
0x00000002304d5000 	/System/Library/Frameworks/DataDetection.framework/Versions/A/DataDetection
0x00000002304ea000 	/System/Library/Frameworks/DeveloperToolsSupport.framework/Versions/A/DeveloperToolsSupport
0x0000000197393000 	/System/Library/Frameworks/ImageIO.framework/Versions/A/ImageIO
0x0000000236927000 	/System/Library/Frameworks/Symbols.framework/Versions/A/Symbols
0x00000001bfc94000 	/System/Library/PrivateFrameworks/AttributeGraph.framework/Versions/A/AttributeGraph
0x00000001a43e5000 	/System/Library/PrivateFrameworks/BoardServices.framework/Versions/A/BoardServices
0x00000001e4329000 	/System/Library/PrivateFrameworks/FeatureFlags.framework/Versions/A/FeatureFlags
0x00000002520d3000 	/System/Library/PrivateFrameworks/Gestures.framework/Versions/A/Gestures
0x0000000199f88000 	/System/Library/PrivateFrameworks/SoftLinking.framework/Versions/A/SoftLinking
0x00000001ce495000 	/usr/lib/swift/libswiftAccelerate.dylib
0x00000001c4977000 	/usr/lib/swift/libswiftCompression.dylib
0x000000019d7fe000 	/usr/lib/swift/libswiftCore.dylib
0x00000001b6da4000 	/usr/lib/swift/libswiftCoreFoundation.dylib
0x00000001b6dfd000 	/usr/lib/swift/libswiftCoreImage.dylib
0x00000001a4081000 	/usr/lib/swift/libswiftDispatch.dylib
0x00000001b6dfe000 	/usr/lib/swift/libswiftIOKit.dylib
0x00000001c496a000 	/usr/lib/swift/libswiftMetal.dylib
0x00000001d3c78000 	/usr/lib/swift/libswiftOSLog.dylib
0x00000001a6f3f000 	/usr/lib/swift/libswiftObjectiveC.dylib
0x0000000285c6e000 	/usr/lib/swift/libswiftObservation.dylib
0x00000001c9c2d000 	/usr/lib/swift/libswiftQuartzCore.dylib
0x0000000285dad000 	/usr/lib/swift/libswiftSynchronization.dylib
0x00000001ce486000 	/usr/lib/swift/libswiftUniformTypeIdentifiers.dylib
0x00000001b6db6000 	/usr/lib/swift/libswiftXPC.dylib
0x0000000285de7000 	/usr/lib/swift/libswift_Builtin_float.dylib
0x0000000285dea000 	/usr/lib/swift/libswift_Concurrency.dylib
0x00000001a6f43000 	/usr/lib/swift/libswiftos.dylib
0x00000001ba855000 	/usr/lib/swift/libswiftsimd.dylib
0x000000019a1af000 	/usr/lib/libcompression.dylib
0x000000019c860000 	/System/Library/PrivateFrameworks/TextureIO.framework/Versions/A/TextureIO
0x0000000191be6000 	/System/Library/Frameworks/ApplicationServices.framework/Versions/A/Frameworks/HIServices.framework/Versions/A/HIServices
0x000000019b69c000 	/usr/lib/libate.dylib
0x0000000199f7d000 	/usr/lib/system/libcache.dylib
0x0000000199f38000 	/usr/lib/system/libcommonCrypto.dylib
0x0000000199f63000 	/usr/lib/system/libcompiler_rt.dylib
0x0000000199f58000 	/usr/lib/system/libcopyfile.dylib
0x000000018a2b2000 	/usr/lib/system/libcorecrypto.dylib
0x000000018a3ab000 	/usr/lib/system/libdispatch.dylib
0x000000018a168000 	/usr/lib/system/libdyld.dylib
0x0000000199f73000 	/usr/lib/system/libkeymgr.dylib
0x0000000199f1b000 	/usr/lib/system/libmacho.dylib
0x0000000199206000 	/usr/lib/system/libquarantine.dylib
0x0000000199f70000 	/usr/lib/system/libremovefile.dylib
0x0000000190d0a000 	/usr/lib/system/libsystem_asl.dylib
0x000000018a238000 	/usr/lib/system/libsystem_blocks.dylib
0x000000018a3f5000 	/usr/lib/system/libsystem_c.dylib
0x0000000199f67000 	/usr/lib/system/libsystem_collections.dylib
0x0000000197c87000 	/usr/lib/system/libsystem_configuration.dylib
0x0000000196839000 	/usr/lib/system/libsystem_containermanager.dylib
0x0000000199989000 	/usr/lib/system/libsystem_coreservices.dylib
0x000000018e51c000 	/usr/lib/system/libsystem_darwin.dylib
0x000000028613d000 	/usr/lib/system/libsystem_darwindirectory.dylib
0x0000000199f74000 	/usr/lib/system/libsystem_dnssd.dylib
0x0000000286141000 	/usr/lib/system/libsystem_eligibility.dylib
0x000000018a3f2000 	/usr/lib/system/libsystem_featureflags.dylib
0x000000018a579000 	/usr/lib/system/libsystem_info.dylib
0x0000000199edc000 	/usr/lib/system/libsystem_m.dylib
0x000000018a35f000 	/usr/lib/system/libsystem_malloc.dylib
0x0000000190c6c000 	/usr/lib/system/libsystem_networkextension.dylib
0x000000018e98d000 	/usr/lib/system/libsystem_notify.dylib
0x0000000197c8c000 	/usr/lib/system/libsystem_sandbox.dylib
0x000000028614b000 	/usr/lib/system/libsystem_sanitizers.dylib
0x0000000199f6c000 	/usr/lib/system/libsystem_secinit.dylib
0x000000018a526000 	/usr/lib/system/libsystem_kernel.dylib
0x000000018a570000 	/usr/lib/system/libsystem_platform.dylib
0x000000018a563000 	/usr/lib/system/libsystem_pthread.dylib
0x00000001928b7000 	/usr/lib/system/libsystem_symptoms.dylib
0x000000018a291000 	/usr/lib/system/libsystem_trace.dylib
0x0000000286153000 	/usr/lib/system/libsystem_trial.dylib
0x0000000199f46000 	/usr/lib/system/libunwind.dylib
0x000000018a23c000 	/usr/lib/system/libxpc.dylib
0x000000018a50b000 	/usr/lib/libc++abi.dylib
0x000000028597e000 	/usr/lib/libswiftPrespecialized.dylib
0x0000000199f85000 	/usr/lib/libfakelink.dylib
0x00000001908b0000 	/System/Library/Frameworks/CFNetwork.framework/Versions/A/CFNetwork
0x0000000199fd9000 	/usr/lib/libarchive.2.dylib
0x00000001a0060000 	/System/Library/Frameworks/Combine.framework/Versions/A/Combine
0x0000000240a34000 	/System/Library/PrivateFrameworks/CollectionsInternal.framework/Versions/A/CollectionsInternal
0x000000026756f000 	/System/Library/PrivateFrameworks/ReflectionInternal.framework/Versions/A/ReflectionInternal
0x00000002683fb000 	/System/Library/PrivateFrameworks/RuntimeInternal.framework/Versions/A/RuntimeInternal
0x00000001b3c5e000 	/usr/lib/swift/libswiftDarwin.dylib
0x0000000285db5000 	/usr/lib/swift/libswiftSystem.dylib
0x0000000285e74000 	/usr/lib/swift/libswift_DarwinFoundation1.dylib
0x0000000285f55000 	/usr/lib/swift/libswift_StringProcessing.dylib
0x000000018e821000 	/System/Library/PrivateFrameworks/CoreServicesInternal.framework/Versions/A/CoreServicesInternal
0x0000000199f50000 	/usr/lib/liboah.dylib
0x00000001a638d000 	/System/Library/PrivateFrameworks/DiskImages.framework/Versions/A/DiskImages
0x00000001b3721000 	/System/Library/Frameworks/NetFS.framework/Versions/A/NetFS
0x0000000194a24000 	/System/Library/Frameworks/CoreServices.framework/Versions/A/Frameworks/FSEvents.framework/Versions/A/FSEvents
0x000000018e527000 	/System/Library/Frameworks/CoreServices.framework/Versions/A/Frameworks/CarbonCore.framework/Versions/A/CarbonCore
0x0000000193dfa000 	/System/Library/Frameworks/CoreServices.framework/Versions/A/Frameworks/Metadata.framework/Versions/A/Metadata
0x0000000199990000 	/System/Library/Frameworks/CoreServices.framework/Versions/A/Frameworks/OSServices.framework/Versions/A/OSServices
0x000000019a0d1000 	/System/Library/Frameworks/CoreServices.framework/Versions/A/Frameworks/SearchKit.framework/Versions/A/SearchKit
0x0000000192831000 	/System/Library/Frameworks/CoreServices.framework/Versions/A/Frameworks/AE.framework/Versions/A/AE
0x000000018aaf2000 	/System/Library/Frameworks/CoreServices.framework/Versions/A/Frameworks/LaunchServices.framework/Versions/A/LaunchServices
0x000000019b4f2000 	/System/Library/Frameworks/CoreServices.framework/Versions/A/Frameworks/DictionaryServices.framework/Versions/A/DictionaryServices
0x0000000194a32000 	/System/Library/Frameworks/CoreServices.framework/Versions/A/Frameworks/SharedFileList.framework/Versions/A/SharedFileList
0x000000019a166000 	/usr/lib/libapple_nghttp2.dylib
0x000000019244b000 	/usr/lib/libsqlite3.dylib
0x00000001a65d5000 	/System/Library/PrivateFrameworks/AppSupport.framework/Versions/A/AppSupport
0x000000019e52f000 	/System/Library/Frameworks/GSS.framework/Versions/A/GSS
0x00000001927c5000 	/System/Library/PrivateFrameworks/RunningBoardServices.framework/Versions/A/RunningBoardServices
0x00000001a6ecd000 	/System/Library/PrivateFrameworks/StreamingZip.framework/Versions/A/StreamingZip
0x00000001928c0000 	/System/Library/Frameworks/Network.framework/Versions/A/Network
0x0000000199f1f000 	/usr/lib/system/libkxld.dylib
0x000000023c2de000 	/System/Library/PrivateFrameworks/AppleKeyStore.framework/Versions/A/AppleKeyStore
0x0000000284714000 	/usr/lib/libCoreEntitlements.dylib
0x000000025d4ca000 	/System/Library/PrivateFrameworks/MessageSecurity.framework/Versions/A/MessageSecurity
0x000000019242f000 	/System/Library/PrivateFrameworks/ProtocolBuffer.framework/Versions/A/ProtocolBuffer
0x00000001a3487000 	/System/Library/PrivateFrameworks/SymptomDiagnosticReporter.framework/Versions/A/SymptomDiagnosticReporter
0x000000019b736000 	/System/Library/PrivateFrameworks/CrashReporterSupport.framework/Versions/A/CrashReporterSupport
0x0000000199970000 	/System/Library/PrivateFrameworks/AppleFSCompression.framework/Versions/A/AppleFSCompression
0x0000000199216000 	/usr/lib/libcoretls.dylib
0x000000019b569000 	/usr/lib/libcoretls_cfhelpers.dylib
0x000000019a1a8000 	/usr/lib/libpam.2.dylib
0x000000019b5db000 	/usr/lib/libxar.1.dylib
0x000000019b56b000 	/System/Library/PrivateFrameworks/APFS.framework/Versions/A/APFS
0x0000000272e27000 	/System/Library/PrivateFrameworks/SwiftASN1Internal.framework/Versions/A/SwiftASN1Internal
0x000000019b5ea000 	/usr/lib/libutil.dylib
0x0000000197c95000 	/System/Library/PrivateFrameworks/AppleSystemInfo.framework/Versions/A/AppleSystemInfo
0x0000000198efe000 	/System/Library/PrivateFrameworks/IOMobileFramebuffer.framework/Versions/A/IOMobileFramebuffer
0x00000001b6c6a000 	/System/Library/PrivateFrameworks/LoggingSupport.framework/Versions/A/LoggingSupport
0x000000019e592000 	/System/Library/PrivateFrameworks/MobileAsset.framework/Versions/A/MobileAsset
0x00000001a3497000 	/System/Library/PrivateFrameworks/PowerLog.framework/Versions/A/PowerLog
0x0000000235850000 	/System/Library/Frameworks/SwiftData.framework/Versions/A/SwiftData
0x0000000194c56000 	/System/Library/PrivateFrameworks/UserManagement.framework/Versions/A/UserManagement
0x00000001907db000 	/usr/lib/libboringssl.dylib
0x00000001928a5000 	/usr/lib/libdns_services.dylib
0x00000001b5ca3000 	/usr/lib/libquic.dylib
0x000000019d78e000 	/usr/lib/libusrtcp.dylib
0x000000023d0d1000 	/System/Library/PrivateFrameworks/AtomicsInternal.framework/Versions/A/AtomicsInternal
0x00000001dc4b0000 	/System/Library/PrivateFrameworks/InternalSwiftProtobuf.framework/Versions/A/InternalSwiftProtobuf
0x0000000285c45000 	/usr/lib/swift/libswiftDistributed.dylib
0x0000000197c93000 	/System/Library/PrivateFrameworks/AggregateDictionary.framework/Versions/A/AggregateDictionary
0x000000023d861000 	/System/Library/PrivateFrameworks/BiomeLibrary.framework/Versions/A/BiomeLibrary
0x00000001c593e000 	/System/Library/PrivateFrameworks/BiomeStreams.framework/Versions/A/BiomeStreams
0x00000001c1b75000 	/System/Library/PrivateFrameworks/BiomeFoundation.framework/Versions/A/BiomeFoundation
0x00000001cb9f2000 	/System/Library/PrivateFrameworks/BiomePubSub.framework/Versions/A/BiomePubSub
0x00000001a7ef1000 	/System/Library/PrivateFrameworks/ProactiveSupport.framework/Versions/A/ProactiveSupport
0x000000019b54a000 	/usr/lib/liblzma.5.dylib
0x00000001a68f0000 	/System/Library/PrivateFrameworks/InternationalTextSearch.framework/Versions/A/InternationalTextSearch
0x00000001be092000 	/System/Library/PrivateFrameworks/SoftwareUpdateCoreSupport.framework/Versions/A/SoftwareUpdateCoreSupport
0x00000001c63c0000 	/System/Library/PrivateFrameworks/SoftwareUpdateCoreConnect.framework/Versions/A/SoftwareUpdateCoreConnect
0x00000001a648b000 	/System/Library/PrivateFrameworks/RemoteServiceDiscovery.framework/Versions/A/RemoteServiceDiscovery
0x00000001bdc89000 	/System/Library/PrivateFrameworks/MSUDataAccessor.framework/Versions/A/MSUDataAccessor
0x00000001b8dc2000 	/usr/lib/libbootpolicy.dylib
0x00000001a64a2000 	/System/Library/PrivateFrameworks/RemoteXPC.framework/Versions/A/RemoteXPC
0x00000001c580a000 	/usr/lib/libFDR.dylib
0x00000001cb613000 	/usr/lib/libamsupport.dylib
0x0000000284a28000 	/usr/lib/libReverseProxyDevice.dylib
0x000000023bc38000 	/System/Library/PrivateFrameworks/AppleDeviceQuerySupport.framework/Versions/A/AppleDeviceQuerySupport
0x00000001ce695000 	/usr/lib/libpartition2_dynamic.dylib
0x000000019a142000 	/System/Library/PrivateFrameworks/AppleSauce.framework/Versions/A/AppleSauce
0x00000002845b5000 	/usr/lib/libAppleArchive.dylib
0x000000019997c000 	/usr/lib/libbz2.1.0.dylib
0x0000000193e90000 	/System/Library/Frameworks/Accelerate.framework/Versions/A/Frameworks/vImage.framework/Versions/A/vImage
0x00000001a232f000 	/System/Library/Frameworks/Accelerate.framework/Versions/A/Frameworks/vecLib.framework/Versions/A/vecLib
0x000000019b621000 	/System/Library/Frameworks/Accelerate.framework/Versions/A/Frameworks/vecLib.framework/Versions/A/libvMisc.dylib
0x000000018aff2000 	/System/Library/Frameworks/Accelerate.framework/Versions/A/Frameworks/vecLib.framework/Versions/A/libBLAS.dylib
0x0000000194b91000 	/System/Library/Frameworks/CoreVideo.framework/Versions/A/CoreVideo
0x000000019e137000 	/System/Library/Frameworks/ApplicationServices.framework/Versions/A/Frameworks/ATS.framework/Versions/A/ATS
0x000000019c7e9000 	/System/Library/Frameworks/ApplicationServices.framework/Versions/A/Frameworks/PrintCore.framework/Versions/A/PrintCore
0x000000019e4f8000 	/System/Library/Frameworks/ApplicationServices.framework/Versions/A/Frameworks/QD.framework/Versions/A/QD
0x000000019e4f3000 	/System/Library/Frameworks/ApplicationServices.framework/Versions/A/Frameworks/ColorSyncLegacy.framework/Versions/A/ColorSyncLegacy
0x000000019e109000 	/System/Library/Frameworks/ApplicationServices.framework/Versions/A/Frameworks/SpeechSynthesis.framework/Versions/A/SpeechSynthesis
0x0000000196d64000 	/System/Library/PrivateFrameworks/FontServices.framework/libFontParser.dylib
0x00000001a61b1000 	/System/Library/PrivateFrameworks/BackBoardServices.framework/Versions/A/BackBoardServices
0x000000023d77d000 	/System/Library/PrivateFrameworks/BackBoardHIDEventFoundation.framework/Versions/A/BackBoardHIDEventFoundation
0x000000018cf5d000 	/System/Library/Frameworks/CoreDisplay.framework/Versions/A/CoreDisplay
0x000000019c120000 	/System/Library/Frameworks/VideoToolbox.framework/Versions/A/VideoToolbox
0x000000019a1a6000 	/System/Library/Frameworks/MetalPerformanceShaders.framework/Versions/A/MetalPerformanceShaders
0x000000026664c000 	/System/Library/PrivateFrameworks/ProDisplayLibrary.framework/Versions/A/ProDisplayLibrary
0x00000001a9f7b000 	/System/Library/PrivateFrameworks/IOSurfaceAccelerator.framework/Versions/A/IOSurfaceAccelerator
0x000000019688f000 	/System/Library/PrivateFrameworks/IOAccelerator.framework/Versions/A/IOAccelerator
0x0000000196ba7000 	/System/Library/Frameworks/CoreMedia.framework/Versions/A/CoreMedia
0x0000000190d22000 	/System/Library/PrivateFrameworks/TCC.framework/Versions/A/TCC
0x000000019c0d8000 	/System/Library/PrivateFrameworks/WatchdogClient.framework/Versions/A/WatchdogClient
0x00000001cba50000 	/System/Library/PrivateFrameworks/BiomeStorage.framework/Versions/A/BiomeStorage
0x0000000258072000 	/System/Library/PrivateFrameworks/IntelligencePlatformLibrary.framework/Versions/A/IntelligencePlatformLibrary
0x0000000265959000 	/System/Library/PrivateFrameworks/PoirotSchematizer.framework/Versions/A/PoirotSchematizer
0x000000023e0a6000 	/System/Library/PrivateFrameworks/BiomeSync.framework/Versions/A/BiomeSync
0x000000023d847000 	/System/Library/PrivateFrameworks/BiomeDSL.framework/Versions/A/BiomeDSL
0x00000002659c3000 	/System/Library/PrivateFrameworks/PoirotUDFs.framework/Versions/A/PoirotUDFs
0x0000000265928000 	/System/Library/PrivateFrameworks/PoirotSQLite.framework/Versions/A/PoirotSQLite
0x00000001a4902000 	/System/Library/PrivateFrameworks/CoreTime.framework/Versions/A/CoreTime
0x0000000199fbe000 	/usr/lib/libiconv.2.dylib
0x0000000199f1a000 	/usr/lib/libcharset.1.dylib
0x0000000285eb5000 	/usr/lib/swift/libswift_RegexParser.dylib
0x000000023f6af000 	/System/Library/PrivateFrameworks/CascadeSets.framework/Versions/A/CascadeSets
0x000000019e6ff000 	/System/Library/PrivateFrameworks/CorePhoneNumbers.framework/Versions/A/CorePhoneNumbers
0x000000019bfa2000 	/System/Library/PrivateFrameworks/AppleJPEG.framework/Versions/A/AppleJPEG
0x000000019b98e000 	/usr/lib/libexpat.1.dylib
0x000000019c6bc000 	/System/Library/Frameworks/ImageIO.framework/Versions/A/Resources/libPng.dylib
0x000000019c6e8000 	/System/Library/Frameworks/ImageIO.framework/Versions/A/Resources/libTIFF.dylib
0x000000019c7d2000 	/System/Library/Frameworks/ImageIO.framework/Versions/A/Resources/libGIF.dylib
0x000000019bfe7000 	/System/Library/Frameworks/ImageIO.framework/Versions/A/Resources/libJP2.dylib
0x000000019c778000 	/System/Library/Frameworks/ImageIO.framework/Versions/A/Resources/libJPEG.dylib
0x000000019c76f000 	/System/Library/Frameworks/ImageIO.framework/Versions/A/Resources/libRadiance.dylib
0x000000024e89a000 	/System/Library/PrivateFrameworks/GPUCompiler.framework/Versions/32023/Libraries/libllvm-flatbuffers.dylib
0x00000002491a6000 	/System/Library/PrivateFrameworks/FramePacing.framework/Versions/A/FramePacing
0x00000001f073a000 	/System/Library/Frameworks/OpenGL.framework/Versions/A/Libraries/libCoreFSCache.dylib
0x000000024a2e7000 	/System/Library/PrivateFrameworks/GPUCompiler.framework/Versions/32023/Libraries/libGPUCompilerUtils.dylib
0x00000001a44b2000 	/System/Library/PrivateFrameworks/GraphicsServices.framework/Versions/A/GraphicsServices
0x00000001a807d000 	/System/Library/PrivateFrameworks/ASEProcessing.framework/Versions/A/ASEProcessing
0x00000001d7ccc000 	/System/Library/PrivateFrameworks/Symbolication.framework/Versions/A/Symbolication
0x0000000265549000 	/System/Library/PrivateFrameworks/PhotosensitivityProcessing.framework/Versions/A/PhotosensitivityProcessing
0x000000019bbbf000 	/System/Library/PrivateFrameworks/GraphVisualizer.framework/Versions/A/GraphVisualizer
0x00000001f0799000 	/System/Library/Frameworks/OpenGL.framework/Versions/A/Libraries/libGLU.dylib
0x00000001f075c000 	/System/Library/Frameworks/OpenGL.framework/Versions/A/Libraries/libGFXShared.dylib
0x000000022e870000 	/System/Library/Frameworks/OpenGL.framework/Versions/A/Libraries/libGL.dylib
0x00000001f0765000 	/System/Library/Frameworks/OpenGL.framework/Versions/A/Libraries/libGLImage.dylib
0x00000001f0759000 	/System/Library/Frameworks/OpenGL.framework/Versions/A/Libraries/libCVMSPluginSupport.dylib
0x00000001f0742000 	/System/Library/Frameworks/OpenGL.framework/Versions/A/Libraries/libCoreVMClient.dylib
0x00000002490b1000 	/System/Library/PrivateFrameworks/FontServices.framework/Versions/A/FontServices
0x000000019bbcf000 	/System/Library/PrivateFrameworks/OTSVG.framework/Versions/A/OTSVG
0x00000001946d8000 	/System/Library/Frameworks/ApplicationServices.framework/Versions/A/Frameworks/ATS.framework/Versions/A/Resources/libFontRegistry.dylib
0x0000000284f38000 	/usr/lib/libhvf.dylib
0x000000026237e000 	/System/Library/PrivateFrameworks/ParsingInternal.framework/Versions/A/ParsingInternal
0x00000002490b5000 	/System/Library/PrivateFrameworks/FontServices.framework/libXTFontStaticRegistryData.dylib
0x0000000197bd4000 	/System/Library/Frameworks/MetalPerformanceShaders.framework/Versions/A/Frameworks/MPSCore.framework/Versions/A/MPSCore
0x00000001998db000 	/System/Library/Frameworks/MetalPerformanceShaders.framework/Versions/A/Frameworks/MPSImage.framework/Versions/A/MPSImage
0x00000001992b9000 	/System/Library/Frameworks/MetalPerformanceShaders.framework/Versions/A/Frameworks/MPSNeuralNetwork.framework/Versions/A/MPSNeuralNetwork
0x00000001996f1000 	/System/Library/Frameworks/MetalPerformanceShaders.framework/Versions/A/Frameworks/MPSMatrix.framework/Versions/A/MPSMatrix
0x0000000199506000 	/System/Library/Frameworks/MetalPerformanceShaders.framework/Versions/A/Frameworks/MPSRayIntersector.framework/Versions/A/MPSRayIntersector
0x0000000199723000 	/System/Library/Frameworks/MetalPerformanceShaders.framework/Versions/A/Frameworks/MPSNDArray.framework/Versions/A/MPSNDArray
0x0000000232814000 	/System/Library/Frameworks/MetalPerformanceShaders.framework/Versions/A/Frameworks/MPSFunctions.framework/Versions/A/MPSFunctions
0x00000002327f5000 	/System/Library/Frameworks/MetalPerformanceShaders.framework/Versions/A/Frameworks/MPSBenchmarkLoop.framework/Versions/A/MPSBenchmarkLoop
0x000000018ae0d000 	/System/Library/PrivateFrameworks/MetalTools.framework/Versions/A/MetalTools
0x00000001bbefa000 	/System/Library/PrivateFrameworks/IOAccelMemoryInfo.framework/Versions/A/IOAccelMemoryInfo
0x00000001ca023000 	/System/Library/PrivateFrameworks/kperf.framework/Versions/A/kperf
0x00000001b6d80000 	/System/Library/PrivateFrameworks/GPURawCounter.framework/Versions/A/GPURawCounter
0x00000001a47eb000 	/System/Library/PrivateFrameworks/CoreSymbolication.framework/Versions/A/CoreSymbolication
0x00000001b6cf7000 	/System/Library/PrivateFrameworks/MallocStackLogging.framework/Versions/A/MallocStackLogging
0x00000001a47c8000 	/System/Library/PrivateFrameworks/DebugSymbols.framework/Versions/A/DebugSymbols
0x00000001c888c000 	/System/Library/PrivateFrameworks/OSAnalytics.framework/Versions/A/OSAnalytics
0x0000000246fad000 	/System/Library/PrivateFrameworks/DeviceRecovery.framework/Versions/A/DeviceRecovery
0x000000023062f000 	/System/Library/Frameworks/ExtensionFoundation.framework/Versions/A/ExtensionFoundation
0x000000019bc10000 	/System/Library/PrivateFrameworks/AppServerSupport.framework/Versions/A/AppServerSupport
0x000000019b88d000 	/System/Library/PrivateFrameworks/PlugInKit.framework/Versions/A/PlugInKit
0x0000000199127000 	/System/Library/PrivateFrameworks/AssertionServices.framework/Versions/A/AssertionServices
0x000000019b9b3000 	/System/Library/PrivateFrameworks/IconFoundation.framework/Versions/A/IconFoundation
0x0000000254f76000 	/System/Library/PrivateFrameworks/IconRendering.framework/Versions/A/IconRendering
0x00000002685ac000 	/System/Library/PrivateFrameworks/SFSymbols.framework/Versions/A/SFSymbols
0x000000018d081000 	/System/Library/PrivateFrameworks/AudioToolboxCore.framework/Versions/A/AudioToolboxCore
0x000000019e071000 	/System/Library/PrivateFrameworks/AudioSession.framework/Versions/A/AudioSession
0x00000001a92c5000 	/System/Library/Frameworks/CoreMIDI.framework/Versions/A/CoreMIDI
0x000000019e0f0000 	/usr/lib/libAudioStatistics.dylib
0x0000000196b7e000 	/System/Library/PrivateFrameworks/caulk.framework/Versions/A/caulk
0x000000019c696000 	/usr/lib/libAudioToolboxUtility.dylib
0x00000001b6d84000 	/usr/lib/swift/libswiftCoreAudio.dylib
0x00000001bd4eb000 	/usr/lib/swift/libswiftCoreMIDI.dylib
0x000000019e501000 	/System/Library/PrivateFrameworks/perfdata.framework/Versions/A/perfdata
0x00000001b5da1000 	/System/Library/PrivateFrameworks/SystemPolicy.framework/Versions/A/SystemPolicy
0x000000019e3a6000 	/usr/lib/libSMC.dylib
0x000000019e50f000 	/usr/lib/libperfcheck.dylib
0x000000023d191000 	/System/Library/PrivateFrameworks/AudioAnalytics.framework/Versions/A/AudioAnalytics
0x0000000285e78000 	/usr/lib/swift/libswift_DarwinFoundation2.dylib
0x0000000285e79000 	/usr/lib/swift/libswift_DarwinFoundation3.dylib
0x00000001dc1b1000 	/System/Library/Frameworks/OSLog.framework/Versions/A/OSLog
0x00000001b6d29000 	/usr/lib/libmis.dylib
0x000000019bad0000 	/System/Library/PrivateFrameworks/MediaExperience.framework/Versions/A/MediaExperience
0x000000019de3f000 	/System/Library/PrivateFrameworks/AudioSession.framework/libSessionUtility.dylib
0x000000019c7d8000 	/System/Library/PrivateFrameworks/CMCaptureCore.framework/Versions/A/CMCaptureCore
0x00000001a3376000 	/System/Library/Frameworks/CoreBluetooth.framework/Versions/A/CoreBluetooth
0x0000000198f93000 	/System/Library/PrivateFrameworks/CoreUtils.framework/Versions/A/CoreUtils
0x00000001aed13000 	/System/Library/PrivateFrameworks/HID.framework/Versions/A/HID
0x00000002463af000 	/System/Library/PrivateFrameworks/CoreUtilsExtras.framework/Versions/A/CoreUtilsExtras
0x0000000254ed8000 	/System/Library/PrivateFrameworks/IO80211.framework/Versions/A/IO80211
0x000000019fdb9000 	/System/Library/Frameworks/IOBluetooth.framework/Versions/A/IOBluetooth
0x000000023cd7f000 	/System/Library/PrivateFrameworks/ArgumentParserInternal.framework/Versions/A/ArgumentParserInternal
0x000000019b72d000 	/usr/lib/libIOReport.dylib
0x0000000199136000 	/System/Library/Frameworks/SecurityFoundation.framework/Versions/A/SecurityFoundation
0x000000018b7d1000 	/System/Library/PrivateFrameworks/Lexicon.framework/Versions/A/Lexicon
0x00000001992a1000 	/usr/lib/libgermantok.dylib
0x0000000197dbe000 	/System/Library/PrivateFrameworks/LinguisticData.framework/Versions/A/LinguisticData
0x00000001a3589000 	/System/Library/PrivateFrameworks/MediaKit.framework/Versions/A/MediaKit
0x00000001a34d4000 	/System/Library/Frameworks/DiscRecording.framework/Versions/A/DiscRecording
0x000000019b9a9000 	/usr/lib/libheimdal-asn1.dylib
0x00000001a6ea3000 	/System/Library/Frameworks/AudioUnit.framework/Versions/A/AudioUnit
0x00000001949f7000 	/System/Library/Frameworks/OpenDirectory.framework/Versions/A/OpenDirectory
0x0000000194a05000 	/System/Library/Frameworks/OpenDirectory.framework/Versions/A/Frameworks/CFOpenDirectory.framework/Versions/A/CFOpenDirectory
0x000000022ebf4000 	/System/Library/Frameworks/AVFAudio.framework/Versions/A/AVFAudio
0x00000001afcdd000 	/usr/lib/libAccessibility.dylib
0x0000000258c06000 	/System/Library/PrivateFrameworks/IsolatedCoreAudioClient.framework/Versions/A/IsolatedCoreAudioClient
0x00000001d24d2000 	/usr/lib/swift/libswiftCoreMedia.dylib
0x00000002763cf000 	/System/Library/PrivateFrameworks/Tightbeam.framework/Versions/A/Tightbeam
0x00000002422bf000 	/System/Library/PrivateFrameworks/CoreAudioOrchestration.framework/Versions/A/CoreAudioOrchestration
0x00000001cebe1000 	/System/Library/PrivateFrameworks/AFKUser.framework/Versions/A/AFKUser
0x00000001a261c000 	/System/Library/Frameworks/MediaAccessibility.framework/Versions/A/MediaAccessibility
0x000000027a5bb000 	/System/Library/PrivateFrameworks/VideoToolboxParavirtualizationSupport.framework/Versions/A/VideoToolboxParavirtualizationSupport
0x000000019b945000 	/System/Library/PrivateFrameworks/AppleVA.framework/Versions/A/AppleVA
0x000000019c76a000 	/System/Library/PrivateFrameworks/GPUWrangler.framework/Versions/A/GPUWrangler
0x000000019c74a000 	/System/Library/PrivateFrameworks/IOPresentment.framework/Versions/A/IOPresentment
0x000000019c772000 	/System/Library/PrivateFrameworks/DSExternalDisplay.framework/Versions/A/DSExternalDisplay
0x000000023cbd6000 	/System/Library/PrivateFrameworks/AppleMobileFileIntegrity.framework/Versions/A/AppleMobileFileIntegrity
0x0000000284ab5000 	/usr/lib/libTLE.dylib
0x00000001ed479000 	/System/Library/PrivateFrameworks/ConfigProfileHelper.framework/Versions/A/ConfigProfileHelper
0x00000001e2299000 	/usr/lib/libedit.3.dylib
0x000000025a187000 	/System/Library/PrivateFrameworks/MIL.framework/Versions/A/MIL
0x00000001bbebd000 	/usr/lib/libncurses.5.4.dylib
0x0000000198ec8000 	/System/Library/PrivateFrameworks/CoreEmoji.framework/Versions/A/CoreEmoji
0x000000018baee000 	/usr/lib/libCRFSuite.dylib
0x0000000197c9c000 	/System/Library/PrivateFrameworks/CoreNLP.framework/Versions/A/CoreNLP
0x0000000199240000 	/usr/lib/libmecab.dylib
0x000000019a139000 	/usr/lib/libThaiTokenizer.dylib
0x00000001dc670000 	/System/Library/PrivateFrameworks/HIDDisplay.framework/Versions/A/HIDDisplay
0x000000019c7a4000 	/System/Library/Frameworks/ApplicationServices.framework/Versions/A/Frameworks/ATSUI.framework/Versions/A/ATSUI
0x000000019e487000 	/usr/lib/libcups.2.dylib
0x000000019e51d000 	/System/Library/Frameworks/Kerberos.framework/Versions/A/Kerberos
0x000000019e17f000 	/usr/lib/libresolv.9.dylib
0x000000019bc24000 	/System/Library/PrivateFrameworks/Heimdal.framework/Versions/A/Heimdal
0x00000001a6ea2000 	/System/Library/Frameworks/Kerberos.framework/Versions/A/Libraries/libHeimdalProxy.dylib
0x000000019e581000 	/System/Library/PrivateFrameworks/CommonAuth.framework/Versions/A/CommonAuth
0x00000001afbd8000 	/System/Library/PrivateFrameworks/AXCoreUtilities.framework/Versions/A/AXCoreUtilities
0x00000002844cf000 	/usr/lib/libAXSafeCategoryBundle.dylib
0x0000000198dad000 	/System/Library/Frameworks/Accelerate.framework/Versions/A/Frameworks/vecLib.framework/Versions/A/libvDSP.dylib
0x000000019a286000 	/System/Library/Frameworks/Accelerate.framework/Versions/A/Frameworks/vecLib.framework/Versions/A/libLAPACK.dylib
0x00000001992a4000 	/System/Library/Frameworks/Accelerate.framework/Versions/A/Frameworks/vecLib.framework/Versions/A/libLinearAlgebra.dylib
0x000000019a17f000 	/System/Library/Frameworks/Accelerate.framework/Versions/A/Frameworks/vecLib.framework/Versions/A/libSparseBLAS.dylib
0x000000019a281000 	/System/Library/Frameworks/Accelerate.framework/Versions/A/Frameworks/vecLib.framework/Versions/A/libQuadrature.dylib
0x0000000197dc5000 	/System/Library/Frameworks/Accelerate.framework/Versions/A/Frameworks/vecLib.framework/Versions/A/libBNNS.dylib
0x000000018b8e7000 	/System/Library/Frameworks/Accelerate.framework/Versions/A/Frameworks/vecLib.framework/Versions/A/libSparse.dylib
0x000000019e4e6000 	/System/Library/PrivateFrameworks/NetAuth.framework/Versions/A/NetAuth
0x0000000194c15000 	/System/Library/PrivateFrameworks/login.framework/Versions/A/Frameworks/loginsupport.framework/Versions/A/loginsupport
0x000000019920a000 	/usr/lib/libCheckFix.dylib
0x0000000193d94000 	/System/Library/PrivateFrameworks/MetadataUtilities.framework/Versions/A/MetadataUtilities
0x0000000255991000 	/System/Library/PrivateFrameworks/InstalledContentLibrary.framework/Versions/A/InstalledContentLibrary
0x000000018e862000 	/System/Library/PrivateFrameworks/CoreServicesStore.framework/Versions/A/CoreServicesStore
0x00000001ca12a000 	/System/Library/PrivateFrameworks/MobileSystemServices.framework/Versions/A/MobileSystemServices
0x000000019b5ee000 	/usr/lib/libxslt.1.dylib
0x00000001991c9000 	/System/Library/PrivateFrameworks/BackgroundTaskManagement.framework/Versions/A/BackgroundTaskManagement
0x00000001a654d000 	/usr/lib/libcurl.4.dylib
0x0000000284cee000 	/usr/lib/libcrypto.46.dylib
0x000000028590b000 	/usr/lib/libssl.48.dylib
0x00000001a6223000 	/System/Library/Frameworks/LDAP.framework/Versions/A/LDAP
0x00000001a625f000 	/System/Library/PrivateFrameworks/TrustEvaluationAgent.framework/Versions/A/TrustEvaluationAgent
0x000000019e19c000 	/usr/lib/libsasl2.2.dylib
0x00000001b3c5d000 	/usr/lib/swift/libswiftCoreGraphics.dylib
0x00000001a2d18000 	/usr/lib/swift/libswiftFoundation.dylib
0x00000001ece36000 	/usr/lib/swift/libswiftSwiftOnoneSupport.dylib
0x0000000285fea000 	/usr/lib/swift/libswiftsys_time.dylib
0x00000001d8489000 	/System/Library/PrivateFrameworks/CoreMaterial.framework/Versions/A/CoreMaterial
0x0000000285d30000 	/usr/lib/swift/libswiftSpatial.dylib
0x0000000284ab2000 	/usr/lib/libSpatial.dylib
0x00000002843ed000 	/System/Library/SubFrameworks/UIUtilities.framework/Versions/A/UIUtilities
0x000000010e020000 	/Library/Java/JavaVirtualMachines/microsoft-17.jdk/Contents/Home/lib/server/libjvm.dylib
0x0000000103028000 	/Library/Java/JavaVirtualMachines/microsoft-17.jdk/Contents/Home/lib/libjimage.dylib
0x00000001030b8000 	/Library/Java/JavaVirtualMachines/microsoft-17.jdk/Contents/Home/lib/libjava.dylib
0x0000000107cac000 	/Library/Java/JavaVirtualMachines/microsoft-17.jdk/Contents/Home/lib/libnio.dylib
0x0000000107cd0000 	/Library/Java/JavaVirtualMachines/microsoft-17.jdk/Contents/Home/lib/libnet.dylib
0x0000000107cf8000 	/Library/Java/JavaVirtualMachines/microsoft-17.jdk/Contents/Home/lib/libzip.dylib
0x0000000103560000 	/Library/Java/JavaVirtualMachines/microsoft-17.jdk/Contents/Home/lib/libverify.dylib
0x0000000103540000 	/Library/Java/JavaVirtualMachines/microsoft-17.jdk/Contents/Home/lib/libmanagement.dylib
0x0000000107d24000 	/Library/Java/JavaVirtualMachines/microsoft-17.jdk/Contents/Home/lib/libmanagement_ext.dylib
0x0000000107d84000 	/Users/Isaiah/Documents/curseforge/minecraft/Install/natives/forge-47.4.16/liblwjgl.dylib
0x0000000107dcc000 	/Users/Isaiah/Documents/curseforge/minecraft/Install/natives/forge-47.4.16/libglfw.dylib
0x0000000107e08000 	/Users/Isaiah/Documents/curseforge/minecraft/Install/natives/forge-47.4.16/libjemalloc.dylib
0x00000001948b4000 	/System/Library/PrivateFrameworks/ViewBridge.framework/Versions/A/ViewBridge
0x000000022eec4000 	/System/Library/Frameworks/AppIntents.framework/Versions/A/AppIntents
0x00000002350c8000 	/System/Library/Frameworks/RelevanceKit.framework/Versions/A/RelevanceKit
0x0000000199d7e000 	/System/Library/Frameworks/CoreSpotlight.framework/Versions/A/CoreSpotlight
0x0000000259c9a000 	/System/Library/PrivateFrameworks/LinkServices.framework/Versions/A/LinkServices
0x00000002474c8000 	/System/Library/PrivateFrameworks/DoNotDisturb.framework/Versions/A/DoNotDisturb
0x0000000259af5000 	/System/Library/PrivateFrameworks/LinkMetadata.framework/Versions/A/LinkMetadata
0x00000001b6dab000 	/usr/lib/swift/libswiftIntents.dylib
0x00000001bc017000 	/System/Library/PrivateFrameworks/IntentsCore.framework/Versions/A/IntentsCore
0x000000023d66b000 	/System/Library/PrivateFrameworks/AvailabilityKit.framework/Versions/A/AvailabilityKit
0x000000023a9df000 	/System/Library/PrivateFrameworks/AppIntentSchemas.framework/Versions/A/AppIntentSchemas
0x000000024ee08000 	/System/Library/PrivateFrameworks/GRDBInternal.framework/Versions/A/GRDBInternal
0x00000002725da000 	/System/Library/PrivateFrameworks/StatusKit.framework/Versions/A/StatusKit
0x00000001a38b8000 	/System/Library/PrivateFrameworks/GenerationalStorage.framework/Versions/A/GenerationalStorage
0x00000001a36e0000 	/System/Library/Frameworks/FileProvider.framework/Versions/A/FileProvider
0x00000001902fd000 	/System/Library/PrivateFrameworks/DesktopServicesPriv.framework/Versions/A/DesktopServicesPriv
0x0000000192633000 	/System/Library/Frameworks/Accounts.framework/Versions/A/Accounts
0x00000001b6817000 	/System/Library/PrivateFrameworks/FTServices.framework/Versions/A/FTServices
0x00000001aecd2000 	/System/Library/PrivateFrameworks/CloudServices.framework/Versions/A/CloudServices
0x00000001a5d72000 	/System/Library/PrivateFrameworks/CoreWiFi.framework/Versions/A/CoreWiFi
0x00000001965b9000 	/System/Library/Frameworks/CoreLocation.framework/Versions/A/CoreLocation
0x00000001a5709000 	/System/Library/Frameworks/Intents.framework/Versions/A/Intents
0x0000000237882000 	/System/Library/Frameworks/_LocationEssentials.framework/Versions/A/_LocationEssentials
0x0000000199d2d000 	/System/Library/Frameworks/UserNotifications.framework/Versions/A/UserNotifications
0x000000019f9c4000 	/System/Library/PrivateFrameworks/Sharing.framework/Versions/A/Sharing
0x000000019f545000 	/System/Library/PrivateFrameworks/IDSFoundation.framework/Versions/A/IDSFoundation
0x00000001a5d71000 	/System/Library/PrivateFrameworks/Apple80211.framework/Versions/A/Apple80211
0x00000001999c3000 	/System/Library/PrivateFrameworks/AuthKit.framework/Versions/A/AuthKit
0x0000000198f10000 	/System/Library/Frameworks/CoreWLAN.framework/Versions/A/CoreWLAN
0x00000001bd4cc000 	/usr/lib/swift/libswiftCoreLocation.dylib
0x000000019dd8d000 	/System/Library/PrivateFrameworks/IMFoundation.framework/Versions/A/IMFoundation
0x00000001af027000 	/System/Library/PrivateFrameworks/Marco.framework/Versions/A/Marco
0x00000001926bd000 	/System/Library/PrivateFrameworks/CommonUtilities.framework/Versions/A/CommonUtilities
0x00000001aba50000 	/System/Library/PrivateFrameworks/Engram.framework/Versions/A/Engram
0x0000000285c8f000 	/usr/lib/swift/libswiftRegexBuilder.dylib
0x00000001ab9ee000 	/usr/lib/libtidy.A.dylib
0x000000019bf2c000 	/System/Library/PrivateFrameworks/Bom.framework/Versions/A/Bom
0x000000019e1bd000 	/usr/lib/libParallelCompression.dylib
0x00000001e43ae000 	/System/Library/PrivateFrameworks/WiFiPeerToPeer.framework/Versions/A/WiFiPeerToPeer
0x0000000285420000 	/usr/lib/libmrc.dylib
0x0000000254f42000 	/System/Library/PrivateFrameworks/IPConfiguration.framework/Versions/A/IPConfiguration
0x00000001d844b000 	/System/Library/PrivateFrameworks/Netrb.framework/Versions/A/Netrb
0x000000019e1af000 	/System/Library/PrivateFrameworks/MultiverseSupport.framework/Versions/A/MultiverseSupport
0x00000001a35bb000 	/System/Library/PrivateFrameworks/DiskManagement.framework/Versions/A/DiskManagement
0x00000001a34c7000 	/System/Library/PrivateFrameworks/AppleIDAuthSupport.framework/Versions/A/AppleIDAuthSupport
0x0000000238162000 	/System/Library/PrivateFrameworks/AAAFoundation.framework/Versions/A/AAAFoundation
0x000000019e6bd000 	/System/Library/PrivateFrameworks/KeychainCircle.framework/Versions/A/KeychainCircle
0x00000001afbce000 	/System/Library/PrivateFrameworks/URLFormatting.framework/Versions/A/URLFormatting
0x00000001a6541000 	/usr/lib/libcsfde.dylib
0x000000019b8d7000 	/usr/lib/libCoreStorage.dylib
0x000000019fe90000 	/System/Library/PrivateFrameworks/ProtectedCloudStorage.framework/Versions/A/ProtectedCloudStorage
0x00000001a653c000 	/System/Library/PrivateFrameworks/EFILogin.framework/Versions/A/EFILogin
0x00000001a38df000 	/System/Library/PrivateFrameworks/OctagonTrust.framework/Versions/A/OctagonTrust
0x00000001a0157000 	/System/Library/PrivateFrameworks/GeoServices.framework/Versions/A/GeoServices
0x000000019de06000 	/System/Library/PrivateFrameworks/LocationSupport.framework/Versions/A/LocationSupport
0x0000000251f2d000 	/System/Library/PrivateFrameworks/GeoServicesCore.framework/Versions/A/GeoServicesCore
0x00000001afbcc000 	/System/Library/PrivateFrameworks/PhoneNumbers.framework/Versions/A/PhoneNumbers
0x000000025a078000 	/System/Library/PrivateFrameworks/LocationLogEncryption.framework/Versions/A/LocationLogEncryption
0x000000019f366000 	/System/Library/PrivateFrameworks/IDS.framework/Versions/A/IDS
0x00000001df06f000 	/System/Library/Frameworks/CryptoKit.framework/Versions/A/CryptoKit
0x00000001a6e9e000 	/System/Library/PrivateFrameworks/CryptoKitCBridging.framework/Versions/A/CryptoKitCBridging
0x00000001a44c4000 	/System/Library/Frameworks/CryptoTokenKit.framework/Versions/A/CryptoTokenKit
0x00000001c5363000 	/System/Library/PrivateFrameworks/FTAWD.framework/Versions/A/FTAWD
0x000000018e99f000 	/usr/lib/libsandbox.1.dylib
0x000000019b8cf000 	/usr/lib/libMatch.1.dylib
0x00000001a6f61000 	/System/Library/PrivateFrameworks/IntentsFoundation.framework/Versions/A/IntentsFoundation
0x000000023778c000 	/System/Library/Frameworks/_AppIntents_AppKit.framework/Versions/A/_AppIntents_AppKit
0x00000002844d3000 	/usr/lib/libAccessibilityBaseImplementations.dylib
0x00000001275ac000 	/usr/lib/libobjc-trampolines.dylib
0x000000027e8b4000 	/System/Library/PrivateFrameworks/WritingToolsUI.framework/Versions/A/WritingToolsUI
0x0000000251913000 	/System/Library/PrivateFrameworks/GenerativeAssistantSettings.framework/Versions/A/GenerativeAssistantSettings
0x000000027434e000 	/System/Library/PrivateFrameworks/TextComposer.framework/Versions/A/TextComposer
0x00000002518ea000 	/System/Library/PrivateFrameworks/GenerativeAssistantCommon.framework/Versions/A/GenerativeAssistantCommon
0x00000001be54d000 	/System/Library/Frameworks/SwiftUI.framework/Versions/A/SwiftUI
0x00000002377cb000 	/System/Library/Frameworks/_AuthenticationServices_SwiftUI.framework/Versions/A/_AuthenticationServices_SwiftUI
0x000000023a714000 	/System/Library/PrivateFrameworks/Anvil.framework/Versions/A/Anvil
0x00000001bdafb000 	/System/Library/PrivateFrameworks/AppStoreDaemon.framework/Versions/A/AppStoreDaemon
0x00000001a9506000 	/System/Library/PrivateFrameworks/AppleMediaServices.framework/Versions/A/AppleMediaServices
0x0000000251db8000 	/System/Library/PrivateFrameworks/GenerativePartnerServiceUI.framework/Versions/A/GenerativePartnerServiceUI
0x00000001ec3a7000 	/System/Library/PrivateFrameworks/JetEngine.framework/Versions/A/JetEngine
0x000000027422b000 	/System/Library/PrivateFrameworks/TextAnimationSupport.framework/Versions/A/TextAnimationSupport
0x00000002674e2000 	/System/Library/PrivateFrameworks/RecapPerformanceTesting.framework/Versions/A/RecapPerformanceTesting
0x00000001b767c000 	/System/Library/PrivateFrameworks/SignpostCollection.framework/Versions/A/SignpostCollection
0x000000023d523000 	/System/Library/PrivateFrameworks/AuthenticationServicesCore.framework/Versions/A/AuthenticationServicesCore
0x00000001c0ed9000 	/System/Library/Frameworks/AuthenticationServices.framework/Versions/A/AuthenticationServices
0x000000019b869000 	/System/Library/PrivateFrameworks/SharedWebCredentials.framework/Versions/A/SharedWebCredentials
0x00000001b851a000 	/System/Library/PrivateFrameworks/SafariCore.framework/Versions/A/SafariCore
0x00000001c0a04000 	/System/Library/PrivateFrameworks/SafariFoundation.framework/Versions/A/SafariFoundation
0x00000001a2fd8000 	/System/Library/Frameworks/Contacts.framework/Versions/A/Contacts
0x000000023e76b000 	/System/Library/PrivateFrameworks/CBORLibrary.framework/Versions/A/CBORLibrary
0x000000023f752000 	/System/Library/PrivateFrameworks/Chirp.framework/Versions/A/Chirp
0x000000024034f000 	/System/Library/PrivateFrameworks/CloudSubscriptionFeatures.framework/Versions/A/CloudSubscriptionFeatures
0x00000001a2d19000 	/System/Library/PrivateFrameworks/ContactsFoundation.framework/Versions/A/ContactsFoundation
0x00000001ed7a9000 	/System/Library/PrivateFrameworks/RemoteManagement.framework/Versions/A/RemoteManagement
0x0000000267870000 	/System/Library/PrivateFrameworks/RemoteManagementModel.framework/Versions/A/RemoteManagementModel
0x0000000267901000 	/System/Library/PrivateFrameworks/RemoteManagementStore.framework/Versions/A/RemoteManagementStore
0x000000019ff9f000 	/usr/lib/libxcselect.dylib
0x00000001c0973000 	/System/Library/PrivateFrameworks/DifferentialPrivacy.framework/Versions/A/DifferentialPrivacy
0x000000025c3d1000 	/System/Library/PrivateFrameworks/ManagedSettingsObjC.framework/Versions/A/ManagedSettingsObjC
0x000000025a07d000 	/System/Library/PrivateFrameworks/LockdownMode.framework/Versions/A/LockdownMode
0x000000027920f000 	/System/Library/PrivateFrameworks/VDAF.framework/Versions/A/VDAF
0x00000001a2df1000 	/System/Library/PrivateFrameworks/ContactsPersistence.framework/Versions/A/ContactsPersistence
0x00000001a1f4f000 	/System/Library/PrivateFrameworks/AppleLDAP.framework/Versions/A/AppleLDAP
0x00000001a68f3000 	/System/Library/Frameworks/ClassKit.framework/Versions/A/ClassKit
0x00000001a8b99000 	/System/Library/PrivateFrameworks/CoreSuggestions.framework/Versions/A/CoreSuggestions
0x00000001a4472000 	/System/Library/PrivateFrameworks/vCard.framework/Versions/A/vCard
0x0000000240fd8000 	/System/Library/PrivateFrameworks/ContactsMetrics.framework/Versions/A/ContactsMetrics
0x000000019bce5000 	/System/Library/PrivateFrameworks/login.framework/Versions/A/login
0x000000025c3cb000 	/System/Library/PrivateFrameworks/ManagedOrganizationContacts.framework/Versions/A/ManagedOrganizationContacts
0x0000000195098000 	/System/Library/PrivateFrameworks/CloudDocs.framework/Versions/A/CloudDocs
0x00000001af58e000 	/System/Library/PrivateFrameworks/ProactiveEventTracker.framework/Versions/A/ProactiveEventTracker
0x000000019e25f000 	/System/Library/PrivateFrameworks/CoreFollowUp.framework/Versions/A/CoreFollowUp
0x00000001a80b8000 	/System/Library/PrivateFrameworks/ConfigurationProfiles.framework/Versions/A/ConfigurationProfiles
0x0000000246633000 	/System/Library/PrivateFrameworks/DMCUtilities.framework/Versions/A/DMCUtilities
0x000000025a0fe000 	/System/Library/PrivateFrameworks/MDMClientLibrary.framework/Versions/A/MDMClientLibrary
0x00000002678f5000 	/System/Library/PrivateFrameworks/RemoteManagementProtocol.framework/Versions/A/RemoteManagementProtocol
0x000000028488d000 	/usr/lib/libEndpointSecuritySystem.dylib
0x00000001a2634000 	/System/Library/PrivateFrameworks/SystemAdministration.framework/Versions/A/SystemAdministration
0x00000001ad520000 	/System/Library/PrivateFrameworks/PowerlogControl.framework/Versions/A/PowerlogControl
0x00000001ad522000 	/usr/lib/libUniversalAccess.dylib
0x00000001a9f86000 	/System/Library/PrivateFrameworks/FamilyControls.framework/Versions/A/FamilyControls
0x00000001a1f24000 	/System/Library/Frameworks/DirectoryService.framework/Versions/A/DirectoryService
0x00000001a65cf000 	/System/Library/PrivateFrameworks/LoginUIKit.framework/Versions/A/Frameworks/LoginUICore.framework/Versions/A/LoginUICore
0x000000019bf2a000 	/usr/lib/libodfde.dylib
0x00000001a9f80000 	/System/Library/PrivateFrameworks/UniversalAccess.framework/Versions/A/Libraries/libUAPreferences.dylib
0x00000001a9faa000 	/System/Library/PrivateFrameworks/CommerceKit.framework/Versions/A/Frameworks/CommerceCore.framework/Versions/A/CommerceCore
0x000000024659f000 	/System/Library/PrivateFrameworks/DEPClientLibrary.framework/Versions/A/DEPClientLibrary
0x00000002465c8000 	/System/Library/PrivateFrameworks/DMCEnrollmentLibrary.framework/Versions/A/DMCEnrollmentLibrary
0x00000001ad604000 	/System/Library/PrivateFrameworks/SetupAssistantFramework.framework/Versions/A/SetupAssistantFramework
0x00000001a6cda000 	/System/Library/PrivateFrameworks/AuthKitUI.framework/Versions/A/AuthKitUI
0x00000001a6619000 	/System/Library/PrivateFrameworks/AppSSO.framework/Versions/A/AppSSO
0x00000001bd857000 	/System/Library/PrivateFrameworks/LocalAuthenticationUI.framework/Versions/A/LocalAuthenticationUI
0x00000002655a5000 	/System/Library/PrivateFrameworks/PlatformSSO.framework/Versions/A/PlatformSSO
0x0000000265692000 	/System/Library/PrivateFrameworks/PlatformSSOCore.framework/Versions/A/PlatformSSOCore
0x0000000231a1c000 	/System/Library/Frameworks/LocalAuthenticationEmbeddedUI.framework/Versions/A/LocalAuthenticationEmbeddedUI
0x00000001be312000 	/System/Library/PrivateFrameworks/AOSUI.framework/Versions/A/AOSUI
0x00000001af356000 	/System/Library/Frameworks/ContactsUI.framework/Versions/A/ContactsUI
0x00000001a3267000 	/System/Library/PrivateFrameworks/FamilyCircle.framework/Versions/A/FamilyCircle
0x00000001cc149000 	/System/Library/Frameworks/LinkPresentation.framework/Versions/A/LinkPresentation
0x00000001aef0e000 	/System/Library/PrivateFrameworks/IASUtilities.framework/Versions/A/IASUtilities
0x0000000254e0b000 	/System/Library/PrivateFrameworks/IASUtilitiesCore.framework/Versions/A/IASUtilitiesCore
0x00000001b768c000 	/System/Library/PrivateFrameworks/OnBoardingKit.framework/Versions/A/OnBoardingKit
0x000000026796b000 	/System/Library/PrivateFrameworks/RemoteUI.framework/Versions/A/RemoteUI
0x00000001b3d3d000 	/System/Library/Frameworks/WebKit.framework/Versions/A/WebKit
0x00000001aba90000 	/System/Library/Frameworks/JavaScriptCore.framework/Versions/A/JavaScriptCore
0x000000025948c000 	/System/Library/PrivateFrameworks/LiftUI.framework/Versions/A/LiftUI
0x0000000269fa8000 	/System/Library/PrivateFrameworks/Settings.framework/Versions/A/Settings
0x000000027eec1000 	/System/Library/PrivateFrameworks/_IconServices_SwiftUI.framework/Versions/A/_IconServices_SwiftUI
0x000000022f938000 	/System/Library/Frameworks/BrowserEngineCore.framework/Versions/A/BrowserEngineCore
0x00000001a8e99000 	/System/Library/Frameworks/WebKit.framework/Versions/A/Frameworks/WebKitLegacy.framework/Versions/A/WebKitLegacy
0x00000001b5771000 	/System/Library/Frameworks/Carbon.framework/Versions/A/Carbon
0x00000001a6c82000 	/System/Library/PrivateFrameworks/CorePrediction.framework/Versions/A/CorePrediction
0x00000001959a3000 	/System/Library/Frameworks/WebKit.framework/Versions/A/Frameworks/WebCore.framework/Versions/A/Frameworks/libwebrtc.dylib
0x00000001b3cc7000 	/System/Library/PrivateFrameworks/SafariSafeBrowsing.framework/Versions/A/SafariSafeBrowsing
0x000000019e225000 	/System/Library/Frameworks/SecurityInterface.framework/Versions/A/SecurityInterface
0x00000001b768b000 	/System/Library/PrivateFrameworks/WebInspectorUI.framework/Versions/A/WebInspectorUI
0x00000001afd13000 	/System/Library/Frameworks/WebKit.framework/Versions/A/Frameworks/WebCore.framework/Versions/A/WebCore
0x00000001aba89000 	/System/Library/Frameworks/Carbon.framework/Versions/A/Frameworks/CommonPanels.framework/Versions/A/CommonPanels
0x00000001a6538000 	/System/Library/Frameworks/Carbon.framework/Versions/A/Frameworks/Help.framework/Versions/A/Help
0x00000001aba8d000 	/System/Library/Frameworks/Carbon.framework/Versions/A/Frameworks/ImageCapture.framework/Versions/A/ImageCapture
0x00000001aba68000 	/System/Library/Frameworks/Carbon.framework/Versions/A/Frameworks/OpenScripting.framework/Versions/A/OpenScripting
0x00000001aba88000 	/System/Library/Frameworks/Carbon.framework/Versions/A/Frameworks/Ink.framework/Versions/A/Ink
0x00000001aba85000 	/System/Library/Frameworks/Carbon.framework/Versions/A/Frameworks/SecurityHI.framework/Versions/A/SecurityHI
0x0000000284910000 	/usr/lib/libInterpreterSecurity.dylib
0x00000001cbd60000 	/System/Library/PrivateFrameworks/XprotectFramework.framework/Versions/A/XprotectFramework
0x00000001af028000 	/System/Library/PrivateFrameworks/yara.framework/Versions/A/yara
0x0000000237349000 	/System/Library/Frameworks/WebKit.framework/Versions/A/Frameworks/WebCore.framework/Versions/A/Frameworks/libANGLE-shared.dylib
0x000000027d15d000 	/System/Library/PrivateFrameworks/WebGPU.framework/Versions/A/WebGPU
0x00000001b9565000 	/System/Library/Frameworks/SceneKit.framework/Versions/A/SceneKit
0x00000001ca983000 	/System/Library/Frameworks/ModelIO.framework/Versions/A/ModelIO
0x000000019ff81000 	/System/Library/Frameworks/MetalKit.framework/Versions/A/MetalKit
0x00000001a2255000 	/System/Library/Frameworks/GLKit.framework/Versions/A/GLKit
0x00000002862c3000 	/usr/lib/usd/libusd_ms.dylib
0x00000002785f4000 	/System/Library/PrivateFrameworks/USDLib_FormatLoaderProxy.framework/Versions/A/USDLib_FormatLoaderProxy
0x0000000285fe5000 	/usr/lib/swift/libswift_errno.dylib
0x00000001b67f8000 	/System/Library/PrivateFrameworks/CoreOptimization.framework/Versions/A/CoreOptimization
0x0000000230764000 	/System/Library/Frameworks/ExtensionKit.framework/Versions/A/ExtensionKit
0x000000024028e000 	/System/Library/PrivateFrameworks/CloudSettings.framework/Versions/A/CloudSettings
0x00000002307a8000 	/System/Library/Frameworks/FSKit.framework/Versions/A/FSKit
0x0000000259e29000 	/System/Library/PrivateFrameworks/LiveFS.framework/Versions/A/LiveFS
0x00000001a8c6a000 	/System/Library/Frameworks/EventKit.framework/Versions/A/EventKit
0x00000001b78a0000 	/System/Library/PrivateFrameworks/SearchFoundation.framework/Versions/A/SearchFoundation
0x00000001ce203000 	/System/Library/PrivateFrameworks/Email.framework/Versions/A/Email
0x00000001b63fa000 	/System/Library/PrivateFrameworks/CoreRoutine.framework/Versions/A/CoreRoutine
0x00000001ed117000 	/System/Library/PrivateFrameworks/VoiceShortcutClient.framework/Versions/A/VoiceShortcutClient
0x00000001c5ef2000 	/System/Library/PrivateFrameworks/Categories.framework/Versions/A/Categories
0x00000001be1c1000 	/System/Library/PrivateFrameworks/ChronoServices.framework/Versions/A/ChronoServices
0x000000023f210000 	/System/Library/PrivateFrameworks/CalendarDatabase.framework/Versions/A/CalendarDatabase
0x000000023f15a000 	/System/Library/PrivateFrameworks/CalendarDaemon.framework/Versions/A/CalendarDaemon
0x00000001a7fdc000 	/System/Library/PrivateFrameworks/CalendarFoundation.framework/Versions/A/CalendarFoundation
0x00000001a7f98000 	/System/Library/PrivateFrameworks/iCalendar.framework/Versions/A/iCalendar
0x0000000246832000 	/System/Library/PrivateFrameworks/DataAccessExpress.framework/Versions/A/DataAccessExpress
0x00000001af4b8000 	/System/Library/PrivateFrameworks/ContactsAutocomplete.framework/Versions/A/ContactsAutocomplete
0x0000000285dcf000 	/usr/lib/swift/libswiftVideoToolbox.dylib
0x00000001be10e000 	/System/Library/PrivateFrameworks/FTClientServices.framework/Versions/A/FTClientServices
0x00000002619e9000 	/System/Library/PrivateFrameworks/OSEligibility.framework/Versions/A/OSEligibility
0x0000000272bb5000 	/System/Library/PrivateFrameworks/StorageContainersPrivate.framework/Versions/A/StorageContainersPrivate
0x0000000285c40000 	/usr/lib/swift/libswiftCoreMediaIO.dylib
0x00000001aed98000 	/System/Library/PrivateFrameworks/CoreDAV.framework/Versions/A/CoreDAV
0x00000001a8b3a000 	/System/Library/PrivateFrameworks/CalDAV.framework/Versions/A/CalDAV
0x00000001b39c4000 	/System/Library/PrivateFrameworks/TelephonyUtilities.framework/Versions/A/TelephonyUtilities
0x00000002319d9000 	/System/Library/Frameworks/LiveCommunicationKit.framework/Versions/A/LiveCommunicationKit
0x0000000240b8b000 	/System/Library/PrivateFrameworks/CommunicationTrust.framework/Versions/A/CommunicationTrust
0x00000001b832c000 	/System/Library/Frameworks/CallKit.framework/Versions/A/CallKit
0x00000001a325f000 	/System/Library/PrivateFrameworks/CommunicationsFilter.framework/Versions/A/CommunicationsFilter
0x00000001e23d4000 	/System/Library/PrivateFrameworks/IMTransferServices.framework/Versions/A/IMTransferServices
0x00000001b6811000 	/System/Library/PrivateFrameworks/IncomingCallFilter.framework/Versions/A/IncomingCallFilter
0x000000026013a000 	/System/Library/PrivateFrameworks/NeighborhoodActivityConduit.framework/Versions/A/NeighborhoodActivityConduit
0x00000001ba86d000 	/System/Library/PrivateFrameworks/CallHistory.framework/Versions/A/CallHistory
0x0000000284700000 	/usr/lib/libBASupport.dylib
0x000000023f628000 	/System/Library/PrivateFrameworks/CallsUtilities.framework/Versions/A/CallsUtilities
0x000000023f633000 	/System/Library/PrivateFrameworks/CallsXPC.framework/Versions/A/CallsXPC
0x00000001ed90a000 	/usr/lib/swift/libswiftCallKit.dylib
0x000000023f61b000 	/System/Library/PrivateFrameworks/CallsPersistence.framework/Versions/A/CallsPersistence
0x000000023539f000 	/System/Library/Frameworks/SensitiveContentAnalysis.framework/Versions/A/SensitiveContentAnalysis
0x00000001bb8a3000 	/System/Library/PrivateFrameworks/PeopleSuggester.framework/Versions/A/PeopleSuggester
0x00000001c4cfb000 	/System/Library/PrivateFrameworks/SpotlightReceiver.framework/Versions/A/SpotlightReceiver
0x000000027ee88000 	/System/Library/PrivateFrameworks/_AppIntentsServices_AppIntents.framework/Versions/A/_AppIntentsServices_AppIntents
0x000000023aa48000 	/System/Library/PrivateFrameworks/AppIntentsServices.framework/Versions/A/AppIntentsServices
0x00000001a7f80000 	/System/Library/PrivateFrameworks/CoreRecents.framework/Versions/A/CoreRecents
0x0000000230eae000 	/System/Library/Frameworks/GeoToolbox.framework/Versions/A/GeoToolbox
0x000000023784e000 	/System/Library/Frameworks/_GeoToolbox_AppIntents.framework/Versions/A/_GeoToolbox_AppIntents
0x00000001d7e7e000 	/System/Library/PrivateFrameworks/DiagnosticRequest.framework/Versions/A/DiagnosticRequest
0x000000027edcc000 	/System/Library/PrivateFrameworks/XPCDistributed.framework/Versions/A/XPCDistributed
0x0000000267578000 	/System/Library/PrivateFrameworks/RegulatoryDomain.framework/Versions/A/RegulatoryDomain
0x00000001a232d000 	/usr/lib/libCTGreenTeaLogger.dylib
0x000000025a04f000 	/System/Library/PrivateFrameworks/LocalStatusKit.framework/Versions/A/LocalStatusKit
0x00000001b38b0000 	/System/Library/PrivateFrameworks/CoreParsec.framework/Versions/A/CoreParsec
0x00000001ce1f7000 	/System/Library/PrivateFrameworks/EmailAddressing.framework/Versions/A/EmailAddressing
0x00000001ca1f2000 	/System/Library/PrivateFrameworks/EmailCore.framework/Versions/A/EmailCore
0x00000001cb220000 	/System/Library/PrivateFrameworks/EmailFoundation.framework/Versions/A/EmailFoundation
0x000000026312e000 	/System/Library/PrivateFrameworks/PegasusAPI.framework/Versions/A/PegasusAPI
0x0000000263c7f000 	/System/Library/PrivateFrameworks/PegasusConfiguration.framework/Versions/A/PegasusConfiguration
0x0000000276e62000 	/System/Library/PrivateFrameworks/ToolKit.framework/Versions/A/ToolKit
0x0000000267d00000 	/System/Library/PrivateFrameworks/ReplicatorEngine.framework/Versions/A/ReplicatorEngine
0x0000000267ea2000 	/System/Library/PrivateFrameworks/ReplicatorServices.framework/Versions/A/ReplicatorServices
0x0000000273b1f000 	/System/Library/PrivateFrameworks/SystemWake.framework/Versions/A/SystemWake
0x00000001b8500000 	/System/Library/PrivateFrameworks/ContextKit.framework/Versions/A/ContextKit
0x0000000241124000 	/System/Library/PrivateFrameworks/ContextKitCore.framework/Versions/A/ContextKitCore
0x00000001b6a97000 	/System/Library/Frameworks/LocalAuthentication.framework/Support/DaemonUtils.framework/Versions/A/DaemonUtils
0x0000000259fe4000 	/System/Library/PrivateFrameworks/LocalAuthenticationCoreUI.framework/Versions/A/LocalAuthenticationCoreUI
0x00000001b9eb8000 	/System/Library/PrivateFrameworks/BridgeXPC.framework/Versions/A/BridgeXPC
0x00000001b7768000 	/System/Library/PrivateFrameworks/CoreKDL.framework/Versions/A/CoreKDL
0x00000001b5d9a000 	/System/Library/PrivateFrameworks/EmbeddedOSSupportHost.framework/Versions/A/EmbeddedOSSupportHost
0x00000001aaa68000 	/System/Library/PrivateFrameworks/LoginUIKit.framework/Versions/A/LoginUIKit
0x00000001c63ed000 	/System/Library/PrivateFrameworks/StorageKit.framework/Versions/A/StorageKit
0x00000001ef11b000 	/System/Library/Frameworks/DeviceCheck.framework/Versions/A/DeviceCheck
0x00000001c6466000 	/System/Library/PrivateFrameworks/CoreWLANKit.framework/Versions/A/CoreWLANKit
0x000000027c4e5000 	/System/Library/PrivateFrameworks/Wallpaper.framework/Versions/A/Wallpaper
0x0000000285c5b000 	/usr/lib/swift/libswiftGLKit.dylib
0x0000000285c66000 	/usr/lib/swift/libswiftMetalKit.dylib
0x0000000285c6a000 	/usr/lib/swift/libswiftModelIO.dylib
0x0000000285d2d000 	/usr/lib/swift/libswiftSceneKit.dylib
0x0000000247198000 	/System/Library/PrivateFrameworks/DiskImages2.framework/Versions/A/DiskImages2
0x00000001cf132000 	/System/Library/PrivateFrameworks/DynamicDesktop.framework/Versions/A/DynamicDesktop
0x000000027c674000 	/System/Library/PrivateFrameworks/WallpaperFoundation.framework/Versions/A/WallpaperFoundation
0x000000027c6d1000 	/System/Library/PrivateFrameworks/WallpaperTypes.framework/Versions/A/WallpaperTypes
0x00000001e4131000 	/System/Library/PrivateFrameworks/SystemDesktopAppearance.framework/Versions/A/SystemDesktopAppearance
0x0000000281f67000 	/System/Library/PrivateFrameworks/icloudMCCKit.framework/Versions/A/icloudMCCKit
0x000000023b9a0000 	/System/Library/PrivateFrameworks/AppleAccountUI.framework/Versions/A/AppleAccountUI
0x00000001d8455000 	/System/Library/PrivateFrameworks/PreferencePanesSupport.framework/Versions/A/PreferencePanesSupport
0x00000001be4c4000 	/System/Library/PrivateFrameworks/FindMyDeviceUI.framework/Versions/A/FindMyDeviceUI
0x000000027fbae000 	/System/Library/PrivateFrameworks/iCloudQuotaUI.framework/Versions/A/iCloudQuotaUI
0x00000001d8609000 	/System/Library/PrivateFrameworks/CoreCDPUI.framework/Versions/A/CoreCDPUI
0x00000001b825b000 	/System/Library/PrivateFrameworks/CoreFollowUpUI.framework/Versions/A/CoreFollowUpUI
0x00000001c4f7a000 	/System/Library/PrivateFrameworks/IMCore.framework/Versions/A/IMCore
0x00000001ad589000 	/System/Library/PrivateFrameworks/CoreCDP.framework/Versions/A/CoreCDP
0x00000001a94f1000 	/System/Library/PrivateFrameworks/AskPermission.framework/Versions/A/AskPermission
0x00000001bbf88000 	/System/Library/Frameworks/Quartz.framework/Versions/A/Quartz
0x00000001c89c7000 	/System/Library/PrivateFrameworks/CloudPhotoServicesConfiguration.framework/Versions/A/CloudPhotoServicesConfiguration
0x00000001ba692000 	/System/Library/PrivateFrameworks/CommerceKit.framework/Versions/A/CommerceKit
0x00000001ca2c2000 	/System/Library/PrivateFrameworks/FindMyMac.framework/Versions/A/FindMyMac
0x00000001ca195000 	/System/Library/Frameworks/PreferencePanes.framework/Versions/A/PreferencePanes
0x00000001bd942000 	/System/Library/Frameworks/AddressBook.framework/Versions/A/AddressBook
0x00000001a83d9000 	/System/Library/PrivateFrameworks/AOSAccounts.framework/Versions/A/AOSAccounts
0x00000001a262e000 	/System/Library/PrivateFrameworks/AppleSRP.framework/Versions/A/AppleSRP
0x00000001b69ad000 	/System/Library/Frameworks/SafariServices.framework/Versions/A/SafariServices
0x00000001a6eb2000 	/System/Library/PrivateFrameworks/NetFSServer.framework/Versions/A/NetFSServer
0x00000001b943f000 	/System/Library/Frameworks/PDFKit.framework/Versions/A/PDFKit
0x0000000236941000 	/System/Library/Frameworks/TabularData.framework/Versions/A/TabularData
0x0000000285c81000 	/usr/lib/swift/libswiftPassKit.dylib
0x00000001dc5ac000 	/System/Library/Frameworks/PassKit.framework/Versions/A/PassKit
0x00000001aab72000 	/System/Library/PrivateFrameworks/PassKitCore.framework/Versions/A/PassKitCore
0x0000000262a4c000 	/System/Library/PrivateFrameworks/PassKitMacHelperTemp.framework/Versions/A/PassKitMacHelperTemp
0x0000000284650000 	/usr/lib/libAppleSSE.dylib
0x00000001b6ae3000 	/System/Library/PrivateFrameworks/BiometricKit.framework/Versions/A/BiometricKit
0x00000002684a6000 	/System/Library/PrivateFrameworks/SEService.framework/Versions/A/SEService
0x000000023086d000 	/System/Library/Frameworks/FinanceKit.framework/Versions/A/FinanceKit
0x00000001bc037000 	/System/Library/PrivateFrameworks/NearField.framework/Versions/A/NearField
0x0000000284a4f000 	/usr/lib/libSESShared.dylib
0x000000026870e000 	/System/Library/PrivateFrameworks/STSXPCHelperClient.framework/Versions/A/STSXPCHelperClient
0x00000001bdd4e000 	/usr/lib/libnfshared.dylib
0x00000002738a7000 	/System/Library/PrivateFrameworks/Symptoms.framework/Versions/A/Frameworks/SymptomPresentationFeed.framework/Versions/A/SymptomPresentationFeed
0x000000023c385000 	/System/Library/PrivateFrameworks/AppleMediaServicesKitInternal.framework/Versions/A/AppleMediaServicesKitInternal
0x000000023d029000 	/System/Library/PrivateFrameworks/AsyncAlgorithmsInternal.framework/Versions/A/AsyncAlgorithmsInternal
0x00000002735e9000 	/System/Library/PrivateFrameworks/SymptomShared.framework/Versions/A/SymptomShared
0x00000001df2dc000 	/System/Library/PrivateFrameworks/PassKitUIFoundation.framework/Versions/A/PassKitUIFoundation
0x00000001a1f61000 	/System/Library/Frameworks/MapKit.framework/Versions/A/MapKit
0x0000000251e63000 	/System/Library/PrivateFrameworks/GeoAnalytics.framework/Versions/A/GeoAnalytics
0x00000001bdd7c000 	/System/Library/PrivateFrameworks/Navigation.framework/Versions/A/Navigation
0x00000001c7a0f000 	/System/Library/PrivateFrameworks/VectorKit.framework/Versions/A/VectorKit
0x00000001aefd9000 	/System/Library/PrivateFrameworks/VirtualGarage.framework/Versions/A/VirtualGarage
0x00000001bdf5b000 	/System/Library/Frameworks/ExternalAccessory.framework/ExternalAccessory
0x00000001bdf76000 	/System/Library/PrivateFrameworks/IAP.framework/Versions/A/IAP
0x00000001a221d000 	/System/Library/PrivateFrameworks/IOPlatformPluginFamily.framework/Versions/A/IOPlatformPluginFamily
0x000000023d66e000 	/System/Library/PrivateFrameworks/AvatarKit.framework/Versions/A/AvatarKit
0x000000023d72d000 	/System/Library/PrivateFrameworks/AvatarPersistence.framework/Versions/A/AvatarPersistence
0x0000000236cc8000 	/System/Library/Frameworks/TipKit.framework/Versions/A/TipKit
0x00000001aa676000 	/System/Library/PrivateFrameworks/IMSharedUtilities.framework/Versions/A/IMSharedUtilities
0x0000000285c20000 	/usr/lib/swift/libswiftAppleArchive.dylib
0x000000027930f000 	/System/Library/PrivateFrameworks/VFX.framework/Versions/A/VFX
0x00000001da1b2000 	/System/Library/PrivateFrameworks/AppleCVA.framework/Versions/A/AppleCVA
0x000000023d72c000 	/System/Library/PrivateFrameworks/AvatarKitContent.framework/Versions/A/AvatarKitContent
0x0000000232782000 	/System/Library/Frameworks/MetalFX.framework/Versions/A/MetalFX
0x0000000240ca0000 	/System/Library/PrivateFrameworks/CompositorNonUI.framework/Versions/A/CompositorNonUI
0x000000022ebf3000 	/System/Library/Frameworks/ARKit.framework/Versions/A/ARKit
0x00000002393b9000 	/System/Library/PrivateFrameworks/ARKitCore.framework/Versions/A/ARKitCore
0x000000028474a000 	/usr/lib/libDisplayWarpSupport.dylib
0x00000002423ee000 	/System/Library/PrivateFrameworks/CoreComposite.framework/Versions/A/CoreComposite
0x0000000284b83000 	/usr/lib/libchannel.dylib
0x000000028587d000 	/usr/lib/librealtime_safety.dylib
0x0000000239446000 	/System/Library/PrivateFrameworks/ARKitFoundation.framework/Versions/A/ARKitFoundation
0x000000023ba3e000 	/System/Library/PrivateFrameworks/AppleDepth.framework/Versions/A/AppleDepth
0x000000023bbb4000 	/System/Library/PrivateFrameworks/AppleDepthCore.framework/Versions/A/AppleDepthCore
0x00000001a2356000 	/System/Library/PrivateFrameworks/CoreAppleCVA.framework/Versions/A/CoreAppleCVA
0x00000001af107000 	/System/Library/PrivateFrameworks/ContactsUICore.framework/Versions/A/ContactsUICore
0x00000001b6919000 	/System/Library/PrivateFrameworks/ContactsDonation.framework/Versions/A/ContactsDonation
0x00000001b61d0000 	/System/Library/PrivateFrameworks/DataDetectors.framework/Versions/A/DataDetectors
0x00000001a8b26000 	/System/Library/Frameworks/MediaLibrary.framework/Versions/A/MediaLibrary
0x00000001a324e000 	/System/Library/PrivateFrameworks/PersonaKit.framework/Versions/A/PersonaKit
0x00000001af0f5000 	/System/Library/PrivateFrameworks/PersonaUI.framework/Versions/A/PersonaUI
0x00000001c9bb7000 	/System/Library/PrivateFrameworks/Transparency.framework/Versions/A/Transparency
0x0000000248bec000 	/System/Library/PrivateFrameworks/FindMyLocate.framework/Versions/A/FindMyLocate
0x00000001b81da000 	/System/Library/PrivateFrameworks/IntlPreferences.framework/Versions/A/IntlPreferences
0x0000000248ac5000 	/System/Library/PrivateFrameworks/FindMyCommon.framework/Versions/A/FindMyCommon
0x00000002488b5000 	/System/Library/PrivateFrameworks/FindMyBase.framework/Versions/A/FindMyBase
0x000000023401f000 	/System/Library/Frameworks/NearbyInteraction.framework/Versions/A/NearbyInteraction
0x00000001a2e6f000 	/System/Library/PrivateFrameworks/AddressBookCore.framework/Versions/A/AddressBookCore
0x00000001bdad9000 	/System/Library/PrivateFrameworks/ToneKit.framework/Versions/A/ToneKit
0x00000001b8221000 	/System/Library/PrivateFrameworks/ToneLibrary.framework/Versions/A/ToneLibrary
0x0000000240fa5000 	/System/Library/PrivateFrameworks/ContactsAccounts.framework/Versions/A/ContactsAccounts
0x00000001bbea3000 	/System/Library/PrivateFrameworks/Lookup.framework/Versions/A/Lookup
0x0000000234904000 	/System/Library/Frameworks/QuickLookUI.framework/Versions/A/QuickLookUI
0x0000000235319000 	/System/Library/Frameworks/ScreenCaptureKit.framework/Versions/A/ScreenCaptureKit
0x00000001b8f53000 	/System/Library/Frameworks/Quartz.framework/Versions/A/Frameworks/QuartzComposer.framework/Versions/A/QuartzComposer
0x00000001b81b1000 	/System/Library/Frameworks/Quartz.framework/Versions/A/Frameworks/QuartzFilters.framework/Versions/A/QuartzFilters
0x00000001b725d000 	/System/Library/Frameworks/Quartz.framework/Versions/A/Frameworks/ImageKit.framework/Versions/A/ImageKit
0x000000022ea00000 	/System/Library/Frameworks/OpenCL.framework/Versions/A/OpenCL
0x00000001b5770000 	/System/Library/PrivateFrameworks/CorePDF.framework/Versions/A/CorePDF
0x000000019ff18000 	/System/Library/Frameworks/QuickLook.framework/Versions/A/QuickLook
0x00000001aaa63000 	/System/Library/PrivateFrameworks/DisplayServices.framework/Versions/A/DisplayServices
0x00000001b8136000 	/System/Library/Frameworks/ImageCaptureCore.framework/Versions/A/ImageCaptureCore
0x000000027b31b000 	/System/Library/PrivateFrameworks/VisionKitCore.framework/Versions/A/VisionKitCore
0x00000001b3880000 	/System/Library/PrivateFrameworks/QuickLookSupport.framework/Versions/A/QuickLookSupport
0x000000025ccb2000 	/System/Library/PrivateFrameworks/MediaAnalysisServices.framework/Versions/A/MediaAnalysisServices
0x00000001bae8e000 	/System/Library/PrivateFrameworks/PhotoLibraryServices.framework/Versions/A/PhotoLibraryServices
0x00000001b7d4e000 	/System/Library/Frameworks/Photos.framework/Versions/A/Photos
0x00000001cc53b000 	/System/Library/PrivateFrameworks/PhotosFormats.framework/Versions/A/PhotosFormats
0x00000001c89f2000 	/System/Library/PrivateFrameworks/CloudPhotoLibrary.framework/Versions/A/CloudPhotoLibrary
0x00000001d1dca000 	/System/Library/PrivateFrameworks/CloudPhotoServices.framework/Versions/A/CloudPhotoServices
0x00000001ce368000 	/System/Library/PrivateFrameworks/CoreMediaStream.framework/Versions/A/CoreMediaStream
0x00000001a390f000 	/System/Library/PrivateFrameworks/CPAnalytics.framework/Versions/A/CPAnalytics
0x00000001ca8bb000 	/System/Library/PrivateFrameworks/MediaConversionService.framework/Versions/A/MediaConversionService
0x00000001aa662000 	/System/Library/PrivateFrameworks/PhotoFoundation.framework/Versions/A/PhotoFoundation
0x0000000264267000 	/System/Library/PrivateFrameworks/PhotoLibraryServicesCore.framework/Versions/A/PhotoLibraryServicesCore
0x00000001c4687000 	/System/Library/PrivateFrameworks/MMCS.framework/Versions/A/MMCS
0x00000001a897f000 	/System/Library/PrivateFrameworks/ChunkingLibrary.framework/Versions/A/ChunkingLibrary
0x00000001a25fb000 	/System/Library/PrivateFrameworks/AssetCacheServices.framework/Versions/A/AssetCacheServices
0x00000001a45c3000 	/System/Library/PrivateFrameworks/AVFoundationCF.framework/Versions/A/AVFoundationCF
0x00000001e22cf000 	/usr/lib/swift/libswiftDemangle.dylib
0x0000000254fef000 	/System/Library/PrivateFrameworks/ImageCaptureDevices.framework/Versions/A/ImageCaptureDevices
0x00000001b648d000 	/System/Library/PrivateFrameworks/MediaStream.framework/Versions/A/MediaStream
0x00000001cad5d000 	/System/Library/PrivateFrameworks/NeutrinoCore.framework/Versions/A/NeutrinoCore
0x0000000191f4c000 	/System/Library/PrivateFrameworks/NLP.framework/Versions/A/NLP
0x00000001d0b5d000 	/System/Library/PrivateFrameworks/PhotoImaging.framework/Versions/A/PhotoImaging
0x00000001d1d8b000 	/System/Library/PrivateFrameworks/PhotosImagingFoundation.framework/Versions/A/PhotosImagingFoundation
0x0000000264e13000 	/System/Library/PrivateFrameworks/PhotosIntelligenceCore.framework/Versions/A/PhotosIntelligenceCore
0x00000001a49fe000 	/System/Library/PrivateFrameworks/EmbeddedAcousticRecognition.framework/Versions/A/EmbeddedAcousticRecognition
0x00000001bfcdc000 	/System/Library/PrivateFrameworks/EmojiFoundation.framework/Versions/A/EmojiFoundation
0x00000001c8c6b000 	/System/Library/PrivateFrameworks/SDAPI.framework/Versions/A/SDAPI
0x00000001d1dd9000 	/System/Library/PrivateFrameworks/AutoLoop.framework/Versions/A/AutoLoop
0x00000002659f0000 	/System/Library/PrivateFrameworks/Portrait.framework/Versions/A/Portrait
0x000000024927c000 	/System/Library/PrivateFrameworks/FusionTracker.framework/Versions/A/FusionTracker
0x00000001b89ed000 	/System/Library/PrivateFrameworks/iTunesCloud.framework/Versions/A/iTunesCloud
0x00000001c1bcc000 	/System/Library/PrivateFrameworks/DAAPKit.framework/Versions/A/DAAPKit
0x00000001b3bfc000 	/System/Library/PrivateFrameworks/DeviceManagement.framework/Versions/A/DeviceManagement
0x00000001d7dcf000 	/System/Library/PrivateFrameworks/ScreenTimeUI.framework/Versions/A/ScreenTimeUI
0x00000001b61ca000 	/System/Library/PrivateFrameworks/QuickLookNonBaseSystem.framework/Versions/A/QuickLookNonBaseSystem
0x00000001b69ef000 	/System/Library/PrivateFrameworks/Catalyst.framework/Versions/A/Catalyst
0x00000001b83d3000 	/System/Library/PrivateFrameworks/ScreenTimeCore.framework/Versions/A/ScreenTimeCore
0x00000001cb9eb000 	/System/Library/PrivateFrameworks/ScreenTimeServiceUI.framework/Versions/A/ScreenTimeServiceUI
0x00000001c4817000 	/System/Library/PrivateFrameworks/ConfigurationEngineModel.framework/Versions/A/ConfigurationEngineModel
0x00000001c79c8000 	/System/Library/PrivateFrameworks/UsageTracking.framework/Versions/A/UsageTracking
0x0000000230500000 	/System/Library/Frameworks/DeviceActivity.framework/Versions/A/DeviceActivity
0x00000001c7998000 	/System/Library/PrivateFrameworks/KnowledgeMonitor.framework/Versions/A/KnowledgeMonitor
0x00000001df282000 	/System/Library/PrivateFrameworks/BluetoothManager.framework/Versions/A/BluetoothManager
0x0000000231b07000 	/System/Library/Frameworks/ManagedSettings.framework/Versions/A/ManagedSettings
0x000000025c412000 	/System/Library/PrivateFrameworks/ManagedSettingsSupport.framework/Versions/A/ManagedSettingsSupport
0x00000001dc67c000 	/System/Library/Frameworks/ReplayKit.framework/Versions/A/ReplayKit
0x00000001aba22000 	/System/Library/PrivateFrameworks/MarkupUI.framework/Versions/A/MarkupUI
0x00000001b61a2000 	/System/Library/PrivateFrameworks/SidecarCore.framework/Versions/A/SidecarCore
0x00000001b8e08000 	/System/Library/PrivateFrameworks/AnnotationKit.framework/Versions/A/AnnotationKit
0x00000001b74a2000 	/System/Library/Frameworks/PencilKit.framework/Versions/A/PencilKit
0x00000001b7667000 	/System/Library/PrivateFrameworks/SidecarUI.framework/Versions/A/SidecarUI
0x00000001b6dff000 	/System/Library/PrivateFrameworks/CoreHandwriting.framework/Versions/A/CoreHandwriting
0x000000018bb23000 	/usr/lib/libmecabra.dylib
0x00000001af6c6000 	/System/Library/PrivateFrameworks/Calculate.framework/Versions/A/Calculate
0x000000019b619000 	/usr/lib/libChineseTokenizer.dylib
0x00000001ed6ce000 	/System/Library/PrivateFrameworks/ScreenReaderCore.framework/Versions/A/ScreenReaderCore
0x0000000272b47000 	/System/Library/PrivateFrameworks/StocksKit.framework/Versions/A/StocksKit
0x00000001ae6c3000 	/System/Library/PrivateFrameworks/OAuth.framework/Versions/A/OAuth
0x0000000272838000 	/System/Library/PrivateFrameworks/StocksCore.framework/Versions/A/StocksCore
0x0000000273e17000 	/System/Library/PrivateFrameworks/TeaFoundation.framework/Versions/A/TeaFoundation
0x0000000273ff9000 	/System/Library/PrivateFrameworks/TeaSettings.framework/Versions/A/TeaSettings
0x00000001e3997000 	/System/Library/PrivateFrameworks/NewsCore.framework/Versions/A/NewsCore
0x0000000273db3000 	/System/Library/PrivateFrameworks/TeaDB.framework/Versions/A/TeaDB
0x00000001e0396000 	/System/Library/PrivateFrameworks/RemoteConfiguration.framework/Versions/A/RemoteConfiguration
0x00000001e35a2000 	/System/Library/PrivateFrameworks/NewsTransport.framework/Versions/A/NewsTransport
0x00000001e3987000 	/System/Library/PrivateFrameworks/NewsFoundation.framework/Versions/A/NewsFoundation
0x0000000260740000 	/System/Library/PrivateFrameworks/NewsURLBucket.framework/Versions/A/NewsURLBucket
0x00000001baa87000 	/System/Library/PrivateFrameworks/MobileInstallation.framework/Versions/A/MobileInstallation
0x0000000236e35000 	/System/Library/Frameworks/Translation.framework/Versions/A/Translation
0x00000001d37db000 	/System/Library/PrivateFrameworks/RevealCore.framework/Versions/A/RevealCore
0x00000001d37cf000 	/System/Library/PrivateFrameworks/Reveal.framework/Versions/A/Reveal
0x00000001cb6b5000 	/System/Library/Frameworks/Speech.framework/Versions/A/Speech
0x0000000238299000 	/System/Library/PrivateFrameworks/AIMLExperimentationAnalytics.framework/Versions/A/AIMLExperimentationAnalytics
0x000000023a5f7000 	/System/Library/PrivateFrameworks/AlgorithmsInternal.framework/Versions/A/AlgorithmsInternal
0x000000027764b000 	/System/Library/PrivateFrameworks/TranslationUIServices.framework/Versions/A/TranslationUIServices
0x0000000276537000 	/System/Library/PrivateFrameworks/TipKitCore.framework/Versions/A/TipKitCore
0x00000001bfd60000 	/System/Library/PrivateFrameworks/CoreCDPInternal.framework/Versions/A/CoreCDPInternal
0x00000002557cb000 	/System/Library/PrivateFrameworks/InputAnalytics.framework/Versions/A/InputAnalytics
0x00000001c57f9000 	/System/Library/Frameworks/InstantMessage.framework/Versions/A/InstantMessage
0x00000001bd850000 	/System/Library/PrivateFrameworks/IDSKVStore.framework/Versions/A/IDSKVStore
0x00000001bd52f000 	/System/Library/PrivateFrameworks/IMDPersistence.framework/Versions/A/IMDPersistence
0x0000000279205000 	/System/Library/PrivateFrameworks/UserSafety.framework/Versions/A/UserSafety
0x00000001de490000 	/System/Library/PrivateFrameworks/BlastDoor.framework/Versions/A/BlastDoor
0x0000000259c6a000 	/System/Library/PrivateFrameworks/LinkPresentationStyleSheetParsing.framework/Versions/A/LinkPresentationStyleSheetParsing
0x0000000265ba1000 	/System/Library/PrivateFrameworks/PosterFoundation.framework/Versions/A/PosterFoundation
0x0000000265c2f000 	/System/Library/PrivateFrameworks/PosterModel.framework/Versions/A/PosterModel
0x0000000265c0a000 	/System/Library/PrivateFrameworks/PosterFuturesKit.framework/Versions/A/PosterFuturesKit
0x00000002486ac000 	/System/Library/PrivateFrameworks/FeedbackService.framework/Versions/A/FeedbackService
0x00000001b6870000 	/System/Library/PrivateFrameworks/CoreSDB.framework/Versions/A/CoreSDB
0x000000023ce12000 	/System/Library/PrivateFrameworks/AskToCore.framework/Versions/A/AskToCore
0x00000001d8606000 	/System/Library/PrivateFrameworks/MachineSettings.framework/Versions/A/MachineSettings
0x00000001ca117000 	/System/Library/PrivateFrameworks/BezelServices.framework/Versions/A/BezelServices
0x00000001c1c58000 	/System/Library/PrivateFrameworks/SPOwner.framework/Versions/A/SPOwner
0x00000001ba6f7000 	/System/Library/PrivateFrameworks/FMCore.framework/Versions/A/FMCore
0x00000001b9ef1000 	/System/Library/PrivateFrameworks/AppleMediaServicesUI.framework/Versions/A/AppleMediaServicesUI
0x000000027fb06000 	/System/Library/PrivateFrameworks/iCloudQuota.framework/Versions/A/iCloudQuota
0x00000001af072000 	/System/Library/PrivateFrameworks/CoreRecognition.framework/Versions/A/CoreRecognition
0x00000001ca1cd000 	/System/Library/PrivateFrameworks/InAppMessages.framework/Versions/A/InAppMessages
0x00000001ec2bf000 	/System/Library/PrivateFrameworks/JetUI.framework/Versions/A/JetUI
0x0000000258f4b000 	/System/Library/PrivateFrameworks/JetPack.framework/Versions/A/JetPack
0x00000001ca1c4000 	/System/Library/PrivateFrameworks/InAppMessagesCore.framework/Versions/A/InAppMessagesCore
0x000000027eed1000 	/System/Library/PrivateFrameworks/_JetEngine_SwiftUI.framework/Versions/A/_JetEngine_SwiftUI
0x00000002738d0000 	/System/Library/PrivateFrameworks/Synapse.framework/Versions/A/Synapse
0x000000023efb4000 	/System/Library/PrivateFrameworks/CSExattrCrypto.framework/Versions/A/CSExattrCrypto
0x00000001bbb8c000 	/System/Library/PrivateFrameworks/StoreFoundation.framework/Versions/A/StoreFoundation
0x00000001ba6f1000 	/System/Library/PrivateFrameworks/ServerInformation.framework/Versions/A/ServerInformation
0x00000001ba127000 	/System/Library/PrivateFrameworks/Install.framework/Frameworks/DistributionKit.framework/Versions/A/DistributionKit
0x00000001b3654000 	/System/Library/PrivateFrameworks/PackageKit.framework/Versions/A/PackageKit
0x00000001ba14a000 	/System/Library/PrivateFrameworks/OSPersonalization.framework/Versions/A/OSPersonalization
0x00000001bc116000 	/System/Library/PrivateFrameworks/BridgeOSSoftwareUpdate.framework/Versions/A/BridgeOSSoftwareUpdate
0x00000001b6d07000 	/System/Library/PrivateFrameworks/StorageManagement.framework/Versions/A/StorageManagement
0x00000001cb53b000 	/usr/lib/libauthinstall.dylib
0x00000001bc11f000 	/System/Library/PrivateFrameworks/InstallerDiagnostics.framework/Versions/A/InstallerDiagnostics
0x00000001cbbb7000 	/usr/lib/libcrypto.42.dylib
0x0000000286187000 	/usr/lib/updaters/libAppleTconUARPUpdater.dylib
0x00000002862aa000 	/usr/lib/updaters/libT200Updater.dylib
0x00000001bc104000 	/System/Library/PrivateFrameworks/GPUInfo.framework/Versions/A/GPUInfo
0x00000001ca2c8000 	/System/Library/PrivateFrameworks/MobileActivationMacOS.framework/Versions/A/MobileActivationMacOS
0x00000001ae605000 	/System/Library/PrivateFrameworks/AccountsDaemon.framework/Versions/A/AccountsDaemon
0x0000000251d95000 	/System/Library/PrivateFrameworks/GenerativePartnerService.framework/Versions/A/GenerativePartnerService
0x000000019e66e000 	/System/Library/PrivateFrameworks/CacheDelete.framework/Versions/A/CacheDelete
0x00000001a6fd6000 	/System/Library/Frameworks/QuickLookThumbnailing.framework/Versions/A/QuickLookThumbnailing
0x00000001bc163000 	/System/Library/PrivateFrameworks/AOSKit.framework/Versions/A/AOSKit
0x000000019b74a000 	/System/Library/PrivateFrameworks/AppSSOCore.framework/Versions/A/AppSSOCore
0x00000001b5b7a000 	/System/Library/Frameworks/AVFoundation.framework/Versions/A/AVFoundation
0x000000023d7c6000 	/System/Library/PrivateFrameworks/BackgroundSystemTasks.framework/Versions/A/BackgroundSystemTasks
0x00000001a6eec000 	/System/Library/PrivateFrameworks/DuetActivityScheduler.framework/Versions/A/DuetActivityScheduler
0x00000001c8921000 	/System/Library/PrivateFrameworks/NetworkServiceProxy.framework/Versions/A/NetworkServiceProxy
0x00000001a228f000 	/usr/lib/libnetworkextension.dylib
0x00000001a490d000 	/System/Library/PrivateFrameworks/Rapport.framework/Versions/A/Rapport
0x00000002735f9000 	/System/Library/PrivateFrameworks/Symptoms.framework/Versions/A/Frameworks/SymptomAnalytics.framework/Versions/A/SymptomAnalytics
0x000000019f0a2000 	/System/Library/Frameworks/NetworkExtension.framework/Versions/A/NetworkExtension
0x00000001a56b3000 	/System/Library/PrivateFrameworks/CoreDuetContext.framework/Versions/A/CoreDuetContext
0x00000001905a7000 	/System/Library/PrivateFrameworks/CoreDuet.framework/Versions/A/CoreDuet
0x00000001aa3bc000 	/System/Library/PrivateFrameworks/AssistantServices.framework/Versions/A/AssistantServices
0x00000001a4707000 	/System/Library/PrivateFrameworks/SAObjects.framework/Versions/A/SAObjects
0x00000001a9fb7000 	/System/Library/PrivateFrameworks/MediaRemote.framework/Versions/A/MediaRemote
0x00000001bc657000 	/System/Library/PrivateFrameworks/SiriInstrumentation.framework/Versions/A/SiriInstrumentation
0x000000026a5b8000 	/System/Library/PrivateFrameworks/SiriAnalytics.framework/Versions/A/SiriAnalytics
0x000000027045a000 	/System/Library/PrivateFrameworks/SiriTTSService.framework/Versions/A/SiriTTSService
0x000000026aef4000 	/System/Library/PrivateFrameworks/SiriCrossDeviceArbitration.framework/Versions/A/SiriCrossDeviceArbitration
0x00000001b9ec3000 	/System/Library/PrivateFrameworks/FeedbackLogger.framework/Versions/A/FeedbackLogger
0x0000000248259000 	/System/Library/PrivateFrameworks/FaceTimeNameUtility.framework/Versions/A/FaceTimeNameUtility
0x000000026af48000 	/System/Library/PrivateFrameworks/SiriCrossDeviceArbitrationFeedback.framework/Versions/A/SiriCrossDeviceArbitrationFeedback
0x0000000251c51000 	/System/Library/PrivateFrameworks/GenerativeModels.framework/Versions/A/GenerativeModels
0x000000022ed39000 	/System/Library/Frameworks/AVRouting.framework/Versions/A/AVRouting
0x00000001aee85000 	/System/Library/PrivateFrameworks/MediaServices.framework/Versions/A/MediaServices
0x000000019ccc8000 	/System/Library/Frameworks/MediaToolbox.framework/Versions/A/MediaToolbox
0x00000001a36b1000 	/System/Library/PrivateFrameworks/CoreAVCHD.framework/Versions/A/CoreAVCHD
0x00000001a36ad000 	/System/Library/PrivateFrameworks/Mangrove.framework/Versions/A/Mangrove
0x000000023edd0000 	/System/Library/PrivateFrameworks/CMPhoto.framework/Versions/A/CMPhoto
0x00000001a3e92000 	/System/Library/Frameworks/CoreTelephony.framework/Versions/A/CoreTelephony
0x00000001a36a0000 	/System/Library/PrivateFrameworks/CoreAUC.framework/Versions/A/CoreAUC
0x000000023c109000 	/System/Library/PrivateFrameworks/AppleJPEGXL.framework/Versions/A/AppleJPEGXL
0x000000019e70f000 	/usr/lib/libTelephonyUtilDynamic.dylib
0x00000001a4545000 	/System/Library/Frameworks/LocalAuthentication.framework/Versions/A/LocalAuthentication
0x0000000259ea0000 	/System/Library/PrivateFrameworks/LocalAuthenticationCore.framework/Versions/A/LocalAuthenticationCore
0x000000025a025000 	/System/Library/PrivateFrameworks/LocalAuthenticationCredentialServices.framework/Versions/A/LocalAuthenticationCredentialServices
0x00000001a45b1000 	/System/Library/Frameworks/LocalAuthentication.framework/Support/SharedUtils.framework/Versions/A/SharedUtils
0x000000019bb93000 	/System/Library/PrivateFrameworks/PersistentConnection.framework/Versions/A/PersistentConnection
0x0000000271c6d000 	/System/Library/PrivateFrameworks/SonicFoundation.framework/Versions/A/SonicFoundation
0x0000000246abd000 	/System/Library/PrivateFrameworks/Dendrite.framework/Versions/A/Dendrite
0x00000001be517000 	/usr/lib/libtailspin.dylib
0x00000001d1ee9000 	/System/Library/PrivateFrameworks/Osprey.framework/Versions/A/Osprey
0x000000026fab5000 	/System/Library/PrivateFrameworks/SiriTTS.framework/Versions/A/SiriTTS
0x00000001b6936000 	/System/Library/Frameworks/NaturalLanguage.framework/Versions/A/NaturalLanguage
0x000000026e89b000 	/System/Library/PrivateFrameworks/SiriPowerInstrumentation.framework/Versions/A/SiriPowerInstrumentation
0x00000001b77f7000 	/System/Library/PrivateFrameworks/Trial.framework/Versions/A/Trial
0x00000001b7779000 	/System/Library/PrivateFrameworks/TrialProto.framework/Versions/A/TrialProto
0x00000002788f2000 	/System/Library/PrivateFrameworks/UnifiedAssetFramework.framework/Versions/A/UnifiedAssetFramework
0x00000001d3f0f000 	/usr/lib/swift/libswiftAVFoundation.dylib
0x00000001e4335000 	/usr/lib/swift/libswiftNaturalLanguage.dylib
0x0000000273db1000 	/System/Library/PrivateFrameworks/TailspinSymbolication.framework/Versions/A/TailspinSymbolication
0x00000002466fc000 	/System/Library/PrivateFrameworks/Darwinup.framework/Versions/A/Darwinup
0x00000001ca8f6000 	/System/Library/PrivateFrameworks/SignpostSupport.framework/Versions/A/SignpostSupport
0x00000001b67fd000 	/System/Library/PrivateFrameworks/FeatureFlagsSupport.framework/Versions/A/FeatureFlagsSupport
0x00000001ca029000 	/System/Library/PrivateFrameworks/ktrace.framework/Versions/A/ktrace
0x00000001cab25000 	/System/Library/PrivateFrameworks/SampleAnalysis.framework/Versions/A/SampleAnalysis
0x00000001d37a9000 	/System/Library/PrivateFrameworks/kperfdata.framework/Versions/A/kperfdata
0x00000001a0059000 	/usr/lib/libdscsym.dylib
0x00000001d3c65000 	/System/Library/PrivateFrameworks/BulkSymbolication.framework/Versions/A/BulkSymbolication
0x00000001a7022000 	/System/Library/PrivateFrameworks/Espresso.framework/Versions/A/Espresso
0x0000000195179000 	/System/Library/Frameworks/CoreML.framework/Versions/A/CoreML
0x00000001eda75000 	/System/Library/PrivateFrameworks/ANECompiler.framework/Versions/A/ANECompiler
0x00000001a910f000 	/System/Library/PrivateFrameworks/AppleNeuralEngine.framework/Versions/A/AppleNeuralEngine
0x0000000232829000 	/System/Library/Frameworks/MetalPerformanceShadersGraph.framework/Versions/A/MetalPerformanceShadersGraph
0x000000025a92c000 	/System/Library/PrivateFrameworks/MLCompilerServices.framework/Versions/A/MLCompilerServices
0x00000001a7ebe000 	/System/Library/PrivateFrameworks/ANEServices.framework/Versions/A/ANEServices
0x000000026179b000 	/System/Library/PrivateFrameworks/ODIE.framework/Versions/A/ODIE
0x000000025a8d0000 	/System/Library/PrivateFrameworks/MLCompilerRuntime.framework/Versions/A/MLCompilerRuntime
0x000000019955b000 	/System/Library/Frameworks/MLCompute.framework/Versions/A/MLCompute
0x000000025a852000 	/System/Library/PrivateFrameworks/MLAssetIO.framework/Versions/A/MLAssetIO
0x0000000285c5f000 	/usr/lib/swift/libswiftMLCompute.dylib
0x00000001a4098000 	/System/Library/PrivateFrameworks/AVFCore.framework/Versions/A/AVFCore
0x00000001ad615000 	/System/Library/PrivateFrameworks/AVFCapture.framework/Versions/A/AVFCapture
0x000000023ebb9000 	/System/Library/PrivateFrameworks/CMImaging.framework/Versions/A/CMImaging
0x00000001ad85e000 	/System/Library/PrivateFrameworks/Quagga.framework/Versions/A/Quagga
0x00000001ad992000 	/System/Library/PrivateFrameworks/CMCapture.framework/Versions/A/CMCapture
0x000000019e295000 	/System/Library/Frameworks/CoreMediaIO.framework/Versions/A/CoreMediaIO
0x000000023eaf5000 	/System/Library/PrivateFrameworks/CMCaptureDevice.framework/Versions/A/CMCaptureDevice
0x000000019bd09000 	/System/Library/PrivateFrameworks/CoreBrightness.framework/Versions/A/CoreBrightness
0x000000023fbca000 	/System/Library/PrivateFrameworks/CinematicFraming.framework/Versions/A/CinematicFraming
0x00000001d0fa7000 	/System/Library/PrivateFrameworks/CPMS.framework/Versions/A/CPMS
0x0000000273aa7000 	/System/Library/PrivateFrameworks/SystemStatus.framework/Versions/A/SystemStatus
0x00000001b5772000 	/System/Library/Frameworks/CoreMotion.framework/Versions/A/CoreMotion
0x00000001c58b7000 	/System/Library/PrivateFrameworks/TimeSync.framework/Versions/A/TimeSync
0x00000002473da000 	/System/Library/PrivateFrameworks/DistributedSensing.framework/Versions/A/DistributedSensing
0x00000001c0e97000 	/System/Library/PrivateFrameworks/MobileBluetooth.framework/Versions/A/MobileBluetooth
0x00000001c75b0000 	/System/Library/PrivateFrameworks/IOKitten.framework/Versions/A/IOKitten
0x000000018cd9f000 	/System/Library/PrivateFrameworks/LanguageModeling.framework/Versions/A/LanguageModeling
0x0000000191d53000 	/System/Library/PrivateFrameworks/Montreal.framework/Versions/A/Montreal
0x0000000199fc6000 	/usr/lib/libcmph.dylib
0x0000000251d2a000 	/System/Library/PrivateFrameworks/GenerativeModelsFoundation.framework/Versions/A/GenerativeModelsFoundation
0x000000027689f000 	/System/Library/PrivateFrameworks/TokenGeneration.framework/Versions/A/TokenGeneration
0x0000000251b0d000 	/System/Library/PrivateFrameworks/GenerativeFunctions.framework/Versions/A/GenerativeFunctions
0x0000000251b59000 	/System/Library/PrivateFrameworks/GenerativeFunctionsFoundation.framework/Versions/A/GenerativeFunctionsFoundation
0x000000025e078000 	/System/Library/PrivateFrameworks/ModelCatalog.framework/Versions/A/ModelCatalog
0x0000000269a65000 	/System/Library/PrivateFrameworks/SensitiveContentAnalysisML.framework/Versions/A/SensitiveContentAnalysisML
0x0000000251bee000 	/System/Library/PrivateFrameworks/GenerativeFunctionsInstrumentation.framework/Versions/A/GenerativeFunctionsInstrumentation
0x0000000266cb3000 	/System/Library/PrivateFrameworks/PromptKit.framework/Versions/A/PromptKit
0x0000000266790000 	/System/Library/PrivateFrameworks/ProactiveDaemonSupport.framework/Versions/A/ProactiveDaemonSupport
0x000000025e45a000 	/System/Library/PrivateFrameworks/ModelManagerServices.framework/Versions/A/ModelManagerServices
0x0000000276aed000 	/System/Library/PrivateFrameworks/TokenGenerationCore.framework/Versions/A/TokenGenerationCore
0x000000023c036000 	/System/Library/PrivateFrameworks/AppleIntelligenceReporting.framework/Versions/A/AppleIntelligenceReporting
0x000000023bc9e000 	/System/Library/PrivateFrameworks/AppleFlatBuffers.framework/Versions/A/AppleFlatBuffers
0x0000000269c9e000 	/System/Library/PrivateFrameworks/SentencePieceInternal.framework/Versions/A/SentencePieceInternal
0x00000001a2673000 	/System/Library/Frameworks/Vision.framework/Versions/A/Vision
0x00000002460d4000 	/System/Library/PrivateFrameworks/CoreSceneUnderstanding.framework/Versions/A/CoreSceneUnderstanding
0x000000027b2cf000 	/System/Library/PrivateFrameworks/VisionCore.framework/Versions/A/VisionCore
0x00000001bfe38000 	/System/Library/Frameworks/Vision.framework/libfaceCore.dylib
0x00000001c095b000 	/System/Library/PrivateFrameworks/Futhark.framework/Versions/A/Futhark
0x00000001c4733000 	/System/Library/PrivateFrameworks/InertiaCam.framework/Versions/A/InertiaCam
0x00000001c06e3000 	/System/Library/PrivateFrameworks/TextRecognition.framework/Versions/A/TextRecognition
0x000000019b76b000 	/System/Library/PrivateFrameworks/CVNLP.framework/Versions/A/CVNLP
0x0000000194c18000 	/System/Library/PrivateFrameworks/ApplePushService.framework/Versions/A/ApplePushService
0x0000000194c83000 	/System/Library/Frameworks/CloudKit.framework/Versions/A/CloudKit
0x00000001a807c000 	/System/Library/PrivateFrameworks/CoreDuetDaemonProtocol.framework/Versions/A/CoreDuetDaemonProtocol
0x00000001cd0fa000 	/System/Library/PrivateFrameworks/DeviceIdentity.framework/Versions/A/DeviceIdentity
0x0000000235530000 	/System/Library/Frameworks/SharedWithYouCore.framework/Versions/A/SharedWithYouCore
0x0000000240472000 	/System/Library/PrivateFrameworks/CloudTelemetry.framework/Versions/A/CloudTelemetry
0x00000001a69ba000 	/System/Library/PrivateFrameworks/AppleAccount.framework/Versions/A/AppleAccount
0x00000001a6f7b000 	/System/Library/PrivateFrameworks/C2.framework/Versions/A/C2
0x00000002400e4000 	/System/Library/PrivateFrameworks/CloudCoreInternal.framework/Versions/A/CloudCoreInternal
0x000000023fe89000 	/System/Library/PrivateFrameworks/CloudAsset.framework/Versions/A/CloudAsset
0x00000001a6f72000 	/System/Library/Frameworks/PushKit.framework/Versions/A/PushKit
0x0000000240492000 	/System/Library/PrivateFrameworks/CloudTelemetryTools.framework/Versions/A/CloudTelemetryTools
0x00000001a8e6c000 	/System/Library/PrivateFrameworks/RTCReporting.framework/Versions/A/RTCReporting
0x000000023817f000 	/System/Library/PrivateFrameworks/AAAFoundationSwift.framework/Versions/A/AAAFoundationSwift
0x00000001a6c45000 	/System/Library/PrivateFrameworks/AppleIDSSOAuthentication.framework/Versions/A/AppleIDSSOAuthentication
0x00000001bba37000 	/System/Library/PrivateFrameworks/CaptiveNetwork.framework/Versions/A/CaptiveNetwork
0x00000001a644b000 	/System/Library/PrivateFrameworks/EAP8021X.framework/Versions/A/EAP8021X
0x00000002464e2000 	/System/Library/PrivateFrameworks/CryptoKitPrivate.framework/Versions/A/CryptoKitPrivate
0x00000001b5dca000 	/System/Library/PrivateFrameworks/FindMyDevice.framework/Versions/A/FindMyDevice
0x00000001aab52000 	/System/Library/PrivateFrameworks/FMCoreLite.framework/Versions/A/FMCoreLite
0x00000001991fb000 	/System/Library/Frameworks/ServiceManagement.framework/Versions/A/ServiceManagement
0x00000001bd4b1000 	/System/Library/Frameworks/Accelerate.framework/Versions/A/Frameworks/vImage.framework/Versions/A/Libraries/libCGInterfaces.dylib
0x00000001caaee000 	/System/Library/PrivateFrameworks/UIKitServices.framework/Versions/A/UIKitServices
0x0000000144244000 	/System/Library/Extensions/AGXMetalG14X.bundle/Contents/MacOS/AGXMetalG14X
0x00000001aed26000 	/System/Library/PrivateFrameworks/IOGPU.framework/Versions/A/IOGPU
0x000000022e87a000 	/System/Library/Frameworks/OpenGL.framework/Versions/A/Resources/GLEngine.bundle/GLEngine
0x000000022e71c000 	/System/Library/Frameworks/OpenGL.framework/Versions/A/Libraries/libGLProgrammability.dylib
0x0000000142dd0000 	/System/Library/Extensions/AppleMetalOpenGLRenderer.bundle/Contents/MacOS/AppleMetalOpenGLRenderer
0x000000022e9db000 	/System/Library/Frameworks/OpenGL.framework/Versions/A/Resources/GLRendererFloat.bundle/GLRendererFloat
0x00000002745c2000 	/System/Library/PrivateFrameworks/TextInputUI.framework/Versions/A/TextInputUI
0x00000002745f6000 	/System/Library/PrivateFrameworks/TextInputUIMacHelper.framework/Versions/A/TextInputUIMacHelper
0x00000001435f4000 	/Users/Isaiah/Documents/curseforge/minecraft/Install/natives/forge-47.4.16/liblwjgl_opengl.dylib
0x0000000143718000 	/Users/Isaiah/Documents/curseforge/minecraft/Install/natives/forge-47.4.16/liblwjgl_stb.dylib
0x00000001c0a4a000 	/System/Library/PrivateFrameworks/SafariPlatformSupport.framework/Versions/A/SafariPlatformSupport
0x0000000272267000 	/System/Library/PrivateFrameworks/SpotlightKnowledge.framework/Versions/A/SpotlightKnowledge
0x0000000247888000 	/System/Library/PrivateFrameworks/DocumentUnderstandingClient.framework/Versions/A/DocumentUnderstandingClient
0x000000027224e000 	/System/Library/PrivateFrameworks/SpotlightEmbedding.framework/Versions/A/SpotlightEmbedding
0x000000019054a000 	/System/Library/PrivateFrameworks/SpotlightLinguistics.framework/Versions/A/SpotlightLinguistics
0x000000027241b000 	/System/Library/PrivateFrameworks/SpotlightResources.framework/Versions/A/SpotlightResources
0x00000001a8433000 	/System/Library/PrivateFrameworks/SpotlightIndex.framework/Versions/A/SpotlightIndex
0x00000001bb9fb000 	/System/Library/PrivateFrameworks/DataDeliveryServices.framework/Versions/A/DataDeliveryServices
0x000000023fc03000 	/System/Library/PrivateFrameworks/CipherML.framework/Versions/A/CipherML
0x0000000263cda000 	/System/Library/PrivateFrameworks/PegasusKit.framework/Versions/A/PegasusKit
0x00000002731ea000 	/System/Library/PrivateFrameworks/SwiftSQLite.framework/Versions/A/SwiftSQLite
0x000000014b0c0000 	/Users/Isaiah/Documents/curseforge/minecraft/Install/natives/forge-47.4.16/jna3852346930770993377.tmp
0x000000014b0e8000 	/Library/Java/JavaVirtualMachines/microsoft-17.jdk/Contents/Home/lib/libextnet.dylib
0x000000014b09c000 	/private/var/folders/0p/9lzn133s0tqf_07r1n1n2t9w0000gp/T/libjcocoa16064302315845891923.dylib
0x00000001c0a5a000 	/System/Library/CoreServices/RawCamera.bundle/Contents/MacOS/RawCamera
0x0000000154a8c000 	/Library/Java/JavaVirtualMachines/microsoft-17.jdk/Contents/Home/lib/libawt.dylib
0x0000000154b38000 	/Library/Java/JavaVirtualMachines/microsoft-17.jdk/Contents/Home/lib/libmlib_image.dylib
0x000000023198d000 	/System/Library/Frameworks/JavaRuntimeSupport.framework/Versions/A/JavaRuntimeSupport
0x0000000154cec000 	/Library/Java/JavaVirtualMachines/microsoft-17.jdk/Contents/Home/lib/libawt_lwawt.dylib
0x0000000154a34000 	/Library/Java/JavaVirtualMachines/microsoft-17.jdk/Contents/Home/lib/libosxapp.dylib
0x00000001b3cc4000 	/System/Library/Frameworks/ExceptionHandling.framework/Versions/A/ExceptionHandling
0x0000000154e24000 	/Users/Isaiah/Documents/curseforge/minecraft/Install/natives/forge-47.4.16/libopenal.dylib
0x00000001c5f05000 	/System/Library/PrivateFrameworks/TextToSpeech.framework/Versions/A/TextToSpeech
0x00000001cb06a000 	/System/Library/PrivateFrameworks/AXAssetLoader.framework/Versions/A/AXAssetLoader
0x0000000239a33000 	/System/Library/PrivateFrameworks/AccessibilityUtilities.framework/Versions/A/AccessibilityUtilities
0x00000001b6071000 	/System/Library/PrivateFrameworks/AccessibilitySharedSupport.framework/Versions/A/AccessibilitySharedSupport
0x00000001d7e1f000 	/System/Library/PrivateFrameworks/AXRuntime.framework/Versions/A/AXRuntime
0x00000001bba45000 	/System/Library/PrivateFrameworks/UniversalAccess.framework/Versions/A/UniversalAccess
0x0000000268af7000 	/System/Library/PrivateFrameworks/Sage.framework/Versions/A/Sage
0x00000001ca019000 	/System/Library/PrivateFrameworks/AccessibilitySupport.framework/Versions/A/AccessibilitySupport
0x00000001cbb72000 	/System/Library/PrivateFrameworks/UniversalAccess.framework/Versions/A/Frameworks/UniversalAccessCore.framework/Versions/A/UniversalAccessCore
0x00000001d3c3d000 	/System/Library/PrivateFrameworks/AccessibilitySupport.framework/Versions/A/Frameworks/AccessibilityEvents.framework/Versions/A/AccessibilityEvents
0x00000001cac85000 	/System/Library/PrivateFrameworks/AccessibilitySupport.framework/Versions/A/Frameworks/AccessibilityFoundation.framework/Versions/A/AccessibilityFoundation
0x00000001d3b6d000 	/System/Library/PrivateFrameworks/AccessibilitySupport.framework/Versions/A/Frameworks/AccessibilityKit.framework/Versions/A/AccessibilityKit
0x00000001d3bd7000 	/System/Library/PrivateFrameworks/AccessibilitySupport.framework/Versions/A/Frameworks/AccessibilityVisuals.framework/Versions/A/AccessibilityVisuals
0x00000001a46d2000 	/System/Library/PrivateFrameworks/BatteryUIKit.framework/Versions/A/BatteryUIKit
0x0000000278ceb000 	/System/Library/PrivateFrameworks/UniversalControl.framework/Versions/A/UniversalControl
0x00000001a6ea4000 	/usr/lib/libScreenReader.dylib
0x0000000164a1c000 	/System/Library/Components/CoreAudio.component/Contents/MacOS/CoreAudio


VM Arguments:
jvm_args: -Xss1M -Djava.library.path=/Users/Isaiah/Documents/curseforge/minecraft/Install/natives/forge-47.4.16 -Djna.tmpdir=/Users/Isaiah/Documents/curseforge/minecraft/Install/natives/forge-47.4.16 -Dorg.lwjgl.system.SharedLibraryExtractPath=/Users/Isaiah/Documents/curseforge/minecraft/Install/natives/forge-47.4.16 -Dio.netty.native.workdir=/Users/Isaiah/Documents/curseforge/minecraft/Install/natives/forge-47.4.16 -Dminecraft.launcher.brand=CurseForge -Dminecraft.launcher.version=1.297.3.30829 -Djava.net.preferIPv6Addresses=system -DignoreList=bootstraplauncher,securejarhandler,asm-commons,asm-util,asm-analysis,asm-tree,asm,JarJarFileSystems,client-extra,fmlcore,javafmllanguage,lowcodelanguage,mclanguage,forge-,forge-47.4.16.jar,forge-47.4.16 -DmergeModules=jna-5.10.0.jar,jna-platform-5.10.0.jar -DlibraryDirectory=/Users/Isaiah/Documents/curseforge/minecraft/Install/libraries --module-path=/Users/Isaiah/Documents/curseforge/minecraft/Install/libraries/cpw/mods/bootstraplauncher/1.1.2/bootstraplauncher-1.1.2.jar:/Users/Isaiah/Documents/curseforge/minecraft/Install/libraries/cpw/mods/securejarhandler/2.1.10/securejarhandler-2.1.10.jar:/Users/Isaiah/Documents/curseforge/minecraft/Install/libraries/org/ow2/asm/asm-commons/9.8/asm-commons-9.8.jar:/Users/Isaiah/Documents/curseforge/minecraft/Install/libraries/org/ow2/asm/asm-util/9.8/asm-util-9.8.jar:/Users/Isaiah/Documents/curseforge/minecraft/Install/libraries/org/ow2/asm/asm-analysis/9.8/asm-analysis-9.8.jar:/Users/Isaiah/Documents/curseforge/minecraft/Install/libraries/org/ow2/asm/asm-tree/9.8/asm-tree-9.8.jar:/Users/Isaiah/Documents/curseforge/minecraft/Install/libraries/org/ow2/asm/asm/9.8/asm-9.8.jar:/Users/Isaiah/Documents/curseforge/minecraft/Install/libraries/net/minecraftforge/JarJarFileSystems/0.3.19/JarJarFileSystems-0.3.19.jar --add-modules=ALL-MODULE-PATH --add-opens=java.base/java.util.jar=cpw.mods.securejarhandler --add-opens=java.base/java.lang.invoke=cpw.mods.securejarhandler --add-exports=java.base/sun.security.util=cpw.mods.securejarhandler --add-exports=jdk.naming.dns/com.sun.jndi.dns=java.naming -Xmx4096m -Xms256m -Dfml.ignorePatchDiscrepancies=true -Dfml.ignoreInvalidMinecraftCertificates=true -DlibraryDirectory=/Users/Isaiah/Documents/curseforge/minecraft/Install/libraries -DCFInstanceId=4266b565-2bc5-435c-8c4f-cd9773a2125d -Dlog4j.configurationFile=/Users/Isaiah/Documents/curseforge/minecraft/Install/assets/log_configs/client-1.12.xml 
java_command: cpw.mods.bootstraplauncher.BootstrapLauncher --username Z3EKnCleve --version forge-47.4.16 --gameDir /Users/Isaiah/Documents/curseforge/minecraft/Instances/HeroX Supers/ --assetsDir /Users/Isaiah/Documents/curseforge/minecraft/Install/assets --assetIndex 5 --uuid 5f390ef2a4c34ed2a4fde4d7985b137b --accessToken eyJraWQiOiIwNDkxODEiLCJhbGciOiJSUzI1NiJ9.eyJ4dWlkIjoiMjUzNTQwNjIyNjk3NjIyMCIsImFnZyI6IkFkdWx0Iiwic3ViIjoiNDRjNGUyODYtOGQzMS01MTFjLWEyY2MtMDI4NTE1NDVlYjNhIiwiYXV0aCI6IlhCT1giLCJucyI6ImRlZmF1bHQiLCJyb2xlcyI6W10sImlzcyI6ImF1dGhlbnRpY2F0aW9uIiwiZmxhZ3MiOlsibXVsdGlwbGF5ZXIiLCJ0d29mYWN0b3JhdXRoIiwibXNhbWlncmF0aW9uX3N0YWdlNCIsIm9yZGVyc18yMDIyIl0sInByb2ZpbGVzIjp7Im1jIjoiNWYzOTBlZjItYTRjMy00ZWQyLWE0ZmQtZTRkNzk4NWIxMzdiIn0sInBsYXRmb3JtIjoiUENfTEFVTkNIRVIiLCJwZmQiOlt7InR5cGUiOiJtYyIsImlkIjoiNWYzOTBlZjItYTRjMy00ZWQyLWE0ZmQtZTRkNzk4NWIxMzdiIiwibmFtZSI6IlozRUtuQ2xldmUifV0sIm5iZiI6MTc2OTcyNjE5MywiZXhwIjoxNzY5ODEyNTkzLCJpYXQiOjE3Njk3MjYxOTMsImFpZCI6ImQ1YjJlMDc5LTJjMmMtNGFkZS05ZGFiLTFjMWViMjA0MTYyYSJ9.YgZ9gJAnF_ok3wqRbCvLTSuss_EVPiD5-BJG-Ex0YZ8dh86oUCbpgRGo7HBo9C_OiqgJe3U0AyE3kKKzkoUlwyM3sIRKMAjVOi1BzTKnoyBElLPOiPTK1T1HDQ9cEnqqKx2XBjDBiMHTvnyhiusImmGA-LSwBwHgrkJ6CfD-G55qrdYhzKv1BoFPmjPXy8Ek7xSRAcMoIEFMivjPtTGsh1Zwe2Oybl3jR-MsuWRyN6QPBlfzDNpp0O_JxU6j1GbTtukwHFsuMvgv_4OMzrMYOTuI-gCBrEUc53w7O4935WWnqNv0_oDPTgKGczYHsjwcsayWs3nlvueSGHiNXqkIZw --clientId 66601c-10db8f9-88a07b-3c5667-9910b7 --xuid 2535406226976220 --userType msa --versionType release --width 1512 --height 982 --quickPlayPath /Users/Isaiah/Documents/curseforge/minecraft/Quickplay/4266b565-2bc5-435c-8c4f-cd9773a2125d.json    --launchTarget forgeclient --fml.forgeVersion 47.4.16 --fml.mcVersion 1.20.1 --fml.forgeGroup net.minecraftforge --fml.mcpVersion 20230612.114412
java_class_path (initial): /Users/Isaiah/Documents/curseforge/minecraft/Install/libraries/cpw/mods/securejarhandler/2.1.10/securejarhandler-2.1.10.jar:/Users/Isaiah/Documents/curseforge/minecraft/Install/libraries/org/ow2/asm/asm/9.8/asm-9.8.jar:/Users/Isaiah/Documents/curseforge/minecraft/Install/libraries/org/ow2/asm/asm-commons/9.8/asm-commons-9.8.jar:/Users/Isaiah/Documents/curseforge/minecraft/Install/libraries/org/ow2/asm/asm-tree/9.8/asm-tree-9.8.jar:/Users/Isaiah/Documents/curseforge/minecraft/Install/libraries/org/ow2/asm/asm-util/9.8/asm-util-9.8.jar:/Users/Isaiah/Documents/curseforge/minecraft/Install/libraries/org/ow2/asm/asm-analysis/9.8/asm-analysis-9.8.jar:/Users/Isaiah/Documents/curseforge/minecraft/Install/libraries/net/minecraftforge/accesstransformers/8.0.4/accesstransformers-8.0.4.jar:/Users/Isaiah/Documents/curseforge/minecraft/Install/libraries/org/antlr/antlr4-runtime/4.9.1/antlr4-runtime-4.9.1.jar:/Users/Isaiah/Documents/curseforge/minecraft/Install/libraries/net/minecraftforge/eventbus/6.2.33/eventbus-6.2.33.jar:/Users/Isaiah/Documents/curseforge/minecraft/Install/libraries/net/minecraftforge/forgespi/7.0.1/forgespi-7.0.1.jar:/Users/Isaiah/Documents/curseforge/minecraft/Install/libraries/net/minecraftforge/coremods/5.2.4/coremods-5.2.4.jar:/Users/Isaiah/Documents/curseforge/minecraft/Install/libraries/cpw/mods/modlauncher/10.0.9/modlauncher-10.0.9.jar:/Users/Isaiah/Documents/curseforge/minecraft/Install/libraries/net/minecraftforge/unsafe/0.2.0/unsafe-0.2.0.jar:/Users/Isaiah/Documents/curseforge/minecraft/Install/libraries/net/minecraftforge/mergetool/1.1.5/mergetool-1.1.5-api.jar:/Users/Isaiah/Documents/curseforge/minecraft/Install/libraries/com/electronwill/night-config/core/3.6.4/core-3.6.4.jar:/Users/Isaiah/Documents/curseforge/minecraft/Install/libraries/com/electronwill/night-config/toml/3.6.4/toml-3.6.4.jar:/Users/Isaiah/Documents/curseforge/minecraft/Install/libraries/org/apache/maven/maven-artifact/3.8.5/maven-artifact-3.8.5.jar:/
Launcher Type: SUN_STANDARD

[Global flags]
     intx CICompilerCount                          = 4                                         {product} {ergonomic}
     uint ConcGCThreads                            = 2                                         {product} {ergonomic}
     uint G1ConcRefinementThreads                  = 9                                         {product} {ergonomic}
   size_t G1HeapRegionSize                         = 2097152                                   {product} {ergonomic}
    uintx GCDrainStackTargetSize                   = 64                                        {product} {ergonomic}
   size_t InitialHeapSize                          = 268435456                                 {product} {command line}
   size_t MarkStackSize                            = 4194304                                   {product} {ergonomic}
   size_t MaxHeapSize                              = 4294967296                                {product} {command line}
   size_t MaxNewSize                               = 2575302656                                {product} {ergonomic}
   size_t MinHeapDeltaBytes                        = 2097152                                   {product} {ergonomic}
   size_t MinHeapSize                              = 268435456                                 {product} {command line}
    uintx NonNMethodCodeHeapSize                   = 5839564                                {pd product} {ergonomic}
    uintx NonProfiledCodeHeapSize                  = 122909338                              {pd product} {ergonomic}
    uintx ProfiledCodeHeapSize                     = 122909338                              {pd product} {ergonomic}
    uintx ReservedCodeCacheSize                    = 251658240                              {pd product} {ergonomic}
     bool SegmentedCodeCache                       = true                                      {product} {ergonomic}
   size_t SoftMaxHeapSize                          = 4294967296                             {manageable} {ergonomic}
     intx ThreadStackSize                          = 1024                                   {pd product} {command line}
     bool UseCompressedClassPointers               = true                           {product lp64_product} {ergonomic}
     bool UseCompressedOops                        = true                           {product lp64_product} {ergonomic}
     bool UseG1GC                                  = true                                      {product} {ergonomic}
     bool UseNUMA                                  = false                                     {product} {ergonomic}
     bool UseNUMAInterleaving                      = false                                     {product} {ergonomic}

Logging:
Log output configuration:
 #0: stdout all=warning uptime,level,tags
 #1: stderr all=off uptime,level,tags

Environment Variables:
PATH=/usr/bin:/bin:/usr/sbin:/sbin
SHELL=/bin/bash
TMPDIR=/var/folders/0p/9lzn133s0tqf_07r1n1n2t9w0000gp/T/

Active Locale:
LC_ALL=C
LC_COLLATE=C
LC_CTYPE=C
LC_MESSAGES=C
LC_MONETARY=C
LC_NUMERIC=C
LC_TIME=C

Signal Handlers:
   SIGSEGV: crash_handler in libjvm.dylib, mask=11100110000111110111111111111111, flags=SA_RESTART|SA_SIGINFO, unblocked
    SIGBUS: crash_handler in libjvm.dylib, mask=11100110000111110111111111111111, flags=SA_RESTART|SA_SIGINFO, unblocked
    SIGFPE: crash_handler in libjvm.dylib, mask=11100110000111110111111111111111, flags=SA_RESTART|SA_SIGINFO, unblocked
   SIGPIPE: javaSignalHandler in libjvm.dylib, mask=11100110000111110111111111111111, flags=SA_RESTART|SA_SIGINFO, blocked
   SIGXFSZ: javaSignalHandler in libjvm.dylib, mask=11100110000111110111111111111111, flags=SA_RESTART|SA_SIGINFO, blocked
    SIGILL: crash_handler in libjvm.dylib, mask=11100110000111110111111111111111, flags=SA_RESTART|SA_SIGINFO, unblocked
   SIGUSR2: SR_handler in libjvm.dylib, mask=00000000000000000000000000000000, flags=SA_RESTART|SA_SIGINFO, blocked
    SIGHUP: UserHandler in libjvm.dylib, mask=11100110000111110111111111111111, flags=SA_RESTART|SA_SIGINFO, blocked
    SIGINT: UserHandler in libjvm.dylib, mask=11100110000111110111111111111111, flags=SA_RESTART|SA_SIGINFO, blocked
   SIGTERM: UserHandler in libjvm.dylib, mask=11100110000111110111111111111111, flags=SA_RESTART|SA_SIGINFO, blocked
   SIGQUIT: UserHandler in libjvm.dylib, mask=11100110000111110111111111111111, flags=SA_RESTART|SA_SIGINFO, blocked
   SIGTRAP: crash_handler in libjvm.dylib, mask=11100110000111110111111111111111, flags=SA_RESTART|SA_SIGINFO, unblocked


Periodic native trim disabled


---------------  S Y S T E M  ---------------

OS:
uname: Darwin 25.2.0 Darwin Kernel Version 25.2.0: Tue Nov 18 21:07:05 PST 2025; root:xnu-12377.61.12~1/RELEASE_ARM64_T6020 arm64
OS uptime: 6 days 5:25 hours
rlimit (soft/hard): STACK 8176k/65520k , CORE 0k/infinity , NPROC 2666/4000 , NOFILE 1048576/infinity , AS infinity/infinity , CPU infinity/infinity , DATA infinity/infinity , FSIZE infinity/infinity , MEMLOCK infinity/infinity , RSS infinity/infinity
load average: 32.84 12.33 6.15

CPU: total 10 (initial active 10) 0x61:0x0:0xda33d83d:0, fp, simd, crc, lse
machdep.cpu.brand_string:Apple M2 Pro
hw.cachelinesize:128
hw.l1icachesize:131072
hw.l1dcachesize:65536
hw.l2cachesize:4194304

Memory: 16k page, physical 16777216k(176064k free), swap 7340032k(1246336k free)

vm_info: OpenJDK 64-Bit Server VM (17.0.17+10-LTS) for bsd-aarch64 JRE (17.0.17+10-LTS), built on Oct 13 2025 22:02:27 by "MicrosoftCorporation" with clang Apple LLVM 15.0.0 (clang-1500.1.0.2.5)

END.
