[11:04:04] [INIT] KubeJS 2001.6.5-build.16; MC 2001 forge
[11:04:04] [INIT] Loaded plugins:
[11:04:04] [INIT] - dev.latvian.mods.kubejs.forge.BuiltinKubeJSForgePlugin
[11:04:04] [INIT] - dev.latvian.mods.kubejs.forge.BuiltinKubeJSForgeClientPlugin
[11:04:04] [INIT] - net.threetag.palladium.compat.kubejs.PalladiumKubeJSPlugin
[11:04:04] [INIT] - pie.ilikepiefoo.kubejsoffline.OfflinePlugin
[11:04:04] [INIT] - com.almostreliable.lootjs.kube.LootJSPlugin
[11:04:04] [INIT] - com.probejs.ProbeJSPlugin
[11:04:04] [INIT] - org.mesdag.geckojs.GeckoJSPlugin
[11:04:04] [INIT] - net.liopyu.entityjs.EntityJSPlugin
[11:04:04] [INIT] - com.chen1335.renderjs.kubejs.RenderJSPlugin
[11:04:04] [INFO] example.js#5: Hello, World! (Loaded server scripts)
[11:04:04] [INFO] Loaded script server_scripts:example.js in 0.001 s
[11:04:04] [INFO] Loaded script server_scripts:alienevo_timer_guard.js in 0.0 s
[11:04:04] [INFO] Loaded script addonpack_fsang_hero:kubejs_scripts/zombie_symbiote.js in 0.0 s
[11:04:04] [INFO] Loaded script addonpack_fsang_hero:kubejs_scripts/sync_rgb.js in 0.001 s
[11:04:04] [INFO] Loaded script addonpack_fsang_hero:kubejs_scripts/sync_first_person.js in 0.0 s
[11:04:04] [INFO] Loaded script addonpack_fsang_hero:kubejs_scripts/symbiote_spawn.js in 0.0 s
[11:04:04] [INFO] Loaded script addonpack_fsang_hero:kubejs_scripts/symbiote_assigner.js in 0.0 s
[11:04:04] [INFO] Loaded script addonpack_fsang_hero:kubejs_scripts/symbiotes_items.js in 0.001 s
[11:04:04] [INFO] Loaded script addonpack_fsang_hero:kubejs_scripts/super_soldier.js in 0.0 s
[11:04:04] [INFO] Loaded script addonpack_fsang_hero:kubejs_scripts/strong_punch.js in 0.0 s
[11:04:04] [INFO] Loaded script addonpack_fsang_hero:kubejs_scripts/speedforce_trail_changer.js in 0.0 s
[11:04:04] [INFO] Loaded script addonpack_fsang_hero:kubejs_scripts/speedforce_assigner.js in 0.0 s
[11:04:04] [INFO] Loaded script addonpack_fsang_hero:kubejs_scripts/skin_change.js in 0.0 s
[11:04:04] [INFO] Loaded script addonpack_fsang_hero:kubejs_scripts/skeletons.js in 0.001 s
[11:04:04] [INFO] Loaded script addonpack_fsang_hero:kubejs_scripts/scoreboard_loader.js in 0.0 s
[11:04:04] [INFO] Loaded script addonpack_fsang_hero:kubejs_scripts/receive_power_selected.js in 0.0 s
[11:04:04] [INFO] Loaded script addonpack_fsang_hero:kubejs_scripts/reality_portal_logic.js in 0.0 s
[11:04:04] [INFO] addonpack_fsang_hero:kubejs_scripts/random_power.js#1: Loaded Java class 'net.threetag.palladium.power.SuperpowerUtil'
[11:04:04] [INFO] Loaded script addonpack_fsang_hero:kubejs_scripts/random_power.js in 0.001 s
[11:04:04] [INFO] Loaded script addonpack_fsang_hero:kubejs_scripts/radioactive_fluid.js in 0.0 s
[11:04:04] [INFO] Loaded script addonpack_fsang_hero:kubejs_scripts/radiant_black_robot_spawn.js in 0.0 s
[11:04:04] [INFO] Loaded script addonpack_fsang_hero:kubejs_scripts/radiant_black.js in 0.0 s
[11:04:04] [INFO] Loaded script addonpack_fsang_hero:kubejs_scripts/properties.js in 0.0 s
[11:04:04] [INFO] Loaded script addonpack_fsang_hero:kubejs_scripts/projectile_damager.js in 0.0 s
[11:04:04] [INFO] Loaded script addonpack_fsang_hero:kubejs_scripts/potion_punch.js in 0.0 s
[11:04:04] [INFO] Loaded script addonpack_fsang_hero:kubejs_scripts/player_coords.js in 0.0 s
[11:04:04] [INFO] Loaded script addonpack_fsang_hero:kubejs_scripts/player_attacking_tag.js in 0.0 s
[11:04:04] [INFO] Loaded script addonpack_fsang_hero:kubejs_scripts/mutation_assigner.js in 0.0 s
[11:04:04] [INFO] Loaded script addonpack_fsang_hero:kubejs_scripts/mob_drops.js in 0.0 s
[11:04:04] [INFO] Loaded script addonpack_fsang_hero:kubejs_scripts/mjolnir_rename.js in 0.0 s
[11:04:04] [INFO] Loaded script addonpack_fsang_hero:kubejs_scripts/mjolnir_break.js in 0.0 s
[11:04:04] [INFO] Loaded script addonpack_fsang_hero:kubejs_scripts/mjolnir_block.js in 0.0 s
[11:04:04] [INFO] Loaded script addonpack_fsang_hero:kubejs_scripts/metahhumans.js in 0.0 s
[11:04:04] [INFO] Loaded script addonpack_fsang_hero:kubejs_scripts/kryptonite_shard.js in 0.0 s
[11:04:04] [INFO] Loaded script addonpack_fsang_hero:kubejs_scripts/karma.js in 0.001 s
[11:04:04] [INFO] Loaded script addonpack_fsang_hero:kubejs_scripts/kaiju_spawner.js in 0.0 s
[11:04:04] [INFO] Loaded script addonpack_fsang_hero:kubejs_scripts/items.js in 0.001 s
[11:04:04] [INFO] Loaded script addonpack_fsang_hero:kubejs_scripts/inhibitor_collars.js in 0.0 s
[11:04:04] [INFO] Loaded script addonpack_fsang_hero:kubejs_scripts/hulkbuster_stand.js in 0.001 s
[11:04:04] [INFO] Loaded script addonpack_fsang_hero:kubejs_scripts/grant_advancements.js in 0.0 s
[11:04:04] [INFO] Loaded script addonpack_fsang_hero:kubejs_scripts/fsang_rf_charger_logic.js in 0.0 s
[11:04:04] [INFO] Loaded script addonpack_fsang_hero:kubejs_scripts/fantastic_four.js in 0.0 s
[11:04:04] [INFO] Loaded script addonpack_fsang_hero:kubejs_scripts/data_enderchest.js in 0.0 s
[11:04:04] [INFO] Loaded script addonpack_fsang_hero:kubejs_scripts/custom_commands.js in 0.001 s
[11:04:04] [INFO] Loaded script addonpack_fsang_hero:kubejs_scripts/cursed_user_assigner.js in 0.0 s
[11:04:04] [INFO] Loaded script addonpack_fsang_hero:kubejs_scripts/cosmic_particle.js in 0.0 s
[11:04:04] [INFO] Loaded script addonpack_fsang_hero:kubejs_scripts/config.js in 0.0 s
[11:04:04] [INFO] Loaded script addonpack_fsang_hero:kubejs_scripts/compound_v.js in 0.0 s
[11:04:04] [INFO] Loaded script addonpack_fsang_hero:kubejs_scripts/commands_secondaries.js in 0.0 s
[11:04:04] [INFO] Loaded script addonpack_fsang_hero:kubejs_scripts/blueprints.js in 0.0 s
[11:04:04] [INFO] Loaded script addonpack_fsang_hero:kubejs_scripts/black_flash.js in 0.0 s
[11:04:04] [INFO] Loaded script addonpack_fsang_hero:kubejs_scripts/atlantean_assigner.js in 0.0 s
[11:04:04] [INFO] Loaded script addonpack_fsang_hero:kubejs_scripts/asgardian_assigner.js in 0.0 s
[11:04:04] [INFO] Loaded script addonpack_fsang_hero:kubejs_scripts/arachnids.js in 0.0 s
[11:04:04] [INFO] Loaded script addonpack_fsang_hero:kubejs_scripts/ad_astra_space.js in 0.0 s
[11:04:04] [INFO] Loaded script addonpack_dampened:kubejs_scripts/block_tag_adder.js in 0.0 s
[11:04:04] [INFO] Loaded script addonpack_dampened:kubejs_scripts/item_tags.js in 0.0 s
[11:04:04] [INFO] Loaded script addonpack_dampened:kubejs_scripts/dampening_recipes.js in 0.0 s
[11:04:04] [INFO] addonpack_dampened:kubejs_scripts/dampening_ticks.js#1: Loaded Java class 'net.threetag.palladium.compat.curiostinkets.CuriosTrinketsUtil'
[11:04:04] [INFO] addonpack_dampened:kubejs_scripts/dampening_ticks.js#2: Loaded Java class 'top.theillusivec4.curios.api.CuriosApi'
[11:04:04] [INFO] addonpack_dampened:kubejs_scripts/dampening_ticks.js#3: Loaded Java class 'java.util.UUID'
[11:04:04] [INFO] addonpack_dampened:kubejs_scripts/dampening_ticks.js#5: Loaded Java class 'net.minecraft.world.level.ClipContext'
[11:04:04] [INFO] addonpack_dampened:kubejs_scripts/dampening_ticks.js#6: Loaded Java class 'net.minecraft.world.entity.projectile.ProjectileUtil'
[11:04:04] [INFO] Loaded script addonpack_dampened:kubejs_scripts/dampening_ticks.js in 0.001 s
[11:04:04] [INFO] Loaded script addonpack_omni_extras:kubejs_scripts/xylene.js in 0.0 s
[11:04:04] [INFO] Loaded script addonpack_omni_extras:kubejs_scripts/vial.js in 0.0 s
[11:04:04] [INFO] Loaded script addonpack_omni_extras:kubejs_scripts/upchuck_mechanics.js in 0.0 s
[11:04:04] [INFO] Loaded script addonpack_omni_extras:kubejs_scripts/spawn_eggs.js in 0.0 s
[11:04:04] [INFO] Loaded script addonpack_omni_extras:kubejs_scripts/server.js in 0.0 s
[11:04:04] [INFO] Loaded script addonpack_omni_extras:kubejs_scripts/punch_condition.js in 0.0 s
[11:04:04] [INFO] Loaded script addonpack_omni_extras:kubejs_scripts/palladium_properties.js in 0.0 s
[11:04:04] [INFO] Loaded script addonpack_omni_extras:kubejs_scripts/ignore_dmg.js in 0.0 s
[11:04:04] [INFO] addonpack_omni_extras:kubejs_scripts/drilling_mechanics.js#12: Loaded Java class 'net.minecraft.world.level.block.Block'
[11:04:04] [INFO] Loaded script addonpack_omni_extras:kubejs_scripts/drilling_mechanics.js in 0.001 s
[11:04:04] [INFO] Loaded script addonpack_omni_extras:kubejs_scripts/command.js in 0.001 s
[11:04:04] [INFO] Loaded script addonpack_omni_extras:kubejs_scripts/buzzshock.js in 0.0 s
[11:04:04] [INFO] Loaded script addonpack_omni_extras:kubejs_scripts/andreas.js in 0.001 s
[11:04:04] [INFO] Loaded script addonpack_evolved:kubejs_scripts/evolve_break_block.js in 0.0 s
[11:04:04] [INFO] Loaded script addonpack_evolved:kubejs_scripts/evolve_ability.js in 0.0 s
[11:04:04] [INFO] Loaded script addonpack_evolved:kubejs_scripts/evolved_failsafe.js in 0.001 s
[11:04:04] [INFO] Loaded script addonpack_eop:kubejs_scripts/wiki.js in 0.0 s
[11:04:04] [INFO] Loaded script addonpack_eop:kubejs_scripts/space_travel.js in 0.0 s
[11:04:04] [INFO] Loaded script addonpack_eop:kubejs_scripts/skill_points.js in 0.001 s
[11:04:04] [INFO] Loaded script addonpack_eop:kubejs_scripts/server_data.js in 0.001 s
[11:04:04] [INFO] Loaded script addonpack_eop:kubejs_scripts/receive_power_selected.js in 0.0 s
[11:04:04] [INFO] Loaded script addonpack_eop:kubejs_scripts/property.js in 0.0 s
[11:04:04] [INFO] Loaded script addonpack_eop:kubejs_scripts/prevent_damage.js in 0.0 s
[11:04:04] [INFO] Loaded script addonpack_eop:kubejs_scripts/power_registry.js in 0.001 s
[11:04:04] [INFO] Loaded script addonpack_eop:kubejs_scripts/power_lock.js in 0.0 s
[11:04:04] [INFO] Loaded script addonpack_eop:kubejs_scripts/power_command.js in 0.0 s
[11:04:04] [INFO] Loaded script addonpack_eop:kubejs_scripts/nodrop.js in 0.0 s
[11:04:04] [INFO] Loaded script addonpack_eop:kubejs_scripts/max_energy.js in 0.0 s
[11:04:04] [INFO] Loaded script addonpack_eop:kubejs_scripts/items.js in 0.001 s
[11:04:04] [INFO] Loaded script addonpack_eop:kubejs_scripts/gamerules.js in 0.0 s
[11:04:04] [INFO] Loaded script addonpack_eop:kubejs_scripts/data_enderchest.js in 0.0 s
[11:04:04] [INFO] Loaded script addonpack_eop:kubejs_scripts/create_item.js in 0.0 s
[11:04:04] [INFO] Loaded script addonpack_eop:kubejs_scripts/check_adaptation.js in 0.0 s
[11:04:04] [INFO] Loaded script addonpack_anur:kubejs_scripts/propsync.js in 0.0 s
[11:04:04] [INFO] Loaded script addonpack_anur:kubejs_scripts/ovplaylist.js in 0.0 s
[11:04:04] [INFO] Loaded script addonpack_anur:kubejs_scripts/corrodium_cluster.js in 0.0 s
[11:04:04] [INFO] Loaded script addonpack_anur:kubejs_scripts/corroded_block_properties.js in 0.0 s
[11:04:04] [INFO] Loaded script addonpack_anur:kubejs_scripts/cheese.js in 0.0 s
[11:04:04] [INFO] Loaded script addonpack_aeo:kubejs_scripts/tagchecker.js in 0.0 s
[11:04:04] [INFO] Loaded script addonpack_aeo:kubejs_scripts/sync_prototype_completed.js in 0.0 s
[11:04:04] [INFO] Loaded script addonpack_aeo:kubejs_scripts/suited.js in 0.0 s
[11:04:04] [INFO] Loaded script addonpack_aeo:kubejs_scripts/rgb.js in 0.001 s
[11:04:04] [INFO] Loaded script addonpack_aeo:kubejs_scripts/reworks.js in 0.0 s
[11:04:04] [INFO] Loaded script addonpack_aeo:kubejs_scripts/randomizer_code_tablet.js in 0.0 s
[11:04:04] [INFO] Loaded script addonpack_aeo:kubejs_scripts/randomizer.js in 0.001 s
[11:04:04] [INFO] Loaded script addonpack_aeo:kubejs_scripts/property_sync.js in 0.0 s
[11:04:04] [INFO] Loaded script addonpack_aeo:kubejs_scripts/palladium_properties.js in 0.0 s
[11:04:04] [INFO] Loaded script addonpack_aeo:kubejs_scripts/failsafe.js in 0.0 s
[11:04:04] [INFO] Loaded script addonpack_aeo:kubejs_scripts/extras_handler.js in 0.0 s
[11:04:04] [INFO] Loaded script addonpack_aeo:kubejs_scripts/display.js in 0.001 s
[11:04:04] [INFO] Loaded script addonpack_aeo:kubejs_scripts/core_scrambler.js in 0.0 s
[11:04:04] [INFO] Loaded script addonpack_aeo:kubejs_scripts/core.js in 0.0 s
[11:04:04] [INFO] Loaded script addonpack_aeo:kubejs_scripts/cookingts.js in 0.001 s
[11:04:04] [INFO] Loaded script addonpack_aeo:kubejs_scripts/clock.js in 0.0 s
[11:04:04] [INFO] Loaded script addonpack_aeo:kubejs_scripts/battery_timer.js in 0.0 s
[11:04:04] [INFO] Loaded script addonpack_aeo:kubejs_scripts/batman.js in 0.0 s
[11:04:04] [INFO] Loaded script addonpack_aeo:kubejs_scripts/airtime.js in 0.0 s
[11:04:04] [INFO] Loaded script addonpack_telekinesis:kubejs_scripts/utils/receive_power_selected.js in 0.0 s
[11:04:04] [INFO] Loaded script addonpack_telekinesis:kubejs_scripts/utils/receive_is_pressed.js in 0.0 s
[11:04:04] [INFO] addonpack_telekinesis:kubejs_scripts/server_tick.js#2: Loaded Java class 'net.minecraft.world.entity.projectile.Projectile'
[11:04:04] [INFO] Loaded script addonpack_telekinesis:kubejs_scripts/server_tick.js in 0.002 s
[11:04:04] [INFO] Loaded script addonpack_telekinesis:kubejs_scripts/right_clicked.js in 0.0 s
[11:04:04] [INFO] Loaded script addonpack_telekinesis:kubejs_scripts/player.js in 0.0 s
[11:04:04] [INFO] Loaded script addonpack_telekinesis:kubejs_scripts/load.js in 0.001 s
[11:04:04] [INFO] addonpack_omni_evo:kubejs_scripts/ult_cannonbolt_slam.js#3: Loaded Java class 'net.minecraft.core.particles.DustParticleOptions'
[11:04:04] [INFO] addonpack_omni_evo:kubejs_scripts/ult_cannonbolt_slam.js#4: Loaded Java class 'org.joml.Vector3f'
[11:04:04] [INFO] Loaded script addonpack_omni_evo:kubejs_scripts/ult_cannonbolt_slam.js in 0.0 s
[11:04:04] [INFO] Loaded script addonpack_omni_evo:kubejs_scripts/ultimate_failsafe.js in 0.001 s
[11:04:04] [INFO] Loaded script addonpack_omni_evo:kubejs_scripts/screwdriver_item.js in 0.0 s
[11:04:04] [INFO] Loaded script addonpack_omni_evo:kubejs_scripts/palladium_properties.js in 0.0 s
[11:04:04] [INFO] Loaded script addonpack_omni_evo:kubejs_scripts/failsafe_recal.js in 0.0 s
[11:04:04] [INFO] Loaded script addonpack_grave.core:kubejs_scripts/receive_power_selected.js in 0.0 s
[11:04:04] [INFO] Loaded script addonpack_grave.core:kubejs_scripts/key.js in 0.0 s
[11:04:04] [INFO] Loaded script addonpack_grave.core:kubejs_scripts/death_no_armour.js in 0.0 s
[11:04:04] [INFO] Loaded script addonpack_grave.core:kubejs_scripts/camera.js in 0.0 s
[11:04:04] [INFO] Loaded script addonpack_tatm:kubejs_scripts/palladium_property_data.js in 0.0 s
[11:04:04] [INFO] Loaded script addonpack_tatm:kubejs_scripts/infinite_load.js in 0.0 s
[11:04:04] [INFO] Loaded script addonpack_tatm:kubejs_scripts/chocolate_recipe.js in 0.001 s
[11:04:04] [INFO] Loaded script addonpack_tatm:kubejs_scripts/base_power.js in 0.0 s
[11:04:04] [INFO] Loaded script addonpack_p_sing:kubejs_scripts/teleport_command.js in 0.0 s
[11:04:04] [INFO] Loaded script addonpack_p_sing:kubejs_scripts/skill_points.js in 0.009 s
[11:04:04] [INFO] Loaded script addonpack_p_sing:kubejs_scripts/receive_power_selected.js in 0.0 s
[11:04:04] [INFO] Loaded script addonpack_p_sing:kubejs_scripts/random_power_aura_manip.js in 0.0 s
[11:04:04] [INFO] Loaded script addonpack_p_sing:kubejs_scripts/random_power.js in 0.001 s
[11:04:04] [INFO] addonpack_p_sing:kubejs_scripts/prevent_damage_time.js#3: Loaded Java class 'net.minecraft.network.protocol.game.ClientboundSetEntityMotionPacket'
[11:04:04] [INFO] Loaded script addonpack_p_sing:kubejs_scripts/prevent_damage_time.js in 0.0 s
[11:04:04] [INFO] Loaded script addonpack_p_sing:kubejs_scripts/prevent_damage_restrict.js in 0.001 s
[11:04:04] [INFO] Loaded script addonpack_p_sing:kubejs_scripts/prevent_damage_psycho.js in 0.0 s
[11:04:04] [INFO] Loaded script addonpack_p_sing:kubejs_scripts/prevent_damage_clair.js in 0.0 s
[11:04:04] [INFO] Loaded script addonpack_p_sing:kubejs_scripts/prevent_damage_arachne.js in 0.0 s
[11:04:04] [INFO] Loaded script addonpack_p_sing:kubejs_scripts/prevent_damage.js in 0.0 s
[11:04:04] [INFO] Loaded script addonpack_p_sing:kubejs_scripts/analyse.js in 0.001 s
[11:04:04] [INFO] Loaded script addonpack_heroes:kubejs_scripts/toggle_theft.js in 0.0 s
[11:04:04] [INFO] Loaded script addonpack_heroes:kubejs_scripts/toggle_hud.js in 0.0 s
[11:04:04] [INFO] Loaded script addonpack_heroes:kubejs_scripts/spatial_travel_command.js in 0.0 s
[11:04:04] [INFO] Loaded script addonpack_heroes:kubejs_scripts/prevent_death.js in 0.0 s
[11:04:04] [INFO] Loaded script addonpack_heroes:kubejs_scripts/prevent_damage.js in 0.0 s
[11:04:04] [INFO] Loaded script addonpack_heroes:kubejs_scripts/intuitive_teach.js in 0.001 s
[11:04:04] [INFO] Loaded script addonpack_heroes:kubejs_scripts/heroes_superpower_command.js in 0.0 s
[11:04:04] [INFO] Loaded script addonpack_heroes:kubejs_scripts/clairvoyance.js in 0.0 s
[11:04:04] [INFO] Loaded script addonpack_palladiumextras:kubejs_scripts/titanium.js in 0.0 s
[11:04:04] [INFO] Loaded script addonpack_blaze_heroes:kubejs_scripts/ex.js in 0.0 s
[11:04:04] [INFO] Loaded script addonpack_alienevo:kubejs_scripts/xp.js in 0.001 s
[11:04:04] [INFO] Loaded script addonpack_alienevo:kubejs_scripts/workbench_items.js in 0.0 s
[11:04:04] [INFO] Loaded script addonpack_alienevo:kubejs_scripts/workbench.js in 0.001 s
[11:04:04] [INFO] Loaded script addonpack_alienevo:kubejs_scripts/slam.js in 0.0 s
[11:04:04] [INFO] Loaded script addonpack_alienevo:kubejs_scripts/server_stuff.js in 0.0 s
[11:04:04] [INFO] Loaded script addonpack_alienevo:kubejs_scripts/ride.js in 0.0 s
[11:04:04] [INFO] Loaded script addonpack_alienevo:kubejs_scripts/recipes.js in 0.0 s
[11:04:04] [INFO] Loaded script addonpack_alienevo:kubejs_scripts/quick_change.js in 0.001 s
[11:04:04] [INFO] Loaded script addonpack_alienevo:kubejs_scripts/pod_loot.js in 0.0 s
[11:04:04] [INFO] Loaded script addonpack_alienevo:kubejs_scripts/playlist_command.js in 0.001 s
[11:04:04] [INFO] Loaded script addonpack_alienevo:kubejs_scripts/palladium_properties.js in 0.0 s
[11:04:04] [INFO] Loaded script addonpack_alienevo:kubejs_scripts/nickname_command.js in 0.0 s
[11:04:04] [INFO] Loaded script addonpack_alienevo:kubejs_scripts/level_command.js in 0.001 s
[11:04:04] [INFO] addonpack_alienevo:kubejs_scripts/hit.js#101: Loaded Java class 'net.minecraft.world.entity.LivingEntity'
[11:04:04] [INFO] addonpack_alienevo:kubejs_scripts/hit.js#102: Loaded Java class 'net.minecraft.world.entity.decoration.ArmorStand'
[11:04:04] [INFO] addonpack_alienevo:kubejs_scripts/hit.js#145: Loaded Java class 'net.minecraft.resources.ResourceKey'
[11:04:04] [INFO] addonpack_alienevo:kubejs_scripts/hit.js#146: Loaded Java class 'net.minecraft.tags.TagKey'
[11:04:04] [INFO] Loaded script addonpack_alienevo:kubejs_scripts/hit.js in 0.003 s
[11:04:04] [INFO] Loaded script addonpack_alienevo:kubejs_scripts/fall.js in 0.0 s
[11:04:04] [INFO] Loaded script addonpack_alienevo:kubejs_scripts/failsafe.js in 0.0 s
[11:04:04] [INFO] Loaded script addonpack_alienevo:kubejs_scripts/color_commands.js in 0.0 s
[11:04:04] [INFO] Loaded script addonpack_alienevo:kubejs_scripts/code_hints.js in 0.0 s
[11:04:04] [INFO] Loaded script addonpack_alienevo:kubejs_scripts/break_block.js in 0.0 s
[11:04:04] [INFO] Loaded script addonpack_alienevo:kubejs_scripts/behind.js in 0.0 s
[11:04:04] [INFO] addonpack_alienevo:kubejs_scripts/attributes.js#1: Loaded Java class 'net.minecraft.world.entity.ai.attributes.Attributes'
[11:04:04] [INFO] Loaded script addonpack_alienevo:kubejs_scripts/attributes.js in 0.0 s
[11:04:04] [INFO] Loaded script addonpack_nosedeenian_aliens:kubejs_scripts/entitiy_dmg2.js in 0.0 s
[11:04:04] [INFO] Loaded script addonpack_nosedeenian_aliens:kubejs_scripts/entitiy_dmg.js in 0.0 s
[11:04:04] [INFO] Loaded script addonpack_nosedeenian_aliens:kubejs_scripts/ability.js in 0.0 s
[11:04:04] [INFO] Loaded 179/179 KubeJS server scripts in 0.068 s with 0 errors and 0 warnings
[11:04:04] [INFO] Scripts loaded
[11:04:04] [INFO] Initializing recipe event...
[11:04:04] [INFO] [minecraft:block] Found 475 tags, added 60 objects, removed 0 objects
[11:04:04] [INFO] [minecraft:item] Found 695 tags, added 41 objects, removed 0 objects
[11:04:05] [INFO] Processing recipes...
[11:04:05] [WARN] Failed to parse recipe 'gravecore:titanium/titanium_nugget[minecraft:crafting_shapeless]'! Falling back to vanilla: ItemStack 'result' can't be empty!
[11:04:05] [INFO] Found 2539 recipes in 12.83 ms
[11:04:05] [INFO] Posted recipe events in 1.260 ms
[11:04:05] [WARN] Error parsing recipe gravecore:titanium/titanium_nugget[minecraft:crafting_shapeless]: {"type":"minecraft:crafting_shapeless","category":"misc","ingredients":[{"item":"grave.core:titanium_ingot"}],"result":{"count":9,"item":"palladium:titanium_nugget"}}: Unknown item 'palladium:titanium_nugget'
[11:04:05] [WARN] Error parsing recipe fsang:jacket_wolverine_rivals[minecraft:crafting_shapeless]: {"type":"minecraft:crafting_shapeless","ingredients":[{"item":"fsang:jacket_short_blue"},{"item":"fsang:tri_polymer_yellow"},{"item":"fsang:tri_polymer_yellow"},{"item":"fsang:tri_polymer_yellow"}],"result":{"item":"fsang:jacket_wolverine_rivals","count":1}}: Unknown item 'fsang:jacket_short_blue'
[11:04:05] [INFO] Added 49 recipes, removed 0 recipes, modified 0 recipes, with 2 failed recipes in 7.884 ms
[11:04:06] [INFO] addonpack_fsang_hero:kubejs_scripts/scoreboard_loader.js#44: All scoreboard objectives and commands have been processed.
[11:04:06] [INFO] addonpack_fsang_hero:kubejs_scripts/scoreboard_loader.js#44: All scoreboard objectives and commands have been processed.
[11:04:07] [INFO] addonpack_fsang_hero:kubejs_scripts/scoreboard_loader.js#44: All scoreboard objectives and commands have been processed.
[11:04:07] [INFO] addonpack_fsang_hero:kubejs_scripts/scoreboard_loader.js#44: All scoreboard objectives and commands have been processed.
[11:04:07] [INFO] addonpack_fsang_hero:kubejs_scripts/scoreboard_loader.js#44: All scoreboard objectives and commands have been processed.
[11:04:07] [INFO] addonpack_fsang_hero:kubejs_scripts/scoreboard_loader.js#44: All scoreboard objectives and commands have been processed.
[11:04:07] [INFO] addonpack_fsang_hero:kubejs_scripts/scoreboard_loader.js#44: All scoreboard objectives and commands have been processed.
[11:04:07] [INFO] addonpack_fsang_hero:kubejs_scripts/scoreboard_loader.js#44: All scoreboard objectives and commands have been processed.
[11:04:07] [INFO] addonpack_fsang_hero:kubejs_scripts/scoreboard_loader.js#44: All scoreboard objectives and commands have been processed.
[11:04:07] [INFO] addonpack_fsang_hero:kubejs_scripts/scoreboard_loader.js#44: All scoreboard objectives and commands have been processed.
[11:04:07] [INFO] addonpack_fsang_hero:kubejs_scripts/scoreboard_loader.js#44: All scoreboard objectives and commands have been processed.
[11:04:07] [INFO] addonpack_fsang_hero:kubejs_scripts/scoreboard_loader.js#44: All scoreboard objectives and commands have been processed.
[11:04:07] [INFO] addonpack_fsang_hero:kubejs_scripts/scoreboard_loader.js#44: All scoreboard objectives and commands have been processed.
[11:04:07] [INFO] addonpack_fsang_hero:kubejs_scripts/scoreboard_loader.js#44: All scoreboard objectives and commands have been processed.
[11:04:07] [INFO] addonpack_fsang_hero:kubejs_scripts/scoreboard_loader.js#44: All scoreboard objectives and commands have been processed.
[11:04:07] [INFO] addonpack_fsang_hero:kubejs_scripts/scoreboard_loader.js#44: All scoreboard objectives and commands have been processed.
[11:04:07] [INFO] addonpack_fsang_hero:kubejs_scripts/scoreboard_loader.js#44: All scoreboard objectives and commands have been processed.
[11:04:07] [INFO] addonpack_fsang_hero:kubejs_scripts/scoreboard_loader.js#44: All scoreboard objectives and commands have been processed.
[11:04:07] [INFO] addonpack_fsang_hero:kubejs_scripts/scoreboard_loader.js#44: All scoreboard objectives and commands have been processed.
[11:04:07] [INFO] addonpack_fsang_hero:kubejs_scripts/scoreboard_loader.js#44: All scoreboard objectives and commands have been processed.
[11:04:07] [INFO] addonpack_fsang_hero:kubejs_scripts/scoreboard_loader.js#44: All scoreboard objectives and commands have been processed.
[11:04:07] [INFO] addonpack_fsang_hero:kubejs_scripts/scoreboard_loader.js#44: All scoreboard objectives and commands have been processed.
[11:04:07] [INFO] addonpack_fsang_hero:kubejs_scripts/scoreboard_loader.js#44: All scoreboard objectives and commands have been processed.
[11:04:07] [INFO] addonpack_fsang_hero:kubejs_scripts/scoreboard_loader.js#44: All scoreboard objectives and commands have been processed.
[11:04:07] [INFO] addonpack_fsang_hero:kubejs_scripts/scoreboard_loader.js#44: All scoreboard objectives and commands have been processed.
[11:04:07] [INFO] addonpack_fsang_hero:kubejs_scripts/scoreboard_loader.js#44: All scoreboard objectives and commands have been processed.
[11:04:07] [INFO] Server resource reload complete!
[11:04:11] [INFO] addonpack_fsang_hero:kubejs_scripts/config.js#18: Config file found. Loading config from config/fsang_config.json
[11:04:11] [INFO] addonpack_fsang_hero:kubejs_scripts/config.js#64: Config file loaded or created at config/fsang_config.json
[11:04:12] [INFO] addonpack_fsang_hero:kubejs_scripts/config.js#18: Config file found. Loading config from config/fsang_config.json
[11:04:12] [INFO] addonpack_fsang_hero:kubejs_scripts/config.js#57: Applying config to player: Z3EKnCleve
[11:04:12] [INFO] addonpack_fsang_hero:kubejs_scripts/config.js#36: Running command: execute as Z3EKnCleve run scoreboard objectives add FSang.Gamerule.item dummy
[11:04:12] [INFO] addonpack_fsang_hero:kubejs_scripts/config.js#39: Running command: execute as Z3EKnCleve run scoreboard players set .sang FSang.Gamerule.item 1
[11:04:12] [INFO] addonpack_fsang_hero:kubejs_scripts/config.js#47: Running command: execute as Z3EKnCleve run scoreboard objectives add FSang.Gamerule.symbiote dummy
[11:04:12] [INFO] addonpack_fsang_hero:kubejs_scripts/config.js#50: Running command: execute as Z3EKnCleve run scoreboard players set .sang FSang.Gamerule.symbiote 1
[11:12:21] [ERROR] ! addonpack_omni_extras:kubejs_scripts/andreas.js#37: Error in 'ItemEvents.entityInteracted': Can't find method net.threetag.palladium.power.ability.AbilityUtil.hasPower(net.minecraft.world.entity.Interaction,string).
[11:12:21] [ERROR] ! …rhino.EvaluatorException: Can't find method net.threetag.palladium.power.ability.AbilityUtil.hasPower(net.minecraft.world.entity.Interaction,string). (addonpack_omni_extras:kubejs_scripts/andreas.js#37)
[11:12:21] [ERROR] !   at …rhino.DefaultErrorReporter.runtimeError(DefaultErrorReporter.java:67)
[11:12:21] [ERROR] !   at …rhino.Context.reportRuntimeError(Context.java:133)
[11:12:21] [ERROR] !   at …rhino.Context.reportRuntimeError(Context.java:173)
[11:12:21] [ERROR] !   at …rhino.Context.reportRuntimeError1(Context.java:145)
[11:12:21] [ERROR] !   at …rhino.NativeJavaMethod.call(NativeJavaMethod.java:379)
[11:12:21] [ERROR] !   at …rhino.Interpreter.interpretLoop(Interpreter.java:986)
[11:12:21] [ERROR] !   at script(addonpack_omni_extras:kubejs_scripts/andreas.js:37)
[11:12:21] [ERROR] !   at …rhino.Interpreter.interpret(Interpreter.java:370)
[11:12:21] [ERROR] !   at …rhino.InterpretedFunction.call(InterpretedFunction.java:72)
[11:12:21] [ERROR] !   at …rhino.Context.callSync(Context.java:1357)
[11:12:21] [ERROR] !   at …rhino.Context.doTopCall(Context.java:1374)
[11:12:21] [ERROR] !   at …rhino.InterpretedFunction.call(InterpretedFunction.java:70)
[11:12:21] [ERROR] !   at …rhino.Context.callSync(Context.java:1357)
[11:12:21] [ERROR] !   at …rhino.ArrowFunction.call(ArrowFunction.java:42)
[11:12:21] [ERROR] !   at …rhino.Context.callSync(Context.java:1357)
[11:12:21] [ERROR] !   at …rhino.InterfaceAdapter.invoke(InterfaceAdapter.java:125)
[11:12:21] [ERROR] !   at …rhino.VMBridge.lambda$newInterfaceProxy$0(VMBridge.java:74)
[11:12:21] [ERROR] !   at TRANSFORMER/jdk.proxy3/jdk.proxy3.$Proxy59.onEvent(Unknown Source)
[11:12:21] [ERROR] !   at …kubejs.event.EventHandlerContainer.handle(EventHandlerContainer.java:39)
[11:12:21] [ERROR] !   at …kubejs.event.EventHandler.postToHandlers(EventHandler.java:304)
[11:12:21] [ERROR] !   at …kubejs.event.EventHandler.post(EventHandler.java:272)
[11:12:21] [ERROR] !   at …kubejs.event.EventHandler.post(EventHandler.java:226)
[11:12:21] [ERROR] !   at …kubejs.item.KubeJSItemEventHandler.entityInteract(KubeJSItemEventHandler.java:57)
[11:12:21] [ERROR] !   at dev.architectury.event.forge.EventHandlerImplCommon.eventPlayerInteractEvent(EventHandlerImplCommon.java:348)
[11:12:21] [ERROR] !   at dev.architectury.event.forge.__EventHandlerImplCommon_eventPlayerInteractEvent_EntityInteract.invoke(.dynamic)
[11:12:21] [ERROR] !   at MC-BOOTSTRAP/net.minecraftforge.eventbus/net.minecraftforge.eventbus.ASMEventHandler.invoke(ASMEventHandler.java:55)
[11:12:21] [ERROR] !   at MC-BOOTSTRAP/net.minecraftforge.eventbus/net.minecraftforge.eventbus.EventBus.post(EventBus.java:312)
[11:12:21] [ERROR] !   at MC-BOOTSTRAP/net.minecraftforge.eventbus/net.minecraftforge.eventbus.EventBus.post(EventBus.java:298)
[11:12:21] [ERROR] !   at net.minecraftforge.common.ForgeHooks.onInteractEntity(ForgeHooks.java:765)
[11:12:21] [ERROR] !   at net.minecraft.world.entity.player.Player.m_36157_(Player.java:978)
[11:12:21] [ERROR] !   at net.minecraft.server.network.ServerGamePacketListenerImpl$1.m_143678_(ServerGamePacketListenerImpl.java:1466)
[11:12:21] [ERROR] !   at net.minecraft.server.network.ServerGamePacketListenerImpl$1.m_142299_(ServerGamePacketListenerImpl.java:1478)
[11:12:21] [ERROR] !   at net.minecraft.network.protocol.game.ServerboundInteractPacket$InteractionAction.m_142457_(ServerboundInteractPacket.java:116)
[11:12:21] [ERROR] !   at net.minecraft.network.protocol.game.ServerboundInteractPacket.m_179617_(ServerboundInteractPacket.java:66)
[11:12:21] [ERROR] !   at net.minecraft.server.network.ServerGamePacketListenerImpl.m_6946_(ServerGamePacketListenerImpl.java:1461)
[11:12:21] [ERROR] !   at net.minecraft.network.protocol.game.ServerboundInteractPacket.m_5797_(ServerboundInteractPacket.java:53)
[11:12:21] [ERROR] !   at net.minecraft.network.protocol.game.ServerboundInteractPacket.m_5797_(ServerboundInteractPacket.java:13)
[11:12:21] [ERROR] !   at net.minecraft.network.protocol.PacketUtils.m_263899_(PacketUtils.java:22)
[11:12:21] [ERROR] !   at net.minecraft.server.TickTask.run(TickTask.java:18)
[11:12:21] [ERROR] !   at net.minecraft.util.thread.BlockableEventLoop.m_6367_(BlockableEventLoop.java:156)
[11:12:21] [ERROR] !   at net.minecraft.util.thread.ReentrantBlockableEventLoop.m_6367_(ReentrantBlockableEventLoop.java:23)
[11:12:21] [ERROR] !   at net.minecraft.server.MinecraftServer.m_6367_(MinecraftServer.java:770)
[11:12:21] [ERROR] !   at net.minecraft.server.MinecraftServer.m_6367_(MinecraftServer.java:161)
[11:12:21] [ERROR] !   at net.minecraft.util.thread.BlockableEventLoop.m_7245_(BlockableEventLoop.java:130)
[11:12:21] [ERROR] !   at net.minecraft.server.MinecraftServer.m_129961_(MinecraftServer.java:753)
[11:12:21] [ERROR] !   at net.minecraft.server.MinecraftServer.m_7245_(MinecraftServer.java:747)
[11:12:21] [ERROR] !   at net.minecraft.util.thread.BlockableEventLoop.m_18699_(BlockableEventLoop.java:115)
[11:12:21] [ERROR] !   at net.minecraft.server.MinecraftServer.m_130012_(MinecraftServer.java:732)
[11:12:21] [ERROR] !   at net.minecraft.server.MinecraftServer.m_130011_(MinecraftServer.java:665)
[11:12:21] [ERROR] !   at net.minecraft.server.MinecraftServer.m_206580_(MinecraftServer.java:251)
[11:12:21] [ERROR] !   at java.lang.Thread.run(Thread.java:840)
[11:12:30] [ERROR] ! addonpack_omni_extras:kubejs_scripts/andreas.js#37: Error in 'ItemEvents.entityInteracted': Can't find method net.threetag.palladium.power.ability.AbilityUtil.hasPower(net.minecraft.world.entity.Interaction,string).
[11:12:30] [ERROR] ! …rhino.EvaluatorException: Can't find method net.threetag.palladium.power.ability.AbilityUtil.hasPower(net.minecraft.world.entity.Interaction,string). (addonpack_omni_extras:kubejs_scripts/andreas.js#37)
[11:12:30] [ERROR] !   at …rhino.DefaultErrorReporter.runtimeError(DefaultErrorReporter.java:67)
[11:12:30] [ERROR] !   at …rhino.Context.reportRuntimeError(Context.java:133)
[11:12:30] [ERROR] !   at …rhino.Context.reportRuntimeError(Context.java:173)
[11:12:30] [ERROR] !   at …rhino.Context.reportRuntimeError1(Context.java:145)
[11:12:30] [ERROR] !   at …rhino.NativeJavaMethod.call(NativeJavaMethod.java:379)
[11:12:30] [ERROR] !   at …rhino.Interpreter.interpretLoop(Interpreter.java:986)
[11:12:30] [ERROR] !   at script(addonpack_omni_extras:kubejs_scripts/andreas.js:37)
[11:12:30] [ERROR] !   at …rhino.Interpreter.interpret(Interpreter.java:370)
[11:12:30] [ERROR] !   at …rhino.InterpretedFunction.call(InterpretedFunction.java:72)
[11:12:30] [ERROR] !   at …rhino.Context.callSync(Context.java:1357)
[11:12:30] [ERROR] !   at …rhino.Context.doTopCall(Context.java:1374)
[11:12:30] [ERROR] !   at …rhino.InterpretedFunction.call(InterpretedFunction.java:70)
[11:12:30] [ERROR] !   at …rhino.Context.callSync(Context.java:1357)
[11:12:30] [ERROR] !   at …rhino.ArrowFunction.call(ArrowFunction.java:42)
[11:12:30] [ERROR] !   at …rhino.Context.callSync(Context.java:1357)
[11:12:30] [ERROR] !   at …rhino.InterfaceAdapter.invoke(InterfaceAdapter.java:125)
[11:12:30] [ERROR] !   at …rhino.VMBridge.lambda$newInterfaceProxy$0(VMBridge.java:74)
[11:12:30] [ERROR] !   at TRANSFORMER/jdk.proxy3/jdk.proxy3.$Proxy59.onEvent(Unknown Source)
[11:12:30] [ERROR] !   at …kubejs.event.EventHandlerContainer.handle(EventHandlerContainer.java:39)
[11:12:30] [ERROR] !   at …kubejs.event.EventHandler.postToHandlers(EventHandler.java:304)
[11:12:30] [ERROR] !   at …kubejs.event.EventHandler.post(EventHandler.java:272)
[11:12:30] [ERROR] !   at …kubejs.event.EventHandler.post(EventHandler.java:226)
[11:12:30] [ERROR] !   at …kubejs.item.KubeJSItemEventHandler.entityInteract(KubeJSItemEventHandler.java:57)
[11:12:30] [ERROR] !   at dev.architectury.event.forge.EventHandlerImplCommon.eventPlayerInteractEvent(EventHandlerImplCommon.java:348)
[11:12:30] [ERROR] !   at dev.architectury.event.forge.__EventHandlerImplCommon_eventPlayerInteractEvent_EntityInteract.invoke(.dynamic)
[11:12:30] [ERROR] !   at MC-BOOTSTRAP/net.minecraftforge.eventbus/net.minecraftforge.eventbus.ASMEventHandler.invoke(ASMEventHandler.java:55)
[11:12:30] [ERROR] !   at MC-BOOTSTRAP/net.minecraftforge.eventbus/net.minecraftforge.eventbus.EventBus.post(EventBus.java:312)
[11:12:30] [ERROR] !   at MC-BOOTSTRAP/net.minecraftforge.eventbus/net.minecraftforge.eventbus.EventBus.post(EventBus.java:298)
[11:12:30] [ERROR] !   at net.minecraftforge.common.ForgeHooks.onInteractEntity(ForgeHooks.java:765)
[11:12:30] [ERROR] !   at net.minecraft.world.entity.player.Player.m_36157_(Player.java:978)
[11:12:30] [ERROR] !   at net.minecraft.server.network.ServerGamePacketListenerImpl$1.m_143678_(ServerGamePacketListenerImpl.java:1466)
[11:12:30] [ERROR] !   at net.minecraft.server.network.ServerGamePacketListenerImpl$1.m_142299_(ServerGamePacketListenerImpl.java:1478)
[11:12:30] [ERROR] !   at net.minecraft.network.protocol.game.ServerboundInteractPacket$InteractionAction.m_142457_(ServerboundInteractPacket.java:116)
[11:12:30] [ERROR] !   at net.minecraft.network.protocol.game.ServerboundInteractPacket.m_179617_(ServerboundInteractPacket.java:66)
[11:12:30] [ERROR] !   at net.minecraft.server.network.ServerGamePacketListenerImpl.m_6946_(ServerGamePacketListenerImpl.java:1461)
[11:12:30] [ERROR] !   at net.minecraft.network.protocol.game.ServerboundInteractPacket.m_5797_(ServerboundInteractPacket.java:53)
[11:12:30] [ERROR] !   at net.minecraft.network.protocol.game.ServerboundInteractPacket.m_5797_(ServerboundInteractPacket.java:13)
[11:12:30] [ERROR] !   at net.minecraft.network.protocol.PacketUtils.m_263899_(PacketUtils.java:22)
[11:12:30] [ERROR] !   at net.minecraft.server.TickTask.run(TickTask.java:18)
[11:12:30] [ERROR] !   at net.minecraft.util.thread.BlockableEventLoop.m_6367_(BlockableEventLoop.java:156)
[11:12:30] [ERROR] !   at net.minecraft.util.thread.ReentrantBlockableEventLoop.m_6367_(ReentrantBlockableEventLoop.java:23)
[11:12:30] [ERROR] !   at net.minecraft.server.MinecraftServer.m_6367_(MinecraftServer.java:770)
[11:12:30] [ERROR] !   at net.minecraft.server.MinecraftServer.m_6367_(MinecraftServer.java:161)
[11:12:30] [ERROR] !   at net.minecraft.util.thread.BlockableEventLoop.m_7245_(BlockableEventLoop.java:130)
[11:12:30] [ERROR] !   at net.minecraft.server.MinecraftServer.m_129961_(MinecraftServer.java:753)
[11:12:30] [ERROR] !   at net.minecraft.server.MinecraftServer.m_7245_(MinecraftServer.java:747)
[11:12:30] [ERROR] !   at net.minecraft.util.thread.BlockableEventLoop.m_18699_(BlockableEventLoop.java:115)
[11:12:30] [ERROR] !   at net.minecraft.server.MinecraftServer.m_130012_(MinecraftServer.java:732)
[11:12:30] [ERROR] !   at net.minecraft.server.MinecraftServer.m_130011_(MinecraftServer.java:665)
[11:12:30] [ERROR] !   at net.minecraft.server.MinecraftServer.m_206580_(MinecraftServer.java:251)
[11:12:30] [ERROR] !   at java.lang.Thread.run(Thread.java:840)
[11:12:31] [ERROR] ! addonpack_omni_extras:kubejs_scripts/andreas.js#37: Error in 'ItemEvents.entityInteracted': Can't find method net.threetag.palladium.power.ability.AbilityUtil.hasPower(net.minecraft.world.entity.Interaction,string).
[11:12:31] [ERROR] ! …rhino.EvaluatorException: Can't find method net.threetag.palladium.power.ability.AbilityUtil.hasPower(net.minecraft.world.entity.Interaction,string). (addonpack_omni_extras:kubejs_scripts/andreas.js#37)
[11:12:31] [ERROR] !   at …rhino.DefaultErrorReporter.runtimeError(DefaultErrorReporter.java:67)
[11:12:31] [ERROR] !   at …rhino.Context.reportRuntimeError(Context.java:133)
[11:12:31] [ERROR] !   at …rhino.Context.reportRuntimeError(Context.java:173)
[11:12:31] [ERROR] !   at …rhino.Context.reportRuntimeError1(Context.java:145)
[11:12:31] [ERROR] !   at …rhino.NativeJavaMethod.call(NativeJavaMethod.java:379)
[11:12:31] [ERROR] !   at …rhino.Interpreter.interpretLoop(Interpreter.java:986)
[11:12:31] [ERROR] !   at script(addonpack_omni_extras:kubejs_scripts/andreas.js:37)
[11:12:31] [ERROR] !   at …rhino.Interpreter.interpret(Interpreter.java:370)
[11:12:31] [ERROR] !   at …rhino.InterpretedFunction.call(InterpretedFunction.java:72)
[11:12:31] [ERROR] !   at …rhino.Context.callSync(Context.java:1357)
[11:12:31] [ERROR] !   at …rhino.Context.doTopCall(Context.java:1374)
[11:12:31] [ERROR] !   at …rhino.InterpretedFunction.call(InterpretedFunction.java:70)
[11:12:31] [ERROR] !   at …rhino.Context.callSync(Context.java:1357)
[11:12:31] [ERROR] !   at …rhino.ArrowFunction.call(ArrowFunction.java:42)
[11:12:31] [ERROR] !   at …rhino.Context.callSync(Context.java:1357)
[11:12:31] [ERROR] !   at …rhino.InterfaceAdapter.invoke(InterfaceAdapter.java:125)
[11:12:31] [ERROR] !   at …rhino.VMBridge.lambda$newInterfaceProxy$0(VMBridge.java:74)
[11:12:31] [ERROR] !   at TRANSFORMER/jdk.proxy3/jdk.proxy3.$Proxy59.onEvent(Unknown Source)
[11:12:31] [ERROR] !   at …kubejs.event.EventHandlerContainer.handle(EventHandlerContainer.java:39)
[11:12:31] [ERROR] !   at …kubejs.event.EventHandler.postToHandlers(EventHandler.java:304)
[11:12:31] [ERROR] !   at …kubejs.event.EventHandler.post(EventHandler.java:272)
[11:12:31] [ERROR] !   at …kubejs.event.EventHandler.post(EventHandler.java:226)
[11:12:31] [ERROR] !   at …kubejs.item.KubeJSItemEventHandler.entityInteract(KubeJSItemEventHandler.java:57)
[11:12:31] [ERROR] !   at dev.architectury.event.forge.EventHandlerImplCommon.eventPlayerInteractEvent(EventHandlerImplCommon.java:348)
[11:12:31] [ERROR] !   at dev.architectury.event.forge.__EventHandlerImplCommon_eventPlayerInteractEvent_EntityInteract.invoke(.dynamic)
[11:12:31] [ERROR] !   at MC-BOOTSTRAP/net.minecraftforge.eventbus/net.minecraftforge.eventbus.ASMEventHandler.invoke(ASMEventHandler.java:55)
[11:12:31] [ERROR] !   at MC-BOOTSTRAP/net.minecraftforge.eventbus/net.minecraftforge.eventbus.EventBus.post(EventBus.java:312)
[11:12:31] [ERROR] !   at MC-BOOTSTRAP/net.minecraftforge.eventbus/net.minecraftforge.eventbus.EventBus.post(EventBus.java:298)
[11:12:31] [ERROR] !   at net.minecraftforge.common.ForgeHooks.onInteractEntity(ForgeHooks.java:765)
[11:12:31] [ERROR] !   at net.minecraft.world.entity.player.Player.m_36157_(Player.java:978)
[11:12:31] [ERROR] !   at net.minecraft.server.network.ServerGamePacketListenerImpl$1.m_143678_(ServerGamePacketListenerImpl.java:1466)
[11:12:31] [ERROR] !   at net.minecraft.server.network.ServerGamePacketListenerImpl$1.m_142299_(ServerGamePacketListenerImpl.java:1478)
[11:12:31] [ERROR] !   at net.minecraft.network.protocol.game.ServerboundInteractPacket$InteractionAction.m_142457_(ServerboundInteractPacket.java:116)
[11:12:31] [ERROR] !   at net.minecraft.network.protocol.game.ServerboundInteractPacket.m_179617_(ServerboundInteractPacket.java:66)
[11:12:31] [ERROR] !   at net.minecraft.server.network.ServerGamePacketListenerImpl.m_6946_(ServerGamePacketListenerImpl.java:1461)
[11:12:31] [ERROR] !   at net.minecraft.network.protocol.game.ServerboundInteractPacket.m_5797_(ServerboundInteractPacket.java:53)
[11:12:31] [ERROR] !   at net.minecraft.network.protocol.game.ServerboundInteractPacket.m_5797_(ServerboundInteractPacket.java:13)
[11:12:31] [ERROR] !   at net.minecraft.network.protocol.PacketUtils.m_263899_(PacketUtils.java:22)
[11:12:31] [ERROR] !   at net.minecraft.server.TickTask.run(TickTask.java:18)
[11:12:31] [ERROR] !   at net.minecraft.util.thread.BlockableEventLoop.m_6367_(BlockableEventLoop.java:156)
[11:12:31] [ERROR] !   at net.minecraft.util.thread.ReentrantBlockableEventLoop.m_6367_(ReentrantBlockableEventLoop.java:23)
[11:12:31] [ERROR] !   at net.minecraft.server.MinecraftServer.m_6367_(MinecraftServer.java:770)
[11:12:31] [ERROR] !   at net.minecraft.server.MinecraftServer.m_6367_(MinecraftServer.java:161)
[11:12:31] [ERROR] !   at net.minecraft.util.thread.BlockableEventLoop.m_7245_(BlockableEventLoop.java:130)
[11:12:31] [ERROR] !   at net.minecraft.server.MinecraftServer.m_129961_(MinecraftServer.java:753)
[11:12:31] [ERROR] !   at net.minecraft.server.MinecraftServer.m_7245_(MinecraftServer.java:747)
[11:12:31] [ERROR] !   at net.minecraft.util.thread.BlockableEventLoop.m_18699_(BlockableEventLoop.java:115)
[11:12:31] [ERROR] !   at net.minecraft.server.MinecraftServer.m_130012_(MinecraftServer.java:732)
[11:12:31] [ERROR] !   at net.minecraft.server.MinecraftServer.m_130011_(MinecraftServer.java:665)
[11:12:31] [ERROR] !   at net.minecraft.server.MinecraftServer.m_206580_(MinecraftServer.java:251)
[11:12:31] [ERROR] !   at java.lang.Thread.run(Thread.java:840)
[11:12:34] [ERROR] ! addonpack_omni_extras:kubejs_scripts/andreas.js#37: Error in 'ItemEvents.entityInteracted': Can't find method net.threetag.palladium.power.ability.AbilityUtil.hasPower(net.minecraft.world.entity.Interaction,string).
[11:12:34] [ERROR] ! …rhino.EvaluatorException: Can't find method net.threetag.palladium.power.ability.AbilityUtil.hasPower(net.minecraft.world.entity.Interaction,string). (addonpack_omni_extras:kubejs_scripts/andreas.js#37)
[11:12:34] [ERROR] !   at …rhino.DefaultErrorReporter.runtimeError(DefaultErrorReporter.java:67)
[11:12:34] [ERROR] !   at …rhino.Context.reportRuntimeError(Context.java:133)
[11:12:34] [ERROR] !   at …rhino.Context.reportRuntimeError(Context.java:173)
[11:12:34] [ERROR] !   at …rhino.Context.reportRuntimeError1(Context.java:145)
[11:12:34] [ERROR] !   at …rhino.NativeJavaMethod.call(NativeJavaMethod.java:379)
[11:12:34] [ERROR] !   at …rhino.Interpreter.interpretLoop(Interpreter.java:986)
[11:12:34] [ERROR] !   at script(addonpack_omni_extras:kubejs_scripts/andreas.js:37)
[11:12:34] [ERROR] !   at …rhino.Interpreter.interpret(Interpreter.java:370)
[11:12:34] [ERROR] !   at …rhino.InterpretedFunction.call(InterpretedFunction.java:72)
[11:12:34] [ERROR] !   at …rhino.Context.callSync(Context.java:1357)
[11:12:34] [ERROR] !   at …rhino.Context.doTopCall(Context.java:1374)
[11:12:34] [ERROR] !   at …rhino.InterpretedFunction.call(InterpretedFunction.java:70)
[11:12:34] [ERROR] !   at …rhino.Context.callSync(Context.java:1357)
[11:12:34] [ERROR] !   at …rhino.ArrowFunction.call(ArrowFunction.java:42)
[11:12:34] [ERROR] !   at …rhino.Context.callSync(Context.java:1357)
[11:12:34] [ERROR] !   at …rhino.InterfaceAdapter.invoke(InterfaceAdapter.java:125)
[11:12:34] [ERROR] !   at …rhino.VMBridge.lambda$newInterfaceProxy$0(VMBridge.java:74)
[11:12:34] [ERROR] !   at TRANSFORMER/jdk.proxy3/jdk.proxy3.$Proxy59.onEvent(Unknown Source)
[11:12:34] [ERROR] !   at …kubejs.event.EventHandlerContainer.handle(EventHandlerContainer.java:39)
[11:12:34] [ERROR] !   at …kubejs.event.EventHandler.postToHandlers(EventHandler.java:304)
[11:12:34] [ERROR] !   at …kubejs.event.EventHandler.post(EventHandler.java:272)
[11:12:34] [ERROR] !   at …kubejs.event.EventHandler.post(EventHandler.java:226)
[11:12:34] [ERROR] !   at …kubejs.item.KubeJSItemEventHandler.entityInteract(KubeJSItemEventHandler.java:57)
[11:12:34] [ERROR] !   at dev.architectury.event.forge.EventHandlerImplCommon.eventPlayerInteractEvent(EventHandlerImplCommon.java:348)
[11:12:34] [ERROR] !   at dev.architectury.event.forge.__EventHandlerImplCommon_eventPlayerInteractEvent_EntityInteract.invoke(.dynamic)
[11:12:34] [ERROR] !   at MC-BOOTSTRAP/net.minecraftforge.eventbus/net.minecraftforge.eventbus.ASMEventHandler.invoke(ASMEventHandler.java:55)
[11:12:34] [ERROR] !   at MC-BOOTSTRAP/net.minecraftforge.eventbus/net.minecraftforge.eventbus.EventBus.post(EventBus.java:312)
[11:12:34] [ERROR] !   at MC-BOOTSTRAP/net.minecraftforge.eventbus/net.minecraftforge.eventbus.EventBus.post(EventBus.java:298)
[11:12:34] [ERROR] !   at net.minecraftforge.common.ForgeHooks.onInteractEntity(ForgeHooks.java:765)
[11:12:34] [ERROR] !   at net.minecraft.world.entity.player.Player.m_36157_(Player.java:978)
[11:12:34] [ERROR] !   at net.minecraft.server.network.ServerGamePacketListenerImpl$1.m_143678_(ServerGamePacketListenerImpl.java:1466)
[11:12:34] [ERROR] !   at net.minecraft.server.network.ServerGamePacketListenerImpl$1.m_142299_(ServerGamePacketListenerImpl.java:1478)
[11:12:34] [ERROR] !   at net.minecraft.network.protocol.game.ServerboundInteractPacket$InteractionAction.m_142457_(ServerboundInteractPacket.java:116)
[11:12:34] [ERROR] !   at net.minecraft.network.protocol.game.ServerboundInteractPacket.m_179617_(ServerboundInteractPacket.java:66)
[11:12:34] [ERROR] !   at net.minecraft.server.network.ServerGamePacketListenerImpl.m_6946_(ServerGamePacketListenerImpl.java:1461)
[11:12:34] [ERROR] !   at net.minecraft.network.protocol.game.ServerboundInteractPacket.m_5797_(ServerboundInteractPacket.java:53)
[11:12:34] [ERROR] !   at net.minecraft.network.protocol.game.ServerboundInteractPacket.m_5797_(ServerboundInteractPacket.java:13)
[11:12:34] [ERROR] !   at net.minecraft.network.protocol.PacketUtils.m_263899_(PacketUtils.java:22)
[11:12:34] [ERROR] !   at net.minecraft.server.TickTask.run(TickTask.java:18)
[11:12:34] [ERROR] !   at net.minecraft.util.thread.BlockableEventLoop.m_6367_(BlockableEventLoop.java:156)
[11:12:34] [ERROR] !   at net.minecraft.util.thread.ReentrantBlockableEventLoop.m_6367_(ReentrantBlockableEventLoop.java:23)
[11:12:34] [ERROR] !   at net.minecraft.server.MinecraftServer.m_6367_(MinecraftServer.java:770)
[11:12:34] [ERROR] !   at net.minecraft.server.MinecraftServer.m_6367_(MinecraftServer.java:161)
[11:12:34] [ERROR] !   at net.minecraft.util.thread.BlockableEventLoop.m_7245_(BlockableEventLoop.java:130)
[11:12:34] [ERROR] !   at net.minecraft.server.MinecraftServer.m_129961_(MinecraftServer.java:753)
[11:12:34] [ERROR] !   at net.minecraft.server.MinecraftServer.m_7245_(MinecraftServer.java:747)
[11:12:34] [ERROR] !   at net.minecraft.util.thread.BlockableEventLoop.m_18699_(BlockableEventLoop.java:115)
[11:12:34] [ERROR] !   at net.minecraft.server.MinecraftServer.m_130012_(MinecraftServer.java:732)
[11:12:34] [ERROR] !   at net.minecraft.server.MinecraftServer.m_130011_(MinecraftServer.java:665)
[11:12:34] [ERROR] !   at net.minecraft.server.MinecraftServer.m_206580_(MinecraftServer.java:251)
[11:12:34] [ERROR] !   at java.lang.Thread.run(Thread.java:840)
[11:12:34] [ERROR] ! addonpack_omni_extras:kubejs_scripts/andreas.js#37: Error in 'ItemEvents.entityInteracted': Can't find method net.threetag.palladium.power.ability.AbilityUtil.hasPower(net.minecraft.world.entity.Interaction,string).
[11:12:34] [ERROR] ! …rhino.EvaluatorException: Can't find method net.threetag.palladium.power.ability.AbilityUtil.hasPower(net.minecraft.world.entity.Interaction,string). (addonpack_omni_extras:kubejs_scripts/andreas.js#37)
[11:12:34] [ERROR] !   at …rhino.DefaultErrorReporter.runtimeError(DefaultErrorReporter.java:67)
[11:12:34] [ERROR] !   at …rhino.Context.reportRuntimeError(Context.java:133)
[11:12:34] [ERROR] !   at …rhino.Context.reportRuntimeError(Context.java:173)
[11:12:34] [ERROR] !   at …rhino.Context.reportRuntimeError1(Context.java:145)
[11:12:34] [ERROR] !   at …rhino.NativeJavaMethod.call(NativeJavaMethod.java:379)
[11:12:34] [ERROR] !   at …rhino.Interpreter.interpretLoop(Interpreter.java:986)
[11:12:34] [ERROR] !   at script(addonpack_omni_extras:kubejs_scripts/andreas.js:37)
[11:12:34] [ERROR] !   at …rhino.Interpreter.interpret(Interpreter.java:370)
[11:12:34] [ERROR] !   at …rhino.InterpretedFunction.call(InterpretedFunction.java:72)
[11:12:34] [ERROR] !   at …rhino.Context.callSync(Context.java:1357)
[11:12:34] [ERROR] !   at …rhino.Context.doTopCall(Context.java:1374)
[11:12:34] [ERROR] !   at …rhino.InterpretedFunction.call(InterpretedFunction.java:70)
[11:12:34] [ERROR] !   at …rhino.Context.callSync(Context.java:1357)
[11:12:34] [ERROR] !   at …rhino.ArrowFunction.call(ArrowFunction.java:42)
[11:12:34] [ERROR] !   at …rhino.Context.callSync(Context.java:1357)
[11:12:34] [ERROR] !   at …rhino.InterfaceAdapter.invoke(InterfaceAdapter.java:125)
[11:12:34] [ERROR] !   at …rhino.VMBridge.lambda$newInterfaceProxy$0(VMBridge.java:74)
[11:12:34] [ERROR] !   at TRANSFORMER/jdk.proxy3/jdk.proxy3.$Proxy59.onEvent(Unknown Source)
[11:12:34] [ERROR] !   at …kubejs.event.EventHandlerContainer.handle(EventHandlerContainer.java:39)
[11:12:34] [ERROR] !   at …kubejs.event.EventHandler.postToHandlers(EventHandler.java:304)
[11:12:34] [ERROR] !   at …kubejs.event.EventHandler.post(EventHandler.java:272)
[11:12:34] [ERROR] !   at …kubejs.event.EventHandler.post(EventHandler.java:226)
[11:12:34] [ERROR] !   at …kubejs.item.KubeJSItemEventHandler.entityInteract(KubeJSItemEventHandler.java:57)
[11:12:34] [ERROR] !   at dev.architectury.event.forge.EventHandlerImplCommon.eventPlayerInteractEvent(EventHandlerImplCommon.java:348)
[11:12:34] [ERROR] !   at dev.architectury.event.forge.__EventHandlerImplCommon_eventPlayerInteractEvent_EntityInteract.invoke(.dynamic)
[11:12:34] [ERROR] !   at MC-BOOTSTRAP/net.minecraftforge.eventbus/net.minecraftforge.eventbus.ASMEventHandler.invoke(ASMEventHandler.java:55)
[11:12:34] [ERROR] !   at MC-BOOTSTRAP/net.minecraftforge.eventbus/net.minecraftforge.eventbus.EventBus.post(EventBus.java:312)
[11:12:34] [ERROR] !   at MC-BOOTSTRAP/net.minecraftforge.eventbus/net.minecraftforge.eventbus.EventBus.post(EventBus.java:298)
[11:12:34] [ERROR] !   at net.minecraftforge.common.ForgeHooks.onInteractEntity(ForgeHooks.java:765)
[11:12:34] [ERROR] !   at net.minecraft.world.entity.player.Player.m_36157_(Player.java:978)
[11:12:34] [ERROR] !   at net.minecraft.server.network.ServerGamePacketListenerImpl$1.m_143678_(ServerGamePacketListenerImpl.java:1466)
[11:12:34] [ERROR] !   at net.minecraft.server.network.ServerGamePacketListenerImpl$1.m_142299_(ServerGamePacketListenerImpl.java:1478)
[11:12:34] [ERROR] !   at net.minecraft.network.protocol.game.ServerboundInteractPacket$InteractionAction.m_142457_(ServerboundInteractPacket.java:116)
[11:12:34] [ERROR] !   at net.minecraft.network.protocol.game.ServerboundInteractPacket.m_179617_(ServerboundInteractPacket.java:66)
[11:12:34] [ERROR] !   at net.minecraft.server.network.ServerGamePacketListenerImpl.m_6946_(ServerGamePacketListenerImpl.java:1461)
[11:12:34] [ERROR] !   at net.minecraft.network.protocol.game.ServerboundInteractPacket.m_5797_(ServerboundInteractPacket.java:53)
[11:12:34] [ERROR] !   at net.minecraft.network.protocol.game.ServerboundInteractPacket.m_5797_(ServerboundInteractPacket.java:13)
[11:12:34] [ERROR] !   at net.minecraft.network.protocol.PacketUtils.m_263899_(PacketUtils.java:22)
[11:12:34] [ERROR] !   at net.minecraft.server.TickTask.run(TickTask.java:18)
[11:12:34] [ERROR] !   at net.minecraft.util.thread.BlockableEventLoop.m_6367_(BlockableEventLoop.java:156)
[11:12:34] [ERROR] !   at net.minecraft.util.thread.ReentrantBlockableEventLoop.m_6367_(ReentrantBlockableEventLoop.java:23)
[11:12:34] [ERROR] !   at net.minecraft.server.MinecraftServer.m_6367_(MinecraftServer.java:770)
[11:12:34] [ERROR] !   at net.minecraft.server.MinecraftServer.m_6367_(MinecraftServer.java:161)
[11:12:34] [ERROR] !   at net.minecraft.util.thread.BlockableEventLoop.m_7245_(BlockableEventLoop.java:130)
[11:12:34] [ERROR] !   at net.minecraft.server.MinecraftServer.m_129961_(MinecraftServer.java:753)
[11:12:34] [ERROR] !   at net.minecraft.server.MinecraftServer.m_7245_(MinecraftServer.java:747)
[11:12:34] [ERROR] !   at net.minecraft.util.thread.BlockableEventLoop.m_18699_(BlockableEventLoop.java:115)
[11:12:34] [ERROR] !   at net.minecraft.server.MinecraftServer.m_130012_(MinecraftServer.java:732)
[11:12:34] [ERROR] !   at net.minecraft.server.MinecraftServer.m_130011_(MinecraftServer.java:665)
[11:12:34] [ERROR] !   at net.minecraft.server.MinecraftServer.m_206580_(MinecraftServer.java:251)
[11:12:34] [ERROR] !   at java.lang.Thread.run(Thread.java:840)
[11:12:35] [ERROR] ! addonpack_omni_extras:kubejs_scripts/andreas.js#37: Error in 'ItemEvents.entityInteracted': Can't find method net.threetag.palladium.power.ability.AbilityUtil.hasPower(net.minecraft.world.entity.Interaction,string).
[11:12:35] [ERROR] ! …rhino.EvaluatorException: Can't find method net.threetag.palladium.power.ability.AbilityUtil.hasPower(net.minecraft.world.entity.Interaction,string). (addonpack_omni_extras:kubejs_scripts/andreas.js#37)
[11:12:35] [ERROR] !   at …rhino.DefaultErrorReporter.runtimeError(DefaultErrorReporter.java:67)
[11:12:35] [ERROR] !   at …rhino.Context.reportRuntimeError(Context.java:133)
[11:12:35] [ERROR] !   at …rhino.Context.reportRuntimeError(Context.java:173)
[11:12:35] [ERROR] !   at …rhino.Context.reportRuntimeError1(Context.java:145)
[11:12:35] [ERROR] !   at …rhino.NativeJavaMethod.call(NativeJavaMethod.java:379)
[11:12:35] [ERROR] !   at …rhino.Interpreter.interpretLoop(Interpreter.java:986)
[11:12:35] [ERROR] !   at script(addonpack_omni_extras:kubejs_scripts/andreas.js:37)
[11:12:35] [ERROR] !   at …rhino.Interpreter.interpret(Interpreter.java:370)
[11:12:35] [ERROR] !   at …rhino.InterpretedFunction.call(InterpretedFunction.java:72)
[11:12:35] [ERROR] !   at …rhino.Context.callSync(Context.java:1357)
[11:12:35] [ERROR] !   at …rhino.Context.doTopCall(Context.java:1374)
[11:12:35] [ERROR] !   at …rhino.InterpretedFunction.call(InterpretedFunction.java:70)
[11:12:35] [ERROR] !   at …rhino.Context.callSync(Context.java:1357)
[11:12:35] [ERROR] !   at …rhino.ArrowFunction.call(ArrowFunction.java:42)
[11:12:35] [ERROR] !   at …rhino.Context.callSync(Context.java:1357)
[11:12:35] [ERROR] !   at …rhino.InterfaceAdapter.invoke(InterfaceAdapter.java:125)
[11:12:35] [ERROR] !   at …rhino.VMBridge.lambda$newInterfaceProxy$0(VMBridge.java:74)
[11:12:35] [ERROR] !   at TRANSFORMER/jdk.proxy3/jdk.proxy3.$Proxy59.onEvent(Unknown Source)
[11:12:35] [ERROR] !   at …kubejs.event.EventHandlerContainer.handle(EventHandlerContainer.java:39)
[11:12:35] [ERROR] !   at …kubejs.event.EventHandler.postToHandlers(EventHandler.java:304)
[11:12:35] [ERROR] !   at …kubejs.event.EventHandler.post(EventHandler.java:272)
[11:12:35] [ERROR] !   at …kubejs.event.EventHandler.post(EventHandler.java:226)
[11:12:35] [ERROR] !   at …kubejs.item.KubeJSItemEventHandler.entityInteract(KubeJSItemEventHandler.java:57)
[11:12:35] [ERROR] !   at dev.architectury.event.forge.EventHandlerImplCommon.eventPlayerInteractEvent(EventHandlerImplCommon.java:348)
[11:12:35] [ERROR] !   at dev.architectury.event.forge.__EventHandlerImplCommon_eventPlayerInteractEvent_EntityInteract.invoke(.dynamic)
[11:12:35] [ERROR] !   at MC-BOOTSTRAP/net.minecraftforge.eventbus/net.minecraftforge.eventbus.ASMEventHandler.invoke(ASMEventHandler.java:55)
[11:12:35] [ERROR] !   at MC-BOOTSTRAP/net.minecraftforge.eventbus/net.minecraftforge.eventbus.EventBus.post(EventBus.java:312)
[11:12:35] [ERROR] !   at MC-BOOTSTRAP/net.minecraftforge.eventbus/net.minecraftforge.eventbus.EventBus.post(EventBus.java:298)
[11:12:35] [ERROR] !   at net.minecraftforge.common.ForgeHooks.onInteractEntity(ForgeHooks.java:765)
[11:12:35] [ERROR] !   at net.minecraft.world.entity.player.Player.m_36157_(Player.java:978)
[11:12:35] [ERROR] !   at net.minecraft.server.network.ServerGamePacketListenerImpl$1.m_143678_(ServerGamePacketListenerImpl.java:1466)
[11:12:35] [ERROR] !   at net.minecraft.server.network.ServerGamePacketListenerImpl$1.m_142299_(ServerGamePacketListenerImpl.java:1478)
[11:12:35] [ERROR] !   at net.minecraft.network.protocol.game.ServerboundInteractPacket$InteractionAction.m_142457_(ServerboundInteractPacket.java:116)
[11:12:35] [ERROR] !   at net.minecraft.network.protocol.game.ServerboundInteractPacket.m_179617_(ServerboundInteractPacket.java:66)
[11:12:35] [ERROR] !   at net.minecraft.server.network.ServerGamePacketListenerImpl.m_6946_(ServerGamePacketListenerImpl.java:1461)
[11:12:35] [ERROR] !   at net.minecraft.network.protocol.game.ServerboundInteractPacket.m_5797_(ServerboundInteractPacket.java:53)
[11:12:35] [ERROR] !   at net.minecraft.network.protocol.game.ServerboundInteractPacket.m_5797_(ServerboundInteractPacket.java:13)
[11:12:35] [ERROR] !   at net.minecraft.network.protocol.PacketUtils.m_263899_(PacketUtils.java:22)
[11:12:35] [ERROR] !   at net.minecraft.server.TickTask.run(TickTask.java:18)
[11:12:35] [ERROR] !   at net.minecraft.util.thread.BlockableEventLoop.m_6367_(BlockableEventLoop.java:156)
[11:12:35] [ERROR] !   at net.minecraft.util.thread.ReentrantBlockableEventLoop.m_6367_(ReentrantBlockableEventLoop.java:23)
[11:12:35] [ERROR] !   at net.minecraft.server.MinecraftServer.m_6367_(MinecraftServer.java:770)
[11:12:35] [ERROR] !   at net.minecraft.server.MinecraftServer.m_6367_(MinecraftServer.java:161)
[11:12:35] [ERROR] !   at net.minecraft.util.thread.BlockableEventLoop.m_7245_(BlockableEventLoop.java:130)
[11:12:35] [ERROR] !   at net.minecraft.server.MinecraftServer.m_129961_(MinecraftServer.java:753)
[11:12:35] [ERROR] !   at net.minecraft.server.MinecraftServer.m_7245_(MinecraftServer.java:747)
[11:12:35] [ERROR] !   at net.minecraft.util.thread.BlockableEventLoop.m_18699_(BlockableEventLoop.java:115)
[11:12:35] [ERROR] !   at net.minecraft.server.MinecraftServer.m_130012_(MinecraftServer.java:732)
[11:12:35] [ERROR] !   at net.minecraft.server.MinecraftServer.m_130011_(MinecraftServer.java:665)
[11:12:35] [ERROR] !   at net.minecraft.server.MinecraftServer.m_206580_(MinecraftServer.java:251)
[11:12:35] [ERROR] !   at java.lang.Thread.run(Thread.java:840)
[11:12:35] [ERROR] ! addonpack_omni_extras:kubejs_scripts/andreas.js#37: Error in 'ItemEvents.entityInteracted': Can't find method net.threetag.palladium.power.ability.AbilityUtil.hasPower(net.minecraft.world.entity.Interaction,string).
[11:12:35] [ERROR] ! …rhino.EvaluatorException: Can't find method net.threetag.palladium.power.ability.AbilityUtil.hasPower(net.minecraft.world.entity.Interaction,string). (addonpack_omni_extras:kubejs_scripts/andreas.js#37)
[11:12:35] [ERROR] !   at …rhino.DefaultErrorReporter.runtimeError(DefaultErrorReporter.java:67)
[11:12:35] [ERROR] !   at …rhino.Context.reportRuntimeError(Context.java:133)
[11:12:35] [ERROR] !   at …rhino.Context.reportRuntimeError(Context.java:173)
[11:12:35] [ERROR] !   at …rhino.Context.reportRuntimeError1(Context.java:145)
[11:12:35] [ERROR] !   at …rhino.NativeJavaMethod.call(NativeJavaMethod.java:379)
[11:12:35] [ERROR] !   at …rhino.Interpreter.interpretLoop(Interpreter.java:986)
[11:12:35] [ERROR] !   at script(addonpack_omni_extras:kubejs_scripts/andreas.js:37)
[11:12:35] [ERROR] !   at …rhino.Interpreter.interpret(Interpreter.java:370)
[11:12:35] [ERROR] !   at …rhino.InterpretedFunction.call(InterpretedFunction.java:72)
[11:12:35] [ERROR] !   at …rhino.Context.callSync(Context.java:1357)
[11:12:35] [ERROR] !   at …rhino.Context.doTopCall(Context.java:1374)
[11:12:35] [ERROR] !   at …rhino.InterpretedFunction.call(InterpretedFunction.java:70)
[11:12:35] [ERROR] !   at …rhino.Context.callSync(Context.java:1357)
[11:12:35] [ERROR] !   at …rhino.ArrowFunction.call(ArrowFunction.java:42)
[11:12:35] [ERROR] !   at …rhino.Context.callSync(Context.java:1357)
[11:12:35] [ERROR] !   at …rhino.InterfaceAdapter.invoke(InterfaceAdapter.java:125)
[11:12:35] [ERROR] !   at …rhino.VMBridge.lambda$newInterfaceProxy$0(VMBridge.java:74)
[11:12:35] [ERROR] !   at TRANSFORMER/jdk.proxy3/jdk.proxy3.$Proxy59.onEvent(Unknown Source)
[11:12:35] [ERROR] !   at …kubejs.event.EventHandlerContainer.handle(EventHandlerContainer.java:39)
[11:12:35] [ERROR] !   at …kubejs.event.EventHandler.postToHandlers(EventHandler.java:304)
[11:12:35] [ERROR] !   at …kubejs.event.EventHandler.post(EventHandler.java:272)
[11:12:35] [ERROR] !   at …kubejs.event.EventHandler.post(EventHandler.java:226)
[11:12:35] [ERROR] !   at …kubejs.item.KubeJSItemEventHandler.entityInteract(KubeJSItemEventHandler.java:57)
[11:12:35] [ERROR] !   at dev.architectury.event.forge.EventHandlerImplCommon.eventPlayerInteractEvent(EventHandlerImplCommon.java:348)
[11:12:35] [ERROR] !   at dev.architectury.event.forge.__EventHandlerImplCommon_eventPlayerInteractEvent_EntityInteract.invoke(.dynamic)
[11:12:35] [ERROR] !   at MC-BOOTSTRAP/net.minecraftforge.eventbus/net.minecraftforge.eventbus.ASMEventHandler.invoke(ASMEventHandler.java:55)
[11:12:35] [ERROR] !   at MC-BOOTSTRAP/net.minecraftforge.eventbus/net.minecraftforge.eventbus.EventBus.post(EventBus.java:312)
[11:12:35] [ERROR] !   at MC-BOOTSTRAP/net.minecraftforge.eventbus/net.minecraftforge.eventbus.EventBus.post(EventBus.java:298)
[11:12:35] [ERROR] !   at net.minecraftforge.common.ForgeHooks.onInteractEntity(ForgeHooks.java:765)
[11:12:35] [ERROR] !   at net.minecraft.world.entity.player.Player.m_36157_(Player.java:978)
[11:12:35] [ERROR] !   at net.minecraft.server.network.ServerGamePacketListenerImpl$1.m_143678_(ServerGamePacketListenerImpl.java:1466)
[11:12:35] [ERROR] !   at net.minecraft.server.network.ServerGamePacketListenerImpl$1.m_142299_(ServerGamePacketListenerImpl.java:1478)
[11:12:35] [ERROR] !   at net.minecraft.network.protocol.game.ServerboundInteractPacket$InteractionAction.m_142457_(ServerboundInteractPacket.java:116)
[11:12:35] [ERROR] !   at net.minecraft.network.protocol.game.ServerboundInteractPacket.m_179617_(ServerboundInteractPacket.java:66)
[11:12:35] [ERROR] !   at net.minecraft.server.network.ServerGamePacketListenerImpl.m_6946_(ServerGamePacketListenerImpl.java:1461)
[11:12:35] [ERROR] !   at net.minecraft.network.protocol.game.ServerboundInteractPacket.m_5797_(ServerboundInteractPacket.java:53)
[11:12:35] [ERROR] !   at net.minecraft.network.protocol.game.ServerboundInteractPacket.m_5797_(ServerboundInteractPacket.java:13)
[11:12:35] [ERROR] !   at net.minecraft.network.protocol.PacketUtils.m_263899_(PacketUtils.java:22)
[11:12:35] [ERROR] !   at net.minecraft.server.TickTask.run(TickTask.java:18)
[11:12:35] [ERROR] !   at net.minecraft.util.thread.BlockableEventLoop.m_6367_(BlockableEventLoop.java:156)
[11:12:35] [ERROR] !   at net.minecraft.util.thread.ReentrantBlockableEventLoop.m_6367_(ReentrantBlockableEventLoop.java:23)
[11:12:35] [ERROR] !   at net.minecraft.server.MinecraftServer.m_6367_(MinecraftServer.java:770)
[11:12:35] [ERROR] !   at net.minecraft.server.MinecraftServer.m_6367_(MinecraftServer.java:161)
[11:12:35] [ERROR] !   at net.minecraft.util.thread.BlockableEventLoop.m_7245_(BlockableEventLoop.java:130)
[11:12:35] [ERROR] !   at net.minecraft.server.MinecraftServer.m_129961_(MinecraftServer.java:753)
[11:12:35] [ERROR] !   at net.minecraft.server.MinecraftServer.m_7245_(MinecraftServer.java:747)
[11:12:35] [ERROR] !   at net.minecraft.util.thread.BlockableEventLoop.m_18699_(BlockableEventLoop.java:115)
[11:12:35] [ERROR] !   at net.minecraft.server.MinecraftServer.m_130012_(MinecraftServer.java:732)
[11:12:35] [ERROR] !   at net.minecraft.server.MinecraftServer.m_130011_(MinecraftServer.java:665)
[11:12:35] [ERROR] !   at net.minecraft.server.MinecraftServer.m_206580_(MinecraftServer.java:251)
[11:12:35] [ERROR] !   at java.lang.Thread.run(Thread.java:840)
[11:12:35] [ERROR] ! addonpack_omni_extras:kubejs_scripts/andreas.js#37: Error in 'ItemEvents.entityInteracted': Can't find method net.threetag.palladium.power.ability.AbilityUtil.hasPower(net.minecraft.world.entity.Interaction,string).
[11:12:35] [ERROR] ! …rhino.EvaluatorException: Can't find method net.threetag.palladium.power.ability.AbilityUtil.hasPower(net.minecraft.world.entity.Interaction,string). (addonpack_omni_extras:kubejs_scripts/andreas.js#37)
[11:12:35] [ERROR] !   at …rhino.DefaultErrorReporter.runtimeError(DefaultErrorReporter.java:67)
[11:12:35] [ERROR] !   at …rhino.Context.reportRuntimeError(Context.java:133)
[11:12:35] [ERROR] !   at …rhino.Context.reportRuntimeError(Context.java:173)
[11:12:35] [ERROR] !   at …rhino.Context.reportRuntimeError1(Context.java:145)
[11:12:35] [ERROR] !   at …rhino.NativeJavaMethod.call(NativeJavaMethod.java:379)
[11:12:35] [ERROR] !   at …rhino.Interpreter.interpretLoop(Interpreter.java:986)
[11:12:35] [ERROR] !   at script(addonpack_omni_extras:kubejs_scripts/andreas.js:37)
[11:12:35] [ERROR] !   at …rhino.Interpreter.interpret(Interpreter.java:370)
[11:12:35] [ERROR] !   at …rhino.InterpretedFunction.call(InterpretedFunction.java:72)
[11:12:35] [ERROR] !   at …rhino.Context.callSync(Context.java:1357)
[11:12:35] [ERROR] !   at …rhino.Context.doTopCall(Context.java:1374)
[11:12:35] [ERROR] !   at …rhino.InterpretedFunction.call(InterpretedFunction.java:70)
[11:12:35] [ERROR] !   at …rhino.Context.callSync(Context.java:1357)
[11:12:35] [ERROR] !   at …rhino.ArrowFunction.call(ArrowFunction.java:42)
[11:12:35] [ERROR] !   at …rhino.Context.callSync(Context.java:1357)
[11:12:35] [ERROR] !   at …rhino.InterfaceAdapter.invoke(InterfaceAdapter.java:125)
[11:12:35] [ERROR] !   at …rhino.VMBridge.lambda$newInterfaceProxy$0(VMBridge.java:74)
[11:12:35] [ERROR] !   at TRANSFORMER/jdk.proxy3/jdk.proxy3.$Proxy59.onEvent(Unknown Source)
[11:12:35] [ERROR] !   at …kubejs.event.EventHandlerContainer.handle(EventHandlerContainer.java:39)
[11:12:35] [ERROR] !   at …kubejs.event.EventHandler.postToHandlers(EventHandler.java:304)
[11:12:35] [ERROR] !   at …kubejs.event.EventHandler.post(EventHandler.java:272)
[11:12:35] [ERROR] !   at …kubejs.event.EventHandler.post(EventHandler.java:226)
[11:12:35] [ERROR] !   at …kubejs.item.KubeJSItemEventHandler.entityInteract(KubeJSItemEventHandler.java:57)
[11:12:35] [ERROR] !   at dev.architectury.event.forge.EventHandlerImplCommon.eventPlayerInteractEvent(EventHandlerImplCommon.java:348)
[11:12:35] [ERROR] !   at dev.architectury.event.forge.__EventHandlerImplCommon_eventPlayerInteractEvent_EntityInteract.invoke(.dynamic)
[11:12:35] [ERROR] !   at MC-BOOTSTRAP/net.minecraftforge.eventbus/net.minecraftforge.eventbus.ASMEventHandler.invoke(ASMEventHandler.java:55)
[11:12:35] [ERROR] !   at MC-BOOTSTRAP/net.minecraftforge.eventbus/net.minecraftforge.eventbus.EventBus.post(EventBus.java:312)
[11:12:35] [ERROR] !   at MC-BOOTSTRAP/net.minecraftforge.eventbus/net.minecraftforge.eventbus.EventBus.post(EventBus.java:298)
[11:12:35] [ERROR] !   at net.minecraftforge.common.ForgeHooks.onInteractEntity(ForgeHooks.java:765)
[11:12:35] [ERROR] !   at net.minecraft.world.entity.player.Player.m_36157_(Player.java:978)
[11:12:35] [ERROR] !   at net.minecraft.server.network.ServerGamePacketListenerImpl$1.m_143678_(ServerGamePacketListenerImpl.java:1466)
[11:12:35] [ERROR] !   at net.minecraft.server.network.ServerGamePacketListenerImpl$1.m_142299_(ServerGamePacketListenerImpl.java:1478)
[11:12:35] [ERROR] !   at net.minecraft.network.protocol.game.ServerboundInteractPacket$InteractionAction.m_142457_(ServerboundInteractPacket.java:116)
[11:12:35] [ERROR] !   at net.minecraft.network.protocol.game.ServerboundInteractPacket.m_179617_(ServerboundInteractPacket.java:66)
[11:12:35] [ERROR] !   at net.minecraft.server.network.ServerGamePacketListenerImpl.m_6946_(ServerGamePacketListenerImpl.java:1461)
[11:12:35] [ERROR] !   at net.minecraft.network.protocol.game.ServerboundInteractPacket.m_5797_(ServerboundInteractPacket.java:53)
[11:12:35] [ERROR] !   at net.minecraft.network.protocol.game.ServerboundInteractPacket.m_5797_(ServerboundInteractPacket.java:13)
[11:12:35] [ERROR] !   at net.minecraft.network.protocol.PacketUtils.m_263899_(PacketUtils.java:22)
[11:12:35] [ERROR] !   at net.minecraft.server.TickTask.run(TickTask.java:18)
[11:12:35] [ERROR] !   at net.minecraft.util.thread.BlockableEventLoop.m_6367_(BlockableEventLoop.java:156)
[11:12:35] [ERROR] !   at net.minecraft.util.thread.ReentrantBlockableEventLoop.m_6367_(ReentrantBlockableEventLoop.java:23)
[11:12:35] [ERROR] !   at net.minecraft.server.MinecraftServer.m_6367_(MinecraftServer.java:770)
[11:12:35] [ERROR] !   at net.minecraft.server.MinecraftServer.m_6367_(MinecraftServer.java:161)
[11:12:35] [ERROR] !   at net.minecraft.util.thread.BlockableEventLoop.m_7245_(BlockableEventLoop.java:130)
[11:12:35] [ERROR] !   at net.minecraft.server.MinecraftServer.m_129961_(MinecraftServer.java:753)
[11:12:35] [ERROR] !   at net.minecraft.server.MinecraftServer.m_7245_(MinecraftServer.java:747)
[11:12:35] [ERROR] !   at net.minecraft.util.thread.BlockableEventLoop.m_18699_(BlockableEventLoop.java:115)
[11:12:35] [ERROR] !   at net.minecraft.server.MinecraftServer.m_130012_(MinecraftServer.java:732)
[11:12:35] [ERROR] !   at net.minecraft.server.MinecraftServer.m_130011_(MinecraftServer.java:665)
[11:12:35] [ERROR] !   at net.minecraft.server.MinecraftServer.m_206580_(MinecraftServer.java:251)
[11:12:35] [ERROR] !   at java.lang.Thread.run(Thread.java:840)
[11:13:04] [ERROR] ! addonpack_omni_extras:kubejs_scripts/andreas.js#37: Error in 'ItemEvents.entityInteracted': Can't find method net.threetag.palladium.power.ability.AbilityUtil.hasPower(net.minecraft.world.entity.Interaction,string).
[11:13:04] [ERROR] ! …rhino.EvaluatorException: Can't find method net.threetag.palladium.power.ability.AbilityUtil.hasPower(net.minecraft.world.entity.Interaction,string). (addonpack_omni_extras:kubejs_scripts/andreas.js#37)
[11:13:04] [ERROR] !   at …rhino.DefaultErrorReporter.runtimeError(DefaultErrorReporter.java:67)
[11:13:04] [ERROR] !   at …rhino.Context.reportRuntimeError(Context.java:133)
[11:13:04] [ERROR] !   at …rhino.Context.reportRuntimeError(Context.java:173)
[11:13:04] [ERROR] !   at …rhino.Context.reportRuntimeError1(Context.java:145)
[11:13:04] [ERROR] !   at …rhino.NativeJavaMethod.call(NativeJavaMethod.java:379)
[11:13:04] [ERROR] !   at …rhino.Interpreter.interpretLoop(Interpreter.java:986)
[11:13:04] [ERROR] !   at script(addonpack_omni_extras:kubejs_scripts/andreas.js:37)
[11:13:04] [ERROR] !   at …rhino.Interpreter.interpret(Interpreter.java:370)
[11:13:04] [ERROR] !   at …rhino.InterpretedFunction.call(InterpretedFunction.java:72)
[11:13:04] [ERROR] !   at …rhino.Context.callSync(Context.java:1357)
[11:13:04] [ERROR] !   at …rhino.Context.doTopCall(Context.java:1374)
[11:13:04] [ERROR] !   at …rhino.InterpretedFunction.call(InterpretedFunction.java:70)
[11:13:04] [ERROR] !   at …rhino.Context.callSync(Context.java:1357)
[11:13:04] [ERROR] !   at …rhino.ArrowFunction.call(ArrowFunction.java:42)
[11:13:04] [ERROR] !   at …rhino.Context.callSync(Context.java:1357)
[11:13:04] [ERROR] !   at …rhino.InterfaceAdapter.invoke(InterfaceAdapter.java:125)
[11:13:04] [ERROR] !   at …rhino.VMBridge.lambda$newInterfaceProxy$0(VMBridge.java:74)
[11:13:04] [ERROR] !   at TRANSFORMER/jdk.proxy3/jdk.proxy3.$Proxy59.onEvent(Unknown Source)
[11:13:04] [ERROR] !   at …kubejs.event.EventHandlerContainer.handle(EventHandlerContainer.java:39)
[11:13:04] [ERROR] !   at …kubejs.event.EventHandler.postToHandlers(EventHandler.java:304)
[11:13:04] [ERROR] !   at …kubejs.event.EventHandler.post(EventHandler.java:272)
[11:13:04] [ERROR] !   at …kubejs.event.EventHandler.post(EventHandler.java:226)
[11:13:04] [ERROR] !   at …kubejs.item.KubeJSItemEventHandler.entityInteract(KubeJSItemEventHandler.java:57)
[11:13:04] [ERROR] !   at dev.architectury.event.forge.EventHandlerImplCommon.eventPlayerInteractEvent(EventHandlerImplCommon.java:348)
[11:13:04] [ERROR] !   at dev.architectury.event.forge.__EventHandlerImplCommon_eventPlayerInteractEvent_EntityInteract.invoke(.dynamic)
[11:13:04] [ERROR] !   at MC-BOOTSTRAP/net.minecraftforge.eventbus/net.minecraftforge.eventbus.ASMEventHandler.invoke(ASMEventHandler.java:55)
[11:13:04] [ERROR] !   at MC-BOOTSTRAP/net.minecraftforge.eventbus/net.minecraftforge.eventbus.EventBus.post(EventBus.java:312)
[11:13:04] [ERROR] !   at MC-BOOTSTRAP/net.minecraftforge.eventbus/net.minecraftforge.eventbus.EventBus.post(EventBus.java:298)
[11:13:04] [ERROR] !   at net.minecraftforge.common.ForgeHooks.onInteractEntity(ForgeHooks.java:765)
[11:13:04] [ERROR] !   at net.minecraft.world.entity.player.Player.m_36157_(Player.java:978)
[11:13:04] [ERROR] !   at net.minecraft.server.network.ServerGamePacketListenerImpl$1.m_143678_(ServerGamePacketListenerImpl.java:1466)
[11:13:04] [ERROR] !   at net.minecraft.server.network.ServerGamePacketListenerImpl$1.m_142299_(ServerGamePacketListenerImpl.java:1478)
[11:13:04] [ERROR] !   at net.minecraft.network.protocol.game.ServerboundInteractPacket$InteractionAction.m_142457_(ServerboundInteractPacket.java:116)
[11:13:04] [ERROR] !   at net.minecraft.network.protocol.game.ServerboundInteractPacket.m_179617_(ServerboundInteractPacket.java:66)
[11:13:04] [ERROR] !   at net.minecraft.server.network.ServerGamePacketListenerImpl.m_6946_(ServerGamePacketListenerImpl.java:1461)
[11:13:04] [ERROR] !   at net.minecraft.network.protocol.game.ServerboundInteractPacket.m_5797_(ServerboundInteractPacket.java:53)
[11:13:04] [ERROR] !   at net.minecraft.network.protocol.game.ServerboundInteractPacket.m_5797_(ServerboundInteractPacket.java:13)
[11:13:04] [ERROR] !   at net.minecraft.network.protocol.PacketUtils.m_263899_(PacketUtils.java:22)
[11:13:04] [ERROR] !   at net.minecraft.server.TickTask.run(TickTask.java:18)
[11:13:04] [ERROR] !   at net.minecraft.util.thread.BlockableEventLoop.m_6367_(BlockableEventLoop.java:156)
[11:13:04] [ERROR] !   at net.minecraft.util.thread.ReentrantBlockableEventLoop.m_6367_(ReentrantBlockableEventLoop.java:23)
[11:13:04] [ERROR] !   at net.minecraft.server.MinecraftServer.m_6367_(MinecraftServer.java:770)
[11:13:04] [ERROR] !   at net.minecraft.server.MinecraftServer.m_6367_(MinecraftServer.java:161)
[11:13:04] [ERROR] !   at net.minecraft.util.thread.BlockableEventLoop.m_7245_(BlockableEventLoop.java:130)
[11:13:04] [ERROR] !   at net.minecraft.server.MinecraftServer.m_129961_(MinecraftServer.java:753)
[11:13:04] [ERROR] !   at net.minecraft.server.MinecraftServer.m_7245_(MinecraftServer.java:747)
[11:13:04] [ERROR] !   at net.minecraft.util.thread.BlockableEventLoop.m_18699_(BlockableEventLoop.java:115)
[11:13:04] [ERROR] !   at net.minecraft.server.MinecraftServer.m_130012_(MinecraftServer.java:732)
[11:13:04] [ERROR] !   at net.minecraft.server.MinecraftServer.m_130011_(MinecraftServer.java:665)
[11:13:04] [ERROR] !   at net.minecraft.server.MinecraftServer.m_206580_(MinecraftServer.java:251)
[11:13:04] [ERROR] !   at java.lang.Thread.run(Thread.java:840)
[11:13:53] [ERROR] ! addonpack_omni_extras:kubejs_scripts/andreas.js#37: Error in 'ItemEvents.entityInteracted': Can't find method net.threetag.palladium.power.ability.AbilityUtil.hasPower(net.minecraft.world.entity.Interaction,string).
[11:13:53] [ERROR] ! …rhino.EvaluatorException: Can't find method net.threetag.palladium.power.ability.AbilityUtil.hasPower(net.minecraft.world.entity.Interaction,string). (addonpack_omni_extras:kubejs_scripts/andreas.js#37)
[11:13:53] [ERROR] !   at …rhino.DefaultErrorReporter.runtimeError(DefaultErrorReporter.java:67)
[11:13:53] [ERROR] !   at …rhino.Context.reportRuntimeError(Context.java:133)
[11:13:53] [ERROR] !   at …rhino.Context.reportRuntimeError(Context.java:173)
[11:13:53] [ERROR] !   at …rhino.Context.reportRuntimeError1(Context.java:145)
[11:13:53] [ERROR] !   at …rhino.NativeJavaMethod.call(NativeJavaMethod.java:379)
[11:13:53] [ERROR] !   at …rhino.Interpreter.interpretLoop(Interpreter.java:986)
[11:13:53] [ERROR] !   at script(addonpack_omni_extras:kubejs_scripts/andreas.js:37)
[11:13:53] [ERROR] !   at …rhino.Interpreter.interpret(Interpreter.java:370)
[11:13:53] [ERROR] !   at …rhino.InterpretedFunction.call(InterpretedFunction.java:72)
[11:13:53] [ERROR] !   at …rhino.Context.callSync(Context.java:1357)
[11:13:53] [ERROR] !   at …rhino.Context.doTopCall(Context.java:1374)
[11:13:53] [ERROR] !   at …rhino.InterpretedFunction.call(InterpretedFunction.java:70)
[11:13:53] [ERROR] !   at …rhino.Context.callSync(Context.java:1357)
[11:13:53] [ERROR] !   at …rhino.ArrowFunction.call(ArrowFunction.java:42)
[11:13:53] [ERROR] !   at …rhino.Context.callSync(Context.java:1357)
[11:13:53] [ERROR] !   at …rhino.InterfaceAdapter.invoke(InterfaceAdapter.java:125)
[11:13:53] [ERROR] !   at …rhino.VMBridge.lambda$newInterfaceProxy$0(VMBridge.java:74)
[11:13:53] [ERROR] !   at TRANSFORMER/jdk.proxy3/jdk.proxy3.$Proxy59.onEvent(Unknown Source)
[11:13:53] [ERROR] !   at …kubejs.event.EventHandlerContainer.handle(EventHandlerContainer.java:39)
[11:13:53] [ERROR] !   at …kubejs.event.EventHandler.postToHandlers(EventHandler.java:304)
[11:13:53] [ERROR] !   at …kubejs.event.EventHandler.post(EventHandler.java:272)
[11:13:53] [ERROR] !   at …kubejs.event.EventHandler.post(EventHandler.java:226)
[11:13:53] [ERROR] !   at …kubejs.item.KubeJSItemEventHandler.entityInteract(KubeJSItemEventHandler.java:57)
[11:13:53] [ERROR] !   at dev.architectury.event.forge.EventHandlerImplCommon.eventPlayerInteractEvent(EventHandlerImplCommon.java:348)
[11:13:53] [ERROR] !   at dev.architectury.event.forge.__EventHandlerImplCommon_eventPlayerInteractEvent_EntityInteract.invoke(.dynamic)
[11:13:53] [ERROR] !   at MC-BOOTSTRAP/net.minecraftforge.eventbus/net.minecraftforge.eventbus.ASMEventHandler.invoke(ASMEventHandler.java:55)
[11:13:53] [ERROR] !   at MC-BOOTSTRAP/net.minecraftforge.eventbus/net.minecraftforge.eventbus.EventBus.post(EventBus.java:312)
[11:13:53] [ERROR] !   at MC-BOOTSTRAP/net.minecraftforge.eventbus/net.minecraftforge.eventbus.EventBus.post(EventBus.java:298)
[11:13:53] [ERROR] !   at net.minecraftforge.common.ForgeHooks.onInteractEntity(ForgeHooks.java:765)
[11:13:53] [ERROR] !   at net.minecraft.world.entity.player.Player.m_36157_(Player.java:978)
[11:13:53] [ERROR] !   at net.minecraft.server.network.ServerGamePacketListenerImpl$1.m_143678_(ServerGamePacketListenerImpl.java:1466)
[11:13:53] [ERROR] !   at net.minecraft.server.network.ServerGamePacketListenerImpl$1.m_142299_(ServerGamePacketListenerImpl.java:1478)
[11:13:53] [ERROR] !   at net.minecraft.network.protocol.game.ServerboundInteractPacket$InteractionAction.m_142457_(ServerboundInteractPacket.java:116)
[11:13:53] [ERROR] !   at net.minecraft.network.protocol.game.ServerboundInteractPacket.m_179617_(ServerboundInteractPacket.java:66)
[11:13:53] [ERROR] !   at net.minecraft.server.network.ServerGamePacketListenerImpl.m_6946_(ServerGamePacketListenerImpl.java:1461)
[11:13:53] [ERROR] !   at net.minecraft.network.protocol.game.ServerboundInteractPacket.m_5797_(ServerboundInteractPacket.java:53)
[11:13:53] [ERROR] !   at net.minecraft.network.protocol.game.ServerboundInteractPacket.m_5797_(ServerboundInteractPacket.java:13)
[11:13:53] [ERROR] !   at net.minecraft.network.protocol.PacketUtils.m_263899_(PacketUtils.java:22)
[11:13:53] [ERROR] !   at net.minecraft.server.TickTask.run(TickTask.java:18)
[11:13:53] [ERROR] !   at net.minecraft.util.thread.BlockableEventLoop.m_6367_(BlockableEventLoop.java:156)
[11:13:53] [ERROR] !   at net.minecraft.util.thread.ReentrantBlockableEventLoop.m_6367_(ReentrantBlockableEventLoop.java:23)
[11:13:53] [ERROR] !   at net.minecraft.server.MinecraftServer.m_6367_(MinecraftServer.java:770)
[11:13:53] [ERROR] !   at net.minecraft.server.MinecraftServer.m_6367_(MinecraftServer.java:161)
[11:13:53] [ERROR] !   at net.minecraft.util.thread.BlockableEventLoop.m_7245_(BlockableEventLoop.java:130)
[11:13:53] [ERROR] !   at net.minecraft.server.MinecraftServer.m_129961_(MinecraftServer.java:753)
[11:13:53] [ERROR] !   at net.minecraft.server.MinecraftServer.m_7245_(MinecraftServer.java:747)
[11:13:53] [ERROR] !   at net.minecraft.util.thread.BlockableEventLoop.m_18699_(BlockableEventLoop.java:115)
[11:13:53] [ERROR] !   at net.minecraft.server.MinecraftServer.m_130012_(MinecraftServer.java:732)
[11:13:53] [ERROR] !   at net.minecraft.server.MinecraftServer.m_130011_(MinecraftServer.java:665)
[11:13:53] [ERROR] !   at net.minecraft.server.MinecraftServer.m_206580_(MinecraftServer.java:251)
[11:13:53] [ERROR] !   at java.lang.Thread.run(Thread.java:840)
[11:13:53] [ERROR] ! addonpack_omni_extras:kubejs_scripts/andreas.js#37: Error in 'ItemEvents.entityInteracted': Can't find method net.threetag.palladium.power.ability.AbilityUtil.hasPower(net.minecraft.world.entity.Interaction,string).
[11:13:53] [ERROR] ! …rhino.EvaluatorException: Can't find method net.threetag.palladium.power.ability.AbilityUtil.hasPower(net.minecraft.world.entity.Interaction,string). (addonpack_omni_extras:kubejs_scripts/andreas.js#37)
[11:13:53] [ERROR] !   at …rhino.DefaultErrorReporter.runtimeError(DefaultErrorReporter.java:67)
[11:13:53] [ERROR] !   at …rhino.Context.reportRuntimeError(Context.java:133)
[11:13:53] [ERROR] !   at …rhino.Context.reportRuntimeError(Context.java:173)
[11:13:53] [ERROR] !   at …rhino.Context.reportRuntimeError1(Context.java:145)
[11:13:53] [ERROR] !   at …rhino.NativeJavaMethod.call(NativeJavaMethod.java:379)
[11:13:53] [ERROR] !   at …rhino.Interpreter.interpretLoop(Interpreter.java:986)
[11:13:53] [ERROR] !   at script(addonpack_omni_extras:kubejs_scripts/andreas.js:37)
[11:13:53] [ERROR] !   at …rhino.Interpreter.interpret(Interpreter.java:370)
[11:13:53] [ERROR] !   at …rhino.InterpretedFunction.call(InterpretedFunction.java:72)
[11:13:53] [ERROR] !   at …rhino.Context.callSync(Context.java:1357)
[11:13:53] [ERROR] !   at …rhino.Context.doTopCall(Context.java:1374)
[11:13:53] [ERROR] !   at …rhino.InterpretedFunction.call(InterpretedFunction.java:70)
[11:13:53] [ERROR] !   at …rhino.Context.callSync(Context.java:1357)
[11:13:53] [ERROR] !   at …rhino.ArrowFunction.call(ArrowFunction.java:42)
[11:13:53] [ERROR] !   at …rhino.Context.callSync(Context.java:1357)
[11:13:53] [ERROR] !   at …rhino.InterfaceAdapter.invoke(InterfaceAdapter.java:125)
[11:13:53] [ERROR] !   at …rhino.VMBridge.lambda$newInterfaceProxy$0(VMBridge.java:74)
[11:13:53] [ERROR] !   at TRANSFORMER/jdk.proxy3/jdk.proxy3.$Proxy59.onEvent(Unknown Source)
[11:13:53] [ERROR] !   at …kubejs.event.EventHandlerContainer.handle(EventHandlerContainer.java:39)
[11:13:53] [ERROR] !   at …kubejs.event.EventHandler.postToHandlers(EventHandler.java:304)
[11:13:53] [ERROR] !   at …kubejs.event.EventHandler.post(EventHandler.java:272)
[11:13:53] [ERROR] !   at …kubejs.event.EventHandler.post(EventHandler.java:226)
[11:13:53] [ERROR] !   at …kubejs.item.KubeJSItemEventHandler.entityInteract(KubeJSItemEventHandler.java:57)
[11:13:53] [ERROR] !   at dev.architectury.event.forge.EventHandlerImplCommon.eventPlayerInteractEvent(EventHandlerImplCommon.java:348)
[11:13:53] [ERROR] !   at dev.architectury.event.forge.__EventHandlerImplCommon_eventPlayerInteractEvent_EntityInteract.invoke(.dynamic)
[11:13:53] [ERROR] !   at MC-BOOTSTRAP/net.minecraftforge.eventbus/net.minecraftforge.eventbus.ASMEventHandler.invoke(ASMEventHandler.java:55)
[11:13:53] [ERROR] !   at MC-BOOTSTRAP/net.minecraftforge.eventbus/net.minecraftforge.eventbus.EventBus.post(EventBus.java:312)
[11:13:53] [ERROR] !   at MC-BOOTSTRAP/net.minecraftforge.eventbus/net.minecraftforge.eventbus.EventBus.post(EventBus.java:298)
[11:13:53] [ERROR] !   at net.minecraftforge.common.ForgeHooks.onInteractEntity(ForgeHooks.java:765)
[11:13:53] [ERROR] !   at net.minecraft.world.entity.player.Player.m_36157_(Player.java:978)
[11:13:53] [ERROR] !   at net.minecraft.server.network.ServerGamePacketListenerImpl$1.m_143678_(ServerGamePacketListenerImpl.java:1466)
[11:13:53] [ERROR] !   at net.minecraft.server.network.ServerGamePacketListenerImpl$1.m_142299_(ServerGamePacketListenerImpl.java:1478)
[11:13:53] [ERROR] !   at net.minecraft.network.protocol.game.ServerboundInteractPacket$InteractionAction.m_142457_(ServerboundInteractPacket.java:116)
[11:13:53] [ERROR] !   at net.minecraft.network.protocol.game.ServerboundInteractPacket.m_179617_(ServerboundInteractPacket.java:66)
[11:13:53] [ERROR] !   at net.minecraft.server.network.ServerGamePacketListenerImpl.m_6946_(ServerGamePacketListenerImpl.java:1461)
[11:13:53] [ERROR] !   at net.minecraft.network.protocol.game.ServerboundInteractPacket.m_5797_(ServerboundInteractPacket.java:53)
[11:13:53] [ERROR] !   at net.minecraft.network.protocol.game.ServerboundInteractPacket.m_5797_(ServerboundInteractPacket.java:13)
[11:13:53] [ERROR] !   at net.minecraft.network.protocol.PacketUtils.m_263899_(PacketUtils.java:22)
[11:13:53] [ERROR] !   at net.minecraft.server.TickTask.run(TickTask.java:18)
[11:13:53] [ERROR] !   at net.minecraft.util.thread.BlockableEventLoop.m_6367_(BlockableEventLoop.java:156)
[11:13:53] [ERROR] !   at net.minecraft.util.thread.ReentrantBlockableEventLoop.m_6367_(ReentrantBlockableEventLoop.java:23)
[11:13:53] [ERROR] !   at net.minecraft.server.MinecraftServer.m_6367_(MinecraftServer.java:770)
[11:13:53] [ERROR] !   at net.minecraft.server.MinecraftServer.m_6367_(MinecraftServer.java:161)
[11:13:53] [ERROR] !   at net.minecraft.util.thread.BlockableEventLoop.m_7245_(BlockableEventLoop.java:130)
[11:13:53] [ERROR] !   at net.minecraft.server.MinecraftServer.m_129961_(MinecraftServer.java:753)
[11:13:53] [ERROR] !   at net.minecraft.server.MinecraftServer.m_7245_(MinecraftServer.java:747)
[11:13:53] [ERROR] !   at net.minecraft.util.thread.BlockableEventLoop.m_18699_(BlockableEventLoop.java:115)
[11:13:53] [ERROR] !   at net.minecraft.server.MinecraftServer.m_130012_(MinecraftServer.java:732)
[11:13:53] [ERROR] !   at net.minecraft.server.MinecraftServer.m_130011_(MinecraftServer.java:665)
[11:13:53] [ERROR] !   at net.minecraft.server.MinecraftServer.m_206580_(MinecraftServer.java:251)
[11:13:53] [ERROR] !   at java.lang.Thread.run(Thread.java:840)
[11:14:56] [ERROR] ! addonpack_omni_extras:kubejs_scripts/andreas.js#37: Error in 'ItemEvents.entityInteracted': Can't find method net.threetag.palladium.power.ability.AbilityUtil.hasPower(net.minecraft.world.entity.Interaction,string).
[11:14:56] [ERROR] ! …rhino.EvaluatorException: Can't find method net.threetag.palladium.power.ability.AbilityUtil.hasPower(net.minecraft.world.entity.Interaction,string). (addonpack_omni_extras:kubejs_scripts/andreas.js#37)
[11:14:56] [ERROR] !   at …rhino.DefaultErrorReporter.runtimeError(DefaultErrorReporter.java:67)
[11:14:56] [ERROR] !   at …rhino.Context.reportRuntimeError(Context.java:133)
[11:14:56] [ERROR] !   at …rhino.Context.reportRuntimeError(Context.java:173)
[11:14:56] [ERROR] !   at …rhino.Context.reportRuntimeError1(Context.java:145)
[11:14:56] [ERROR] !   at …rhino.NativeJavaMethod.call(NativeJavaMethod.java:379)
[11:14:56] [ERROR] !   at …rhino.Interpreter.interpretLoop(Interpreter.java:986)
[11:14:56] [ERROR] !   at script(addonpack_omni_extras:kubejs_scripts/andreas.js:37)
[11:14:56] [ERROR] !   at …rhino.Interpreter.interpret(Interpreter.java:370)
[11:14:56] [ERROR] !   at …rhino.InterpretedFunction.call(InterpretedFunction.java:72)
[11:14:56] [ERROR] !   at …rhino.Context.callSync(Context.java:1357)
[11:14:56] [ERROR] !   at …rhino.Context.doTopCall(Context.java:1374)
[11:14:56] [ERROR] !   at …rhino.InterpretedFunction.call(InterpretedFunction.java:70)
[11:14:56] [ERROR] !   at …rhino.Context.callSync(Context.java:1357)
[11:14:56] [ERROR] !   at …rhino.ArrowFunction.call(ArrowFunction.java:42)
[11:14:56] [ERROR] !   at …rhino.Context.callSync(Context.java:1357)
[11:14:56] [ERROR] !   at …rhino.InterfaceAdapter.invoke(InterfaceAdapter.java:125)
[11:14:56] [ERROR] !   at …rhino.VMBridge.lambda$newInterfaceProxy$0(VMBridge.java:74)
[11:14:56] [ERROR] !   at TRANSFORMER/jdk.proxy3/jdk.proxy3.$Proxy59.onEvent(Unknown Source)
[11:14:56] [ERROR] !   at …kubejs.event.EventHandlerContainer.handle(EventHandlerContainer.java:39)
[11:14:56] [ERROR] !   at …kubejs.event.EventHandler.postToHandlers(EventHandler.java:304)
[11:14:56] [ERROR] !   at …kubejs.event.EventHandler.post(EventHandler.java:272)
[11:14:56] [ERROR] !   at …kubejs.event.EventHandler.post(EventHandler.java:226)
[11:14:56] [ERROR] !   at …kubejs.item.KubeJSItemEventHandler.entityInteract(KubeJSItemEventHandler.java:57)
[11:14:56] [ERROR] !   at dev.architectury.event.forge.EventHandlerImplCommon.eventPlayerInteractEvent(EventHandlerImplCommon.java:348)
[11:14:56] [ERROR] !   at dev.architectury.event.forge.__EventHandlerImplCommon_eventPlayerInteractEvent_EntityInteract.invoke(.dynamic)
[11:14:56] [ERROR] !   at MC-BOOTSTRAP/net.minecraftforge.eventbus/net.minecraftforge.eventbus.ASMEventHandler.invoke(ASMEventHandler.java:55)
[11:14:56] [ERROR] !   at MC-BOOTSTRAP/net.minecraftforge.eventbus/net.minecraftforge.eventbus.EventBus.post(EventBus.java:312)
[11:14:56] [ERROR] !   at MC-BOOTSTRAP/net.minecraftforge.eventbus/net.minecraftforge.eventbus.EventBus.post(EventBus.java:298)
[11:14:56] [ERROR] !   at net.minecraftforge.common.ForgeHooks.onInteractEntity(ForgeHooks.java:765)
[11:14:56] [ERROR] !   at net.minecraft.world.entity.player.Player.m_36157_(Player.java:978)
[11:14:56] [ERROR] !   at net.minecraft.server.network.ServerGamePacketListenerImpl$1.m_143678_(ServerGamePacketListenerImpl.java:1466)
[11:14:56] [ERROR] !   at net.minecraft.server.network.ServerGamePacketListenerImpl$1.m_142299_(ServerGamePacketListenerImpl.java:1478)
[11:14:56] [ERROR] !   at net.minecraft.network.protocol.game.ServerboundInteractPacket$InteractionAction.m_142457_(ServerboundInteractPacket.java:116)
[11:14:56] [ERROR] !   at net.minecraft.network.protocol.game.ServerboundInteractPacket.m_179617_(ServerboundInteractPacket.java:66)
[11:14:56] [ERROR] !   at net.minecraft.server.network.ServerGamePacketListenerImpl.m_6946_(ServerGamePacketListenerImpl.java:1461)
[11:14:56] [ERROR] !   at net.minecraft.network.protocol.game.ServerboundInteractPacket.m_5797_(ServerboundInteractPacket.java:53)
[11:14:56] [ERROR] !   at net.minecraft.network.protocol.game.ServerboundInteractPacket.m_5797_(ServerboundInteractPacket.java:13)
[11:14:56] [ERROR] !   at net.minecraft.network.protocol.PacketUtils.m_263899_(PacketUtils.java:22)
[11:14:56] [ERROR] !   at net.minecraft.server.TickTask.run(TickTask.java:18)
[11:14:56] [ERROR] !   at net.minecraft.util.thread.BlockableEventLoop.m_6367_(BlockableEventLoop.java:156)
[11:14:56] [ERROR] !   at net.minecraft.util.thread.ReentrantBlockableEventLoop.m_6367_(ReentrantBlockableEventLoop.java:23)
[11:14:56] [ERROR] !   at net.minecraft.server.MinecraftServer.m_6367_(MinecraftServer.java:770)
[11:14:56] [ERROR] !   at net.minecraft.server.MinecraftServer.m_6367_(MinecraftServer.java:161)
[11:14:56] [ERROR] !   at net.minecraft.util.thread.BlockableEventLoop.m_7245_(BlockableEventLoop.java:130)
[11:14:56] [ERROR] !   at net.minecraft.server.MinecraftServer.m_129961_(MinecraftServer.java:753)
[11:14:56] [ERROR] !   at net.minecraft.server.MinecraftServer.m_7245_(MinecraftServer.java:747)
[11:14:56] [ERROR] !   at net.minecraft.util.thread.BlockableEventLoop.m_18701_(BlockableEventLoop.java:139)
[11:14:56] [ERROR] !   at net.minecraft.server.MinecraftServer.m_130012_(MinecraftServer.java:733)
[11:14:56] [ERROR] !   at net.minecraft.server.MinecraftServer.m_130011_(MinecraftServer.java:665)
[11:14:56] [ERROR] !   at net.minecraft.server.MinecraftServer.m_206580_(MinecraftServer.java:251)
[11:14:56] [ERROR] !   at java.lang.Thread.run(Thread.java:840)
[11:14:57] [ERROR] ! addonpack_omni_extras:kubejs_scripts/andreas.js#37: Error in 'ItemEvents.entityInteracted': Can't find method net.threetag.palladium.power.ability.AbilityUtil.hasPower(net.minecraft.world.entity.Interaction,string).
[11:14:57] [ERROR] ! …rhino.EvaluatorException: Can't find method net.threetag.palladium.power.ability.AbilityUtil.hasPower(net.minecraft.world.entity.Interaction,string). (addonpack_omni_extras:kubejs_scripts/andreas.js#37)
[11:14:57] [ERROR] !   at …rhino.DefaultErrorReporter.runtimeError(DefaultErrorReporter.java:67)
[11:14:57] [ERROR] !   at …rhino.Context.reportRuntimeError(Context.java:133)
[11:14:57] [ERROR] !   at …rhino.Context.reportRuntimeError(Context.java:173)
[11:14:57] [ERROR] !   at …rhino.Context.reportRuntimeError1(Context.java:145)
[11:14:57] [ERROR] !   at …rhino.NativeJavaMethod.call(NativeJavaMethod.java:379)
[11:14:57] [ERROR] !   at …rhino.Interpreter.interpretLoop(Interpreter.java:986)
[11:14:57] [ERROR] !   at script(addonpack_omni_extras:kubejs_scripts/andreas.js:37)
[11:14:57] [ERROR] !   at …rhino.Interpreter.interpret(Interpreter.java:370)
[11:14:57] [ERROR] !   at …rhino.InterpretedFunction.call(InterpretedFunction.java:72)
[11:14:57] [ERROR] !   at …rhino.Context.callSync(Context.java:1357)
[11:14:57] [ERROR] !   at …rhino.Context.doTopCall(Context.java:1374)
[11:14:57] [ERROR] !   at …rhino.InterpretedFunction.call(InterpretedFunction.java:70)
[11:14:57] [ERROR] !   at …rhino.Context.callSync(Context.java:1357)
[11:14:57] [ERROR] !   at …rhino.ArrowFunction.call(ArrowFunction.java:42)
[11:14:57] [ERROR] !   at …rhino.Context.callSync(Context.java:1357)
[11:14:57] [ERROR] !   at …rhino.InterfaceAdapter.invoke(InterfaceAdapter.java:125)
[11:14:57] [ERROR] !   at …rhino.VMBridge.lambda$newInterfaceProxy$0(VMBridge.java:74)
[11:14:57] [ERROR] !   at TRANSFORMER/jdk.proxy3/jdk.proxy3.$Proxy59.onEvent(Unknown Source)
[11:14:57] [ERROR] !   at …kubejs.event.EventHandlerContainer.handle(EventHandlerContainer.java:39)
[11:14:57] [ERROR] !   at …kubejs.event.EventHandler.postToHandlers(EventHandler.java:304)
[11:14:57] [ERROR] !   at …kubejs.event.EventHandler.post(EventHandler.java:272)
[11:14:57] [ERROR] !   at …kubejs.event.EventHandler.post(EventHandler.java:226)
[11:14:57] [ERROR] !   at …kubejs.item.KubeJSItemEventHandler.entityInteract(KubeJSItemEventHandler.java:57)
[11:14:57] [ERROR] !   at dev.architectury.event.forge.EventHandlerImplCommon.eventPlayerInteractEvent(EventHandlerImplCommon.java:348)
[11:14:57] [ERROR] !   at dev.architectury.event.forge.__EventHandlerImplCommon_eventPlayerInteractEvent_EntityInteract.invoke(.dynamic)
[11:14:57] [ERROR] !   at MC-BOOTSTRAP/net.minecraftforge.eventbus/net.minecraftforge.eventbus.ASMEventHandler.invoke(ASMEventHandler.java:55)
[11:14:57] [ERROR] !   at MC-BOOTSTRAP/net.minecraftforge.eventbus/net.minecraftforge.eventbus.EventBus.post(EventBus.java:312)
[11:14:57] [ERROR] !   at MC-BOOTSTRAP/net.minecraftforge.eventbus/net.minecraftforge.eventbus.EventBus.post(EventBus.java:298)
[11:14:57] [ERROR] !   at net.minecraftforge.common.ForgeHooks.onInteractEntity(ForgeHooks.java:765)
[11:14:57] [ERROR] !   at net.minecraft.world.entity.player.Player.m_36157_(Player.java:978)
[11:14:57] [ERROR] !   at net.minecraft.server.network.ServerGamePacketListenerImpl$1.m_143678_(ServerGamePacketListenerImpl.java:1466)
[11:14:57] [ERROR] !   at net.minecraft.server.network.ServerGamePacketListenerImpl$1.m_142299_(ServerGamePacketListenerImpl.java:1478)
[11:14:57] [ERROR] !   at net.minecraft.network.protocol.game.ServerboundInteractPacket$InteractionAction.m_142457_(ServerboundInteractPacket.java:116)
[11:14:57] [ERROR] !   at net.minecraft.network.protocol.game.ServerboundInteractPacket.m_179617_(ServerboundInteractPacket.java:66)
[11:14:57] [ERROR] !   at net.minecraft.server.network.ServerGamePacketListenerImpl.m_6946_(ServerGamePacketListenerImpl.java:1461)
[11:14:57] [ERROR] !   at net.minecraft.network.protocol.game.ServerboundInteractPacket.m_5797_(ServerboundInteractPacket.java:53)
[11:14:57] [ERROR] !   at net.minecraft.network.protocol.game.ServerboundInteractPacket.m_5797_(ServerboundInteractPacket.java:13)
[11:14:57] [ERROR] !   at net.minecraft.network.protocol.PacketUtils.m_263899_(PacketUtils.java:22)
[11:14:57] [ERROR] !   at net.minecraft.server.TickTask.run(TickTask.java:18)
[11:14:57] [ERROR] !   at net.minecraft.util.thread.BlockableEventLoop.m_6367_(BlockableEventLoop.java:156)
[11:14:57] [ERROR] !   at net.minecraft.util.thread.ReentrantBlockableEventLoop.m_6367_(ReentrantBlockableEventLoop.java:23)
[11:14:57] [ERROR] !   at net.minecraft.server.MinecraftServer.m_6367_(MinecraftServer.java:770)
[11:14:57] [ERROR] !   at net.minecraft.server.MinecraftServer.m_6367_(MinecraftServer.java:161)
[11:14:57] [ERROR] !   at net.minecraft.util.thread.BlockableEventLoop.m_7245_(BlockableEventLoop.java:130)
[11:14:57] [ERROR] !   at net.minecraft.server.MinecraftServer.m_129961_(MinecraftServer.java:753)
[11:14:57] [ERROR] !   at net.minecraft.server.MinecraftServer.m_7245_(MinecraftServer.java:747)
[11:14:57] [ERROR] !   at net.minecraft.util.thread.BlockableEventLoop.m_18699_(BlockableEventLoop.java:115)
[11:14:57] [ERROR] !   at net.minecraft.server.MinecraftServer.m_130012_(MinecraftServer.java:732)
[11:14:57] [ERROR] !   at net.minecraft.server.MinecraftServer.m_130011_(MinecraftServer.java:665)
[11:14:57] [ERROR] !   at net.minecraft.server.MinecraftServer.m_206580_(MinecraftServer.java:251)
[11:14:57] [ERROR] !   at java.lang.Thread.run(Thread.java:840)
[11:14:58] [ERROR] ! addonpack_omni_extras:kubejs_scripts/andreas.js#37: Error in 'ItemEvents.entityInteracted': Can't find method net.threetag.palladium.power.ability.AbilityUtil.hasPower(net.minecraft.world.entity.Interaction,string).
[11:14:58] [ERROR] ! …rhino.EvaluatorException: Can't find method net.threetag.palladium.power.ability.AbilityUtil.hasPower(net.minecraft.world.entity.Interaction,string). (addonpack_omni_extras:kubejs_scripts/andreas.js#37)
[11:14:58] [ERROR] !   at …rhino.DefaultErrorReporter.runtimeError(DefaultErrorReporter.java:67)
[11:14:58] [ERROR] !   at …rhino.Context.reportRuntimeError(Context.java:133)
[11:14:58] [ERROR] !   at …rhino.Context.reportRuntimeError(Context.java:173)
[11:14:58] [ERROR] !   at …rhino.Context.reportRuntimeError1(Context.java:145)
[11:14:58] [ERROR] !   at …rhino.NativeJavaMethod.call(NativeJavaMethod.java:379)
[11:14:58] [ERROR] !   at …rhino.Interpreter.interpretLoop(Interpreter.java:986)
[11:14:58] [ERROR] !   at script(addonpack_omni_extras:kubejs_scripts/andreas.js:37)
[11:14:58] [ERROR] !   at …rhino.Interpreter.interpret(Interpreter.java:370)
[11:14:58] [ERROR] !   at …rhino.InterpretedFunction.call(InterpretedFunction.java:72)
[11:14:58] [ERROR] !   at …rhino.Context.callSync(Context.java:1357)
[11:14:58] [ERROR] !   at …rhino.Context.doTopCall(Context.java:1374)
[11:14:58] [ERROR] !   at …rhino.InterpretedFunction.call(InterpretedFunction.java:70)
[11:14:58] [ERROR] !   at …rhino.Context.callSync(Context.java:1357)
[11:14:58] [ERROR] !   at …rhino.ArrowFunction.call(ArrowFunction.java:42)
[11:14:58] [ERROR] !   at …rhino.Context.callSync(Context.java:1357)
[11:14:58] [ERROR] !   at …rhino.InterfaceAdapter.invoke(InterfaceAdapter.java:125)
[11:14:58] [ERROR] !   at …rhino.VMBridge.lambda$newInterfaceProxy$0(VMBridge.java:74)
[11:14:58] [ERROR] !   at TRANSFORMER/jdk.proxy3/jdk.proxy3.$Proxy59.onEvent(Unknown Source)
[11:14:58] [ERROR] !   at …kubejs.event.EventHandlerContainer.handle(EventHandlerContainer.java:39)
[11:14:58] [ERROR] !   at …kubejs.event.EventHandler.postToHandlers(EventHandler.java:304)
[11:14:58] [ERROR] !   at …kubejs.event.EventHandler.post(EventHandler.java:272)
[11:14:58] [ERROR] !   at …kubejs.event.EventHandler.post(EventHandler.java:226)
[11:14:58] [ERROR] !   at …kubejs.item.KubeJSItemEventHandler.entityInteract(KubeJSItemEventHandler.java:57)
[11:14:58] [ERROR] !   at dev.architectury.event.forge.EventHandlerImplCommon.eventPlayerInteractEvent(EventHandlerImplCommon.java:348)
[11:14:58] [ERROR] !   at dev.architectury.event.forge.__EventHandlerImplCommon_eventPlayerInteractEvent_EntityInteract.invoke(.dynamic)
[11:14:58] [ERROR] !   at MC-BOOTSTRAP/net.minecraftforge.eventbus/net.minecraftforge.eventbus.ASMEventHandler.invoke(ASMEventHandler.java:55)
[11:14:58] [ERROR] !   at MC-BOOTSTRAP/net.minecraftforge.eventbus/net.minecraftforge.eventbus.EventBus.post(EventBus.java:312)
[11:14:58] [ERROR] !   at MC-BOOTSTRAP/net.minecraftforge.eventbus/net.minecraftforge.eventbus.EventBus.post(EventBus.java:298)
[11:14:58] [ERROR] !   at net.minecraftforge.common.ForgeHooks.onInteractEntity(ForgeHooks.java:765)
[11:14:58] [ERROR] !   at net.minecraft.world.entity.player.Player.m_36157_(Player.java:978)
[11:14:58] [ERROR] !   at net.minecraft.server.network.ServerGamePacketListenerImpl$1.m_143678_(ServerGamePacketListenerImpl.java:1466)
[11:14:58] [ERROR] !   at net.minecraft.server.network.ServerGamePacketListenerImpl$1.m_142299_(ServerGamePacketListenerImpl.java:1478)
[11:14:58] [ERROR] !   at net.minecraft.network.protocol.game.ServerboundInteractPacket$InteractionAction.m_142457_(ServerboundInteractPacket.java:116)
[11:14:58] [ERROR] !   at net.minecraft.network.protocol.game.ServerboundInteractPacket.m_179617_(ServerboundInteractPacket.java:66)
[11:14:58] [ERROR] !   at net.minecraft.server.network.ServerGamePacketListenerImpl.m_6946_(ServerGamePacketListenerImpl.java:1461)
[11:14:58] [ERROR] !   at net.minecraft.network.protocol.game.ServerboundInteractPacket.m_5797_(ServerboundInteractPacket.java:53)
[11:14:58] [ERROR] !   at net.minecraft.network.protocol.game.ServerboundInteractPacket.m_5797_(ServerboundInteractPacket.java:13)
[11:14:58] [ERROR] !   at net.minecraft.network.protocol.PacketUtils.m_263899_(PacketUtils.java:22)
[11:14:58] [ERROR] !   at net.minecraft.server.TickTask.run(TickTask.java:18)
[11:14:58] [ERROR] !   at net.minecraft.util.thread.BlockableEventLoop.m_6367_(BlockableEventLoop.java:156)
[11:14:58] [ERROR] !   at net.minecraft.util.thread.ReentrantBlockableEventLoop.m_6367_(ReentrantBlockableEventLoop.java:23)
[11:14:58] [ERROR] !   at net.minecraft.server.MinecraftServer.m_6367_(MinecraftServer.java:770)
[11:14:58] [ERROR] !   at net.minecraft.server.MinecraftServer.m_6367_(MinecraftServer.java:161)
[11:14:58] [ERROR] !   at net.minecraft.util.thread.BlockableEventLoop.m_7245_(BlockableEventLoop.java:130)
[11:14:58] [ERROR] !   at net.minecraft.server.MinecraftServer.m_129961_(MinecraftServer.java:753)
[11:14:58] [ERROR] !   at net.minecraft.server.MinecraftServer.m_7245_(MinecraftServer.java:747)
[11:14:58] [ERROR] !   at net.minecraft.util.thread.BlockableEventLoop.m_18701_(BlockableEventLoop.java:139)
[11:14:58] [ERROR] !   at net.minecraft.server.MinecraftServer.m_130012_(MinecraftServer.java:733)
[11:14:58] [ERROR] !   at net.minecraft.server.MinecraftServer.m_130011_(MinecraftServer.java:665)
[11:14:58] [ERROR] !   at net.minecraft.server.MinecraftServer.m_206580_(MinecraftServer.java:251)
[11:14:58] [ERROR] !   at java.lang.Thread.run(Thread.java:840)
[11:14:58] [ERROR] ! addonpack_omni_extras:kubejs_scripts/andreas.js#37: Error in 'ItemEvents.entityInteracted': Can't find method net.threetag.palladium.power.ability.AbilityUtil.hasPower(net.minecraft.world.entity.Interaction,string).
[11:14:58] [ERROR] ! …rhino.EvaluatorException: Can't find method net.threetag.palladium.power.ability.AbilityUtil.hasPower(net.minecraft.world.entity.Interaction,string). (addonpack_omni_extras:kubejs_scripts/andreas.js#37)
[11:14:58] [ERROR] !   at …rhino.DefaultErrorReporter.runtimeError(DefaultErrorReporter.java:67)
[11:14:58] [ERROR] !   at …rhino.Context.reportRuntimeError(Context.java:133)
[11:14:58] [ERROR] !   at …rhino.Context.reportRuntimeError(Context.java:173)
[11:14:58] [ERROR] !   at …rhino.Context.reportRuntimeError1(Context.java:145)
[11:14:58] [ERROR] !   at …rhino.NativeJavaMethod.call(NativeJavaMethod.java:379)
[11:14:58] [ERROR] !   at …rhino.Interpreter.interpretLoop(Interpreter.java:986)
[11:14:58] [ERROR] !   at script(addonpack_omni_extras:kubejs_scripts/andreas.js:37)
[11:14:58] [ERROR] !   at …rhino.Interpreter.interpret(Interpreter.java:370)
[11:14:58] [ERROR] !   at …rhino.InterpretedFunction.call(InterpretedFunction.java:72)
[11:14:58] [ERROR] !   at …rhino.Context.callSync(Context.java:1357)
[11:14:58] [ERROR] !   at …rhino.Context.doTopCall(Context.java:1374)
[11:14:58] [ERROR] !   at …rhino.InterpretedFunction.call(InterpretedFunction.java:70)
[11:14:58] [ERROR] !   at …rhino.Context.callSync(Context.java:1357)
[11:14:58] [ERROR] !   at …rhino.ArrowFunction.call(ArrowFunction.java:42)
[11:14:58] [ERROR] !   at …rhino.Context.callSync(Context.java:1357)
[11:14:58] [ERROR] !   at …rhino.InterfaceAdapter.invoke(InterfaceAdapter.java:125)
[11:14:58] [ERROR] !   at …rhino.VMBridge.lambda$newInterfaceProxy$0(VMBridge.java:74)
[11:14:58] [ERROR] !   at TRANSFORMER/jdk.proxy3/jdk.proxy3.$Proxy59.onEvent(Unknown Source)
[11:14:58] [ERROR] !   at …kubejs.event.EventHandlerContainer.handle(EventHandlerContainer.java:39)
[11:14:58] [ERROR] !   at …kubejs.event.EventHandler.postToHandlers(EventHandler.java:304)
[11:14:58] [ERROR] !   at …kubejs.event.EventHandler.post(EventHandler.java:272)
[11:14:58] [ERROR] !   at …kubejs.event.EventHandler.post(EventHandler.java:226)
[11:14:58] [ERROR] !   at …kubejs.item.KubeJSItemEventHandler.entityInteract(KubeJSItemEventHandler.java:57)
[11:14:58] [ERROR] !   at dev.architectury.event.forge.EventHandlerImplCommon.eventPlayerInteractEvent(EventHandlerImplCommon.java:348)
[11:14:58] [ERROR] !   at dev.architectury.event.forge.__EventHandlerImplCommon_eventPlayerInteractEvent_EntityInteract.invoke(.dynamic)
[11:14:58] [ERROR] !   at MC-BOOTSTRAP/net.minecraftforge.eventbus/net.minecraftforge.eventbus.ASMEventHandler.invoke(ASMEventHandler.java:55)
[11:14:58] [ERROR] !   at MC-BOOTSTRAP/net.minecraftforge.eventbus/net.minecraftforge.eventbus.EventBus.post(EventBus.java:312)
[11:14:58] [ERROR] !   at MC-BOOTSTRAP/net.minecraftforge.eventbus/net.minecraftforge.eventbus.EventBus.post(EventBus.java:298)
[11:14:58] [ERROR] !   at net.minecraftforge.common.ForgeHooks.onInteractEntity(ForgeHooks.java:765)
[11:14:58] [ERROR] !   at net.minecraft.world.entity.player.Player.m_36157_(Player.java:978)
[11:14:58] [ERROR] !   at net.minecraft.server.network.ServerGamePacketListenerImpl$1.m_143678_(ServerGamePacketListenerImpl.java:1466)
[11:14:58] [ERROR] !   at net.minecraft.server.network.ServerGamePacketListenerImpl$1.m_142299_(ServerGamePacketListenerImpl.java:1478)
[11:14:58] [ERROR] !   at net.minecraft.network.protocol.game.ServerboundInteractPacket$InteractionAction.m_142457_(ServerboundInteractPacket.java:116)
[11:14:58] [ERROR] !   at net.minecraft.network.protocol.game.ServerboundInteractPacket.m_179617_(ServerboundInteractPacket.java:66)
[11:14:58] [ERROR] !   at net.minecraft.server.network.ServerGamePacketListenerImpl.m_6946_(ServerGamePacketListenerImpl.java:1461)
[11:14:58] [ERROR] !   at net.minecraft.network.protocol.game.ServerboundInteractPacket.m_5797_(ServerboundInteractPacket.java:53)
[11:14:58] [ERROR] !   at net.minecraft.network.protocol.game.ServerboundInteractPacket.m_5797_(ServerboundInteractPacket.java:13)
[11:14:58] [ERROR] !   at net.minecraft.network.protocol.PacketUtils.m_263899_(PacketUtils.java:22)
[11:14:58] [ERROR] !   at net.minecraft.server.TickTask.run(TickTask.java:18)
[11:14:58] [ERROR] !   at net.minecraft.util.thread.BlockableEventLoop.m_6367_(BlockableEventLoop.java:156)
[11:14:58] [ERROR] !   at net.minecraft.util.thread.ReentrantBlockableEventLoop.m_6367_(ReentrantBlockableEventLoop.java:23)
[11:14:58] [ERROR] !   at net.minecraft.server.MinecraftServer.m_6367_(MinecraftServer.java:770)
[11:14:58] [ERROR] !   at net.minecraft.server.MinecraftServer.m_6367_(MinecraftServer.java:161)
[11:14:58] [ERROR] !   at net.minecraft.util.thread.BlockableEventLoop.m_7245_(BlockableEventLoop.java:130)
[11:14:58] [ERROR] !   at net.minecraft.server.MinecraftServer.m_129961_(MinecraftServer.java:753)
[11:14:58] [ERROR] !   at net.minecraft.server.MinecraftServer.m_7245_(MinecraftServer.java:747)
[11:14:58] [ERROR] !   at net.minecraft.util.thread.BlockableEventLoop.m_18701_(BlockableEventLoop.java:139)
[11:14:58] [ERROR] !   at net.minecraft.server.MinecraftServer.m_130012_(MinecraftServer.java:733)
[11:14:58] [ERROR] !   at net.minecraft.server.MinecraftServer.m_130011_(MinecraftServer.java:665)
[11:14:58] [ERROR] !   at net.minecraft.server.MinecraftServer.m_206580_(MinecraftServer.java:251)
[11:14:58] [ERROR] !   at java.lang.Thread.run(Thread.java:840)
